"array_index","seed_id","scenario_id","bundle_sha256","hash_schema","quantization_digits","equivalence_tolerance","portable_execution_config_sha256_v3","raw_log_with_biology_quantized_9_sha256","clean_log_with_biology_quantized_9_sha256","raw_log_with_biology_reference_object_sha256","clean_log_with_biology_reference_object_sha256","raw_intensity_quantized_9_sha256_diagnostic","clean_ground_truth_quantized_9_sha256_diagnostic","raw_intensity_reference_object_sha256","clean_ground_truth_reference_object_sha256"
1,"CONF01","CONF01_none_0p00","116eb65463e9e6ff9083f8690705e173ea52cd064fd8788de61b6e21910e4c70","r_serialized_pre_exp_log_matrices_rounded_9_decimals_v3",9,1e-09,"12d89513f3d984d8ab8e01dae8f78fde19a27237596c616ddd9cd7e6526ac968","e3b795e06927b23161c0dc10b88f3f2c86c08425e266f4af7818d83be1d2dba9","3d2727899e40ee7be4a0fac0a3ece63d8469c452fb303314373e0a54b97892ad","88995cac3ea2013670c1b866d2367171e597022694f7c9475938563c2889d3a7","e28a0f51a09aa0592dd8caaf5cb0b66fb8144011deed6d076cda3462e07657f9","ccd1f5fa7c48edd715c359ac581607399fd9773332d21f2e6b1b0609fcd2627a","681e4d112e37c09254f3e53e8145fbd329869adafa42a869429496406308c783","44c3f9a34315778630d4b084f1b1c6892cc31a711d66f174b135b75beb637781","64bd5dfad269cb1bbd0973c6f42080c62b9b4f2c529b6b92c1aa2caed22540df"
2,"CONF01","CONF01_batch_0p25","12fbccb04bcea05d8029fa346bd557812345f43680cb85cc439d97a6a2014c03","r_serialized_pre_exp_log_matrices_rounded_9_decimals_v3",9,1e-09,"afcb72071bb3c5b304d6540680e2f87ca57429624a246f50b3ca2e63ab976ec4","13386499e7ffbbb9ed803975ef8c6f019c3db429117f4f45fc2129ac9481b57a","ddbe40db6f42eeaad9bf081c7554198a2ceb09f302b790d34aba2f661a79dd78","9f419e4b864ebbdd1a51577579b91fd9f5582b047d38b10f22c7cce0a4ea1956","b696007c4222db51ee49b7c760cabc881c53abe1c8a46765cc4e29a65eec406d","4e7f4b2878662e40eb712bdcb5a6d6d2ce96f68f40d4fd66102028726e8e325c","9b2404eb96b256307adf480f3a4c038d1a55b8085fba31632f08210b0328bab0","8d5082cbd29bfae25a515ecd6700a60a2352b97b1285316ede90c00317daf42a","9e330a4a0faa6186f01c82944396c7fd521b78f2eb33623f254472dfc8246906"
3,"CONF01","CONF01_run_order_0p25","32beb3339b27c352bcd1f6d7941179f4706268b094fdc712ede2c6d74212535f","r_serialized_pre_exp_log_matrices_rounded_9_decimals_v3",9,1e-09,"f6fb2cf109e4156420b9ccad83c2ed172a6257a98e79fb52473cb1ce85acfc08","78b0255c1e61d9d436aaf88b604075ed238132c4a14e10d6970ff29ddc09c66b","938895d04aa972351b94ff793962c2cab9e84b1ec2f76663e0c70a73c42250b4","0d0214d87ef826dda3127a777c6f69c81ed31a67f13a2ee09e03cc12b01abb15","3eb4d4592c64a168aadb2c5a24fd8e6642d51fc175d8c73f4646f998e8d80098","88a302bb640da9c4d0379c794ea993687c44f78bd8db2505ad1615b29868fe53","c1a33efcf2c0730519c880d59b77f857ccbbeef725dd19166e9184705b5badf7","3d3c17b624c98b2a46b282aff174ece18991a91adb42bdd8619146c62b060693","ee282bd9a92ada1018c65692125643a507afe5c990341ca91a55abccf6f3e26e"
4,"CONF01","CONF01_joint_0p25","8f3692f44df9a161acb4c3167bd219f9971abbe27c6670c7400772012bb081fa","r_serialized_pre_exp_log_matrices_rounded_9_decimals_v3",9,1e-09,"7146a014ec0c84537ebe2a3b241f921564232f3242a70de139e7b20569561fa7","1d3cede33ca5c36f53ffef987d57dbda9c3cb8ddff4b7f5a8bf40eadcc3df8cb","cf5e411ddaf7190be33505bf221538b9458e3312e371fe3fa9d3c961d28fde00","9fd454b5982c50621385cbe7d5909371e0e490bb61287d7afe184b7059e2166e","7177d19c500121071e1133bb52ad3d750c76589719d4f540e328491605332080","c57c73f9a273537f234e0037dc391e4e2f243987128db9b606b8526b99ddd77c","ffa4bd323b51e07cc7fafdbf759a9f2b3d10c436b13bce8188d7db7690dad2a2","1d23763d9a7f109122cd80ac976db550d7acc804db7c84cc7245915013861433","bf825246a081908576d220c5599aef88a5b9024e824dbddf82e47383081dc5a8"
5,"CONF01","CONF01_batch_0p50","1cffce2ea8423d74d8144307ae13c645bb80f5bb767b7f9123466533c54ee0c2","r_serialized_pre_exp_log_matrices_rounded_9_decimals_v3",9,1e-09,"c07a6c33971cdfb816a94a8ea7dc4b7c1fbba905efb324dec6f434c760918197","79fcf9225c482f3a948e716cf5d6961b0cb3e3128f91ff095476eceebb6ce6c3","cf135728fd42d4e8753798955be5f4d1009e0a12b716d51696a9075b10dfa2d1","d97922c9d0b53fb56a9cf5f98fc21048514c41defa6c2204489a4c8ac3cec8db","18a70a7602affbb4aff43b43bb84401e4cd2382a41a670534b787beff090e311","ce8dda19771dd2de64f09354c0075d5eb18ee0aa2a635b13b8dfb798abc00a4d","3fd5be39ecf1752255d61de7cfcb1e5344c19be0ad4e3c82f457fe94e583550a","b4a370ce13c437a9f34982cf9f3ebeb7f020a2291dcc8caa5046fa71db0175fb","c14c2ea82b9b544446d488f2bba25c56b4e5da6ace7a876f547e95404e986ee8"
6,"CONF01","CONF01_run_order_0p50","d32ce9e486f6f6fada10af6e8f47935028e3914285aacabae28a43b300952524","r_serialized_pre_exp_log_matrices_rounded_9_decimals_v3",9,1e-09,"faf447bb29ffd2017fdece080f67caa4aa8738d6661fc98582b5453fa797e5a3","bad3c67705ca5fca45ec84f5d01f002b70802f4cb642a105eb2daf88dfb29681","c6021462b145e00d77c016d8829e59cdc7a4a3b7ad3deaf71d27f2d4e4b72202","b2c8fdc8385c135796bce25b00871389783c991f7a1d21cc0db8801d9603e25b","f7f403d7ecf96010de5a9890d0d849d195e1b0440d24ed604bd366032a2d0dad","89434c0d0d8eb8d06c1c9e39bd052cd134ae88cda6f9f3ba8bb28f2216d48e6a","80a0a2955d7256c3c4d8e6ec06db0963a547c9d796a2927629b1de43d3226460","256ee591da8a0a4aeaa0ccbc0d6569b45145b7b191573367c4570a7036551e0d","af831134b4c99241c752f1a530a4418407b87b2ae0d47f6286cd22e5f327c2cb"
7,"CONF01","CONF01_joint_0p50","9d68175e0d52bd7eb68a5b751d0e3e28a0fa5ab5acc57943b095b7d17f218a59","r_serialized_pre_exp_log_matrices_rounded_9_decimals_v3",9,1e-09,"809ddeeb7712b922b911af3de2f55198599f9d64c77c9961139f62cd58d48701","fde150421970c7959860cd78ecd32d864bbffe54af980bf1c010621f27406d93","98857eb3c1a99d3d6830e50cf190e302207fe2b149871721f88cec1649c51499","2ab9171c944147bd40a8dba53b9a3577afc8e7c3211cd12ac5395c139af0a1b1","e5a5fee397ec7151abf8ee9d63db736edfb60f224fab53fee4b20d4ee5313882","7d022250cf97ee1bd686e46d45fc3015d76db887f35acb084777350fd757d234","31cca60fb947d18623eb6bdf20e914ee4d548ce674a9ae7843c273ccab4295e4","436ed60bef520fdd0399f5df2a14331bbffed930e18cd0bb138940938833ebc6","f1832ac6e62264367c0c22b4c8e92c1ab50b15e86ba0363caef983806dcc7c1d"
8,"CONF01","CONF01_batch_0p75","e692652d8f8ddbcd5d19927bd2c5662834f8e3ce7240f539b3a3c251d3977cbf","r_serialized_pre_exp_log_matrices_rounded_9_decimals_v3",9,1e-09,"265703ee6162cf2dc3c17d34dbf1ec9e481f37bbe47e226d18f426be52e85411","81a61c59d2bdb77dba38ec711a88f8b0d69ff116d8327808a17ed247b23a1633","7eafccb5e2c18d6ef9f700a2736a8990bef5bd48ca3244c21ada7479592903c5","033c350520774531b978a31dbbbabc0a83cab2e09fe86681cfb15ab2df38ba7c","f345b4e41f4e3e0aec0ae664450ba8cc8d7c5cefc7336f24829250b52ae8c4b4","d78c5d298c0e2fbe516fe29f4e894d2d61470459c77412ebe18de078dda119ca","5076bfd64844fd78a095da347dc108a8faa6d8d9acaebb5fa68a84e630ec2e6b","04b114df7b80f34173800a22845a752bcd9cec93237a85df74478e679327e80d","87212d7677a40f91af29f0c976e5c063dd3398d02fafd7a38a91019f61fef69b"
9,"CONF01","CONF01_run_order_0p75","edc34e50d41f9094937ac31e92138ebadffff040fa760330c3432bd51bc509f2","r_serialized_pre_exp_log_matrices_rounded_9_decimals_v3",9,1e-09,"91fa219d3d94d88c1e1ea45f9364c5c9bfd1e34e8fc0fc52a11a34e628d371c5","74200333e4a21f6e83e1623a4164abb6f0f28c4534a0cc2a43966391bc4f459f","33f69a5709a65e3a19ec88e258414b594590941984966b7c7c48e0cc0611c6a4","e9421c86bebd487e012088cf524c1762b0adf0a50073dc99b35bcc8ee556de14","b7db75bf06972301e3ba2ce1381048bed0ce2a1732582f26c1da1533f1a09b32","fa729748b9a99939b8ad584d6fe752c2fe2df31975b3bb8060a9bdb984e67274","0ad04714a375869a7993918ef30975407a633025543dacdf372e916903f8b6bc","5cfa0aee07a3ca35b67e0ca95a9d18ee14e8b31ad37b95384ea2869ebf462806","e4b4fa869c30b6fda6d1af56784522e878c622b83c9eda4930df17c959b3a897"
10,"CONF01","CONF01_joint_0p75","73d09886127309828aea15eab2786f8ee0793dd536948b98a45f839736f2bbe2","r_serialized_pre_exp_log_matrices_rounded_9_decimals_v3",9,1e-09,"9d007124c813a1b5b15e1e7f541fec59449c382ba304dfd4d13a1a2fe0e478b7","4a02eb0bc4a619cf704a85399ceefd54bdc8c9cb4824ef72deaf0fc7be713607","3745aa775905890d7b5566f624ddfbaa6c4ff4bf20a879f27cf2b759f97b9384","317383f6c0e29e0f57a54a8e646b7e2d73b6a3ea91e218fb13a068fb271066d4","23868a3d2c458cf1dfb72503277ad7456d1d83af8c804e5ce2507cb2d37755ee","054b13722e9f71815f8c824d3302badaaeddc80395ebe51cd440e9b672b9500e","a964ed279a5f36a8237b64b514d7eaafd9a2a89a1205ca1797267d10fc4acb7f","e68a54e9047100b550a95f593c1f904edac11b4f35e998ae43c82405e95ae005","ca0ebdede404f679dbe9c7eae528dd5f04157f6d271280cceac85480caa46274"
11,"CONF01","CONF01_batch_0p90","a9bedb701bfb7061ae36d17eed929c05bee12c5b94e427af7a3896e9c46b1b18","r_serialized_pre_exp_log_matrices_rounded_9_decimals_v3",9,1e-09,"afe7af21fde2fc2f213d48222b15cf79ef727f88423129be42a61950a8331ade","87c6c46508935334f3ab4f22472089d0f344bbfaaa14540e3b6b29dc36c56c98","2aac940b7a5bee0ed2f687364d53627ec3de109ea7d819c355f73760928f2eff","07926563125914e5d246277b0908eeb97c9366597700e142b25c867001c7d5c7","822b0d9d0c5cb466044de9299a5bd9a1d2c41619b06a4ca245f431aaa6dad50d","549f2b6cc4506814b45f116b4d055604c1673abcda560887f1eb95b7f1203017","5acccad344db8b1fa81024139c89c94ae80b3cc22009a07facae89446a64ea4e","b7c4c7f7e9439d43a4de5e3fc495994c030b8743eda3025ffa85282d6eed78bb","1468da917e0881b22dd8cd4f401a24433b428d004f5d6ecd5a4f1df9d6163e84"
12,"CONF01","CONF01_run_order_0p90","c68379e2db1911ce318575c34526226c5e3856b59db31f6a0a94cf926557a3d8","r_serialized_pre_exp_log_matrices_rounded_9_decimals_v3",9,1e-09,"9cecc62934ec3091e3106821cbbb5b89eb58e925241c5c4e6b5f37ee54feaed8","2bb022c39146a9a81791598b2497dcc6b22aade9d20c441f8987b9f596f1dc9e","a6e4019fc6cf7eda17f9387a8804e8e518d11bcf0c153888513dcdaa46455b03","de6c5d3f299e4e3d2706968ff350917775396b07dcf82b0f38b7a66d5bcf8ea8","a03068076b7544590bf487306a8b99eb41eda211945ad1288ccadaa9a42b48e6","80626ddb3ef7c8f3b1e714ff0ae287e0a84493baa980a6a91457cc928829f277","eab05c81c86280326b26d141dfafe8ae9c7530bbf43738ff5bbf5c82cceb8531","b4168f76659912ad16a63d99f05c1a6b1744ff56c9a009c69999848e79b02c89","6e4e584cf7bc731ac097f0125bc2b451aad251415cd08f491970eddfe02f0fdb"
13,"CONF01","CONF01_joint_0p90","6dc9137bc3e2671e9a5683710fbcf1470cbc3ae302f6f61509eb5d4e2aca01ca","r_serialized_pre_exp_log_matrices_rounded_9_decimals_v3",9,1e-09,"c58343ae1b098618e5fba78fb9f943f585f07bad0dbf07f4a36b2b8544336663","503c241657a65ed1803972d6c25b9931cf81b6646aec8f515c64825aaea1279e","a0ca460797f23b3b0b9ca6e2132e4f2d2f81853b4ea3a4fde23cd35cf1c3fe21","35df5dc657caf2182ae6cff6938f011d13b2a8317d118b75d675333a1315816d","0f46a6677ca9f48bfaba18fc43fe3c093ab0b1faf6694aede616e3f63ee6a9ae","844dba059daca3343fc4de0363bfa674eff9be396bd282cc31371bca419c26e3","df5cb890c4826b7bdfbe5dd5d2d228d597b7109213a746eec26ca03d96bdae1b","69ff0bc2f5caec424e09387312cddd6f9168ce60ac51d1dbebfb25d871b50b71","9277a94c107eb6c67609c642dbba3c1214fab305eb103e608c00e89e1baadf0b"
14,"CONF01","CONF01_batch_1p00","167f5f55334f3f96cf442ba34012c159fac2d2e7c83c01ab0244ed25f2f91908","r_serialized_pre_exp_log_matrices_rounded_9_decimals_v3",9,1e-09,"ffbd3371f5b809e7a592d9c37066627c1bc35f663cb2a2d5421ddbb48cb9e4c4","ef66760f34a1a1a6c2c3411cf0ab6dce4871871fd29c4121b56b86659a4e9974","5589b83f5e131af57495bd1af733bfd6b0ad6ca2a21d8038e3aff30c6c3153a9","11af85fe90b940ad6445c876b7197cf27fa766b07b5ba9a45bbe52a43df370f3","d36c9c9eb0660bba7130cd0e138f5bea478e0458f2c5918f3784b9efcde71f32","506b09bfda5c2a9b2d914672bf986ff559d43d79783a3735681aa3bc60d7939e","eb47f84602e99dcd7e8807083d660424a8eeb7ffc0fca124c0757f5fe4d9653c","6920b04424471202b2cf21e9713bb6cac86a1153699de94086116e282533c4df","0444bcea2d197181291b6d57f1341c476bb0ea67e2e2c30409399757a632256d"
15,"CONF01","CONF01_run_order_1p00","c58644adfef2096a6bc5fc974db5078c2297f3b6b011fe2418d47cdbe33cafc7","r_serialized_pre_exp_log_matrices_rounded_9_decimals_v3",9,1e-09,"0419ff1adb57073a58574a46e18b495c62bd9d70ba9c5db0eba1f10fbebe9794","34217e63636a305652dd81bd91b77f774fbbd00b28459ad1c4ee0472fa866fff","6756df47dbd0a7a0cecd391a91fb1eb17703b79136a98a25898db4d286a6215b","cf0d844f96f8afad07c5f19327a58890089b2bdbde34f2ed1fea86a248d0cf56","be0823b44afeac56633a5df8ae635ec1034e9bddf2d2d9556212aa2f96a8012e","99b67e679d56863f528fcc4157413a378ef435bdd67f94ac64579d03de9d001f","2febd4d0d7bfa4199b0f38f2d34fb0052b35e8bf338754ce1e80c73367323d9d","ca669acde58dfd82e2531e03345636fd8aaf58e47dbce2e091fbd7d6c3247802","f2c1769f54673f8d2f7c1b16c8500708974208e505decf7c5f49e847bdb736d3"
16,"CONF01","CONF01_joint_1p00","af0860c62e4500c6fe00a941cfecf71058436b0b9f49e11efb66d2be27afd8f0","r_serialized_pre_exp_log_matrices_rounded_9_decimals_v3",9,1e-09,"6e3f4357bbe2060f361c937cd24c3a39cbc314e13d1bceb28fdde2740325bba1","ed27b89c630177756a39d973393423b5bda139ecbe019d300686cb4293e35c1e","3d1467032b637e0c08547f4e4945243e97dc1644eff7e92c9d1e0afb614f56c0","12f45c07423ba68afa8c1082a6dd7c6b58480b6f6f74755198328ca4788ad7f4","8760bbbd8d0ff8479c414474340950adabca03c7fbc4380ff10d6c1a703dad06","66595666d4e0fcc2550e936c01c29b15e9dea9f1cb608b54c4786b18c698a043","53d5ce908693da254910c4ea98eefa0e3dcf09c1aaa0b667f7db8e7f28cf5a4d","a2b22769e068c5355a869e654710bf2ebfc9049af7987fbb2f5049af3591b76d","74efdaeee3c4b17f497fa76d3eb15071b7777d7e75fd45fb8baab463db44285d"
17,"CONF02","CONF02_none_0p00","b90753b8284730395ee9b57319961fd9f5ebd1ef581481a8fcf6800f4a3f0f68","r_serialized_pre_exp_log_matrices_rounded_9_decimals_v3",9,1e-09,"31ea01cc310a2f7c6cc2c48378c9a8b5c04e6e4796cab987e6c811ed3dfc82ea","7858d1dd628d59b6bc512cb17c1246a12220e08c75c87f373e672691647e66aa","fb0f523f4a564d6d236cf3d4e260fd6190fed1e68bb49da364a96feda48436f8","fbcfc2ab5b3eb5612c9e21316320f5d62f79a839a0ff932b0dfc087849b843dc","3491e8ac0492903ea260fd2e5a006be96f98c718584cbd92f0725be50bd8f805","99b2dc9e224a71eb373f5cd030226a52ac44c9df66cd88ad84b46e95bde08887","51f5e7eb4030bd569e449fc1a4044415b19634620ff0e51ce24406093d103fe4","3876fead0bfdbb831fac978c63ffee23376d17ae0f3f1bad539072cdd990df1b","1fe22f106c8bee44272026f315531134edfb35f5256bc90b6e7e287a94da1f2d"
18,"CONF02","CONF02_batch_0p25","f8572d8b606ab81b5ff55b6bbf5bd4dedc86a77479d30375ab6fcdf208a5d134","r_serialized_pre_exp_log_matrices_rounded_9_decimals_v3",9,1e-09,"e681e98c0c2b49f5232e96c9b4225ccce49502f0e1b7e6fca01440ceed3244f1","a3d85f2d0184816743023f71c842f3905e71402970479a2304ede44a855b6b8d","0c2e9522bc94c17586361f48d7fb74898268f5bcf8c531abca19b1e18cd88588","08ab0f3fd499064f097955badb23a3d657d99f0f810ce3a326a46975f86088e8","1b54a1c9b67aef3617de79b12015c38c376b3ab4f7dfc4a5d7b7c2473affd606","ba10848c97ea3d183e902a3b841c03c4e5194b15ad708160aaa45e4d16802071","74e14c3a172840d3e9e3b7d56b314d30c44f02d228d685596e7021c20577a4ee","bd8daecd16e2d4817121846949f9f56ae7c115270d0b8fd9c15d4f80ebf417f9","1bb77638cca73255e1f0d6542b5919fb6681fdd4c3d5d0c96cc1fa83b1cc7ee2"
19,"CONF02","CONF02_run_order_0p25","5c875606112a29e6d133d3e525dd935bbf8824357a3d0b5d41dfd393f11cde2b","r_serialized_pre_exp_log_matrices_rounded_9_decimals_v3",9,1e-09,"962ec5cd779da3238a7b1ed49adf956a01ef5399d6cc461f23307905fde27c72","37f6cba635059168a87fe0317988e55f8a819ac626fcf426bafb3149f3268e76","b50ebf96217ed747f2fd36af4a4b2ebc9a512888516857cd4c95355af3141015","4b2199a1b956c5daf4e9173dea0d0640970c7671a33c6cb198268304198c267b","48c7313f8195a491810a441c627e230a4fbb77f9b5ddefc013c8196760873aa9","bd4c3ad854a1164a31890bf81dd1742883cdb0d3f7153c855f45b8c249890448","8aa27f5f21b866570a39982e5b385284523f4df73c4f906993fd565bdb8af443","84749d6037d591019bccecd8b8e78d2a71e872663be770bb7c5631ea75dd4e83","3f7bd89a65057c6720537d9f930b62dd7bc2f1956e116e68d81ad76e3f4c2755"
20,"CONF02","CONF02_joint_0p25","11b10b23c85529371aef59810ff54649a0e006cd9f13b829770e84dfe303fe41","r_serialized_pre_exp_log_matrices_rounded_9_decimals_v3",9,1e-09,"47e619f68b0ca1d8722ef790361136673ee875d2fa86299e30e4275abc38a54c","f828750ae40a0237a65a4d4a04e32b6007dbbe5e196ebef433e0dd5848220cee","07264c54c93b063908df2b9c2066c8790a11cc5d6555bdb1bfc379deb782db1c","cde11a77d2a933faa370a4dabe3cf42054901c4e4e83b621a99c3ca4b70c23b4","35e4cae48706e40d1c422d58e5a8a8dca5f16acc7df9e90882e03da37fd06e84","01112fd058de13b695ed21078dcf1631b0c4e4251ef1f57bd8000cf0f2960f0f","9c3a38beaac79641df9912019911f65e4dfddc05d3778d682bb0dbad53ae342f","5142bbb0530ffc2d6f83bbb21ee7b897b2890b0cc8837b00f5b0c921b8a0b268","d47895cf08207536f565f907fd9c381b93269a0c638e852640fe5c6484c86b21"
21,"CONF02","CONF02_batch_0p50","08b7b42a2986222de0c37f441fb66e81dc953f76545a323df5a08d0a727f1192","r_serialized_pre_exp_log_matrices_rounded_9_decimals_v3",9,1e-09,"fa0c78f094c8339c88dd1a6770ca217bd90d21621b8f79878afcc6b148337fee","d1799f32d12a2ee4f178e422dbddb77338fc51323b3d272e9cd86b21b6034bfe","f421cf1eb80ba43e2db6138dad6ea2dd19a68f1b984548d088cffec68a80aa2b","d7274a8fb881e9d9916f63633f46c5e59f322d0f18c3e619f994de537a01043e","5c5c5d0145f6007a74bf78c1c57ed72ad1a3c1d6911f1f31e1bfa6a403b02885","da136cff316ae5fcbabe8b0d298dbac43aac4f4f362d86ff3d49bc29ed4a5550","41f3d4739bc19bfb81859e15fbed668ee197e97f41a540d8a2bd9f988b716a12","23feaebcca62d902bf0cdadbad24ecd1a384ec77198dba352c0ffab8f346c824","7e180d0793a1f7aab4dedff67844a337597664164b3124ce3fdbf2f68f78123e"
22,"CONF02","CONF02_run_order_0p50","b20f7eb21240ed6db918066afbe82fe47980c973ad54155fca0f53582972c98e","r_serialized_pre_exp_log_matrices_rounded_9_decimals_v3",9,1e-09,"331f5d3306092682539769b3ec761d328223e8fc4554c827bc82a11a6d995ad0","b60126972ef9f267b654a6731107fb4ce8955d4b6bfb265ef5020cc5972ab6bd","731ccd1bd972357c4883a545df5208ad25c4fc14a81f97df137c67a17ef2e901","4e31de7382d8a4d1e6c24b6f3631d59332ea5fe65c72886dffa9b651297465b0","8fc51f1f35a2ddf9ac1df42f5a35c8140aae7e8a35323b4c846faf9f460c97fb","f24507a40973e009a879c5b2c8e92391aeab8a46a16febe44a8480b4058c0fae","570145805428eeff6cd77bf5d9ac759bc3f8e561304f91ed5424453858ed895f","d5a4b72a8b68106a96bbad70350fc85d657c7eff8891ec9bdc4037945ff624e0","698419cc02770441bae3d16310057adba8d066bfedb692e1cf3d2709d151be48"
23,"CONF02","CONF02_joint_0p50","5283b58780b49b691ba6ecc33861683f1ac06a88a00e66de46dff739423e514b","r_serialized_pre_exp_log_matrices_rounded_9_decimals_v3",9,1e-09,"b6bf32b9a773b614c532195c74dccb0303c9e48a33b1cc9720c825d7c99db34c","d0d5100ad72156253f5fbde0f68e77f2ca6f3d8c56394f2f3fac39a75da78442","37fc90e670c98fa2878139e12b81a689cda51c9f20eaee10f19350810d866b0a","263316cf484cf182a7a92dfcb960f650f3889191c7def1b71c74d689d529bc38","cab51908cd852d1d49fbbc804497aedc3a7a77d06f65a5ed36387b9193df5ec9","1f1b73832634109d377ff0b1a04737d03fbf89058cf0ad8475becd71124faf2c","5c1bf4d948dd45915ff0455213519bd8ce8e2fd8921d49b774fe5e4c5db17253","0abe260a87b217efa7b8845152f4d53bed0f79d3b9713a163f25258738c2f2cd","f2cf7de8e1be277261402ae060bcfb45b30c087ab41f93921e3ba84fd64d4239"
24,"CONF02","CONF02_batch_0p75","a3295b9e5f9e064108f926518be0d120aa541ca7929609ace806c582c3fbedf5","r_serialized_pre_exp_log_matrices_rounded_9_decimals_v3",9,1e-09,"ee582265ea28e7f4875b6d9ad307cfcf9ec7e061cfc08ba226a03860e86cff37","46c9a90d04cf229cd292a759c66c46c4f608b1a2d6babd93a53f6c772023aa1f","9b644c817318f27c42f608c664a5ae18375f9c2a0cdcd1a90dc3ec3e390a2110","e5ff289211828bf8946565d89697cd7c0bb951ebddffc0836c33414b0cb916de","741456271b68edf2c1c1757f89efc9cecb93a4ae05dd4e5ab5631ebfde4b60ec","f9339b0eebed71e6b7148cab6eae4c9e70b763be5d924f9cfee72e72f03454d1","8c4c3858acb52109e566335e4c3838f69d700c2b77719e0f180da0733cf1bd28","0f084da1bd3336ffbd4d2762ddc5a5eb3e040a37c4be0cc6c5a11d8878a4903b","cfc62cb8d0ab6ccf36dd4011f387dfe7c95097709e95ea71f3ee3e9ae5330864"
25,"CONF02","CONF02_run_order_0p75","dbee25dd8993de074e7f47186db574b57debbcad544ad26fb5c61d77808a1246","r_serialized_pre_exp_log_matrices_rounded_9_decimals_v3",9,1e-09,"8beffd48ca2adc798e0d2b661a9e2098b59eeb9521fabfc66a9f8275e1ea232b","b48ca6a69855edadff11929da2db4c121ba4b671fd33dd1ea03be7ed51deee01","fb604ca3bb684e05ef54bc93a7b7b84214851c21010a5b71a72b30add473489c","da9afc4a895f6f08ed9a267fbbf07822902f2ade8fe2b3f776157c0e15220074","928e409639a5ce1b0c1902e6e733bd081798bf0bf83523ddfdfc30e4d941b12e","fa5903a5f9a35c6db2b33ec3e63ea61112acf7f943535cef83e10dbb7253a524","4a587129e9f9ecece281e49d54a27c1de93550078b539376adbd91787a94cd6b","1209808f6ad4c3973bbee20b907a853bb6f62d83b5203aa6d4afcaffcd31e705","a618269812adb6a52adbbb07d591226ea9aaeda1b59f480bdc09f7148a0b6625"
26,"CONF02","CONF02_joint_0p75","616ca41ae0629c5e8829b1fb058d1e37f6033050a018fffa82ce26acc5b1073e","r_serialized_pre_exp_log_matrices_rounded_9_decimals_v3",9,1e-09,"37cc5396b0717b1735eb2c80097ab1724af0ecfd426ab18eb4cb0338d4eeca7f","1bc52709ff4289dc1c3264cc17539e188d7bf82f767b569c8082af87820b2abc","be6c674395b962157a1dec9b4346e414646d13e1e41058e38c4bd3c1331711fd","c293e59f63a456c3578028fada922ece49156126cb807d65848d030005a1b62c","0a8c00107f980fd4f3f9327e426e2dc44689050721039bfccb1eb045bdbbb8a9","4e3c9aa5c3d39de826d45eb3b50f05572dd8739e7228360ffeef6a089473e171","c573b7f62111f658f830658a6744a4d3d5ac4192e919d6d744f6343deeeb5b21","8c2e1d6619dca51d1286fafbb0967d6dfe6ee4d7ebd48a375f10c3fe7f37d4af","8ef25f874edafb7fa6c44ad464abb87bef478df355ca32924ae2b4935f32da2e"
27,"CONF02","CONF02_batch_0p90","b4b810ffd1cc996e5be7c570fd7aec238cfc0d4b3ad71cf3a319c50568f8a8bd","r_serialized_pre_exp_log_matrices_rounded_9_decimals_v3",9,1e-09,"35dd7f722b1bfcbcc30131b1dbd2e6e0d6cea9ab713dcf196487d5409ae0e2b8","fb153a206c8b04cf496bd614e82496d7bdccd969a9ffb896561262ed54134332","f2865fa442a9b05181b4d3a40bc74a0593ad9e6388ceacd4d15fdfe641f79da8","7b7460082595dd71a41b0acf3238b7fb6c18e1b5d033f49632f1f619695b8667","e8cf1b6e943bc29b8c76967e39378785aaac2dee5d43f3f0f5e4967345096216","2b17537bbd0926529e2314224626f5d8cebb66d0a4e202fb9cb494e7198eb48c","b1dc4295d66cf270226acc373b22f012265c01885a2e5d647b73aded1986ad53","2ae22cb73cfe58916cd04705d0a12cf644361469bef3c0f52382f7d2eda31b06","a7ab76510bb3847ef853a73dadc1162432a3847387047678c7b83fb0ee97c510"
28,"CONF02","CONF02_run_order_0p90","dc340c86019b13413cef098acda7ab385f62a5742a454e938c2887bf86431c83","r_serialized_pre_exp_log_matrices_rounded_9_decimals_v3",9,1e-09,"cd7705a4b4575eebb0341a8f7a223d1cb338ec0825243a44f676c99c1b28ffd7","5eaaccddc75bc58a1defa639feabf1668e03c64c815e36ff8527879420f72e02","a82669a8a36dca3d7703e6679dceb692aa05d97a553a002a53f2d7bae2edcdec","41d7dfec6eba69d53b4a9fc9026f1c7b1b20afbe8172d62d56cf930c7c867c9c","b39ac875b7addf9156c88086034bfad46760b213c855eb37f2d6d1d4834215d0","ab55674650d842b7772dbe77a423775480391dc20e7e77bf0fc41b1549262bf8","22b6ccc47f6e3098160728e1e94de2410a2dbbaf780de446a9308dc6da4f2269","5347df702feb61f29c16e1f9afc4ac5830e39fb25a24f8595d7b4438b20ed5f7","debb691550b8607e012164f927ef4256517dc153c8bca792b0dda3aaef08a7c5"
29,"CONF02","CONF02_joint_0p90","5094bcc1fa0d9ac6889687df95aa03852a949ed668d083858ea90451f560c74c","r_serialized_pre_exp_log_matrices_rounded_9_decimals_v3",9,1e-09,"437b17654af89a078af3ee9236c18c1cceec15c5994c3e202820755b714675d4","4f362283b7c5cc982f64048f2617b6909669b1fa26ec12be2923f0e05763def8","b63acbfb75575b35720886e77cc75d5766d723b164667f61815614beaafb5fc3","6bd5b87dd439e08889eb0a36403c6dbc46eb8d3c4cd9554a5c8d0b02bea83aec","9531cb506c2b61de47042e6bf5bbb1c1853b0ab1872a10b0389e240dae99fcfc","33686135a56ff684340b1decdb9ddb21f2fb01a0dd7cdf1bc146570650a00bdc","c7c4f265108e7b53fbcb166a4b038c5d315cda8c1e423bbb45b0baddf728714d","2829de4976719530934dbd33784fde37730fd3aebf95822f844675ecb093586f","4c43339e136fd62a875995d382004230898652443574b257d4f538f6ddf86150"
30,"CONF02","CONF02_batch_1p00","70250ed7505545c4c872dce338b2f097f51cabcd3649084e37163ceef2462de1","r_serialized_pre_exp_log_matrices_rounded_9_decimals_v3",9,1e-09,"a224949261cadc37fb880f4d8672ebaac820fd62ff7639e1a81ff114620a7bc3","8488a81b9b5d2cb1cd36034dd39c6cd63263ec18e1bd33d784cfec94bddb5e4d","532559f689edd633dd4c55ad8f1d25ce25913dc725287bbf7e4e8e1549ce0b3e","e6fc0abdb0dcd135581ca30814ce4bf7a9a924b21b404b81a2cf3c08d1894fe9","6770ee36ca9eb04d61a6ba9bf9f7c2d77a48ef6543bfccbb38a7bd4a53787343","d75b6709cb7dcb521c2f72367a3ba31889d87fe940ef652ee34dd4f1bb86a239","c9f5235037dee467dfc575666dd1ae948217775f45cff0e16130d49f18835136","6873fcb7595fc88838be29c5edc5341fd996705f0a660b8b22eb2e7f40d3efe6","cff8d47380e0fc87697503266db4c154566a5b5fe2e583873a61ca8aa7c85fc5"
31,"CONF02","CONF02_run_order_1p00","32f3dcd3b709ecbfc4f8bac70e7e84bed10bd29d21c432dbd1de7503978b14ba","r_serialized_pre_exp_log_matrices_rounded_9_decimals_v3",9,1e-09,"a8d511197db270c5263632afa6b6ee529a4d03b50ce6daaa199198bf5dc92642","e1aedb9d64f903a96a1d031629ca037029fd078b33aecfc25ea325b2f2dd29c4","9b1c57f575398d1b4f5581cc55146f064697b2aad31c25f694038a923fb7e067","a96978ca02cf90c5372480bc89a88e8f83d5029b360f1d8792d151c47fcca353","9fed6fdcdc7f25f0e94474026d4aca4bab98f43bad32d9fee9028654aa15e5c3","04cba7ffce0379728bb1cb06e77aeba6d3634aa22d02af1250582dfe7593f4ce","27b08adcb8294daa12560f1e27c144fde3bf8a9a60a19daf4b35b16654ecd4bc","12fa29a129210bfb7e6215be773bd601d3a7b37cd0ea6985510104561a9b3093","3a38b094a76d65d8df08758f6e4cef31d2e6558701a9d94ee4423ee7dacca104"
32,"CONF02","CONF02_joint_1p00","c10fdbae59ae70bcb7898a4acc2edf28f5092118aa3031bda5a53c2fe5b5871a","r_serialized_pre_exp_log_matrices_rounded_9_decimals_v3",9,1e-09,"6743f147a5b469114f4c1345ebbead0cca4316369b84e76f515f0fae345c569e","400f75fb4d8c9e92b869c9637d876eef2389f9d1bf3d2e3020029ab9530ef4ab","a7509beae9cec679555147582e590b61c1229f4fc3f162f3d816fc939594514f","31a62382f84f7883beef97f9a63589bc0f8913181a2a59c3111408f148804ae7","d954f39b3a0b50ba270c805c83e0e3699bd0c85d5be6c2ef921e0812446a9fc2","d9afe23ccc2b835afed498a9651909e3fb385b77317b6eddfc93d71fc8011d10","1080dde649bb3027425fb252ea05e60300ddc61f0cd4d594bfa46bbcea3ea474","9ad1b342379faeb53abdb7db8bd38aaf42e99aaf6caa54fc35d7d18a12ef80ed","82d677fd5b95591e447bd95363419b8635d9ef14ed95330079637de9772abb03"
33,"CONF03","CONF03_none_0p00","ea8edc3d03cff5d14c815f92f8c3957f1d6f2d0cc23feb0c5705615767c8dbb6","r_serialized_pre_exp_log_matrices_rounded_9_decimals_v3",9,1e-09,"f07b6e1cac94c4073c63588bfdbbb6140fcda2d4dc57d6b71de14e0144ea63eb","5fe832934f7a0c1549ee1486f70e658c47c070b798cc2819defa4277233efdb0","01126b8afadd3b188c028bba8e6aa862cc5bb184256d00f9f57552640b7bfdad","ce8eb19dbbeabe1be9177f8361118ff558b5b3db8a0f465d9121385d3d90a2f3","5280bde11cd3cb64eafb2be5a0cb9c1ed0c7bbf72b524830f99712cdfafba414","c40ace8eae39c7a921f720066b367944932d114ba3b60cbbbbf9cb6721a46e71","bde8d38c2bf3199bbd7c77e115bdc52d246a48b6f4983470007f0a90be16aae3","04447052d09a23e9f8ed6eb0bdde3d7a73cc24a86340ad5ef6de584712753851","0eb6555f459a0271296653c814e915125556d1d541e4022fb5e2e48562b0fa72"
34,"CONF03","CONF03_batch_0p25","000dbc0d08cef7b2d9cfd61d2e015094a4782a26615b93655b8bd3e1e84f4528","r_serialized_pre_exp_log_matrices_rounded_9_decimals_v3",9,1e-09,"d0076c9189489d990005bb43bc4a57ca40c491bf54600bce9be38ce5713cdbca","413b79ae1a1707f34672c2609a9a024b005f8bea39f89a2de3877625ead6664d","70a2bff2a2b8b6ea8479c7458b4465118aa60c8783a268ac075c45137168ea32","9d8d6ab2772f31df4eafe3030cd9c5ed1ebe69606466662e41926783c44a86e8","daab6ff55512d0143d8147ea9eb333625b49c58c24ba04f96cd17693f4e7b569","d07a6dd631e1b95a3eab0e19e13508b11dc8f1b63fcb036e4d7f122c2e88ede5","e2ce3c5c159e084160bef0f96699326f8ce0f311b0f9202aa9e6de976a809cf5","172780f7ae2d7cc7700c98de2af7fddee73c13b915f1862804e454f24d826920","58d646db2e01d7e0977cebb151e15c1b681fd3311127e28bcf3a515e04470dc8"
35,"CONF03","CONF03_run_order_0p25","4412acc5335f3462cbc162b992a6f9dc2bd4867ec3787932ff3c411a0d59f3d6","r_serialized_pre_exp_log_matrices_rounded_9_decimals_v3",9,1e-09,"1f731853ee5191e34cb4a51d81e124522c68db6930d2d89481618e03542a68d4","8d2561385582679bfd4cb10e5ade525914037262f81bfb0376f5b2a30de9aabc","0262b4f680a785e963834d566ca4892640873505fb2ee16f50fbdbd32f9346b4","6c593c4044df337a4c6900998382331073d41d0842de3f7ed6af77ab66415dd4","22bcd4607d67b6cba6d0e50d1e98ae6fdb7d4b0d7f8fd5c98c422fae0b026fba","4e35cd5006b254fa366f73b1d74b595385c85f7394c096581ae06c047874ef1d","b73fe9b6473d9820132615e8283cf0523b1394ac4d8283d5a0935d7d8f3a7761","3b8abfa54144a1b246ddaf2707d699d691fb0f0adab65bfe555c24e68b4d0fbb","2d4b85a14865ea78516e434bd8dc7e57ed4d85d40d8446075a08d7801b924c93"
36,"CONF03","CONF03_joint_0p25","28d1ae77288dc9efb168d530b1bb7e2df417902f60e6e6d6acb1a26bf61dd1a2","r_serialized_pre_exp_log_matrices_rounded_9_decimals_v3",9,1e-09,"9c74cb4254538e7ceff2c6b6a960c091236f62b2c11170a6d92acb2ce9a7fd94","c8227a85c4afc80f85a5ecda52f97087d596d78469bb030eb9ab5117c4002f04","bb6e49dd21199071cc1bef8435dd57bf23932a7a99840ef9dc961e965f3ec002","6445d7079f203c36683e2fd5cd1e8f3bbc6fc9588de0c97b7575fb2146768aa2","eea40eae45c3b089ce9b25714524e9321850a20fd657ff8107bbc3cedad73fab","1289a3d63319dba14034cad97a0092e3d5cf4075179531566fd40975c20e9bb5","da50e7b4b259d41dd936861c0e22459cfa1efe05c34b3f1434536754cfb53925","8ede24a0dc66ff90031a607f81c5f67ae203d9daac7aa29251264b013c0d0de8","a2aba36a98575875a236792b951cb3fc0493f4308a32c1df1f028ef2bf862592"
37,"CONF03","CONF03_batch_0p50","5af08842f41073420ce7eccd94ef178eb36cb46b5010502e3112141a556e02aa","r_serialized_pre_exp_log_matrices_rounded_9_decimals_v3",9,1e-09,"05a85fbd56a60a3afee8b9cd5c77c371d25e682b07b0d8a90ba01ad2d2140452","cb2b88673a62bf87a8239737a71ec4d77985f315be66760a95f4e65f71afa69e","1a88010d8569ce2c441f2b679b91dfe0c68efd92778f5b634581a8903ffd28e7","0efa09bb6fe55d388659b2a67f1a4f1cb169022de60f946a72c900806cee32a9","8909bddf63b27102bdb8c63356da1ee6b6b56aef556dbb841038af345f801799","b2b476aae6964b79cdf3d7777332a17d1633b67fa1a6eba57178ff794920ab31","13b26a091675d6d1afdf6c85528ce411063e7aa15ebd84c1dde3948f9dfe2185","8e5188aaf2e4c8c0eae9803e7ae2fc8a6fde07b61da3114a76b6f4d6fc7610e5","d8e98339526e5fd928c879a9ddd662d52f9eb26174fcaacad3522a7e2ea5ea75"
38,"CONF03","CONF03_run_order_0p50","63e3fa6288055f65d17ba9e10d356873df8b628cc445cb08dcb3587f524af9e0","r_serialized_pre_exp_log_matrices_rounded_9_decimals_v3",9,1e-09,"687638a7926d4c26a77788859066703f1e27b37ac0cbe70defe391bf7e7b5153","d668acad42fa2d84a11a56bdcad5469d117d7203d265d8a4b123b2b925e48a39","3ff2c9b14342577e20c079e90c2649fe693ce6082309c08502b45f14d5fe2de7","a8a0155660aff5703b37e565deac0507216880398ac00130094ba114693dbc46","16b8c6e131a2063d605458d927f11bb19ca44ba43d8532f94c6a208687a6a54a","6213f2de16deb0629f8c3f906f46d3ef063bb41b519147182a9454cd3e0797f3","e51b7f606cca640c21ba7946e1ca6321d55b7a75d25f737f2aa169debc0474d7","6efcffc1059060cc0074e0d50c2cd260224792816fdcb87c99122e9883439899","61987373dba0a17152c6c402eca27be02d20e17387f5846d2d05040839f15347"
39,"CONF03","CONF03_joint_0p50","bbc3730ea1317cb89dbcc473bb0f6c944ea3736dc68bf1104e187fcdca12748c","r_serialized_pre_exp_log_matrices_rounded_9_decimals_v3",9,1e-09,"f8a5b82a1c86b96506efda21116236766beb66d498281151f432cadeb974fa20","010aeffef5d3d6dd5ce5cb31bbd9bf3f85f4383b5276ce4f722dc2671ca32623","b51800819749ab9ff48919b75f64484620a69a41f023af279db038703ef2d829","2abecab88895a3764a31837b52c42fb2a9b58b3ad8d6cab94c316d5674b20fe0","a16c1f56a4e73dce32452ad47b65af6f49871072a42aa39c5c7d8656380c878c","3d266b9a7bff0dccc77aa8f0f56ccc7e3a69044509a5375b6e0d1723369995e6","6508dfdcd949514ef8f54920b6799a821a391fe97372fb22fc1bdff25c05a06d","d21173c6bd96ece36f195366d44aec1ddf0d745c42b256d0f933b72af8f3b229","3bf5dcce7aa00e4e6a283246864290aa63559ad5ec2b05f5bacd70129c51b60d"
40,"CONF03","CONF03_batch_0p75","3cfc43b643158f9f5933890204115204ba023c5ad6f7041ae212ea2bef306630","r_serialized_pre_exp_log_matrices_rounded_9_decimals_v3",9,1e-09,"5db1f3d890133af4dbbe690218985eed0aaaef64065be4e7fd6a5aa290701f3c","abaab784406e1caf927f526bb387e808f7b1ef7fcca9b1ae4b35a7f6ee510ada","d1d6ac81965df8e9a9a3bca7833493e549c684e438b9ab9555d45afc617148a6","148adaaa7292f45778752b77c0bfec646da6b67c17ce896e18929699f371878f","e2ed85a9e4ea4eac9bed0194d2cbcd7e48b29dc1d35526edc865a1d9961e2c10","8878b12d2b50bd31004811015c6a7a06034e8dc0c61f0e72eb72f29f5ac85c7e","8a5917fa9b74b099cfe0031d8a6a888e5d043ef70e8cecabff45d95af4bc0eb5","3b5f1632c6e4692a319915784029e28c3e184648aab1525a9bca8339f3ff1dd1","b5e4ef72eca993a4cb3e62118a25ee13b62f8d2bc62542f8bfc3984587cdfc56"
41,"CONF03","CONF03_run_order_0p75","24241db29706fc076c357031c8de0b8ae88602d96cc47371936b6b9580e3a9ed","r_serialized_pre_exp_log_matrices_rounded_9_decimals_v3",9,1e-09,"bbf1d07fa2602442d3dd4fe089bbb38ae8f8f85a255404882a4007ea0f689f9d","f9df50cdea48de3d2319b269aebd6c720b47fdc3f7d6b49c1bd641eeed17e557","539f590aa9dffdcaa2ee48e450f4606fdb288729a9fcb11c8fb30862ac1ebd9d","27e299a1cc8f6653e0a1acceae53bfaf7b944f4af5fa4d65cbbce0850c0f91d4","006a28a78c6fac0a38021c5dd69cc042efe2e0086f3d9cfb7b1cf503fe879e0b","e83eb7f27f83dae9eb91ba5ac32f24c638d550cb1fb217890e536f7a49eeb8c0","f0203ded6d53c78ca07075d945f096e9bc1cd6cd6ba069c68e731cfbfdedb31a","7e4a2bd161548b54d31f4ad38cd694983b111a7db395a3224e8b3c28b3063700","d11d302563113096409a7ee43825d8ba811bdb92cf56b36e03a1b8f7c1183da4"
42,"CONF03","CONF03_joint_0p75","12b38e14d9f04d226f59d86c5ff9cb507706a2ec8ea390cb53a965d0e8da65f7","r_serialized_pre_exp_log_matrices_rounded_9_decimals_v3",9,1e-09,"115a09f3635655e12381753643d7248126be723dab6f4c5621b53471af5784ea","fec262d66a5989f91beed4ae34bab5b8f2f900af97c3455b9abd8bf53cb70225","caefbe52b8fe2b87b0ddb07aa798dc23cde1abdb296f7ec4d1d85bd853947b9c","a4a07b437a6f8455b8d2b15bf1e7c1953b77c61bd766c59c5c4c86297e92518a","8778401fe8979a151b6ba956127027005a5b5e896ef776dd165207d7ba11e2f2","304a90e4113f24ad41d85939c7c3dd78c204ae214dfe6cc7f3d1985664f295b9","e391c48d75291b7571cb5f49a9b3c42c73ae9a47be9d1197ada97790fc972a9b","b199317b097f3c141fd1e611d65210ed0def51f046e2651753650404c5d91fb0","f313cd4019be4422d8389403642be78fae33d216eafeca185c188542e9be584a"
43,"CONF03","CONF03_batch_0p90","44d25ea749411e7fb542c7632bbdc11ff6693715c9c6fc932f1fb7249d43b0a7","r_serialized_pre_exp_log_matrices_rounded_9_decimals_v3",9,1e-09,"d2a3fe1c484cacd55effa1959ee38af49727b9892d76eca856d68e1f5ca50d5b","abb11763c5ae668408a0dfdd28cad70bc86cc6f8cbc3608b8bcea317b86bffdc","c15f8e267a63cd816a27bb498fd886623c66da0c075b2c5ebefc0a5f6b23f214","9f8c9c38ddacbc9b1b0130a513e12ad7a38f8939f4f2af4b309021caf5e7d9a8","1ff0dc03f33c9c540c2521a879d3ed219a6ee9e8c60524b1e30d21244223e41c","76993e7efcc86dcbd02498107dbf43e3a75108f21c5dc0db3515ff5a323e6429","e852dc8b38d239164d2799659a0a78fcd3e498da1e6f973de7d44c6730ab69f2","7218d6e2950b07cfd59737cdab75293bfa1a345992102e5b2b9d37f41875f949","6a29cd5eeed07b93ea7f8e829ba14883d37bd7967b73a14bf089e78eb7ba5119"
44,"CONF03","CONF03_run_order_0p90","7cf0ecfadf8f714121372bd0c336251375cde338f2b4dbbf62d63da80bd3ac61","r_serialized_pre_exp_log_matrices_rounded_9_decimals_v3",9,1e-09,"480ef97209993ee0aa06027f08b451c1f962afb65624d39a10baf8efb26f1156","41ed962ff0bf540aeabd947708d4276fcab3e238626c9fd893cded0410b600ac","b5aee9e087d3e4b1294d7902a07227968794ae2aa936368973bbe6c33d2e6ef9","5231ddb17cca073a282db062bdf4533c138109c23f2cb1a59dc4821b3edcbb4b","e742969168957037ee86405f80b8e79f48346095f5b40e189858932d2bc3e2de","671ce1a23be53fa0f7104e60796fc0f316c982b4677d8960c056d4f0e6536aba","18fd7f3a311ca5a7644c0ab90a19b334b1b651904ff973bfd5d15f4c9f546b5f","d4b62a1a04c87e885f10a2e50a96885174e01cabaa58bc23ff9f9e364217640a","57a0219752e52553012b382697e877ffbd1d96532e225b68b4c314639107cdc8"
45,"CONF03","CONF03_joint_0p90","1c1831ccb4e6f5f1e0f9777fd329195fc7132846cc097b0bb092fbe8d832d860","r_serialized_pre_exp_log_matrices_rounded_9_decimals_v3",9,1e-09,"653ce9e4c47d125158b4597d5dc0ea7e35765d50fa4825b3e303ea2533d78100","857db5e1772c36e40cdc7d3ba222b9090ecdff67253a2bd67dd051b9fd4a45aa","5b69fff368317625cb444d163ce9c04686b72d60cdb5e2962548cc3dac73dc87","39b789f23d20db4652c20a276a8e503b5c2070fd2d1ea81fecca5fc5fc922582","3e777706c3cf664c70361c509397ed6cc4fbeed1599f4a46933d5d339e1ffae7","74742c8a4b7869eae61d527cc5895ecc64d9ee801ef2d0827092684ae0e081a2","e5d208e0166ce6727cd7566a4520d00acec65a3f91f37bdf761abc62cd894520","a133797b69434cfe1c8c5dba0acbbb9719cf9b552f8321dbf47a26b09bffdd53","16c85bfd1095fd4fac694bdf062b01bf58a36f138925be5e163ec5a72f16e63e"
46,"CONF03","CONF03_batch_1p00","57cfa5638ca896260aea2a7319b5610cc0d7ddd434f2a53f08b0275d747fdda0","r_serialized_pre_exp_log_matrices_rounded_9_decimals_v3",9,1e-09,"c09c568b7e21fef9feaeeff9aca358d45b69a5dc9e64f58a7c24b54b03386c88","223b004bbf29244b7d506980b4d9042935abac914ed0739077302b2db3a70528","12500788295ffe7c35dd1db31bc45bef793a17441339d8db0b6032aba1a80a97","3d5590458036a93d104450b35ffac1c860842830598cbef5f34993e468e5f318","f9c9c5e78469f0caf13e7f6a6edc93227bbb4d2c8f017a1aa6e8fc3c4ea1011c","b340127c93c7e4eb70481e87d523ab14dd386bc14c3d99bf3f3e0d508c20211e","514d60032dcf606b11189761a5d4e5c77e7e098f305fbf1afa8d913f0f5b00f6","b2565f01039f9abc70e443c1c584fd88fdad4d38451b894566e03abb5e85459f","c4141d589bcd1e7513d45b612bbd8e2896372149842ac71a5e5a71887209768e"
47,"CONF03","CONF03_run_order_1p00","c9aa5a21f48933bf049004fc153a0acc6314c0f935f12ca7678704ca323ad969","r_serialized_pre_exp_log_matrices_rounded_9_decimals_v3",9,1e-09,"0e451a5b4b11c2ba350616550272d231fbd1cb18053ca1d17f5f39e305212079","e464eab4ddab7b5a4b83a2cd0b781665b78b28bd774f6be3b7342a230cd52d76","cc1865342484968dbf7f03a0fe23fde6863f20277e2e872e49f51238c37ec390","9bbc76d32eb676337e85935db03c47d67407450121cf73eb0bd0d0edeca88c05","06d63bffe61bc73135798309d8081885f4bc0803743ef2553649e091f554f84f","618687d9df32254ee0b10b427c0bad0b53e64bb0e921deb59b8e33f1b8922153","ab52707ffdfb49fd5c59524ebaad1cc5f890eef90f78e14c6d7ace07fed78c28","44c59a023bb41fd233b3a12ef18ae9b83e0ff309eade0ec197cc6bd8a8c939ff","e4c7c2935e83a1b88256b8fd7a6c45ec028d5351f860f805ff9143b3e61bd28c"
48,"CONF03","CONF03_joint_1p00","6305bfd65b79770be6741656ade1da802b60470b57ac5f7be16faa37e20dde6f","r_serialized_pre_exp_log_matrices_rounded_9_decimals_v3",9,1e-09,"3196241953c7207f3f23708498377323d54bea81eb1048b87e4145f5cc738f67","63a434623c2b813f8086d41890ba61154cddaacde434a77beb9c5822369cda66","800669b7d3272bf947050c4658d7de29f5ebd0a568c57769ff13a4fa55e43d8c","53858f94f97980f736d7171f36eef1e1102aee4d5d4f1b1773f4ce9fde089d9f","17a0c5c25537141de496ec27b63d0d311b4b527c52af7571072821f551802773","c3326b414bb01818b54a04a654ed0d0502a7b3ac9c69dccd1e0cb673b01e8aae","dbc3003dc1a0e617ec9ca80d5b8f09f28563752cd3716e547dd95652f7824fc8","9a190432fb7d9c0a7392a6f6ba1901285e49e78972a9e2dd39488c31fd93ace8","b8d9def8be82738532b3f6df60c76aedc42ab44046bf8058c9e3de935ca2f639"
49,"CONF04","CONF04_none_0p00","2f854fbb0d350635a9f6f26a977345dec48237ea82680e84d4b37e67fef58157","r_serialized_pre_exp_log_matrices_rounded_9_decimals_v3",9,1e-09,"122bc95d6793f6343df306abceae80fdd582cf485e348104982b746e735a846a","b45091ae39d64eb43f0bb7d7a1471f408630b565d5897eb3bdc63e23295d423e","ae183c38e3876f51b6e22e1c74747e20bcc9ab77fc40cd3ffe92a321e69bd757","47496fc6331233642cc03a55461e55cb836458da542fc8f0edcb518c1ef25ac3","e71dba4f4714c6b9f29294e6361dac8991e28ddc63a4c6da3b64aa16c0803b8d","a97aecdbf023665cf7fde3554751964f0bfc79a9a6587e5f48117dfbdde005c1","3666a549d24491482bd3efdb65ebceb73f43ca5110bfe1aa58b6dad0761149c6","faad0ff33455cc1665cc02687e6d6a6582b0c3aee3bf88980fc32be8bd675f5e","1c903086bf8a4d760753b100a0da3b403ac0ee733591a56a27b0632633d9b1d4"
50,"CONF04","CONF04_batch_0p25","2105e5f7868b963617e4ca4a0c35851f7867fe486777cdb3d404eafb1161800a","r_serialized_pre_exp_log_matrices_rounded_9_decimals_v3",9,1e-09,"fedc611f0c76d07c0f75492e6d82540bb286267c4be5d106a96c7338895d371f","a08702b0bb89b96a1e2e36ec9e90a22322f4bf6925c6470fe1a16e578a8da074","534731546ad503e7edd83e6fbdc4a7f9f749a78a4676520541010f500ed9999b","08ddf92b9858766bf3016d5f3d39b3fc087b5bc51da56136535b5cf9754e541d","75792783c998718342f5b72ecdc0742d2862a6b09a1f0a44065d324d9957869d","5824a96d8b65ee872a740b46de12f7914860c6e19961192ff489b2a9fc4feb78","7f107a937764c621c5dc60121cbe54d08fd0b12566912a7c994c8c4311b45052","d392be81846d91bc2ec88928d4e568c017cae02652ecbe669846e9f0e746415d","776b50393de962935ea2dc4c9c6c1d350fc0b5c8cb3b76734a06ae793eddf8f7"
51,"CONF04","CONF04_run_order_0p25","0708618f2ba722c145910a214e16d31e0124b1b9b30f6abc568faf3e57763a55","r_serialized_pre_exp_log_matrices_rounded_9_decimals_v3",9,1e-09,"a2aa2e0a780a1379850f084f22d5b567abe2c03e00e3bd689e70c02ca031b3a8","9c731c0be5b4089587204891b5861f114d7e3517349f7c6e7a4dd4100dcb67a9","4796d73bb43781b6e50eb0cc51631c051d8fca2f61f81537fc673bc0d2085a6a","906305bd45f03b30a62ce2775a26d070886435b7eb726620a36eb14dc9a1ca7a","7bfd082f82d6bb27633d063b0717b9b9a1b452764f148e2bb70077c695937a4a","3d1bbacb5e697f5330957a4abcaeed06f13968b255e701bf9c09a9cad11e7e08","11d1ef068a3f02325a425c7aacb3731dc565b4fde053a8d90fa0c545eecbaa4b","54412d6c99c99f0cbe2def227532e61122321502d8ead3b8938df763d1060537","e49fcd4f3cc0a21a47d9760e6b4f640a99eab22e3d1b12b5ec8103ad929b1def"
52,"CONF04","CONF04_joint_0p25","ae9c06dd504e150377c46347de3bca60183ba2d67319d34e5002b83556d8853a","r_serialized_pre_exp_log_matrices_rounded_9_decimals_v3",9,1e-09,"ccd6ef7262b0a6beb7b46bfc75ae6ef77a7a64d7585fb501f386dc26f4231577","eec04bae87241225e3d23048dccfedb224538b47f4d315e007736d9bafff83f8","490be8e1a751bf35635be8bfa905bcedb0ab8d004924cb6c8c61cb5b9cc36dc3","d967acf565fca1ebadc7f485a235f820656edaca121d7a9e15b65a00b21d681f","c9e06a25d328cd11a8469cfd7b636b99641197ec7f468117e9c91cccd953a75f","b234dace0c4f882e6776df504fe2370db2fff10347d4c94be516c4b732d52bda","8b312631d1b9c3aeef0d3d004a798c9c1cd3570d6fb66e8b957c3bbfa7280185","4bf659d8103493062df8357c8d90ebc2d47e6ec06735cd4b03f7ebd3a69feab5","63fe2c9dc02a5fca8aac365a0fc4d9ed67f53030e9eac987adc0f9239fde44bd"
53,"CONF04","CONF04_batch_0p50","26808eecd182cd86cc8f997debc2cf8c2477289872dafcc095c3582669580af7","r_serialized_pre_exp_log_matrices_rounded_9_decimals_v3",9,1e-09,"a0ce1e1c8c1e63719a8118f2f56cacbf1766546ed698b63bdfb5e4ea607d5dc9","63cc569410a8a994c4cca4bcad136a796b8a829841caaa3e6d6fd06a8557d4a9","8ff3ec2932f66dc8a1072d7c7669c6e708843388847cdde1732c7fa0c4664022","0f2d6e38ac9ca1776522dfded22d34bd5570ee386734d3b43d37bccc26794e5d","46d7605796e4d872c61aa37470dd209ef4bc46ceb918d64760f1e6bbb63381f0","e22e5e7946464877f33d5c737154c6bdc9017c34235c56361fe80c3cdc88290a","bc52480b2c0740274dba31f7e18bdf7091bbec6a4036bd366542611cac06556a","f930d9bb8ee0532e12ff068c0fb30dec09b712c929c4f886b10a8a6e9729d936","025169fceba2acc3620b7a4a3e56d101fc6b2883a0a0ffc3ac1ca77e05c20ab3"
54,"CONF04","CONF04_run_order_0p50","c7d08addfb9c9d327c6ac7847158f1f3047f562d9fadc4ac774cdde27a672de6","r_serialized_pre_exp_log_matrices_rounded_9_decimals_v3",9,1e-09,"3786026abffc3a20b8baa1a439c8b3763c9acbc4bc10749d19f5dad62ffe4319","0b3366f6524ea500e6191bc79dbc5eb7e1f22bbe6e65c38e28670164becfbeff","d3ec39c154a2d953d79494ce8a590fc4d9a30d9c59664c9722dc827f77a37bb6","a1318d2a0cc6b88c3d322a33fc93b0442bdd30e01ab34d098bf569693376b4bb","1984fe46e8eb922cb33cbbc4c8baf0f96175aad09568429eb7489d65933d63af","87dbf0c4409259c850db641db8437eb083c44889295cf5227d86dbc525b0924b","426b5d993c05f85d2c485436328600b6314712ec5f528aad6ae445150b3b1230","ba3afaa2b38f5745784260f33493dd11c622b7e59e8428301c795231af16d86a","856bfde8ebb2fdfb77fbf0ecf08edb96d974c24f0f823772b28164b18c0c82ac"
55,"CONF04","CONF04_joint_0p50","aad1eb5a2e023afdd1ddbcd6a43f18759371a8908fd5c175d25bea9055d20eeb","r_serialized_pre_exp_log_matrices_rounded_9_decimals_v3",9,1e-09,"11072cb73b8cb14892fb231d42ce2630053f5ba3b307ba25f53f5268d7f85fc0","e68dd553fc6b6d041464dfd5081d0ff69523192242fcfd3e725cddee70347f22","3977c1be5359399090eb00ceff2697db1c120fb3561336fb3b48ca927d9137b9","4964071906cbebc76a77f1bab7e7c2faa07f69368203afc2bffa1f68e630b05d","2e846bb2cba3f594cfdf66162ee042fe869627250da8287e2b30be292e540f97","8e5c17c5d5fd1d0adedf432f7be684a50a70dff49017c190da4bd3098b304977","070e8d5f322d3b293837442fd5db2b35d942d8d0b97c8102714f7ea64974c2cb","d272e48b9afc951973d4240c27b917cc7bfede2b919143c2a700272569cffcda","f06a8eb96456c87f3036efb4eb2294255e954fb74ab3371ae204aa2381b826a9"
56,"CONF04","CONF04_batch_0p75","4e790d3c117bdc90f7e6129ab16766a509d208d34d629fa85abe930c5df5f885","r_serialized_pre_exp_log_matrices_rounded_9_decimals_v3",9,1e-09,"fcb3fa23cf07a0279aaa4905a7221dabc889bae7bdbff54245714337cb90bf22","980ac587539dc0ef7cc60ca2181bda9e5b880cb321d528cea1c54bf50fa1f44a","5ccf5735d72d613fe90a1a9fec48fbfe0b558cf7c37606805f48343a6a8089b0","5ca567a2a875172f23b2da3af6896e9db4e12dec10d866c6f84f64014a4075eb","f998bff2f77e209296adff0bc089ccd7cf943ef3bb43572a2f022ae1d8f0f3a8","f9a319a5eab58080656ec6c4310d9dc28a21a9365bfc96353d16c338f33deb95","6465ebd9ea27ef6f87b6482362bee53cdfe1e64d0228b7fc42e0611aa4487a20","f776265daafd8c9edd72a1ebe66adc6ae8166d396a920d9bf373c42c927c475c","4b140c611ae44bd78e54820d28cde8739ac88083e1f4551b0bc229bb1715a9a3"
57,"CONF04","CONF04_run_order_0p75","f7a9b03c3cd3151d29282541eb23996e2906ab0aa42d7d65e4a17efd37b1815d","r_serialized_pre_exp_log_matrices_rounded_9_decimals_v3",9,1e-09,"ff4bb0139ce63bb4bace2971e3569a52cf68aee861b9abf58636b50f5a897468","799512e105c4c2d52ceb25abdd2b4d7b937c546a36186d2d038c96882a25e6ad","9ed0524ee67613d33e7861eebe3502deeb445b68e288c4d291678ee831ce5bf8","a7b3aff060a5e377ecf7ca00277265653b179ef87491cb8d0a9d5eb1a082b19c","a904ba758c93ca92edfa9308592826a7f88395279edf6ca0355deb2463dce80f","e36ba8c7b3a2349fb95da90584d2491053825cf6d371422cb7701dfc6190380c","164d921f2ff903ca7946e515ff8efef26067a65eb2d21f88559c9beaefa40afe","6de6a9b7adf8b71a96f0514e7483933fe04303df9a68e3622374dd351f32c36c","ea4f3458e51751b8ef17d6ede8448148f2d9bd65c9a278545b2d73b79127757c"
58,"CONF04","CONF04_joint_0p75","7c7394123ad85fcc6201bf0645b5b27dec8d9ba827c60d4d9fb3feef5a2a6549","r_serialized_pre_exp_log_matrices_rounded_9_decimals_v3",9,1e-09,"efdbbd1307a11df0eeb7cc0a98039e5a830e7d817a20e73b0244f20dba6d301d","8df0e6c4b9175b5e2832fe43689c507f6a401605ea2c13aaef1a7af5c79222bc","75520b03458b8eb6b7ebda423731e5fcbd83e515996b620a3aef553011522d08","32757bd655971f30ceec1f411a1d8e0d9acd24bc316da4d382920cf8e743b77d","aa860698cdc848b8209f3e12cff32fe901cbb2bf499bd38222332886a1c5bc7e","31920dd0ce245370745b3233cb720576120409830e1eec815af8383d55a3fb46","64e1b9a7d7dc8661244cfd55829c395157ea94e3c18ccd946828385cfc7fc78b","2bee41cd03cdde17d30fb6b6148e940cc4aefdcd00f9c124e9e6dcc6c24104ad","3903ddf305cb1f14437b9319d272b0e4a46eaccf6b8f666428f21a737f0b36df"
59,"CONF04","CONF04_batch_0p90","d2a0097538f525b3406d52ede800a18f14a4354672a0324b7abb7ff449e4b15a","r_serialized_pre_exp_log_matrices_rounded_9_decimals_v3",9,1e-09,"131778e63b16de7f73d86954ba2f699d546dfaa67bc2393ff483008dc33c2be3","32fd8ac2450e50fe99776da94797e25e7d97259b2cc834d3b9db33c003f59583","6e4bce6e1d67968af7574784038bf5716e7421d67bd26631ecf7cb1acd891549","a99563f4bc33a4589aae4cad04132e6cda8acb304f9efb4e8ee7f56c85b98bc7","39da9821d6a05a4b2ecbe442c33fa9c6a57d1d3e42d8314c19e7e1a4c6b785e7","c4cb5781b0be316d489fd98a842d2de446389918b0e5dba0332763bcf7aee343","48b7b550a39c47595564434bf31d3a77d6ace9b57e2d1cc3aead100f52e398f9","2755eb12f51f6a421690c1f25801f8dc48c080c0304699aca804cf2110280c4e","07caf8e4b1a46487afe1ef5f21c9ec0e5bf18978fe6132f39d9ff7709f69fcd0"
60,"CONF04","CONF04_run_order_0p90","1c37b22b7736ea68fdb06d7fbddb122069cac5c9f9673f8897f6733b76468ab7","r_serialized_pre_exp_log_matrices_rounded_9_decimals_v3",9,1e-09,"718653ac5a41af5746c778f9af01f2202ce876a0e45210db6a08b85bb29f51a6","cbb798c7a5532388b169ac66a2b099c747777dd8616370cf3de0194e85971e97","70cb77a6ba75387e3eff8da6a0df584d058b0045d03e4f0e7f413e4300f2ecda","a2174023121c80d71c85fbb093c1b2010d65ee9bc34c0ccc03384e20fc71815a","332c2c74686ec1d73558ea621354f4e54b05d937e4ff8848723377dea2f554f3","44cdabdd215e1ce6ce9b818c6db1771f3851b50f4462edeecc735107d137382e","bb5b89dede932bff42fad1865393d2fdfc1664e67ff26e762a87b12aef6ab7da","f15c860f38ab4f0714b3251104c50c1dc035c33b07944ce02ffc939881d74f36","2b712178d0f86162a89625cb799e72857e57df62ada27ae2e440a6f633d99ce7"
61,"CONF04","CONF04_joint_0p90","1ac980a84fdc7d2a2bdc2911297b77dee928a377914063e5d8f39d6430256ac4","r_serialized_pre_exp_log_matrices_rounded_9_decimals_v3",9,1e-09,"354a1e93d87512e51770f4c169bde65a852308e48b5c2aadd95699766fa4ada5","f97d17fd63b5c232c655d0f149a04c6c2b4431975fb1c431e8fe5319aa8d7586","84f0e2f2b1687505885092c17250ecf1939c12681d633c996eee04bb85d60e55","37e692e14eba92e4e207df05b4905115532acdf47385a6256dde99ecb5d39135","f58f0c6994541fd04d793341b9f5cffb2426cefd4f5eb3bc5f6869a06524d896","632fb90d389cda7cd4fed8ea0f90ad192ab6ea8522229ff29fb7befdf7fbc104","a42f2fbcd097e8d2713bbad5ed944c4c68f867d0dba54057745c5e2896a65e88","eaeb61d574ae14ca4e180f89997d03909a640f2082c5bc73f0945968b0d3e326","3a6278d17c779f616c8ddf440e35f4e53f94a6492b436efbe0e6bb4946b5c5d4"
62,"CONF04","CONF04_batch_1p00","f048a96ae0d4d25adb4bf09d40b0e93a08847a0c374b0dc74eca5deddabed9fb","r_serialized_pre_exp_log_matrices_rounded_9_decimals_v3",9,1e-09,"50f745a78b7baa0c381851646ee1e4d6cff63ef223d68ad9ce99ba352ca78bd9","81a8f268bda13bba546862238d8fb57d9ab81e7f2b736e24b550c41a2ca9e332","0e430172ffb0e56db5656bc04a04a135bec4750e89c63e0f87c76f9f49dc570f","e41a230cb782d6bfd29fe4af5b136d19af6aedead02a0c564fa3a91320186ffb","63193e72e66af4a1984056f3a68c5cd204de8c0b06a50eb2a72c5992975ab344","2beadd15b8efee9203a6b1e071e369c6dd83e4722efa4edf811f87d41940d37f","26f27e22af82d038b68931602dc2d361d32a8fdf00a1f53c211eb409ccaeea35","2a36b6cc73e00ddf483454e69b24c7987ef6d9af102e9b7d31eff8a7433ddca6","792d63bb87b67dfa9dcda709ca52c00abfdd242441cb09f716575ea0d8772cb2"
63,"CONF04","CONF04_run_order_1p00","d070a3ff7a34a44fa8ad9978aae52fd8e527d706d42454a1679e8d5d4c7fa607","r_serialized_pre_exp_log_matrices_rounded_9_decimals_v3",9,1e-09,"026fc969292fc2180cb60a8b67ad789e4ef03cb27a6b2510c082cfae9c9cc3e0","a098b1351b01e4de619f36702f49ce4a2c291e651c50846df6cc3daa0fcbb330","207245f13196146a5f0b6f89e941efa900458b583714ab36bd8d9e88aef8cc11","c558f9f78315b25673ea24c954672a27c8fb59911381c7832c3e64ce7e5d05c3","bb5ec39a7ff42fb1bd4bd12567fbe321e6363d16f89cbaa256a25ad9d13042e6","bc1468521c5c2eee9df24ec234f38689aaa3e55847dce561a5a3d29c6ba2f052","b86a0b6803af5f9e81bc59b063deaa8cdddfd9758e6b315e458d66f937127b9e","cf2a99ab4a31cc22098a466d5e4542f5616c14a22976f58266bd3b0dcc4eb497","450598abce3ffc6da26ab50fe5abf742eebd99cc6b2ad5244b18ca60a57e67e0"
64,"CONF04","CONF04_joint_1p00","03c88bd8da9a53ea3176562df0ef10b4167fcc1ae8fc7797fe8ff087415a0f70","r_serialized_pre_exp_log_matrices_rounded_9_decimals_v3",9,1e-09,"a1a2f5c2be6ab69a0c439279b14d74e13dd8cff1eeb3e66ebd0b4d6c6ff94a40","7f7e1bef4916c58a8b54abb99258f14c2e1ba5c82011a904cf8bf349ad6dcb3a","ca9cf83357c49ceb8f9f95889fb7f5ce6df4dd5da970d14cbfb4bfd15a35b05b","18729931c6df997c48b79d73cf102eb316168387df291887b82183acb8a28784","80d2b1a521e30908f1219725c5277986eb57dd302556e5dfbe457732a4eb7e62","8df87af810ac0e5c165695845f5a954c06682ac63f2032d7a1a56f6ac38d78d5","42fdc925e8e17dd58bf699469ce0a21a3e46ce24a2511071eae5bc40282ad54d","9de6cde1e2b0bd10a83bf29c863c98aa9e8703006f8412726a07594c5a1047a6","121581a2b5f46af5ed2950898857be318a8771b940b60ba32054a7ac200c1521"
65,"CONF05","CONF05_none_0p00","b482ed64fdd5f40df483f7f6b112d6bac972699a5f9ca6f669593a29c777044b","r_serialized_pre_exp_log_matrices_rounded_9_decimals_v3",9,1e-09,"c3ddaaa807bcecf837e35315b03eba2c845b83dfae1b6abda34ee224db03a86c","df87e12a79f64cc4e6b4d2dd06b4c4c804d94dabb42e581a513e74231aa0aa3d","7eb21d35793ae6a8b70d9a059ccd035471a2e033c052ddc968345f7a85e08cb8","5396cb84079bd3c1fd6ed2f88b2ee2bbb14de0e7499daa780b1d7646bb2c5835","d4993d24510ba3abeeeb3df7876ffefb1ff9c903b79d741e511e278a95576abf","c8128146d325002ec87006c6391fc586af142bf8b949740117483a251a06913e","cc20f217c0e54a1bc8c64da9fc7f3cea4538bfb9cd960c62ed8d2b99b66c25f9","19a94f6e8cad105defa848c62bbf39fc5c6acc173b7cd33979b976c312de91a9","11bca732de8f66afa97bc782f7150496f4a003b110aa91f781b72548287cf0b0"
66,"CONF05","CONF05_batch_0p25","256b43eb6b850253520c5e25b3db15109e71f6173b34a522cef693e973e85bb8","r_serialized_pre_exp_log_matrices_rounded_9_decimals_v3",9,1e-09,"44558d7f42e8d2e724771d4503d57058df4b2d0ea8e6b315d305dd9a32cf9503","4c212f56f292a950410ce2d0e7941845bfbac3a5ccdc988122b8f8ebd4503bdf","3a64448112b174fcce13da1774bd9b5a0ef1657914e0f05b18769760e5e7c300","02476dace47ea148f4a481149acf944929fd42000fcbc17b243ff20de40f50e2","40b3ddfa24da5b0d88d89a7ce26be7747412672ad1c651eb0f5530dc0b136d1d","267a300d3431840a1198a1e2be6cb484361bb9205a22ecbc8f04b9f94eae9792","6ba4a30ddbe4d29298f0ed4aa35e4b1551f53c641d1b5c44481c12ad53fc859c","c409e38e8442b2a1c9bce3cf8535fb02ceb84707733f860cb5c8c8c5361e4d0f","84cebf79881fb5e75dc0b9e4f1a52765e198733e0a5dc0d7dfaa520a7cfa2364"
67,"CONF05","CONF05_run_order_0p25","2076e514ab8746b7de5119e8458ebef05314bdb77444dc728daa7f891a336d88","r_serialized_pre_exp_log_matrices_rounded_9_decimals_v3",9,1e-09,"fc9e354b22c1403a8b792424588ac611cc448bd7792192b1ba2f4d0fea665a06","08a8f52199371d82cf1ddf8d80634b61041db395735c095671d05777b0a4fc8a","291db839c174f82942e7c294fc2256fd2fdd552e91c8682729d175ba3b53319c","86dfbbd6e4c3d1d9ff816ad3966b25d3244a39b6f33808895a4fb96fb41065d2","54dabbb1cce802dcd9f4d3c075fc634bdae17a7b800de1312fe566127fd66a34","ec2585016e40e82738f57d85900d1b10db2ad0cd306c13939cd9146e12f11581","8bf055a359d006d316de6a7f84276a09e891fca395d455dfa632457be9a51f4c","fe25bb35967bf10a0e047bec958a5b75400bf63ded182829593835152f7235ed","69b2e8024e635ac63ceab476dc66501159ec925fe726be4f70e968b66f661f32"
68,"CONF05","CONF05_joint_0p25","1b94507a3a2f1acc968c5935554b4451a0b0e108b29e17a05144a63dddbbe7b2","r_serialized_pre_exp_log_matrices_rounded_9_decimals_v3",9,1e-09,"886ac80e4f7e66cc72aabbe7df7d1da93be5fa81c5c1d18960c0328af9a1e8da","55f3cf16664847f7359c6e3336d40058be329ac81c72dc962810bf143c5bd51f","f8c6e4cbdab3645272d8645269edb3d00163f7d6446dc2f03ce4e3dec5679c49","e8b71be58743143918c3e7fdf0a664f9fde158a58963ef433e28834dff5714d9","cf3f9021c294ec87b1b9d2ce0a482c54e5bf39995dde409c959d26d23f967213","3ba687c89dbd8729682255a3b94d3e4b09be2635584f95fde7e6cb6f9fd6ff62","01a59533ec3b269595ad113f8153a0d684cbf8b62a37d5b169d01009f711d129","3b43144393790089d84d699c85c8ae72d4fd5bee400af44e2298feb2b02ab0e2","6c8272cc08b204f3a19cc8c10735e7c0064fa0a2460511d1df5dab2488d2ee86"
69,"CONF05","CONF05_batch_0p50","1adb58f3a2743f4f1abaa9ec2f7524350aa725d63ff5a76ca889078120a45400","r_serialized_pre_exp_log_matrices_rounded_9_decimals_v3",9,1e-09,"05f1c5b1f833b85425d1ebbbd6b86e37b19cd17aee830ed7d7b7af3b9ecbed3b","15252bfd80909185019112bc1c8bc201470f71d4800668aa587fffd695562905","37fccd8f23ca7296d20dd5e8249051bffc792d2720cf74a4244cbadf4f370ee6","338032e07dc754fd329ab21ee37f5202719b2b44e019b4a4b9a1c01f1f2107ea","1a9e0d7e6233089bef565e25a2a6cfcf5208791814e7b8f8a5fa9574e04d6285","f7a993ee52d3a833a9aca01a410773faa52bc0a96f8d9c3b686fd995ae9187b9","554bc3591125bedb07d795d532668f532f503c5c754b8a82b07f6468b85f77e8","80ef081724e077d18847e75884367a92c07b1f317a85550b5211680faa42bffe","0ab348fbc68aad59c2ccb9739d9aa7bf3de1ebed9e3790656a71a4b7e8119c64"
70,"CONF05","CONF05_run_order_0p50","0dc6528cda50d3101b4b608de1daa13d702efc0be23081fc6411e2b786370e56","r_serialized_pre_exp_log_matrices_rounded_9_decimals_v3",9,1e-09,"f62c5d51c2122ef97b8767158cc49b3da35c4c0b384390d5f44a344cecc67972","89dd0aa273c0ec8b9ae4ece9ee77e1959d0d250ae5c4bdfb4f1baebda2a8dd10","0a101771e1c2456e18894123d842b5bca37bb9433095b9dc48804af93a6d3143","02b71136d04f5ea995a1b23ec067d9f4cb95b411be74b32a3ca70a3e8b6bc0b7","3cc4c70c04772e6c93b26fd2fb69454b9a8faf11e2f8aef6b4c8d2846a550d53","5cc5764057a5155ccb613f7d16b5ac967480bce2d916ef513cb063d1ae29fff0","ba1668218f5f8a7545120dcbec8adeb0c081f28fdaa25f0c03764fd632015e11","3999ff8fc81890399f6652cfe4eefed65e28b18931684ce6e4d3c1a1affe8571","e53b00a13e5e387b7874e3afafbebd104c0cea00b92073fd776ff9f251dac301"
71,"CONF05","CONF05_joint_0p50","a85839f838833ae56aa32606e421363633db535f2445d2e0c26100c056ae45fe","r_serialized_pre_exp_log_matrices_rounded_9_decimals_v3",9,1e-09,"f1458808e3e0a7fdf4623ef35e96c6b2b4a486182117ea66cae2cbf4cfb3502b","cb5fe2513e5667a94c9642543cd7188227f77c907ff012a493edc6806599cc77","0a2bb463fcb9421fcab861ec512f79f0445292b4641129a0456e070412d80dfc","94ac95fc6a6eec7c15fdacbf748efd5e79f4db99c094be2c8b709eab8d494748","9138ee543fbbad15f7ff68d709f1563c45a9b00a1a418d8d495abc45b64ee2de","4ae927bad7153b3514801d28fcd4a290528752a4d2ca35ac05d17d7dd3f6003b","0dcdd5e0204b8cdacc3a9af76bf28d5d242eaa325c4ceb284f00a17cb7d08540","f9bc7ccd97cf2155fe04b17272c442af8017ccf62ed72e9bc9918a928d33c6b9","75aaf27682c352ab1f48db67bfa14c9bf44016814e0e3b6d11a185e0c0fcb805"
72,"CONF05","CONF05_batch_0p75","633fc7678f322f3d3547d551e25179330f52147509e2db4fccddf687bcfd2f80","r_serialized_pre_exp_log_matrices_rounded_9_decimals_v3",9,1e-09,"561d579efb069e0c4c05e50b235573697ab589561ec277c902cf2437d4d6499e","fd5d845ca6254350e74d9255e1af6fbbd1e0673e83918c3f5e86a84253a8d511","1f0e4d8c574bc07c2365c134a2a5f44daf01bd569347800281ddbe2db8f51617","2ffa3883adcbd588a5250f2282f81a0f2bc7e02bba9b9993feb87fc3a6567f23","29033538e80a4f48e4d6d69f1ced4ba923dda9518410fdcf719fcdfb8f0b10ea","f03556a6b6715e20161bbc167c092d28dd66486d3f58bd7ce215d6581a40035a","f974665730eec30e0db6b0a0f35552a295f061c74e7f18c247200fd67b41d8e2","c6555bef8f8c2afd7b0255ceacf2642f570d0d256d6aac0416cb5a4ff0607fb5","348a22257059fc8cfd6dd0d70c5e528f0f84d136fa2b7b31cf5904385f27746e"
73,"CONF05","CONF05_run_order_0p75","1225c9f528370e193408bc9038ab96b7f36425b9269be0590037b6b2a071309c","r_serialized_pre_exp_log_matrices_rounded_9_decimals_v3",9,1e-09,"df0d11b6fff02a9db7c825f1f00f88413979dc1f9ee7e42658a0a62b8ef18d02","156cbdc6b61d7af535727d99f950df501b09733e3d4fedd06eb8284e1ef610d8","a966b2381e9a68e17adce41f6102d1415f140e4039581e51a3db7504411842b7","1a188f729f93414ac92a4f061516bbac7ff6ff71fc1492e4e895c2ba3ae48adc","758054c3e43f88ce90544f5ae65d5ebc2d3a60782d8530ca20ee28d7a52ba83c","1e864baf3ab99ffd6d8ee5342dbc5d844d272de4c838073501da5fd58e44ea0f","c925cee7b53b0c73ba9ac8a2b07b80dc6dadc8d02460145047480139d14f39c4","f33c11e291bff8e941efa1b3f91b4fe8fb2ab199820bc9f93956ed8b51abc9f8","8c8dce3e5e866000e21db9b411bde32f290df1a7708e9b716b6be2d40380f35a"
74,"CONF05","CONF05_joint_0p75","35c75c40a7bae23474942d14031d6bd9f3c61f9576f433ce9dc8cb576f1bf204","r_serialized_pre_exp_log_matrices_rounded_9_decimals_v3",9,1e-09,"0d57f3f3db33ba5dcf1abef72a17ea278dbf44f80c7a67721eb9a2f0b514d6bb","9ff7632ee209089f7ece3671c8f3a03f3236c64ec6089ba1748bf5d2ebfd04ec","3353feb05c09a06dc8b3d4c360b5eb31b9eafd27027ffbb51e75eb7b3797a432","6ee31d10937302f8175ef93152ec9e6efe28ddd4881a8077cbbd5e32b13f3aa5","3bdd66c276e34b573257a5eecd61ad49e7bf95a202624fdbf7a58082efb94b1a","704396aa2146b7b9188148ce5c4d58c92bb845b5bdf0353053d69d9ea49c718b","1c93c9ae73e0c6f98463f66b00d5e76324de25ea8b3fc9cc0cf1e7497fc4fa4e","5e56dc4da8c48ec2679a6e6dada03de50c3151f288aa3d347e4976c14b34bc98","4fe04899cae9d20ca23ec48101443cb19efb867b774b0144ddf24ce9a467295c"
75,"CONF05","CONF05_batch_0p90","43a9b899e4d8690bda5ae3e0a4d5dad56739558dfe37c7689280d9f4dd7556de","r_serialized_pre_exp_log_matrices_rounded_9_decimals_v3",9,1e-09,"6e6dd532fc2fd2ef536638ce7f2ac1d2d28baca11ced6e820d4091786d7d24cd","03910e5a9fc64f518591c082136a385767edec88f3007bcbf50bf5fc82750864","013d3e5f99da8f892a40ca9a6b0997e253f7dba6aeda73ef3427c17fd1634785","6aa1ddd6bc23069324cf2834b5171430d5530d795c1aa4e0626866028936f970","b360cdc30c0b167eefefcabc58ab0ea29ce2a7c18f93ae2dc8a85cf72e59df07","79ccfdb1d3c0b31cdbe398d5e2f2326ecbaf2a93b227f99440f2aed50ab188e0","a142011827b5039fe52799ba352043f27a52e49d4d5023af9e0247aaa2f7a443","d1411d725ae9ef6d8c0a32eee3a1fc7e44d509cff9a2b9161688791537ca95dc","c3f268ab6566032c090dbe4d8bbf33af2f1d5e6ca0ba94a234a4a8fd9ccae8f5"
76,"CONF05","CONF05_run_order_0p90","bbe841c98f79b70a62ea736e5825745177086903a22afdcf1a08c787402acb56","r_serialized_pre_exp_log_matrices_rounded_9_decimals_v3",9,1e-09,"7e9ae19b7a789bdb2e2951012e45e16bb1317127f10ac01e4cc8d4292d450912","a6f20723ffa2b1b69107f7ae5f8e052fce47c337ba1cd0f81d680a337d76e31b","a57cca1d34802dd25eddedf33d8e5111fd0da7bd8324d44bd9fa6ad6c332c233","e73c00417477efafd2ea23b144acc79473b7830d7ae6bb443f7771c2e6bf9881","e1d55b94a6f821653666887dd6c624bca5201432976d158f6dbea8ba59a603b2","8666d288827a7988c82932d370cca9092560d9b5c6faebece1211e21c4f8744e","f09be6b5662c052f2b78377aa08e53a9b69bf1296cdd633b2da8ab0999dcc2c5","189db9a55ee09d949662eca90b9537a04d98c4de79789d2511d412e5f5dcb2cb","88087f4187fa2fc0c7747bdeb8b62c622a45bae4544a443b93766110e8976c5a"
77,"CONF05","CONF05_joint_0p90","531a2c71a98b782d19d2a7a02951db35be7a6af58094dc1f128e4754444501d9","r_serialized_pre_exp_log_matrices_rounded_9_decimals_v3",9,1e-09,"e5d51cf92c6473e54b02454e45ced74f94d163381e39c2ea0b641df4e9acfc13","ce1ac887bd83b10e1995fd4cd64b357120a8d8feb0f41219471eb87492062eaa","0909a25789df3ce72b41baedb0494bf7cb1126674b5d964123d5c2739164221b","f0f6b596d8160dbd2553180147ff69ed70f621e33adaee29211b15118adb1e83","faff5259ee6ef559409a4169bcf985e5378cd1bdcf7729c0437e7e29efe9d0c1","03bb2a926b43bc1f962ad2a5eedf1809381629eb9356b6b584f9297463235c7d","e68694c3b99622b5fff9d0bb01f2e7350d24d06792ffcc8922bd629cabb90b7b","0d711162f66abdfe7c348990838c3eb873dafd08f189eed0cd2f11078ef3a79c","64ab16f77ed6591f7ff36aa929d3d29ff2de63afcc3d1b64fc1e0867bf2ab179"
78,"CONF05","CONF05_batch_1p00","488051f1bf523b653cdb747f662b23f905b9ef0e7b3836f5ff856555c00da738","r_serialized_pre_exp_log_matrices_rounded_9_decimals_v3",9,1e-09,"ced6d9be3fff6c33183231448592dba72e8ca0a9001d79581c0dd4bd47e4a607","db1e2b1af9b7aea4b954eeb4087256571f4c75f931559d4bdc3a70df32f04b53","f2262396a32aa98c22313f880fda86fe106db6bf8acfcb628c459cc4ae2e2e06","474201bef164c847b25ab777aa5ecfa614e58f9eb73cd9bd9ce4d815142ff4e4","5de9867aee43aecedd96359ecdd44aa7ee0f214b8df4b0fa489abc0049a9776f","a33dffd1725c593a05fa7d38f3d172606fe95a36fb53f634e40115bd3edba467","433ce0b10461ffa3e3ce3e104ede725fc99afcd8f23ee5e1fc7474b29d67ae4c","39410e5e43a41d562133826251503203b523c80d80fe63aac8756ce3c35cd697","02f4cbc2e1b4f349a277e04d6fa4bdd51e2d5310a2e544db13303e97b9dde63b"
79,"CONF05","CONF05_run_order_1p00","01c2815b35c0e6209fcf0629e7df1c60edd22f7422a78ec8811b09dcbd83765e","r_serialized_pre_exp_log_matrices_rounded_9_decimals_v3",9,1e-09,"26f56ae9d964f47613e24df0e914a53be715b79fe44dca8f44630e89989106f7","7c1c32bc830eca23d979fae5d653ab3c1c9c3ca6a2be188e0d7da14d5a942729","04a098773d581ed99103b8dc72e7cc89fe2a69c23143f1865fc41420d6b72ab0","6db76cafd2d58d2c4ba94a8170b6a303bd0078a0f921e39d0bcd669831abb617","110889e2c64b64352b3a052dca8be077fb1a3dc8a46c6ac174239558774a5594","f1c3069eeb74d8ed97e706c4434092e4ab40935e1f33c391fb799c63df194767","8e4495912cbf4c43a52233e7e6ef2bf5b64dc276921cb5aece0516711eeaace9","e39f3a3cf62cc977cff97c32bd23da9d034ad8de7b24ed0fb239c3d4e5e30e33","076b9c78012b87f752b3673daec6e64e788737bfc7978d9b6b8bfde1e90e0dd3"
80,"CONF05","CONF05_joint_1p00","c6a23b1b641c5df44a1187cab622f5822e01e209367343bb81e8e8932c2ca52d","r_serialized_pre_exp_log_matrices_rounded_9_decimals_v3",9,1e-09,"83268b720bfff7af8134bdc73d584771674ca558abb5082050f225bd662cb1b9","75745f76a7ba0acc38a82bc83014e4eabc30a29063374f837f0698810627d5e8","89b0666c001eb372cb309b0c921f8417ad85fda55ed7d11418c5bc47216b00e5","1d527eb21ee3439dac914f3120eb1fa186b9dc5e1188a7f9115ac26aa44ef56d","80bf16f7c18362137c28621d9f5a9b183c060bcd60334f63119c73507e7be7d9","adc5cae836ea42bee688e3653a682a3e676b0bd3169efbb8af3bae0c41f5f374","01746c6cd3b81562368e20a9dd2cc96ce8263f005eaadccb44c900fe4ad01acf","386c6055860550e4cd4c3eb98984a95a2b0f09501313aaf6f9c261fcdf7b0147","7165bf7b6064bb1bce0d1e67b014c4abc4386049a0d4395f35e757f1d00ef34f"
81,"CONF06","CONF06_none_0p00","b9d84799645621efeaf375ad7d56495c7b0fa522d0d4b854bb7273655442bc3c","r_serialized_pre_exp_log_matrices_rounded_9_decimals_v3",9,1e-09,"008d6338cc34f94047538d8f43581f9b8f625c9b7c047fd535772534c9aa53aa","550f4c2fa44998e1380f0cb6621b23285c172b658baa30fdbccd02887b116757","59aaf1decb95cca01c7a4d0bcdc94dc59c7ea7efe05278f9b4c8d3defce97317","588735bfa3d0e2b57bdef2f08d10fe7403b5d58a0a1e07e64e09bbd352a64024","13de3bbd5009b643d916df522502663fd247b40813b17e9e734ef8b4c82f739c","70fefdfd3ad79af465c1c4188d872abe721bddfb73b70b86b5b7230050fe6003","8dd985b41c5649f6e03d09a2a0651a9df1f891b8c970964a1a1ece469c2cb3e2","84bc46c4d39b385868bd239b075b7e48cb7834b7823c7860e329abe5a063569a","2aaf1e5865d965860de68452e5de765d6f8fa3f9fb30a4157a3ee2afba78c510"
82,"CONF06","CONF06_batch_0p25","95a6777d037f94d7f8577c69d26dd57e3c53330ba4d2699ae2d5e5b3a3a90834","r_serialized_pre_exp_log_matrices_rounded_9_decimals_v3",9,1e-09,"fd4332019992bc175f59c6fe278c7b4400a4b06922d2f7b566421fdc2b1cbf6b","0853c7c285fc4ccc82fcd1a72230d6a550ba89f93a347d98d77d7f587b029e09","0fa1f30ed32082354353d5089302f4c4815d649de9e94935192451d11f7fdc49","b12cd18b9c74067ea538cbd11042f4fc8e10ef76da5d54e1f1afc270dce542b6","fad3b27dd89720eece2d793d9d881565b1e8fe867cc050528c878d4cf1638048","3fb9d0ad39b1a491372f8a53be6522acf200018d74499dd81c89740b083f1f2d","14aa7c053117131d1332128e4200d4f605b34aef6f0053fa59fb20774aea4e3e","a760af8f9c854569603cc31096de5279ed6dba7ff50364913f7cd4ef62b6ff5d","c05f6fdba19dd3c86d75a4e2df97d876a0b9b6882741d7e61e914c7cc8c15b90"
83,"CONF06","CONF06_run_order_0p25","0c0cc61cfbe189c7bea880150f0162fa6adad66da8ed206cb17449607829cadf","r_serialized_pre_exp_log_matrices_rounded_9_decimals_v3",9,1e-09,"a98da99c75232544ee922b32739298d913550a05151543166640ff41b0ebccc9","aebeaf61ae115ba1c9c4392c044061f61ccfc260a4363e318a714bc9b69eb016","2c1563c11dceb1810f0f206192a9834df489a6d03e2ae97fc9192bd62e425356","f0b48cc1454aa9c68c43e965449c079b80e0dabd09b6a60ba037f0435c4b4fb2","386b9c54373d6317de9f317443cb03a6fb43a591ecf368c1181a0923023c74b3","148fb25e55c5c0bf4d2c3a08880953a47df2c715adfa0e387b40b06389474530","8c7e4433e7c3f22c8ab8f40dd7c6bcd44632521bc1f80084a9868a1a1a8ee7a1","f743f644029a444388ebdaedc0249be00c4990d8b99bf623384ffe0a44c93adc","d90182ba874311dd5b45640fc5ae82e06c112aa76bad58375ea1efe93e9da101"
84,"CONF06","CONF06_joint_0p25","5c5315b01996c6daa4f2a2d8a3dac376251d6a7e81a690bf32727b351c0642f9","r_serialized_pre_exp_log_matrices_rounded_9_decimals_v3",9,1e-09,"f9506b78baad0666b2f8392d5280b0ed8288669e584428b616fbde653ad401ab","54a3c771fe021b767842c770980bc6899c82f7a5ac9aa37c0bdc16336270d45f","d2aba4c4c11d4c4673cdc723e822e29bb1b0ed555793cd77ce039f20a65f0c1f","4eb6df124cf6bcce8c40742cdc4954d89b0a937314670020b469ccc433b99868","a94a5d2fec8a632aa28851540a86ae00b3aabfe9f55bd58f67ca218c921b3309","0d6e50c0b66f46b92f5b2a4ca066f78572a9974c3082066672a78246cfbeb5f2","ffe41511ab7993cc3ee4714c4df887c0e06b2508ea89be3b364fd2c2f2176081","574cf68b12f5d1180d988eaaa343376a6747d3414945aba27689e33bcf438071","77b5ceaad995adccbeb24fb5dbde476c8956b60162000556e0d488bd5a414d08"
85,"CONF06","CONF06_batch_0p50","ada7f57cde1c1618f962b46df28bae185e9b60b012eab77cfbeff2dd4dfb60a0","r_serialized_pre_exp_log_matrices_rounded_9_decimals_v3",9,1e-09,"5b4e3673f8e5127a14ce98df8ded5c7f707e503df5e75337e72efe1ce60c046a","f9ed3fa6067f50144352e7879b3eac4131b1abdb32a54eba68660de244987c26","3bc0c881d315ad6d355b459925f78ab2e48aab40c9e175567d68f7fad8712fb1","18804b0e7fcdac1fee7958de986ec9852cc0e471a18e2c052b772a93b38b246a","b095b5d4c3cce9147426440938fb6802828d1540fb48295202c24b890b0e33ca","735c92f4ae86ec5f50edc0c5c85b8b1bc212ba4814e42e5df44c92e2428ae307","2e2a9636ff412cfec26cd8b2e00bed3ae7f31746a9f3a922338ed154ae8381c9","cc4342be8ebdabb30b3ec12c405d68b9e468268dc4de779c870b497990795fe8","8adeff8e59ce0b6d9c34f152255a3c48caca4e9862ee945cc88fd43f1904d47f"
86,"CONF06","CONF06_run_order_0p50","ddcf80a75687157dda2e7a02ad70fa98bb94e5c16ae6a88d1563e7375b151476","r_serialized_pre_exp_log_matrices_rounded_9_decimals_v3",9,1e-09,"2dbda81924d03ce97c6b76347141c243243affe9f8c189b40bbe08b1f33d46dc","0f5a28ba898b520a52df154e7cdd74242dfd0b2b9c1b4159d432d6f5492e6121","6f8cbddda951bc2e87ca1991b4dc79cca2adaf02329c22a64670480f7018a731","1834c5fe3d66a906aaaf3c1868ee3b004e737c59cea3688966ea03c1627c863e","d333a3ed78d1d83e3126ed72fa62de4da50df7945efccce90bce0c1b6e0242c5","add15486de59216202e1a1c96daac6b36819cb56657b7505381778d271ecb3da","0543ea8de9874c1049fb72156c7eec61656a196c7fce839205a34108384eb58d","23d0c057b06191080824da542175d352743ea72242f755825f7cb302bf39febf","3958c493b7a9923abbba9ec0de57d89f1cda5791a9a23e58831626ad0c0e85d5"
87,"CONF06","CONF06_joint_0p50","79418621237baf5190045347c2e128fbeacfa368545e5ced3fd11c9815d57bad","r_serialized_pre_exp_log_matrices_rounded_9_decimals_v3",9,1e-09,"347c0b25668441d47ca2db027e5b93f7cfd4e47da1cb4a9de1e71ea1c40b32d9","a8b0e5e3a3376eff19cf7981f5f36c25402f5651c71892fac8cbad7df5df524a","8a1107e1e706fe7526f5ac0f30e47379752415abcc8ee5e89c9a587f3110dd1b","97e3320cf1d041f8c25378eeb6b3b9bbfa5cd50a87e905c55049a7eb8e5d3e51","0c5c8bf70d674b494e14e70fcc3bc4f1a3cff001ad67df4bf17d806ad0fd6e19","9616a4b7b9cf7a056acb344e78eb7982613db7e14fefe355a7c56875aabef006","93de4e36191590dd572a1bb64cbd596e81e70c64c0e04fbb28483b3fbfbc158c","d4ee555669c6535ad21ed4381182e4cf1ad30294654b5a4aee7b147d71bea476","46f4f1b824f05b2e492c2107aef176026395b8ef5f17d5e0536e79232efd3f2a"
88,"CONF06","CONF06_batch_0p75","b0efcbbd5896a641daa682a86fc733299c76e11b81625320e9b4b43407f60317","r_serialized_pre_exp_log_matrices_rounded_9_decimals_v3",9,1e-09,"14891b6ae636286ad6ad64bbc323251a5d6408a80923c201a801816625db3bc3","13fb9381adc5569c2f255860f1500a2bfd03e8cfbca59df9f3450a72e25e1dee","9a29615b40391ad4c89e0ad511669d06b478374d8ca2e6f527a52ff88723e2e4","74e4edb4ece2c103f59806d90a20b4d2779d8018963863aab246ddbb839a0b47","336d598108513038b331ccb4bcad784adf0e910b5c1dc3604291c635228d1e16","33bec976659e8a966b5fda1792191d7fc8e9436c3d0782f3aad4970903b99c20","e305d2020a195b35259923e985246a2f4afddac4eeb625a5dc50bfff11fa72ba","565cd99cb22e57144e819a081a2f0f9839b842019e068e0917369f8e90f0b706","2e34093e7297aeb7c8faf8b858b4b1c752d7710d9af29d3f2eb6254b35eb5785"
89,"CONF06","CONF06_run_order_0p75","35d1d918113c78b13866c694972c55be7cc2a8c87d552bdba1a2e56b7bacb06d","r_serialized_pre_exp_log_matrices_rounded_9_decimals_v3",9,1e-09,"0589de151fcd63b17cf789dfb22f3509dc4e7c3de94947e596cbec953c0d4471","8f0de70716700ef6266f15edf6809dc80be8476cd701388cbcd120390c35a310","cf8492a19886f178e76de887e0c459ff928f3ecedd09a9cfe3fac477012e78e9","2efbad1e6d5462c381e122a67cadf5bc91d4d2f961e5affe7c9efa87cc061c94","ade294b245d3e0dfab177fb9fac182ba676744d8a6de3a28f82377112b8737d6","a279fd75255080e3334bce09f85b53001e46aff0498c0fb1ebd3c9837a5b7a31","4474e82f55bd957a6dd6e4b4aa56cce1e0b4b6b2e183619362baf4f9487bb7f9","c10d13ff5109d3aee7e8e522561fbab2e7600839d616c31ad3691c7b573ab65c","d45593ba5137d65a7df7dc13d8259bb97895ea092fb30b795613a801670115c4"
90,"CONF06","CONF06_joint_0p75","5a86045816bd244c645d64667c7cd368811e8530625fa742da227fd9ee1ab5bd","r_serialized_pre_exp_log_matrices_rounded_9_decimals_v3",9,1e-09,"cbc0f8534821f3086b2421af0b76048e066cb903acbed104740d3ae737f38645","e53637315734f2b5e12df730b2dbe9082927bbd8088fe4e64d13283a8e47cbd2","bf16f3d0893621567c027d556bafaf4b63514304dea2b608253e2a6f9ed09664","8b28abf77f5b099b0429963a7bd35f206f27cd36a22e225eba9c14ceb6a5a7fa","829c8f946c56354142ce5e2b7572b4784c6b5e9307b4a6a2aa32af91140bdf56","1f632eb2f99e91a4e8d65ffcd8e3af0708a7a10763c6b5e306a4f02e6b8edf01","7be6fc52f450a43044673cc18fda67386031186a2409cd57cee09dd389de72b8","c3aff9e4c8f97840ab21edc0e7704c0cfa1d9affe272343f7305fbf10eae714c","1d8581f6590c4d4a5d31c87be1536a0e3aebe8993977fd856bc4fdfd52706432"
91,"CONF06","CONF06_batch_0p90","3111f3513f334e95cba2e54015c0c285ba0e29bc0d8cd4b355c22983d816f346","r_serialized_pre_exp_log_matrices_rounded_9_decimals_v3",9,1e-09,"dffbe986ee9fdac0eda9908342a7cf5c9986e956b105bcdfc15a1451d0bb6ba4","1b719f6838d8bc947f568485ca8604b712411f85c5a8fad85d6a51a847e93655","69522fbafbf9a50033164d905f1c846eac3592e33a8a96ee4a968ff0d7270615","ef7b253fd0509466b8f86efbda0500a034c4692a58fe5fcc088216402c409f84","f0861fdb4c00f75e384dda8cefb1327ffd11f92c1ecefbc4ce29406b14315875","93a23fb703134a1642f267d42736e2c85872e3d4d7d6ca9ec9d777f478df0646","1769e13c4be39a83c56b389d32c73a648b5976f15389ff8389c7da5fd0121da6","de110fbc82af960e16ac7a878d726e8f3663c05b3f382d37a1b748d189d58702","db9cc4dc08257003e268701424b66b7379a541a97b843dba5249503e00ce1e5c"
92,"CONF06","CONF06_run_order_0p90","aa586cb93d571a911eec760c5934df334351374ff2546b478ead1419eed7e8b0","r_serialized_pre_exp_log_matrices_rounded_9_decimals_v3",9,1e-09,"30f5b776c7363cd7e3c648763d5cdf98cbbffb106511f6a1c3f6b209358b0571","2f8bf784230d50ef1a53af92dfc86a73bed9b53b48d0116444bfc1a34afdcb02","7a634a29d36ba0d584a7f10351068aa06afe23912ac0b98a6a2b3e04d6a92477","83245d15c3fd4660ddb2209ceeab285d0ce8a195e684887b795c6afda22aac7e","051f0c0b8b1eefca68244a51557d7386109e4fbd803b293451febb39289e5f79","5916f7b260968cb89532bf06851965a23af4d817f804e40ea6bcaebbf044fd3f","e81015a8937b11ea13b0ed09aaccb1615a5f48bf8255264a4356d18833a46c0a","7e3320e9204f4fefc65283e476c43b98334efd34b036ce250aa9b5e8cf34c4bd","93be4594a98ab08ac470f316d20d7743a1c04f10dcd9cff5c23bfb5f00ff0b7c"
93,"CONF06","CONF06_joint_0p90","ffc8fd7aaab5fdf4c56f6275b33d488e82847db6e73ed32d3cc85d2e3478f7ab","r_serialized_pre_exp_log_matrices_rounded_9_decimals_v3",9,1e-09,"1a64db97e22c95757a7c04bc1b5a4bf9c9a6496092f67b14ff2ddd7062e54e3a","9b207674b99d5a2e7e803e0d41a438634eb1602533fd6bbcc0fc3e7b830e958c","a85437c953b92c17ad48043a32833012b7aa3973376c7ee633deec4ed6264c02","b7d9345daf3ee74dfef75ead436b6757e89f5e268f581d543dc621db2b162fce","056bf7a435dff32b134f99c4cfbbf7b498eba1ac026e6dc75a965ab3a9997f04","d13a4118511c6c68ca8ab386b744df810e2a07f98e1599824228bb90e2b2a94f","f067432fce2db0064487a13b8018bf34c7142ff0adbe3000f3a20ab663bf82ba","1b31af82ef38514dfabd64e558d9d4e4e9618a273dec3046f1a3260527bf4b14","c871e5e6d4133611cc6fc93070db8ece9b3af8a4f04db347bb59560589ba1677"
94,"CONF06","CONF06_batch_1p00","e3a93e2913d3bd39187edc61f698e381549a5cbeab195cbf6082716a280a14a0","r_serialized_pre_exp_log_matrices_rounded_9_decimals_v3",9,1e-09,"fc28e8fc0de7a237dfe46e1de93497dc7331139fcf3f7b204324aff52a7b8606","8860f5de9b0b403d91e761022afd761b8e47609433703698488e8d0977011e7f","b8705b3ce24c11cc42e57439a650d193e78316d92593da0ad9992326e136b780","a4148b990e6eade2c0792c3398e8a43ee7c4266a1fed6592c14e12c165ca6451","861cd5e7cfc02b43e5ad98ceb793aabf1003f05bcbfba501004c7f5e13b63750","62f3f2310f66ae2294a141c7869a9411589cd01a1495e6f9a7220a35543cf293","877256f36289c8ae9c17aae8bef93b3a69e4b4a0818448a72b50db9d3d6ae8f4","82813651178245fd79a9563f26609550d72ab49a40eac5a3016e77c898d2887c","5652ac589bc331645714133e736550a58964fc5bfcc51502de040d126b4bafb8"
95,"CONF06","CONF06_run_order_1p00","5c819b39fd8aaa5783c48a952880aaa24319cc819a14d56f6e2ade282bdf76d1","r_serialized_pre_exp_log_matrices_rounded_9_decimals_v3",9,1e-09,"016b473468f85c5390d8ff2fe228853c5a19d1af81f0ed222d1ef65ac4c33b93","bd904705855da4cf8fb20d7774f3079be73a752b70c8201c8bca20479fba583d","3eb7c714e582885ec5bc3acd6c0393807a3e80302a416b02ad5d380c3701baee","58ee000c1481d88bde18b96f6585efdd8d5a880d809f134667d61fb046b9108c","4f079d43bbf6872b29d30c792425e46d2f1274cf8b8218db60869bee6944a4ef","3303455dc5fddc8263b60afd53f5d4d676e9da8fcf4dc630034d4f99a4871711","69705db39f6e9ba38de03a973358805e920ded1c0e15b5453f56bebd9276b774","60bcaffe21fe4c01df0c6ecd1d74c0ff65b243af580d8e9372c7e93abe74e3e4","0639eab6e681288e73190d94773cefe97aa2cf89c094a54ba06122ce8bbeaf9f"
96,"CONF06","CONF06_joint_1p00","d0ccc3c02cce7a575751ee60d34d5d0cc27e1f0ae6e65e5b903e35a3ff227ccf","r_serialized_pre_exp_log_matrices_rounded_9_decimals_v3",9,1e-09,"682d4e92b7967651cb05f2231da1a51969daae4fd680c98a81839d69bfe12e5a","536df9c37d30c335a54be58ae2bf9880688d5a9e16ed255a13e3553439eb0ee7","d22db3e2968fc3d5e565b38e6eeed4a9eca0c85b4691bdb1f60261396d2e48f1","8a785ef962e761a712dc74b84e7ca6e82d7f2e262e4855f024a5b70580f9aa67","ba7f528e1e6dfa08e13cf6f4766b84152ffa17ce9584d585b828416a569dbd48","10501491c92a22fcf73b5c046d90215a79e38892690bfbd855854d5bdcfa83fd","ead52e33099a2aac0b13507534410b2fc159a1e9c00df6f5b4b9a685268adbee","641b4b1b1e727a71cf96b815ac338cfb9cb06a246942292a0a9a12c1a5bd5822","11197afc95dddf13108441edf7f070b45796cc73408fe95988d12634733cfa42"
97,"CONF07","CONF07_none_0p00","9a34c9cd42e8025c199017d82d583e0ea366e4c0280e444b4c13993248b12f56","r_serialized_pre_exp_log_matrices_rounded_9_decimals_v3",9,1e-09,"c220d526a8844541af92d94b21f79bcfe7b801f254297460c1eae8d4647ca23e","dc9f3ad3525bce685577b0d8e4cb6fdddcde225ca7c58c8d6d932ccc2ffd3cb2","c44b853a23a8e2ce053218ebdb72237705144ac03fd3d146ca552c76dc889e6d","604fb3527b3d52040ff7139338636e38bca0c99e6426bc75401914d96533a5d0","16c60cc179e1d645e4b2df64f4b66177681fe334cb1ab2e96b6fce3098146443","8e56a0f89fc007ab8dcb3d01ea3d4f374b4163b668fa797f6334775119af72d3","caa3b758168c4b1461e900ae613d71a90f4cd20de4b08d1dc2c8d7ff2189d3c9","110c362637e15bba0c8b862f8e10c6afb25d960530def77a8c4ef01eb6c23ca6","77ab71d4e70d7e25fcb68a0a76062ed8cfdfd198a30d77e80b1f06b31b380fd5"
98,"CONF07","CONF07_batch_0p25","cd0dc224c4c2c0de405dcd74b38c3fdc4d782364f87339035a1cab470ae77442","r_serialized_pre_exp_log_matrices_rounded_9_decimals_v3",9,1e-09,"3cdb63573c7c4c8699b4e6c63be1cfa42c0ec3e5e3dd326118785f0df8a11ad4","7f21d63f7442b5e0de0cfd0c748b893ef3978bdac56bcea5242f16ef10408a2e","21daf57f894b193836304237897e0694bc8bc4fb88e60e123ef6a5cdf21af85a","35c4921ca0efb92c99d2c26f419fdf83608fcc221faec94470ffba82166b1407","202cb6273286840ad127a30d89291cae652b2d52d105450c3d13228ac3e0ff8e","c90ca3df4336879aedf6f6b097d8c6a7e26df5fd8855154823c64f718ac0b1c9","4f72ba1b70c609ebf6a45d58629565d79285166b7b30dbad5501416dae120aa3","2469ee1fe544de400c406791c101de2845371a5dac8368794f24a3a24b8867bf","d8454adceab089d5ff416ff1bc1b4275fb28dc0efee41fb23bfdd1214353d697"
99,"CONF07","CONF07_run_order_0p25","1e2624ba0fa783f781a701e15d2cb22cefd09cf715c29da1f6fede3ec628ad57","r_serialized_pre_exp_log_matrices_rounded_9_decimals_v3",9,1e-09,"d09802ef257ddffc13b7a9d9661b51ca6657cb1e932e3856ce7b750cec89e1f9","7f91598aaa26712837ead678e9503d987892dadb3b7771b4351e40fea20eca60","a21a7308d974a3e1e1c258f9df663737e6e8e19c3b9af5a092a568da0a9f443b","5d6fd8a0fb2dfbf700ac4344ea148940bc10add88964c2977aa9fd2c1f0d0f7f","50b57ce718015e31dd9180e48b9eebdad77e5851ad09f146486d331143f8ade8","5d53f7c44660ef4bb214d26c14a32fadca201ac06a745c703db550adbf6e876d","70981b4cadaa44801ea5646de3b200d71d01aa9fe5a88aac8375caae2e91f585","24b474787f726da7da23911fc404a7c7f0112f0e02cd90a65f98c741d472557b","07cb742b38d1643a0a551acd8a8163fec62d8ad1ff56ac34f606891b42f7993a"
100,"CONF07","CONF07_joint_0p25","985ad3fb837339a5514b0c81ec5c609ba024b5afc97fa5edbaeba15c3d183007","r_serialized_pre_exp_log_matrices_rounded_9_decimals_v3",9,1e-09,"3003a64c609108bda282a457eab21bf5ba3907cb1831a373d223463c1a59b951","270f74f9441e62f563aa2a59b3d01d6fe5925293c31280bfe74c10c550b81a42","cc82edbf0b318578cfa511bbfbf87e6354d9a2a4ecf0575f7a676554f30eb9a8","c5ee033f14588d5ac31ae0dee845a061602a5060b7a5b15d6ec3320d8782b3c5","52ea26c0fd06a2d392fdc710ffb1fb8d3effbff46a307ef429f08f783fb7a63a","64df4490183b5671a24bfe1106fbf9495f68d8a699642e22249385b6998821e0","c6a512734790d45eeecc08cdc4bd445a5611aaa43250cc90e1b8664d80170ae9","ff4e47912f9b976afb57bc339dacefb25a233984ea5bbb2b8a5b2324995351c8","3dfc5e168ca58d188e5aa2a40aaada65648351f0280def78cc429c4fcfaa453a"
101,"CONF07","CONF07_batch_0p50","86d60a1b1f13fa6916733a1d62e4cf459b61e4459f8b87b8163cbe85faf1c48d","r_serialized_pre_exp_log_matrices_rounded_9_decimals_v3",9,1e-09,"be8f69845fd3114f07852e782899408d32460ca43e3e0276d43f79c91f094c10","9bad5f60f29e8fe9ba7c08eec82eed7c9d5e81dd0c710759150249d43b7bb34f","d5d13cfcdcbfd58983a843b9a2faccce84e3a682469208381838ac360523d1b4","0f9c57565ad18441f28b7f510afd7594a8966c1a6e04071019c9205e658530fd","78177ca676173c28edf117066c12c7360856eff068b9f7079f2caf9b0a27b0be","fed4ce5089e917bcf4dc94c0d542540d16b03742542956dd76f2572d76c4a70d","095d8c5f345ebf7f6f556dde469ac7e57fca8e95830f4f895035048365bc797b","f3cd3dda25431ca3979df74a366ccad6551a280f9f90a364f0f4207ced7ba14a","e97df27f7cdd5e8ed97d653ff8409d22fc61a708f6002f6d8eb0a01534e7819b"
102,"CONF07","CONF07_run_order_0p50","4ec4fbb51e924970ad9a43dcea0d3080949295aea652e2390388e67260aa2848","r_serialized_pre_exp_log_matrices_rounded_9_decimals_v3",9,1e-09,"7fab39c977726e61b64a12c5c907fb92db52b6340385f52febbcfba3c2374350","777f498d4756e92a1b69a9d99df1e4277c01613459037efc7f16b44e8806ffa5","fa79f55315cddaa95eeacfb2a34e7a22265019f8a532e1604e49a533d4aa73c2","7ef9d637b5f650eab07ff9d4a36a794ddfbd828fea1d36206ec1b8592b21d01f","7dcfe7520bcaef2644b0597cb3828d342542ba563059309065bad4352a393644","c8dab7b3a0407496992c45295628010d26df3eb6f16b28e7fbc368a85d63dfd1","c2763a1389cded22a0f67035c1c02b8781e7e1d12f1ca9a65be742d00551d3ae","0a4316b4ee26b558b09653bfd30550288e3684576747e151fbbb866dd5ef1901","f8237dc73db9797057ff45880509c4fc75b8aa235ce35f98081bfa98aebaf7a0"
103,"CONF07","CONF07_joint_0p50","a948aeeaf1bda3045a458424511b9adff3ef660a15a7b40b837ab5db55faac6b","r_serialized_pre_exp_log_matrices_rounded_9_decimals_v3",9,1e-09,"f8bf3fd5534e3570e047efa5e0bb0de74b1eb2c3ad8e2aa22934d132f2856608","41aad93e378b26aab19dad6ef06b0c9a4274f0118a213480b3c64c4e3b4051d5","1d0dea1621033d68e79eb152fd4b6495e7bee53737f1b959fba4d03faef135b3","30e376b7fa0c583f9fb7101eff5183abc964f70e4ed678ec03b24438a36922d1","0eec1156b9917a5d1f3cb353331e4921b483b799a8fd79f81ceb4b9b3bd00a76","c1adbe2378f4ddf821901224229850c5656490d351ba1e9fd5e520c8a9e502fb","5a09bb958bccb700dc642ca1e3f2e4b5f0266c90b3648736ac29de50354cc289","5a42490f62851926cd5f65fcbcb9ef4d8919a70b2088208647cd3e8a3ab5f17c","b8f8f2b96d91bfb47b523dd9c4ba3b84bebaa0eb6d0b0c84b616839827631cf1"
104,"CONF07","CONF07_batch_0p75","6e68d45b60e7b055d1adbbc0b0df2ba3d9ebde3aa6d7d8454a27a47cba92955a","r_serialized_pre_exp_log_matrices_rounded_9_decimals_v3",9,1e-09,"76f49933d015d2b70e713888e91eca2eb0aaa0bdf8c96cc532aecae54bea29e2","20166bc5b5bfd7fc808111d6537a7c1f65cc3541d8360f27f1cc8269e2c2b0c8","03e8852eb51573cb0fa6edd52ec1ebd56f82300cf51d0a4f427a2c153a9605d2","41688323b0d73c61021d48850ea72aefff22e19291c04421bc58edc4beb6cff2","0134103df73388c1080ed0c5cd48db409d3b59eb4a81f090948ab0fc7dfc05dd","9a8baeb0c135afd0fa211a45b8e249bfe1d36a08a8a25614c55aad231ee5f67a","7b0b1d49de37ce22fde3586a152b113244acfb0d731a5e52d7350fbc3018660f","44724e8a48283c39b876b6aca85aa9794e988b275dd4907750b04e08cde76dc5","37655374bdd63d9c80cc0b83af4baaac229c17396f25110ecbd06d77e8581f6a"
105,"CONF07","CONF07_run_order_0p75","563dfbe5d15d62ab24396c7e71576a9604047fcd6f1b21fa258260930171c123","r_serialized_pre_exp_log_matrices_rounded_9_decimals_v3",9,1e-09,"fb479c707ab76b27490977c1ada8aee0ddf793673564cc2de2183d401199b94e","da82c2e6723370f94c68873af63dd5f8fedf64b07ebdd3e34846c842b3ad698c","78c650cc347625eddb7a71e76c6a4d712729b57b9af89b672c9c6951699b3a5f","0e19d7eecb2dfe12cd0a10037db67ff6c8b66b10cf0b6168b9eb7090565ef9f1","5fc036d629e9b941d8db814232a5c0f71ec7a7defcc3d110c701f39aeed2442c","f6f63a67a81f1589022665f7032f0f3831eb5bcfe960b0b3a5b5f41e2e041b53","ba5ba21fd03864d0b1a3492da87d372e847ee06d98afa39bcc307857819e58cd","d537df120c478f92f6d2797497dd16d35fe8eca732b1dfd809af99a73cb4a314","d06838cb10bd4e4795a79a58144a177f728f8e0bc4c3ba2e8effeebcd2149358"
106,"CONF07","CONF07_joint_0p75","8058a394e68819d3c255b718ccb647d8dd67b1a1defeb4a94e5be76fdfc6b732","r_serialized_pre_exp_log_matrices_rounded_9_decimals_v3",9,1e-09,"9986dfb7fccac29add0f0ff3908044ed395dc2cbdbca5fcc6bfb7237688777c8","15cb4c6ddfbd29173b3cd3f4b8fa95c01b1605e587d5996b0a0254c3413d04b9","feff067ffddff5545b23e4a21f7b7ff20b7ba9c0f524ec4fad5b5e135370fa44","ab19a4dce3a5b6c41e92d401dbbf4ec47cf8152f515e3654dfd925eb0a190926","67fde78f6644c0ea3b63fdea60f36722b1746ad941e3eb64e8ed56351459826c","1e68e7da86f3c8d783ac49032842e20171a13189e5d461a4b29994622fe9fae8","6677b7cdd32f576a769bd13f19f5cdddefbfe836b2ebf8a85fc393cc86416527","bbffdeeba7608f76bcc399d451cc524667d9aca58c90719dfd0f65c50b12119f","181535c9d0afac1f287cf09560d69a371e0232faceef24ef5b148d62a5799c2d"
107,"CONF07","CONF07_batch_0p90","f4f15c217a023341f151af1a017c717528fe726a65f65682a7594e4841aefc7e","r_serialized_pre_exp_log_matrices_rounded_9_decimals_v3",9,1e-09,"8e9bed96808f27395e2e9fe6e31a380f0213655f89055c2f2304249e9b9abef4","ac3f14a08cd8d891234bbdf9780f2f0b9be23a2071fcdb37eaa8098f71dc3014","b6a8c625d45f9e9b6afd63dee6798c4099793e7182128da6ce822200d3e62ee2","8e03935bf3d5aaa97a83b8b28d7eb31a5c89d8b2d68d62713d1fa4d37c9f64b5","564336ad3ab45c74f9bbe0ad00b237b64d4db2927cbaa0997d805c48a3b9206f","0d37c735a0b81a432a58039c93ce8601ef4547265400ab8551f8368af667dce8","287489538ff3686aa395ee142c79f6f0593cade55c9e3205c3cac83be74c7c45","2d90c22e41ce0644ec15fe75b02f490973786b86dfae0ed0333dc3a1327ed909","b2f1e60d0916cc0c9f87123f4c0201fc1da9cb61a24dfe06565d245ab7cb382f"
108,"CONF07","CONF07_run_order_0p90","d36efbd7f76ffcf1ab685f9ab7bc4e1eaf761197e75530397342e27ae1863681","r_serialized_pre_exp_log_matrices_rounded_9_decimals_v3",9,1e-09,"bdf6f2c98c817d36ac24f28b472267e3aad32e95ef8d38cab8925a1f5e7777df","73a809b38fa1610aabfa71b0c0abd8e2b1b490f8b1f1acf97eeaed67a74afff0","13bc97123f22a6a7afd5926874a950c081f07f67204cd8c200a228bac8d0465e","256b97aa8cc84eb615f63c4976dc94f2fcdcf7003d8b8b3b1daf4efb9b78d644","ddb2792654e810170ddccb5b0fb083f099c17bae4facd832c7aea8a70151e2bb","d2918b9fb49fed4664bfe8f2bf511a613cd4849dfb0e53c309b26e5465b3c6d7","34a8c1979e6eda8d775db8da1cfb1c08f412d580510bd4dd5aaef4d0daf2271b","06f41a3d76f83e391506aefb4d7acc3140138b2d68dbe79833d245242db53d1b","646d685c5502de6c85c0e9e5efd2a44e254ffb24adcf190d1fc9ef5b9646cb7e"
109,"CONF07","CONF07_joint_0p90","a8f694d748e924cb67b6903b54ec6fdb159733a68b10e2f627677393d1be7cca","r_serialized_pre_exp_log_matrices_rounded_9_decimals_v3",9,1e-09,"e297a8833a75d43b1e36e5f64cdd4c3e46741a54c709c86f7872607d4e4f51d3","df186f30d4f9903ad4d51b0d9e5431ae2907293224225568785996c2af39c479","6de6af9115a22173cad62dffa9524153203f5b134d211dc6bfb4e4063306d47e","b6464e8da3e6f6720b023388e0d950a8d918c0f61778e3ae99f2cd97bfdcdf0f","5b47fc2efae7de72066579a2a14cb19047b6b2a8f8737b8994b89e23b7ba975b","ef3bc6f8b11bd73bbae445ef93b2a487c1b971b75f575f3e61d7ea4f9e75d588","77ea496bca97cae755d87a93f8d68ab76d32b2afd8126b10ecf49d0c87b96df6","c50f806f7e3bbbea18b083c017d0159142e483087a07a8e1897cd10f1edd3375","908525998bdccb6645f38b95c120be6788ee3b379682be8a858502c52073145d"
110,"CONF07","CONF07_batch_1p00","a9e1a30a40163dfc33641bd800276bc2a30222373800ec14748a118aa8113bc4","r_serialized_pre_exp_log_matrices_rounded_9_decimals_v3",9,1e-09,"4a58189216766ffa7651915a3e764b27b2da9a5d1d89caa536688e1beb50b17b","7dfa9d42b29b05667931a73638e5c1a7efe8765a0d73806f56999463b875acd1","aa6f76b31dccf4d07c1a4b7148d64699fe10a861c3cec45da633c95b16194dbb","f9372913ebd70248e8a402d417aed2da8a7c7169a92cf343a5ec028040e7de3e","5c21fcf272199f9f74565110c3b9a85b73043949b334ac4ffb2a24b770ead2bd","c5ea467cafa037f957fef3fc1618dfd24079d92408a11fdcc55528efb0d73316","22ce3e2f323036ff4c966f68d1e3a4cc44ddd12a84bdb4625dd92f487012c278","805b398d21fa77bc7692e498a3e1d0d3c32db81ad489ec2d81a7316748c3c1c5","8ef144777874d495f6aed82ef1f646608d0c66a1c9bbe014256ed9ae9b4a6440"
111,"CONF07","CONF07_run_order_1p00","f2a3cf11dccf9e2605e14e5838050a870b812f9c8faf3873c8416ab86fca662b","r_serialized_pre_exp_log_matrices_rounded_9_decimals_v3",9,1e-09,"2d1f2869bc8c49b8cd42e0c8b18366dd450dff5ae56aee939def7cb60dd65f5b","cb4f4f72858a119c8e32fef3afeeed7c99a548431fc7f8fc98a6080e8f6fb8b2","3ac873bb9a56fc320c98d3ce6218f07da959c5f3c1d73decc7bd5e09ebba099d","f1c3d15b2122be4f9c46731e981349c06492404ed25a23e4657f6e199a17e1e8","4b04bdf83b7ec8ea9cad030842b1920eff1e7b0aa7da588ba2f5c9f8e78489d7","02dadfb412b539f7183eface02370f9325b966855e1c649f327f54d57ea81a48","ac40e6e387943e700d6bd39bbe148ad5fa82902a3f904a6983224b1e31bbbddb","06c3906090eac1f7d065a5372594044d17d511cd35dd96266fdbaf18a7f57c02","190d0aa3dc1b4621c753fe4e13e37eaddd065d6df95cac08225dbcfec70e9ccd"
112,"CONF07","CONF07_joint_1p00","d1b7811bcf79dd4425d32807c35679448f8a214bf61099b397187c6e2d98fccf","r_serialized_pre_exp_log_matrices_rounded_9_decimals_v3",9,1e-09,"490c2db6e1e7751cd7a93d27cd320fcf61407aeeb1211a28c4fe4223a317a082","d3e2856e07495628e05456507f0fd463f367b93f46c433940ac190d6c0161567","d0996f785b48660df2e37e6dd7fff3b98faa0c565cf76628e423a10bbaf7444c","be345d7abd1f13ba818779457fe8d41ca0e136a655bef5c98a81042e88141b77","a95f9343bdd60be121964a1db85612b2c9ccca00e670fe1a8f72da815644002f","52ebc6ac7cf48498caf5d86c61172f0a3e5ec1836cc891d32ec9788fa8692f84","834d93fddf83375c4f6ee948133b69b0a9abd68dc2016c14306c54fd2ef89617","ee70d96c6a8b53e28612477e28cab72a50dc7864192a5b1dea9569b8295ea577","c023f169c59886e7e5228484f017c7713f178018e6fb1a041563b5df5ccbcb1a"
113,"CONF08","CONF08_none_0p00","79bd216cca64c270d7a916cc310af386c25daa934fb897e37a94f5742eb699ab","r_serialized_pre_exp_log_matrices_rounded_9_decimals_v3",9,1e-09,"84ed9d81b84997861cc0bfce630aa15363f66069f6146d06cb8b07153cd77561","cd33efb3cc6119ed41a7b7773e5e8bced4b7e1c7faf6340be32e38fd75e748c8","10e73170d5de2345ea43b2a2be3abb084284448ddf5dfdefb606e6011e26b186","6f50c39f13481436a66490e60b8e108a8c94ef3d2497aa9b80294f1e8e4924c6","129e0426d010219a624f92530341e99e20c7755e405881cbed9c605ed2ef34db","07a3917523bf93828c184d7d7125a035afce579582fdd616424fcbd38ce11b95","0b295db58419c41f67c6813dc83b01e43519d0a8819fa22c623d8ac5ec073c75","97552ca6a9f04e02e22d2b6004de3c8ca5ffd5928a9ce8133abaff7f22f46e4b","771d2c51678f1268174eb29fa20868ca818dbebd19a3dba00ef94599ffba9bf5"
114,"CONF08","CONF08_batch_0p25","71fecb7ec43951dd90c2162a2e5e79209d0aea5a230166788acabbc077b8ee32","r_serialized_pre_exp_log_matrices_rounded_9_decimals_v3",9,1e-09,"a3033092b55f74bf09e580fbae89b722a25f55bc8f5c93ddabc672896328cf7a","a402532874059ac5ffdb933dbc28798dd8809fd7303fec8e186a5876aab9d848","20489977a00869999cd7ba3980d665a053105aed7913d57756f240cd20ad8ad1","f6a6494c312d00e97d2e47fa40a769117d2798125fdf4fd2197db5755030b184","dec742c4981bed19b319ceca4698a33f0a1ad77c190793e8470b07fe83d40c2f","aa2dce72957febceb9f211acce9f2b3ee727989e6ebe33afe05e0e999bafb0ae","73388d8d6ff51297e005695269c589df5cb541f3f476a9e9f45dd458bd17d557","6f393333adaaf6fa3da83d10f4caf7988f173253c972885ba1646ed95f6916e5","5c418d96c02869dbe9b1c3fb5f3fab8f0fb4d0d96a9f43963541b778091bded3"
115,"CONF08","CONF08_run_order_0p25","b2e7b8673972cf160e21775ce4e95a6cfc4267ad7bb4612b3ff01fdee6f5f336","r_serialized_pre_exp_log_matrices_rounded_9_decimals_v3",9,1e-09,"9791508d0e49ae468d2cebd52121a20f0e91685aee9ded99160e1ea96675fdd7","2d40d7ca09157815963a72b3174f1dd12c35ac206d49626f9e4c2b62610181e3","2f6c06c49941f1ca725b6a63ea2039e7d2b4ab4d3329f0858781219038a0105e","d695d24152cce33011027c8ee1662a83c8518c48cfe8beaa9a5785e0edc84ed9","b651b1eaa206422ce81f109ecf7299fc328049b642e004ac783a626ca40c88df","cd0ca17fd40346168ba4991549488f68cc8680c87370c4c51ec570873e4bff22","98f96e38cba0dd8809dd80e9194ac8845976c0bf9fb3486504c4bfa16b4ae0a2","d21eb749e37378f58932bf3539e641472979361aa8de71580b210c07b821c239","f8ad3f53aff977abb876a8ab6abfdfad608f86335ea804408edaa37c938a58c9"
116,"CONF08","CONF08_joint_0p25","c1e3a7304c207d78d7c02daaf8e4b732afeaecd0982b49b1fbec1177b2a9ab0a","r_serialized_pre_exp_log_matrices_rounded_9_decimals_v3",9,1e-09,"f74af4f1cab73d9468384c4d41c177270b89f3addf8996328b5d30b999f2a063","0af1a1f85ec5b83fcb35952fadad46f6e4d5e274bdbc61fb4383716b03bdde87","1a19477e8828f7e504aa7a97b5c18132a2e0679e592c2b78974af08c47f5056e","aae21a102a8031c25e21c3ea41cd0696124b009fba329694d553d09a5e16558a","a15faa5a3855c12e3bdd8c24ff19e0257e95e34fe639bf77479d58e8e5d50202","be9e6882309550cf67a59ef06644cbc80d8e6441ed56a73073730996d3407d17","fd3aca559f13f45e5147344de542d92ddfbbf817fb655c6917a787e9119d6087","c5bbc6473d110d69373283539c788ab79bd289cc557ecd0e380adf73215f27d9","9bfa999b97e9a86b604f83b334ac5fc488828531846e0383bae45148e63520eb"
117,"CONF08","CONF08_batch_0p50","5005bf536656c683fef49acd46d0342895c7d10669e1bee5302db5f98483e484","r_serialized_pre_exp_log_matrices_rounded_9_decimals_v3",9,1e-09,"9649ba83cfc68889581f72a622aacb181c43df51425337da394184a08c5916d9","ea4bba1b0a062dab53b5a0271dd7210573b43d4a21d8d064eb3a17cd8a3a9c81","058fd351d3443a4ba48b276819d45a0abddc56ad28157f836e72daf3b2bf99ec","6c54826e720829aeb90c2c73e1d124ef9be46aca8b47cbed6f7ceda9ac7da974","62b5a6e7553fd0d2719d0c530eadad5b25ee7a60575d713cdd504f517ee101f2","8a556961799ddad70c06ba6557ae28f9bb61df865604ad06b0983ac76a362354","c492e9ef2356700e10db6a221155266baa017006c6123be91b342c77f34e4a71","c423550954c9a7299293c84a8d9dec0e32a294b30b69c5d39014774152f1e6e7","59d1319471ba1bc2412f471b30f01da53257eb19077f8ddb24cdc9297719461c"
118,"CONF08","CONF08_run_order_0p50","b368bd28beabd5f7f661246f91ee37966f992289b39f22aebb38e354004d728e","r_serialized_pre_exp_log_matrices_rounded_9_decimals_v3",9,1e-09,"852a8dc8f4b1ba7b372c5193d477efc9c37cdd64f35b3629229dcb4639d02e25","dccd07d378171fbf4a4858d26821a4e747e84dea11519be6a890c03f53e5ef7f","be8dde40c661d390516226a3d2050e348a2576edcef4bc7cc62175e128770c66","a47559b55b88015835f05858e596f5de99220b8979ade6e9dba3a9ece190c2c2","9ff790c9ef0885f2ce866d78531b68a8bcc5b311931246bd2d66cea6d68dac11","6d4148c8b6865199ce848bb17aa4f35de58e7f0ce8cf0cab3b9934aa213557ca","9df2cb6c18df9dd735b535adbcc2648e7916b44a09c0f13a7997a12259fa6d4e","fa9212e8ef033677829d51035663ee62574c786290ff2732e30648e4f8a643a1","6d4b3c52cc34134b9e9a352b11bc0c493415d1d4017b820c48cc84266c9a202e"
119,"CONF08","CONF08_joint_0p50","2e0a166a21d882b4ff718394f881734c52fb5385c23ca672c8da3c7077bb6780","r_serialized_pre_exp_log_matrices_rounded_9_decimals_v3",9,1e-09,"1b1fbd16626e2ba7c9e8a9f6e32d71525f0054f6147fd0a3eff3589d7ca88f29","dba73acefacbb2777f63653717c5cb0059553200e84ade0f123625d5fada31b3","0477ba799a773b9c086fff8f74ee240af4eaca1d393547c90a5a0459265b4055","98033ba51a655242387e7e096ed336690fa0bbf418d42549e7d69422ed3e3dd8","12a77324a98d494de133b3df42702ba551fe44704f34333f0a3db656fdcd419a","0eaf9c1133aa218895b2cd97d1bf6dd4170af9e95ad199f3a42b3948f7a32a24","8835d519d75b52b10c3b1c8609172303006b4b0552c3dd3d0d8da3e6b7d66a2b","8c801ef1517772c8652b2e1706f23002fa76ccf3c7f07091cd1790621325f537","cae6e2f1a875bdb975a29ee46af84448c7dbffd33bc8c289896c4f0b8a85982e"
120,"CONF08","CONF08_batch_0p75","5b5467230cac011282dfc8df6b86902ae1470b187a9dfcca9dc96bedf481a8ec","r_serialized_pre_exp_log_matrices_rounded_9_decimals_v3",9,1e-09,"1a4ee090185099d24012c2796720ae9d79d11aba53301574425c1a3c4d2d3b10","0070bbd6f8eb2614e1dab7824074170dae4a60dc2d4bcb7b42c1e284b64fdbf7","385f76dfd68a722f66194ec9937cdb6dfbefc524b059de813ffd2b40439df7ff","21a19ffa0ec7830e0f34ef3aae44d070d817a06ec1eef880c4cf89c688646128","2e71c4aeb0d9817e9029e8ce80e133e668f56ad9890dd7143983bf0dd89d5225","122c97718e3f531a4ba43f38f0bf270647ae7d195b5ecaf8a713cb6a418ee71a","6f4916a2a8552615572de4d726bfa9edb43eda504e2094564fb024cffa48a5c2","d109a310d84fb171778f62d86d0502d86105263f4eb2570b9a7adad39abafcc0","b6593070186b8c432891e839030006ee54df0b087b6872f8b5be5f3f10e9d534"
121,"CONF08","CONF08_run_order_0p75","b96b146fc9fc9882ff506c3507084647b7511ea50002a1a00e1d674900b99860","r_serialized_pre_exp_log_matrices_rounded_9_decimals_v3",9,1e-09,"82e89ee75e59e712ca629d85f8ceb49f4a3b97e38fbe6628182eeaa9bd3e7636","a9041903af5ab560c7f254ab1c3d724c0babec4506182ee1076a86dfc0332973","be93037a88a19a74ac6b341df685361afb01dbffd01f9bac53b1f2a0ad3f3f2e","83b178acaaf17d64d3dc76c6278863aabd0074768ef011a67918a29581e4ac5a","4c45c7453e46238ad5b2dd067cc7910a66fef0007799f1ec30cceb9b4e3246bf","163584285e5637fd868b572bf0f192548d7ed3c292ad39949eaa829656680be4","1b4e039cf9244a51800a3ea9f27cd0e4cdcdb0d6d03512fccc32411c7cd74d06","387b8cca4b94038cd354d7b8b68b81da3a6de6dec59a4c24e90cad8af5f029de","ea239bad43909f32ed0ed8db11df404fe7285ef5cda73f492b57e80f90d00f7e"
122,"CONF08","CONF08_joint_0p75","2ae7494b9fd240b40e48b61f7858da53984b09882a021dc4e7f6a73c3a6923c3","r_serialized_pre_exp_log_matrices_rounded_9_decimals_v3",9,1e-09,"55ee503a56983cdb28f1328fe13ca3be12aa1e6ce93baf80ef4441a114c3e4e5","9174bf57fa2462a5eaab8f6f26877929e06cc4f75988b38ea98d1208f8cb5d22","91870193bdb0bdf85cdb6185a7df4d99cffa0cf03b9d0d6aaadba1bb292ac466","edf4eaeeb6a983d5207d34bd221a8979ff6b675aa699e87c0f3d83a3ac7fdb77","4669c6feb53d22ce55a33f365d1c208093c70956804cc580934de43471dfd440","2b2d0ae060302c345d0302f7028ffddee44595368390494972f7684967812f67","a26fa1e5b61608ff94106da4795d00927f0623f792b3b1f9fb774ac75c5c87f0","37e98a3f9c7cdf04dcb718320cd16bdb72c53c944233be229a4a877c1e56d91f","234608855a02445ad7052c97db369c9f9b407c9c307e60eda2188b7f37c6c2e5"
123,"CONF08","CONF08_batch_0p90","e8bfc26585e89162d4af4d8425413a02acc35cb170aece8d7f173a7e3bf6053e","r_serialized_pre_exp_log_matrices_rounded_9_decimals_v3",9,1e-09,"837c84ca69bd5a7964971e7003d52adaad05c96ca779f177500dc48f45da1432","ea541d86b9f6924c005bccbad2a7275410520151aafa2a63e176009f035bc128","e2624d525515622578e8fa20080825ae7bfce3bb36cea1b96221005c0314e9a1","ae81104c3d3215348d10751d7c4c39bcb377ad1c28f4593210aa505b45b94185","8eca2e5a4181cf716bfa04ca46ab27b640e0606c23e26c49c6f90caf365f7c7f","c92ce595de5f8db59c0839d7784b76d22944325388a9c8449be595f514a26218","3c5487a074f9f9181da19f587b25f444924a388cac9b6c0a8d7887877f77e910","2e34989676a72bef129a6178b08060767a17d4e1722f8cb19f846ef45ac40fae","7b8a8d8ebc33e7a5aac2938eae7823b35e557eeca8322c448ec0d4a7b46f6823"
124,"CONF08","CONF08_run_order_0p90","2c45aabdc74dea617f7ebab59ced7393291fc4f1a463c72549a771a1081d3016","r_serialized_pre_exp_log_matrices_rounded_9_decimals_v3",9,1e-09,"210eb0b4c20f8480298a899ad8208efd1a1ca37ff9faefa023124b96e6b852ed","b52c2324c79fd5dfac65b9e9c77193d3bbfb825d589ca6e6ce17b65a55002193","97f06eb1d40a96a1ed348ec18c5e8b76530f8b71a3128f14ec587cd167b82ee4","0470d721f8c8c1fe83f94311ffd26772ef9131c58099cc6abdc17c7f851a1ce0","4837974de7fa55209a09fa1a35411e314128275606b16ec66b70d18fc71600d9","2507357268f8e7f33a35c56c80665bfa930754aa1b49b6ff0c2539987bc8c687","4c121d219eba37355524d95de53c9a8a31830158a944d4710e0fa80aea9e4860","e990f0b43e73401016b29cdc9f01e8c6ca3aa849786f424276ce2618d0e038b4","2495c5eee6248008fd978aa4725befd0f65920dfa83ac0e6659f87f55245586b"
125,"CONF08","CONF08_joint_0p90","b7b73512b618bf7edfff018a0fd695e7010443db20c86af67db973003720c8d0","r_serialized_pre_exp_log_matrices_rounded_9_decimals_v3",9,1e-09,"2f20309b0f8140877965ed2ead7187d19156ea5e40c49e87d3bba33d99d6be30","086830abc50b7b7cc5baaddc6a94fa666c6992b8e635319f99d6b24dbbef4ea8","8c63046028bddae4f4b9d03f3a95267ba6831617b3970a644fc1213e2a1cc46e","9c1a011bc444d8405dacc8d040b7834316d84cceb472310ea09bc845d7e31f99","e21fd3aa6755137ddd31b2bde00ff500df8de2fa35b04b769618778d13e60e85","923b28ec7b2d553f511e9d57c617429f68707ef91896ff21c70d19f576a6389f","5560ac3fb6d85bfae6d85fd00f618d405a36ab44eed780d70dad1d818ce8d4eb","5e9d7dd7c5e4490e3c5d5f0a5bb80aaa92bede0d866b350008a76d8eae903ee9","9e5fcc1559496365d952d4c9655fac9404161e4dba914c59677dc417ef46cc2d"
126,"CONF08","CONF08_batch_1p00","a64c3a1d0197ba11d16cfc07efa4552adeac96b3a1c2045ff192975ae8ceb7b3","r_serialized_pre_exp_log_matrices_rounded_9_decimals_v3",9,1e-09,"b6775e58ad95f412201991c4bc9ac4ba51bab16db015193ba68760152d52f592","2ed516aceef7148f89fff6e313e2e3793e217af2ed490261c8fdfbe0e3be0f7b","e8926954f697382cdbe63d03e726316208ca06ff84f121b931d87eb20d942166","202ef7156b12a5bfbf9ebd5406656c0acc7f7dbea97ed116f3fbbb53131e4fed","81a888c026b80b43fbcf427fdcdd98cb61d7b22f58c050a087e8de98851674cd","939a6b98992b33124fdb1b4019bbe4ce3ac4498f1c912353bf455022727ef33a","a6f25900c3d5d357428fec8778e414899b277d0e3c46d31e4605cd34561fb2c8","f6619d4b0c97343adc9d410ac28770761a0beb7f86abc8c58ba22bde3e1bf696","a2fe1643a70a1584c0b18c4921f7ab4a1244149c218b9340cd857360fa08e550"
127,"CONF08","CONF08_run_order_1p00","b46f469ff2fb775b4640548d7a8b43a97a465e09f11b53875d58aeb09b52fb72","r_serialized_pre_exp_log_matrices_rounded_9_decimals_v3",9,1e-09,"df7a139f21c076fdaeee04495f99d688ba746a5c6e42abbad71614251d730e63","f4f9f2892bebf9ce4b857b6e8e43e63beaff5e6156435fd52dddf64bef630759","1c2d4aa22afc89c7a89570c1baa8fed851aec1e4190f16f707c76860fc7bb299","398bd63519566026bc396b196bc6a5c5549c94edcc229267ef796c4ead5fda4f","c69a423a1c5f29ac6c37be405a102ed6a0adfac2ccb7766c968d90b825f17d50","d9a40f5f78f0cb884191dd348c5e9d514b99f51fc29d831c2ee6ddc6e5bb4e44","0164638564a16d8f4f94ccce653bd0f04c0f4b87f7e664f39bd213b10ac6fb95","ee3a40fd73dbe72e6a7fb4ea9323bb58810b47b1697220452aa2a513eb90e0c1","c02524261bf0db020486232fb26f9a961454dc5aa1e71754208c587497a801e9"
128,"CONF08","CONF08_joint_1p00","9d47cf55c0cddfb0f2cf6c1102886e1b160154ab5c0d4e6de9923c85538055d5","r_serialized_pre_exp_log_matrices_rounded_9_decimals_v3",9,1e-09,"f8826a84994eb8be7660fa5e589ea1232f78972d3f01e8e862111384ce470dd0","441fd71d5de9287be8035aaf69abc58215ba514c483b23e499e33b37711d683d","cb0e0ee467e72a8121a650fb81012d376bfaad2b0960f3685db615af70273521","a22891a64858cc00a2c7818d25079201a1c8b1f26ae1db1cfee0a3968fa596d2","1a8a19b3227bc44308e9a75ae0f654000860cb9013624b6178e75ab699cd3e2d","14901b3e6e3626c523718d827742a698434c75258863e37573c277871b6a5189","69ae9f997f9fdf142e784a6c21622d6d0b6c455b078fbf869a015d8122e89682","2716706488d12a51de07303b34b8ff56cd946e75f24781e58ff21a2a228d8392","6acef4eb414516b866a62eaf62ded2e2ad1ec0c5b3879e5566ae63dc630a57bd"
129,"CONF09","CONF09_none_0p00","2f5a250aa9cf4613ec7bc04d6dff9b0d333c584b5842a41df26c5ad24329c915","r_serialized_pre_exp_log_matrices_rounded_9_decimals_v3",9,1e-09,"2ab2cb43224d9bc9f8d5b7ed6cae8d30666556af5acdca7bbed63d58af0efe6e","706ee26412b9b4f066b8371d7ea67573764f973a870dcb46372fa69a3acdc6b4","c7e987082e3db66a2e00ad03e0a6726c5cf6bc3239954a71ca9dbe9096fa0bc3","25a08dfbfa077ec8f2f3099885c9bc4ce1f009b0f1f114f12733c8261c94d428","dc684b75c5929d1a07345c0c39aa0804cd0b1747308d8a7b9fd8e0ee50c81379","fb5580b628397d850291e750acdbacdae9621191d83a950cf42688a77855c0c0","d7c53aaf010dd05f694bf47f9c92f7497a8f96cf393b80103abf38e87ef7b6ff","41d73a213356a1f16bd2e03bd351b542edef552f8a6145ead9c5ec81b9e18996","393eeceb7075c52f11fca540f7e999968b7c1523b849d3cf435958e8f9764123"
130,"CONF09","CONF09_batch_0p25","1807b713068745f27f32b65747ebe60ef83762e2841e0b1dbe1be4e19ed09419","r_serialized_pre_exp_log_matrices_rounded_9_decimals_v3",9,1e-09,"d383b7021a2fae15e11038651e45555eadc7440e545699a4e59abee2eb252b79","5c078dc6aa3e83510b4c7472dd00e602a907c9b2fb66434943e3599b459a48a3","75266ef75bd8c1e3d6f386845ba01c3210c8f80c6619946d6efab271934eb3af","9908d55482ddf2aedc7d2bbcd305b4fe7dcf3143e739cc23a01d62c8aab47fa7","fff32c28c333a3f3b696ea91434089ebadf527aa846d7dcaa11fb30a0e0a7d27","bb250cdbcb2040fbd91259623937843b62ef1044e26facb5e9e5ee1da38ef086","fe48fd07915ed8a6ef67ec41d266003ca2e3fd4a42e285d30a9dc344431a3b5f","0b3275d883aa56618c737c6feedfb75d1878cd93f209f7cb760ea8b718d9ebb4","9234da9ec56fc12594d3949fba01db5314f1a2938edb05eec1f9ee207dfaeb39"
131,"CONF09","CONF09_run_order_0p25","2ab40f61add1c51f4d745a9fec3e79b703fb6b551439264d20eb28c3eca8ca47","r_serialized_pre_exp_log_matrices_rounded_9_decimals_v3",9,1e-09,"875967ab84d80a5e0e988c209eda63307dbb8b037a6eae255cb3ff74dfc94e0d","6213de7aa38c4f159c47426c6f824d22cafb22b6a01eca0f501edc13b2b64d79","4b823a46cefb1099308101f7a78ce8c03461409c0aa1c526f80d02d188e87655","66532321ef02f89b4db40584b61eae7a0a381b7786b781e627a99148d7d5c0d0","9a99d3567104188147053acf0c8a7d3685ebe16b527cb3abcf2b6b107a4ced87","8322e83be447a83cd86da0e824bf1ff4c483c709297d194bbbe876043174abba","68b02806ec0506efab2614525c8576ec65347ebe263ae61c8750512197064997","c30de12a88abaa9e577f9246a48c796bbf958969ef06b5501b1feefd1149269a","b84f5f658408fc2f6bcd1b2f4f180b9c8d7c7ee388ef70583110e6245b8ef355"
132,"CONF09","CONF09_joint_0p25","5283179199f22c4bdf5e81f20dce69ebd3422b091cd921aaccce0e096f22240a","r_serialized_pre_exp_log_matrices_rounded_9_decimals_v3",9,1e-09,"17f6bdce49bf3eb359ccaefd6e7652444cd6dd86a7679ea119129f9ea038a878","1ce942837f1ab044ac013dbdd69a05a90e71726c4b66d8ef7eaf5a1a473bcd3c","d6020a7808bc0a11e4757f6e959ef1784326b50f742f6438bd7a418d2db8ed52","1a5c3ad9e2e2000237ca165fe703df67c18595f9f9fb59296449b1333408cc51","9d6fd205d7e75df3ef2991264684bd1d790877ab6536df566e0118c24d737ade","2539b9781718f1a3d1d2372723f9fb285eab764b398a41b9534c19354b4afed7","b8ac4d5c67abcc060c5f3e4a3ff200e268ea9369746b4336412c84033bb5e7ad","2f737204b2f8965a6acd23a5babf91bab38ea9179b905c2c3d0ac1f277dbf2c8","230060cdf7b3091151a1e8509bb263c0726a4db0e32dc62530baadf273aa6ec3"
133,"CONF09","CONF09_batch_0p50","915ed3407530e191eae23cdfb048852811a2a0d25de8b0e0d6582a9f9014a196","r_serialized_pre_exp_log_matrices_rounded_9_decimals_v3",9,1e-09,"69b20e081738795b7606afc6251b43f913961eeeb075e8c3e3e942d99ffe456c","54002c4849d7288cf9dffc8d3176ea1e5a29f49ea8d84b2c06edf86e2cff1114","02e2578fddf9655d5fdebc81131040bb870b2596791d86256f80feec222bddc7","b4b86a3d58f9ee52c7165f724e011c8ca3b70eb9730db8bd6e6705faf2823782","68017a06b58b5f6f8fb72eb9ca30b60e1c1dd821350668f070a2f8e6e815ed61","8be7efdcee2e413ff0fd71d91fb0454acf6a23fc17266ef0c580cf4183de4b8b","fd090a87f58a503e6057385765bea5e94dbafcf43937b1b58b8113685b5e5d6c","82a3f82c93ebb5135324f731cf40f07198e18c44bcc594cd428924a410224a8d","1e5a7146e75d696090c86a916e8f6160460813bd2bbca1861087c8257005415d"
134,"CONF09","CONF09_run_order_0p50","f87d0200a22e93ec80422c48da7c957f575b5fc0792926c440412967889e0382","r_serialized_pre_exp_log_matrices_rounded_9_decimals_v3",9,1e-09,"83f68c5ca45ab95b5a22439b225d7c2e27564dff3ab4d851bf060ae46791e281","de6a9718bb93abb86d396af32d4cf99152b97d69ad6e1ab42ece7234cab9dbcd","cc45702ffcbc5b21fba4b35e6471f32dab72edd09d4bf612950716ba71278c5c","225f72d3c6d8c73e97e6393c6390be59c196b7b6e2cf8b418c1c774fa7f75ed0","dfeee8b087b7e030d9aeecd23fcacfdda45545325ebe52162cabb233f539a89d","23dcb96415cc2e99761905e76ac4272470b4f1ec319a5b281f7e39b7a37db007","3bfcda0f11c1f77d9f7ae54ed6aabe04dcc6d2db04581c6aac44d937b125b969","6f686c36266363ab803c718f7568be5d4e415d1ea579563b6294504592b63248","556c25064c533bbea495eb4683ae136006cb359e3158ce640140da39bc245c98"
135,"CONF09","CONF09_joint_0p50","3f26d06833e5d8a59146c5726cb80a7361e3908bf0c718cfedfe4964e6684a42","r_serialized_pre_exp_log_matrices_rounded_9_decimals_v3",9,1e-09,"8b4253ec960bdb850caaeb59b5016ac8811bc64a40e3bb70f76c7411fbf237ce","687558ea0ff7f20fae2c830cd810af3dc28508a9636f052fdfb7ad4ee32df7fb","59f973d456a56fb42c1f1a3aa8fea2c3719aa7262fa27c1fec316b8ed03ced99","7fd2638ba37c8fcdaa51eb988e732928f43daef56a404713368dd24f49a0ad9e","260a3ad15366c77d07a4593d64fa2f6484766ba6758fa8dcf9686a1df65dd64f","33bcbf26ecaf49cd7c1884657acb67fa08b97551c28775caf41db3a3bc02fd99","90298e9bc36ac827c701359c8e70b057fbcecee598b561b4eadd6157bf1007dd","4fa6b201303b84e5666e80cc0827fc5af9340b0c28c96cc65a75f53850768abf","92758248381472435ce098c511487ed9824a5a8c58dd0a58ff598d3034d11910"
136,"CONF09","CONF09_batch_0p75","06b791f6db933659471201b2fa1ce51aeb4586bdb606e9088e2efb73478d21d0","r_serialized_pre_exp_log_matrices_rounded_9_decimals_v3",9,1e-09,"ed73ca43a4cf4283aa0c1d1b0e2489f5d73585b9ca04cfceaf6e0bb274e4f18f","adab2e790876d149ecc3fa7b8f8b530b15d1e4a58e6976f3bfcb5d80eacde001","8eaeb92bf38c8c7764918f25c3c50dbe20518e08f8426eac40255f644a1b5b8a","d9ab1a1e624c9f444db14aa14d579fdc5e30deae58ddcca78dd927560188b7ac","b29528e3adc702a186287afd3d98affe179d4c9949828c0e10eaa604d4ba3133","806a533b9583116d5f2e137b11d89214475120e155e0c652f40275f328dbb399","1aad94a6d140961e4af291476140f976636ba529312960fda279e0eab72f1c87","777c1f23690cb276ccb5ee05913f55e58a1b5452ee0fc76f044cc53bec4dd41c","d202424e99ce0d04d108d08d50709f8bced0cba14990d6d4774f91f5ec0ebb74"
137,"CONF09","CONF09_run_order_0p75","6d2814e71e8f450a1bf16e67e3112a532d2eb8057e229398d8490856b393fb69","r_serialized_pre_exp_log_matrices_rounded_9_decimals_v3",9,1e-09,"38fefae0f782bbdd9a4e7ac42dde5d75c758bb5f22341299f0980b670e7ed641","f1a9c28fb3a9c7355a2ff1cd187085c8aabfda5c63ebaf16ba02e0b9561e65dd","c1c63efe5022022da0cafc30d7ad5efd351769ed7818687d699d2a4957fe6339","2e4d484118715976544af991000ba5a51cfd95ef67e46214847b5972b9a6967a","987dabe921212002d99400b2d373448662320fad03d8e5194f16fa4ad86ae668","31bb05640b49a6988d356b0333d1912db9a10ccf57b24b36b94456804a56d8ec","d1f965382805e6d83ec0050ce5b8162f07896c8ab5fb68b7308457cf0da63406","506897d2914dc7d8bae1fdc4983c3a56e6767d3757249dcbec7802375aec2ec1","edb6c7cc32f0f049de9b17d117cf7bbc42457b54222a0180555e54395ac106ce"
138,"CONF09","CONF09_joint_0p75","afc14cc258ad72f85785362a504f4c40888001d595d0539eae4c89af6eb77d7f","r_serialized_pre_exp_log_matrices_rounded_9_decimals_v3",9,1e-09,"b91e507f684d71ff4fc0a5a3b8bb490ce490f868580d835aae3eba0225b00ef2","f8a949098585235b7c2d5c638f849474a6e4088e0748958faf71b470cce0b42f","178e26c52452994d382b6f672e6e200e17b8bf6eb84f805b33ae84eab06df029","1c10205940c89c3ac91059271ba26d745157c6981fa2ea6e81b8b283c85524c5","7b8f26006df288af39a210741495712646bd6806af7942ebb8286e315d1ff5e0","3be862834befed5c5862de9e157428531675ba5b5e4c204f661c6036948f70c1","61199547144eacea113c73d029c095ff6cde9865a5b97fedf6babd74ecd4c22a","7e2924b04c32f0e82070dcf4534243b84969545805f613721e80db5c7fde85a9","70c1986180d0ffcef4d07451fb1bb20717b4b6ec2ef28d1be96e1e68e871485a"
139,"CONF09","CONF09_batch_0p90","fde231381a6690925bca310f67cbf507595d0dfdcdb301654dbbd252c62eed9c","r_serialized_pre_exp_log_matrices_rounded_9_decimals_v3",9,1e-09,"37d92403c6ca1ebbbcb8358dc9999ade9daaf8aace1c4930dba3b7ea538ddb22","c21e1aaa6159d0a29b35e875a73ae1b0b6a0856da38c68c164d58c331c7b5e71","73153f40779fe676d61ec2c45619944c4182b541576513e4558a82f99d283418","05cb2d2151dfed0be1522615ec02dbb18ee13c36a83d643e1dbbb05e6e88d70b","5f89e69871bc5ff6ef570ed0d5bdb6aa4fa95fe281906c43316e3c872021aa65","939652a4c9d20e8c6057ab7cd1cd28d15e24a93f5fb13b8b8cf70bd2c4a86d7b","b45e155a22da6055adf2d81003f2c516cbbd92f62c65bfb44849b1d8f01f3a85","b5a655b3156c639aba9a2a6d9d9e90669a87483306a0fd1dd28ac96ebfbee3cc","7c0867da798f8b8f0a29594ff31da28d1d505e0ec2d152e701f09d6b9f42e5e2"
140,"CONF09","CONF09_run_order_0p90","edfafaa504c2b3a63ce363b72c8e19b42ece85944121c82544a32802e53e9a2a","r_serialized_pre_exp_log_matrices_rounded_9_decimals_v3",9,1e-09,"7bfe850d87b826050e3a9a29ceec05953505404a731e94474bbde38476c4cdf8","6a689a64002b7aafe1d90e3de02dc956218f29d85c781b06908d97dfba95b661","f0bba00c0d90fad7d60426e54b31314e92730381603b7785de1966fe646c6e3e","5299c3bc789ee737fb286bd78a668cd6da19ca062cd9fc198f361c5a85119baf","0a14f7c6cf2a854a0022cbb52a53bfb77461d547e619506251c65c461ca7f8c4","254a765489a1ba9f6de7ad91878333bc29ed9aea0566ccc3d9b3651cbfb8a492","58f5bc6b1f981a9dd1bfe853acfe6b4f55963f9ae142738afcd78a4073ea7671","12bdfa1bd6434d568ef051a9c6536f2db230b6f69f4064dd3b26c099f80353b9","5e49b867914dc4b5d3ca048ba3ae1b60a627da018733cdcc5f608d42b9ab26bb"
141,"CONF09","CONF09_joint_0p90","e5ca6289b32276eeda955c870d92143c8b1df27464fad9672b592f6439fd5a93","r_serialized_pre_exp_log_matrices_rounded_9_decimals_v3",9,1e-09,"9cc799e9ad7dfe4ed233e8b7d953e610d38dad59fea3f36db4e4d919bd3a856d","68b89dc323102c17dbcbe05f9921a6f08572d82702361a49ba06f241316b7f0f","1d787b5ec7f88866711af87fd200387d3ae6b96a70bafb5292a08435df7090ad","40737816eae27f293632104e741cf5157d48ac95d62f308cc221173b9e314710","8415a032c9d7a155f444397bbe01b51e4de5a5b46de4680a1f23d9bd7f33d634","31b894da29d1fca48839746a1382c4b3bf054ec93594a1778d9176e624d4eb19","250f1309e7848e29d4cdf0afd19523942e535219d2ecb31a097d506118b62cc8","5c84a503d58a67ec3dc303bf03c96dd55a7c0f38e0f7e9c9fe3213c55145e8ae","386f0b0be1b40f4163099975a7e85b725d7713a2ff21a13d0d8c11049c086928"
142,"CONF09","CONF09_batch_1p00","45ceaf2f2c66fd2c49c3a41b5df3701e8996b0a2246e25b91e69c2c29e23cd4b","r_serialized_pre_exp_log_matrices_rounded_9_decimals_v3",9,1e-09,"5f0e414d7022cee609593f24375994a05f1976e0b45d78d910b9f17f8d8a9828","4581934a5083fd1d00228d218b424c1f98a909b6ee3270f86fe98707f2878e30","2ef19e30db347ce5cfd0a404c058ad08abc07d57d544413c0aef5b65d9163932","5db3007da598f86b2e7949d82a3ae565f090516c739ac4b5a18d07941dafd69f","9d29eecedebcc7e4cca924a780315d31dfba00965e851da8e19dd2a87207de97","87a1871987c79e1ae5be17dd46db24bc49f79e9cdfc19a836f77ad4a3e3e38fb","43cdd376e79fb63e354ba36418c41035aeb3cb650610db3fc2199cb7c1eb3cae","3835193022ef14d3abc2146f81126dc1283ce6fba02fad931624b67d8883df7a","fc159b534ddaadcea7b4ca26367582bd4900b309bda6af50a0521d20ef5db6cf"
143,"CONF09","CONF09_run_order_1p00","fa0360ef092f1457a536ca8f7740877bcc75e3c89eab1041821c8f481c3d2034","r_serialized_pre_exp_log_matrices_rounded_9_decimals_v3",9,1e-09,"e649d438d0be99e2a1e55ff00fd416d98eeb6a4a55f96ee218c6dce0def0c5ed","b73ef1491ec718f245bb8526e8be648d1d46d8ca86680ca1c308cb2cdc47788c","1fbe552209d82a1bc203e5d6501b65d9cf3e9ba477d01918eb8df6f48dc1dfbf","b026227fb970136c9a557503bd5cb8f1b4d13b30cb1f8b82aec85ec0f732779e","fdf0d60c47536f9d9d7121e0b1fb4f87d382ff230c14b875daf50f035fe97ed4","feaf742c529f2be05fa8bae1a79bd54b02b7c3ff0f21a117f1dda7fb44e4a67c","52baa96e357251a5021ea79a9f9fff1446fd0e574788293fce2293f8392f5602","2cf2c201715c1cece81ef25afe4ceba4f9ea11937733c9b65e1b3c6fdd96124f","d90dcbd733cc7fe29b7de4384a01401fe1872462f3dffc8d5c45431ec58711ed"
144,"CONF09","CONF09_joint_1p00","e936725e7dcb5353ad51034df29fb3a8801a965807d766fcb615f1ff807b858e","r_serialized_pre_exp_log_matrices_rounded_9_decimals_v3",9,1e-09,"68c2253e66a1528a6a6e9d54e0af146d4136af9432cb82a35eb357caf2a3ad24","d177d10106ca95cb33386f012a65a58cb1dc970961d7e78738ddf1b8d97c0336","244fc38819cc504941ce61d0e1ed4c8a145be405fb8322d24162085a010a3bcb","83964e5667136e481aeaf80585b57b600e0016eff659549d002d3a2620913231","2fceee0ec5894f71f9f318eb956e7ffc302be79e4259207fbed3888fc8c095cb","1e8d183eb6cb14bb76588f5620f9a98f9a09a8149fc9f73157a4614d0ce2f775","2dc8a8619404373919e9997594cc647cbdcd87d6a0a58399649a52ce315a413e","48f69067d95adae555dd0d7eae1d8c5be1add624c4eed0c3390e6ae4dca517d3","69866dccaceb56eb329f3cc4512cf06838421051a738a95b8d93324c358d591d"
145,"CONF10","CONF10_none_0p00","8146e8da93cb2bc26e17bb868ba685b39ffcaed54b890625f32d4465b3670ef2","r_serialized_pre_exp_log_matrices_rounded_9_decimals_v3",9,1e-09,"3473e0d1f4e50dd356f5c3f62d053ec4f2cdd36452eb38c599d35767d654a69e","21047753be424486c1ad933f3eab5ccd20346671847e6a9521cbe251a90c1658","d5fba90db607178d63d25f8c69a207b45113ad23fa1e1b0da5ba3d5143b303b7","18a65522762f5a71df3e592a8e5aaa2676bb5823df8cabd380d358d5bfae2b70","08667885a7f5a73f6581d1f545a9a0c7211d400c709ab084832e70d3ca874e65","066a928ce0826e20094d344762df4d674ad1fda5b8a93ee4d2b2d611fc9b83ed","c88f542c6aa385a5585bcd42a7a9bdc404dd72311f071b173f75c1d544c1e663","dbe52dd87e95030952d96e3e713c72e000173f724ee19a1160debb3a9faddd96","16750b16386b6e69d10ecfdb0e3fa180351cc971ef1dacce05a7ca3d5249fa1d"
146,"CONF10","CONF10_batch_0p25","8db014a5b134f7bfa2dce56877c1d7e11b45656fa1ee1a167c2dabd800abc23b","r_serialized_pre_exp_log_matrices_rounded_9_decimals_v3",9,1e-09,"7f08afd823f41a765e46e1a973a45169ae60ef6d71967a04f44372f9112beba4","0ac25fd25671fec46507968148e146fc2d57abb6497c2234c3951e8c86450909","9ee7e035e226be9799222fef22ae5c6c8d0294ed6e2d672a621f8fe999b0dee2","48ebe86c45013c6d73fce093081caf3a689ab4a961f75768cebebcee96fd0f02","1b8332384379939b6680077220038b8f9add032b38df3c2553b5c788dc4aa45b","89f7471a5d2b65c2e01079f9dc2dddd9b16a0bee2511879657ec2b1cf0ad577f","d0fb247669779a9dde0e1e099bb558bc1e30c0ec8d5f93ec2678bf9b1dd75f0b","7bd5b04c9640bca307af61d939ff438b3116808cf984ac900d5f9bb03f798d92","1fde7e7fec5f99da68e3f31a60f3e1f6da4ca566dfa9a150c7999f1a8a17fa61"
147,"CONF10","CONF10_run_order_0p25","bf3b90b9d2926834e31325f3b32ff7eee5534399e28409346f90780f2f9ed0e4","r_serialized_pre_exp_log_matrices_rounded_9_decimals_v3",9,1e-09,"b9be2acb723720f86227a6577d283d26982700d651cf282d4436d5818ec6c828","e7fe6ab522a1dfae3ab086a8b411de706adf3e4481934bc9a4d3765e6bd8d0ba","ef450fc1c42b4ee1c64ea0d72d11bf8b84291f9bf47d09f5d63c6e69a823e213","532b091b907d9029e86f062334ab0a173e2893acb19b6db61f4105161467985f","d4f7bfb6426e83cb9200e858604418d8858c3b822be4aa3ddbdfb4dc65c863fb","d955e48b218a11761e0b454c4d131fd17c34a750473e45262cb58cafbc4e8c1a","8f0407d7ec2975655e07855f7f486c68b0ef0f9e17c7c24905c2632826d35b12","5b0fa1d75339b4f74b28347225f99809a4cc2fb018e4ee7adcc0ba95ddb474d5","61d22f05d2c8fa81591f91511133bb715e845d9397a857b89f6f854d95ee0a02"
148,"CONF10","CONF10_joint_0p25","1ed59fb850c8805cfbc75ed0ae99f201c90d1c2b1a35b1f4345118f5735ebae7","r_serialized_pre_exp_log_matrices_rounded_9_decimals_v3",9,1e-09,"fd9cedc8092073117758b13006680b7c31410e93febefac326220e1ef5ef769a","2a4925d9be8d13531f759b3f44486a7c98d676982520400658107c2447a47f32","419230375d2d5305519b041ce2c68096bf5e4f7267be1a0766b952168846e36a","2bb5c1d1d381c8ddef52f6d18349196f7a728bec0f98aa6400172b24955154d1","95fd84d9d56e7b496ce4312bd536230bb10e73e565a8e6b7a8ca69a1c80c0f73","bec76bc08152f955989d8b1fc641aaaeb301d59ac399957f4c20b9af1c13a0db","9643d1b9ceabe0ecd780385e86fb92c129b0816feccf0e6afe11b7e948d513e2","52e408af282cf6deed555689f788b95a7e9a018da796b02215409a639511a9a3","04a23dd2132ca8ab48d4da0a8e46e6b3eb752b73c6a452773b14e6dcdc8b1ee7"
149,"CONF10","CONF10_batch_0p50","a66119a228138f0366ae295711d84141857d1588f052a2eb3fac3fda771b3cba","r_serialized_pre_exp_log_matrices_rounded_9_decimals_v3",9,1e-09,"ffa9c895595bd2f05dbd5792a787593b56df5931b47356f174fbde14bad89fb8","5f7bb02118e887a79d39b6cca3f67ba0200d2e01be7ead087bd32c7f46745092","928d42b483ba5fea4097b3bf5d37875e8d6cb4d799dbe9140878fab6236b1816","0cba175dfcb601f2e99b8575a4831b7216f081f5c5f98fd56c84057999cf495d","0255eb1959e482128a4b813f22c8f506aa665e1fd8feaf031c6a4ae343423e4f","5bf544968dee801ffacf9f7e428c0cb3f62f19194c9432baff901253f5f740bf","fb5c4ea3227a4662659e66bd0b26dd51d8f2660bcfe39b60ba38233ecebfe24c","4c7fb87dd2d554b0da41fe68694ab2c29641928b0398a5b50eea545152415678","a27f37642bf9f25c31dd7c57f94060b4c1174103c141d87359371ad1ad7bda5b"
150,"CONF10","CONF10_run_order_0p50","f79a7ce5753ad2ce4accda34f77545a0cafef931d835db35e55735a2daad4c6a","r_serialized_pre_exp_log_matrices_rounded_9_decimals_v3",9,1e-09,"d2439075d572178b6e974a4650335f8b656711627e2377276f7eff98fbd400c6","29b671372e16f20d720819b29cfbf8dced254ae4401736185daf64fce0638f54","184a3a82dc51e9a0de5c94d320526f55be980691949ed14088f422cfcf5219ba","e203b0e7f5d3157fd646ef91a12bf6b60aa97417d44d47b74dfdef9609dc293a","fa80f27e553f6d1013c19ff318314f06c1a4c8bef127d4151064e1336bb33cb2","7fe9a56812dc94aff01567c28ed7b03e98912e408dac8ab52165324f91306609","05dab1dc37c44af0e9fbd3d2582fdb9ed1a93b5d29be71b56273f73a5101ca6c","76e480e7bd2f6fb7d632dd56af721c9af75816e16475de946d7c41757416fc39","3e486426fbf3e6126031ae1327c571364bcc3d1e6980b7dcd60162b414fc62d3"
151,"CONF10","CONF10_joint_0p50","cb974d3f8fca359e074549d8274d3d4289155ecfe266cb2d4045d912d11db316","r_serialized_pre_exp_log_matrices_rounded_9_decimals_v3",9,1e-09,"517777774676d6d33cedecb986b1accd02b3b11cbdb8f315c7a5251251bab647","391f017ea9b7a220e208ab62c97e285d68044d8d023d4e29c4f28370c01f610f","d21199d1baf4dcea4d422ebc01cbd3de1f3e8dbb84dbf14e29262cd2d8705f3e","a021a83f8e5965e88078d8279557190b5583857e61bd68c77d523bb093dd5882","658d190af5ec9ad6373738e9d895dba62048dea100b1f53b124cbb369d666b61","f15c4fba443a374ba34ae2d332db15ebd1f7432ae317a5bc29b90ce5bd6cf164","b362e6237bb408e9d8f827306be584ea413f652780b50c4431f9507917160526","d4ea2c26c63712bfd8c5b9cf60c50a8e4e20300789d2e79f58832418907a9148","348ad0e6ee71619eb20bcda0e3450f271d371d1780e332996612218e0c3d6f84"
152,"CONF10","CONF10_batch_0p75","22a5014c166c8b9c1bff891998a10d7c047659075a2b01a6b8a46032e1b8c2af","r_serialized_pre_exp_log_matrices_rounded_9_decimals_v3",9,1e-09,"7a7ce06b26d86eef5566c2a772d320e0d7a35de0b0186677f2bd311b1fae24df","83aa29ba8ecb8d5072fa637d5e977690fab4eca14f8650a709e4623d9bc45550","974ba415fc6691736c47b5ea8f48e498d861c77251ab1e310d038fd27b7e6341","4e970a1212e6bc1c701418e813f3f23768319a1f7a8ac3454291c3d609a5712f","96c2b44b84ed7f2f1356cd2ae795dc0cdf2349a830cb876497016eb869768097","c21b8407203cd94b07b44cb10d954c008358217325101b4e19203a33fb41528a","a03987828fe1ede1f16b139913b9cb0e8cab73adae90423fa97ddf6af797b895","ff0a7f53ade34a6938f46545735934a3d8b4e1b92145a15d0358f489b4529d35","d04f94ff76d501b0cffd321c7a2a2231f7f7a2e6df6da87ba95914e14e768f36"
153,"CONF10","CONF10_run_order_0p75","2494d818132e782fba76c560fb5c3c7a6e9c885d83922f08f8f2a158181b8301","r_serialized_pre_exp_log_matrices_rounded_9_decimals_v3",9,1e-09,"2e5a6435db1fcacb5f7f8369849d5e6e1aa3b732a407dc8f1683ff79fe7ffbf0","dd6820ce40b4694e7f2871400a7c110582039c7f4aad2fb94c3f9ddab520fe66","4c51e0ae0dc53708497f2a5a669da69c9a6b58687241c6b3bfe0afcf96ff59a6","aad854bb50136222b83f0ea49ad6ccdf47e7789569c08d8ad88df0b862429758","178e3cc19a5ab74790f0d869c2449c75173505895baa3815fccc9861ecc4c622","c6b3051e5b7e63ef719915c2398a41525cd5be397117520d08758dc7df40c1fa","16e79c292385dafa038b9230980a5cb7cebbf2dbeaf2ea8d4d909e03ee1ea092","ae0e747a0dfbe7a22816caba30855de5dc6028864eb15f44ad46b4c44fd25fe3","825c85c02e196109754b7cc3e9b510c84421a0fe754a12d88761a557f6bf05a7"
154,"CONF10","CONF10_joint_0p75","559f434867f6294103e24e5e6d248d7e962bff288ce2b783ae0ee12cd8435b04","r_serialized_pre_exp_log_matrices_rounded_9_decimals_v3",9,1e-09,"028121c41c28f45ae28647e7ab532c7ec54a9867f71b83228f7cf4481d444d02","9b39a1505d8169d81bc326d09061961585b4b21bb7b6b9efc63d3f74f5415ce4","bed8fe40ae14aacddc62fa514aa9f2489bff4a1c7ccc79bf732087e78112f01b","d28bbf67509d38bb48046c6c73b28314135535ebddee965f2c45615ac2c16dbb","05d1d0dcc4107c793e57ddef8b67f0cf3b64a81140e2250f46daafd2a243669f","5bb79ce8caf5dc14ad1433124e26fc3c9ed9eee63690af2b20e9a2a211dfc5fa","434359761486dcab0578a2444e1e648c480f014d53a64c1585453cb1dbb95200","25bfbd89bf965f58c6fe95d91cd5ac25820ab52cae0ea5497ff1ebb4087d606a","f2c912c36f27d953f2448b57fc492e319e26705e1eb5d96fe81ebc1d1d6345c5"
155,"CONF10","CONF10_batch_0p90","47466d88f1e1189b589dc523cce8c241fc9a3bed8b27c2c7037c87e1bbce1200","r_serialized_pre_exp_log_matrices_rounded_9_decimals_v3",9,1e-09,"7daf2d7ddd43fc14d10c40406dab13c04c45a7b4bcd639f3ef5b0839e1fa330a","4a10696d993627b6ed003cf78ffcd91992612655bcb8eb5681ab7f9e0d074aab","a85fd9a26e8b810dae2a0985ce093003f484590ee285f049807acda3aefa8fb6","f3921b2f099e0f1a9917121652cf251e50498bbde14138d3053314a4b9bb18df","21cdc2d112f15c84aa7cbf85ced8750323e38b5ab617b72a1e212d68d8183f4e","60ae958cc39a830a05680bd4bd0a562b3ab5a30d139f1465c0d78781df694f71","71cd31ed7203d5ea725897ee04ce5c0952be1135030d9cff5edda1ef7ee33481","cdd592f507912dae9e8936b71c32fffa3195000a21783a8c9add023bc13a3918","05786c611831c9d7f8f9130e85617850bd37e35368ad3c47dbd5e5e4ef4d0ab6"
156,"CONF10","CONF10_run_order_0p90","1edf77fddfaf5e666d8c554e28f0c2cf031ddb5e7e3205710c7bcb8915020693","r_serialized_pre_exp_log_matrices_rounded_9_decimals_v3",9,1e-09,"47d11b2af953766f69ec9629cc15c5b840592e0ff5398d65bf8a01c93556cb4e","2d9e06d9decd85b95325f02b8dc22b3d0431eb5f36af5d6ff829488565eb6239","dfff0971319fcf7273317e6c459651a12c6f6a7028fb38dc02a64be75a2fc8fa","920dcb023bc104f6adf0b5ff70d45eea1b17ec7a4cf25f83a45d84a2cb40a8f6","1359bd5761fb0110821df0e0b1f896c34488136bababf8379d931bb13ec1b7b0","7ff1b0ccb4ab186d7d1ad4daf13567dc9aeaa8312f0d47cd14bfb3ceb8346deb","4fc33e3f8086961d1884d2d26534d58e4caddd6bdd4cd7d09a471dc26863961d","837b49bea6625d6e51545ad719b128242006b5c5dbbfc007b5d3e7dbc893f229","8f95cd6bded3c48e05c1fb888e993a4fbbd41ff4857b95f5079c319377647e59"
157,"CONF10","CONF10_joint_0p90","446f285d9f0ef3803ca3ab947ce292003f947c1506524535b44198afa3270225","r_serialized_pre_exp_log_matrices_rounded_9_decimals_v3",9,1e-09,"240051537c53764603bd134e54f8c2b835f3d648b97976dd57112d201ba6ce57","7f8ab1642cc0392b85e6b6f4bfad04ab5753922b5891e5c2fef48dd5ffe81ace","9d6b27a818d9c233314b8a4e52c6a90a14b8d4f9b4d274fd7b98ea4db9b783d9","6cfd5a49ee9b548bce71603dc9bc7e41402dff190a3baa4717b60b61a8703ddc","19b7e85c093619dbe7bb7388cd1dfc09fe26ae07a4a02b12ec15b06b0a95faf5","5c538907e71047ff81e9616bb6e449d135c930c93e33e5b7b9064bfaa7d8ae5a","d51ad19d678abe7b5b97db3536c5ed80f3c253b82c80a9b5c2b955cd390bcc85","9e4ef82bfab2e748d171dbb1449b8607675a477649f0a149db12dcb2b06ce0d6","6a3ad36e935b492ac0094fa5676a384f10d534706b208b37bec7f7bae06c482c"
158,"CONF10","CONF10_batch_1p00","6b1b008cc1c96cfb7101c0e5980c4197d1c49085623705d6a38ec9961f3152e5","r_serialized_pre_exp_log_matrices_rounded_9_decimals_v3",9,1e-09,"85213521a8e356308634f929b75c26b0892248128438cabf1dc01d667471b689","5f1ef229c2172e09309480b86fa4bbf538b1b77ad5520f170594f9a40d43ace6","38e634d12d5979df5b451d0600659d7c77a9f031e56cf0c9ee1d6d7e7cd0a166","ca853ca5b3be7d9b7bea1781b802a093e60bc6a72d977d22d5ccb975a55b06d2","642f6ba560a4e3b93200c3e393be1ed8b50bddeec3016999400473c168f41d73","560da51c96021313c18044d4da44ddee3dfe188d3647e637ed4a5822c3a81bf6","e81d7ad34a28919edf916c5463edac2450e3560ef69d8356f8c7fa0f00578736","791d3cbb60449e57b90a51104d4dfbde5be406bd6c14d06a0f0dbf5228575923","bb2b440f6783b5435b7220600e564297f5f27471ccfa32ea8a4baa461cee4e14"
159,"CONF10","CONF10_run_order_1p00","94a3a1a0695b1eb3a58dba91da4d01d23ed911989b14cfbdb411f4b3a7e1e0f5","r_serialized_pre_exp_log_matrices_rounded_9_decimals_v3",9,1e-09,"68d8973bfbf0a8512d29e96a17af81b3619bea9ca5efb8b6f06c96d3a5cc6e76","cc9c5f89d28e2d8975969b37ccba4512eda92556b21ff1e2d04cf9960ea9a48c","fcc85ad86372ef5ab08304cb7688825ec6cae58b5c0e9ecd02e5b9099033e107","de842f6c6ed6bf5ef3a6962c8b2230d9afaccfdfcd1ca7d4285685c177bda71b","adc87c8dea63de71efec1c29979b0857cd7fc22038d9444cb3dbea91077e9fb1","7b4f996c3fae3ceba31e5616856a6b1f801d6379fbc756c55f268ba8b8b7f4e9","c57b979c97154be952839b410eb7159c79c70caefbcd027feb425dfeac855408","97a137f81985a504a3205586e79243d400259e5f9092c704fc3edbadcf9421ae","867af37d3b870c17fdc95799d24f00e11c1cd66e501606fe538ab6f585269d12"
160,"CONF10","CONF10_joint_1p00","0d24df8ac21de928a40116c7611a2d4465dac4e14cfaf64ff68ab29d05e71e02","r_serialized_pre_exp_log_matrices_rounded_9_decimals_v3",9,1e-09,"1b74b499e7a481c617042e77efa28eafa00fdee85240dcfa44f94fadc20e975e","a4019bf35eac8bcee44b030a6e49515947c4172ba9c356830c96e2f23db0d749","526d10412caf91ac1843d909724cae7053add00e9c56fa696b8db1d99215db1d","81788f60b503f2bc0957a867ceb79f81a7a4f455c4260fa9116e379973930493","cbc5ea81c0efe2d1a2f5f1dcc0771056775d719a76368b7f4396dde323a996ca","dde9510ede9314fced2a8e89227498e39987a4161d442a41b7fe8ab881c87f3b","e84214b6177b1e9966afddd3da8659195b8144b12b4a166fb95fd6dd648a440f","69c9d16f417eb519cae5e8a1d647363b3adab2b0f6afe07e492eaf4ff58db25c","2c7283c4551a0bedadc34654de060987747245fa6f300a746a812a129925f6c5"
161,"CONF11","CONF11_none_0p00","aa7b8bfcd623287352d83c86f743e24f15ead508deeb5f577ef2d8fa3f7886ea","r_serialized_pre_exp_log_matrices_rounded_9_decimals_v3",9,1e-09,"17c79629d315233e1ae98979fcee9c808dbc17908f49bd5578f533675122abd1","8b72d70c170d25afe1d45265ff45fc9ce1e6d19caccebe5c480dcb64aef536e1","8df19b116a358a385f093e0605d243995b0cc2b1cecd1a8f37e48d7212539c41","ce9e423e7058632f18f4fd8f8fa83a8e973548db2e03040a0e7c071e3eb4e3b2","34a81bab5f5cecb78e902ed6d9fedc1029bdf0e7ff3b4d6ecc35dc5ae2fd38f8","e6f653dd86b4bc71a4946b9c0e6676221c6ce0f10353d63d5cea9cbb089f12e4","5fae782510e7b366be39252c637d59860262e03bfe84b5d1b9b2c9d3f118112b","c810fe663a1c23e21dec328bb32e21d03c585e02422927ae1c3a0044dd619cfa","0f2c40284e1f32b65c03ef14e3d59942052cce59d784fb624e95c4691a60ba5c"
162,"CONF11","CONF11_batch_0p25","7a6735a292ccab04ac5046c15dcabeb45987ae68b16b67cf813ff70e9b97b1c6","r_serialized_pre_exp_log_matrices_rounded_9_decimals_v3",9,1e-09,"e2742854c33f39cf752718cdfce7717fe1671446328331c93a947278be8f0d92","e2ac9bd92b8b0f6c83bea2272d20af2bd650721e16dc1a33d64f6217c345b772","71dce67438df1667d770d73a27e62325ebb24e54b70c1ca08118fec8ef210d22","79ef5dd3ebf7ae5321fef4e718933149cf07e7bf468cefa7b043449907944d5d","4609348cf587a6d243f30470823178a59ca7d237f0584d4b00e20c292aa401eb","bf2a4d3d9d10bffae7ecb0e00d1c7c071733b0489e12bd6d7cc09db3f3b7a291","b133eeaa15d423dd9ebf50dbddb0212e1f2094ff1cec5118d1aec5cbd561e453","9246abb68f02401a25376e01b8285977a5003d02dfcc98076c44fec007c50924","073fd9490337924b02a0bcc18f792f37834bc673c445ee17e327579f45852b4c"
163,"CONF11","CONF11_run_order_0p25","5973bc29f105abeb786298b4a02c9f6760c4c2be708acc2d39a129a09608b2c9","r_serialized_pre_exp_log_matrices_rounded_9_decimals_v3",9,1e-09,"ed0d50601c6c0066cb3142565e5bb4c5713d7a9b3c565a37464acabe4684ab9d","e12f9313c7d1f435915b2e4aa91c5da6f08a7b836eae83094df197bff4aabceb","03cd02a68e465da6005d0476fefb48c19f8856036319fecf6c524da8c0e0ad4c","f5ca29b93edd159b4a24f74aac27ef2709d7cb542b7da889b5b7e5cba01d8805","27f3b76ea702d11e64bb0e20187d100f8f0ec60fb8554a4cc82e629f8d300121","bc234e7f1297b648bcc877f9fc0e7503a2370f9cf0a81b510e05e59855a8e422","ae2f128b3239eaf4e33a057a95008abb3bee2f949937eb9dfadfe592b8eac95e","e1746b2119431611852412301ae4c243174ae05b3a4cd388aaa85198113bb6f5","d181b2d4286b1303ca3327820a674f8a6da45f6f2d1cb84fa59eb8d62c3b5bc6"
164,"CONF11","CONF11_joint_0p25","fa26a991a50707dd945529e9858b7200e5dd05cfa8890482a6b8d6f4ec9ee170","r_serialized_pre_exp_log_matrices_rounded_9_decimals_v3",9,1e-09,"b87cceec00742fd9b5fcc91ce359ec24640f3162208980905d393ded5b56676f","a4b2242bcdc9ea56be23128e1d54486e3c5a9130593c137ed053688f1e4aee6e","bc323cc5e5b1cee9254f0ccfd66a40e6030892c15ee9dc9fb794135a4fde70a5","67f969102950386359c604867aac640d0fe850b0049797c8361c931dd3aa884b","b23836b0490e300a4cf9129136da9af5db594366c244ddc8bd3a9dea631f0ac4","535c1febb636067ebec5474056c4848e90c0a0c9668e52792a7bc49cdca28ab1","f9f29fda0cf99110cdd9d408fa9e764cdfc604795fe71df2dfb6d299b7b3bcea","fcfea44311b03552323bf364f3047f5a1a31723af0d23a6e8521ba22a9472caa","e97f149a6f70f52a0d0ab868004dc2c5d50243a2d848c98ca28a0daa70ee9301"
165,"CONF11","CONF11_batch_0p50","1a7a37e742773874a290d8c44c75488ef3571e0103390fb1e2091f01269e4886","r_serialized_pre_exp_log_matrices_rounded_9_decimals_v3",9,1e-09,"3be879f12c94a4edb50825c1e29f1ece5ca3f8c249ea6ed0309e1f95a4049ad6","8ab0a728c1c3a5bfe0eff651481676b5709b37485c3a43da63581cabc06cc73b","cfccd554c9b5e566d7a70d0a1c5277349518ff58ad3db502fc852b80e7bb0c22","f7714383a462c0f8032007a98cb62cb7c7a321574e750196be4426846c45f40f","35ddb4b83e7cbc177dec15c59be9dcfc5fb1d540e93cfd30886b3827cda71098","566be9ef39136f8c362b2972571a38ad166ada38d8c7d3cf261e75ffc337b49b","d8856026fd3d3764827eecc6bd2f51242cef4b8807408e2285f6ef7351b67fae","4c42fa3e467958204bb151f0843f6f73c6fe82135320c08c9781e3046c5b121c","9f80ed8a402bfa005d9e9774e14add5f2a1fc420bcf4914b64ca933dfcc92c79"
166,"CONF11","CONF11_run_order_0p50","ca05ae3a2e90f46791ee77118b3c6c8b1e26b42016ae71efff72a1b58bff0dd2","r_serialized_pre_exp_log_matrices_rounded_9_decimals_v3",9,1e-09,"3033ee24be005f2a98968d4aaaee8bc3f2a03ab912bf0559db88f339f7fb779a","91939392c933e1aece0afded6acdae174ca7fd3a97f3a38ba1f93751d3fa6a28","b129132dfecb5e0f3e5cddaceb378407e92046f4bdf2441ed7f4ed4a1dc5847a","322146cf83d4e29f295048011907cc294efc4ddb8183fc7e5faab4582e913ce0","89d032b4c2795a85c0034b1c1e746adc9a3baa2b8f1c279e1cc9176f9391bfb6","eb661b07fba624fc74e9c967961a4a3e3d17379ea3f31f5ff40475d5241f8da4","4ed043e81ce72cb41ba692770d30d1fa6e63dfb83173aae8bed633bd9f86ba62","9803b34e8ea620f989670d9bb2cb92bdf461df91c453ccd6a376b4ca7b404225","76f5720ef257c9bf32944b5f356ec8dc3e3284c4058b91276d6c99458e56889b"
167,"CONF11","CONF11_joint_0p50","448dcfca55f5f776dac338f869b33113a281bf560dcd1435cae920d692b6f309","r_serialized_pre_exp_log_matrices_rounded_9_decimals_v3",9,1e-09,"b4f0158d95ee82a3051acdf127a9268f9fdf47534bd66f779a035c1142b674b4","e174c8388fba9f414e2ad57ece1b3efd806d435745e3fad991c32e41d3d5a74c","00bdcbb5a2c3684b7a6edd9fdd385256f4139b137c31764ee2346768947a9fe8","3d811d6e51e90f650eccfd070058adb7be9b44680abe1542b4c403941713b393","fbbfa95c76c47f05cec9f2d9c3764b35b53545ca2fd799c5ebf4612f43fd5ba7","0bd31ad253e6321f65b4a7685eb2f8c5300cbdc0edfb0b953759b8ad9d7aa578","79e73ec76d4ddcefd03caffd57cff7b05386ff131cc9533deefc3a0c10211d9c","f490b1ab11ccd4f12075a0f92c9b19e44b8625fe478af47b283b24298bf22b48","ec663a00c4fb38745f4778dbdd4b322c59d412eded2211a3665c0713927e948f"
168,"CONF11","CONF11_batch_0p75","3b732f6bf55bff90b293084a35dd0ad1c79ffb0523e793db0befc1b3aecf702e","r_serialized_pre_exp_log_matrices_rounded_9_decimals_v3",9,1e-09,"3e5a0509b3c06d865819f74bab96cd386f36f506879898628ef0be3543595e89","6126711c20556bc534036b4438ce7e5a149269662fa831fe80ec8d65dfc59f35","e0f8d684d349d33e007dbee03cb2cc7adb60c05338210ca7f8feab78529a540c","21faa25552572f00f047301724ed77511218b14b09ac6e5b0cf698a16bef8314","9816ab4e86c67d31d825b99075523ab68d2bba8d95acda4f7d25c958f20328d7","d1362fb07a778f57b15f98a7002612a061ef88c9775f35c9c91fd9de0f1c23ba","13e03959ba014a7fe714f56cbb6890c856fa843ab774a4f832cc707604e94968","1e2e6138d90070f0dce8828478fdce8f2ce6e7423441aa4bc8748a5e64482426","cff48f3de95ac821bc9488ede7b35778e019fa3fb81d694b11f0506b0fb1d005"
169,"CONF11","CONF11_run_order_0p75","d206f78a9a0b25d8d1193a2cef6106f86411704edf84596fa1fac707dfa8d734","r_serialized_pre_exp_log_matrices_rounded_9_decimals_v3",9,1e-09,"4ef3d25f9585df32b3e767b974afd3443407f49ab0188f182daf9542b14afda7","b2c5ff8b1455e55946b715a3e3b125c3422aab43f45b4806f212a393a9b3f122","e003efe24fec44d8c4ba8ff7d4cf1de1548547eef2fcb64fcbd10015dd15d817","46319f925f314ada49bc12d8a6fdf81d6e95bf4ab30e88f03b22049be1c6275f","5edf9f257b319025a7119a8a1ec41b384843a532206c006377f5962bec10163a","7fecd648425f06d6b3074d0a01882a5af37ccfbf07b653dd807d102301a02b23","b5200d4cb150978e5623300f60cca028d2be096988947ff79fa1c72f2b891dd8","4502945d7286ac3f6f4a8f7459d8101f6ca918356fd93a89d5558a4e95b1ff35","8672d11392348b25054e5aa048cc07329ff689580d0fa476a5f0b05bb07f31c1"
170,"CONF11","CONF11_joint_0p75","71733c0caaa4839afff67a9c740bba9716d7409dd4aad1d4793f1dee9b767218","r_serialized_pre_exp_log_matrices_rounded_9_decimals_v3",9,1e-09,"f1c38023f1bd021c3564d9fc07bef1ec6ece21c4b41806c8a3e2d8a31264b198","6fbd31e68a08e4b621b82e62397b03130a602eded4e87373a456e7c9263b00f6","563d2e7462d593602c17e3f3fbc36830d2c4aa71625c331db155cd5fdf42b086","008e182a0be7608ae1be311d563019faa26543ed242962c2a8da47bc37597a2e","2df34b170bcb58992748c09041b6a7e6379b2e4082d761c809287f7847d51427","f6193c549923d92fc2c85c56f0ec41fe452d77d1a44bef2867c08eae15de0717","b0072715947dd5b599651bba4d670565c7802d33fdefa941cdfcafbd2c85ade6","f839833e1879922e22909cfe91bca7cd006f4561e566c713c4ca73d3cd14db7a","773693e495abdfa5cddd02d65ae4bae1d5ca776bdb2c6730489f06d043e4f534"
171,"CONF11","CONF11_batch_0p90","5b8d73601e1510c411149419226f019d405ffed48fecdc843ec47d9b7b31210b","r_serialized_pre_exp_log_matrices_rounded_9_decimals_v3",9,1e-09,"e8b21e5d172ea6bbb9958d43f0c389fe3ddb061b3d69ec4d158a29b2becf1f21","c0884dad31e0d962aa212c4877ab46576f7171cc7c7874ba1965c8348606b7fa","3cdc398598418d1c7a7d862a2c76c788ac6f62209db9c8101955b55c52c76f37","af317bd65523bf55970a631be66a7f70933684d4b3da472a0957d95a6ff03dc8","6c370bbd86ccf9e6b2b1e6a62940cc2ee76fdf8156761b24924d234961bd1a1a","abb6e7621b5f549b0465ec815b04728e146bd73258ff92b7dd71092c5b3998a6","f653cdcbc09d691f226d34098f2065a4a57fe5a62a8ca4840e1f0856dd236a31","bcc8301d661b829c3a28c337765a661d34a104cc029b3d61799d0a1cd3aae41a","9775c5e89ac0eb6c148dbc41b6819356d43ddb359aa7a985abb5b8b30eebd15f"
172,"CONF11","CONF11_run_order_0p90","14fb4d8bee2afc2723ea9aa71f8100db5b60330b70fc2ab73af8d486d5e8c0be","r_serialized_pre_exp_log_matrices_rounded_9_decimals_v3",9,1e-09,"c6812148d1b16d0a64ae7219335d9fefe7ba9441ef06ddf4ab37cf90c2d78cdd","6042e4ffbd67635afbdf2d3b8905502793268f0067d72b7fac3d020c661cfd56","5a377ea79367ce0a5bd099bdca7a5cc286bc5ce0391f7450e347d91bb34a807d","24c328d3e7b671ea5a6af4ebaa304daf4536855f02bc7700aedd4b205be5ec49","3b12450cc18b24792d4bf68810c3c9708c0a6f4d2d51a0978302a4de69b78dde","25027b06b21092bb5f400328ec5f52a1fdd71c45aa67db3a7bea373bfea4bab4","1b4d847fb84e8df8032540c40d3eb751b3e4e5f1a05521ba250ac50a1491e87e","91d7954fe6a0a83980a983b84ab4f6d2ee4531f54642ec9931eb5026034db021","53a3477fe7f87d7b66322940e41c1bf695a7d5d14b7dd016b1bb0d76f8e1d707"
173,"CONF11","CONF11_joint_0p90","1314e51daa6eba7694c9013cf46bd50ca6a87aaffe8637efaedabeca81c30317","r_serialized_pre_exp_log_matrices_rounded_9_decimals_v3",9,1e-09,"100c1596db8edde368395c76f8132988757d26b43a074cb6ce31ba22c4b67cc0","3b9fc7dae718d6da076ed366fd2a45ca726aeea952e23d0da3e8d9f4fcfa1f06","a4094e4041b2e3439cb3692733e9e6269a6e4e0ec7993bfc024d072642c0d44f","df33b23264e9cfdd4e92580a06c2bbfc11bb78136b4f00e7b5fd7ac13b4af65e","cddb6c51db98f3161a8c6ff4ccade78f0523a1496c6c840a377b114821260742","8c840ffcef8572706cd64b2bb673fd3e3970cb33a9e936fbf01bd1184f2018ec","5ba80e02f210fae9e4e3e101eb99eb7c51a763e6dec0357d502e155dbd904eb5","2f6250197b27615c170fccf4de6a64cdeefcd924a8279c2293bfbcb807820137","049e5a9c29ca06fefbb19e88de901e719f3dd86b78496c2e35a55d5a44a4eb79"
174,"CONF11","CONF11_batch_1p00","6b2757386f4b36e9e64d80ec0261121bd27dafe0238c4960dc239ebc6c083185","r_serialized_pre_exp_log_matrices_rounded_9_decimals_v3",9,1e-09,"ad119f6a71a106165fa3f213d8e7f048a32934af9890c5fb44e4cfa99c8daae7","9cf0733c483c35319d13c73ea6ed171bfba02525fe3108ee2d4795998a90a4fb","397bdda8bf61de869e293dc1da8852791ae873855aba404383bbe11edb48d3fc","0c4f91ba9feda41879243cb49d70b12d9fb42d8bd03542afbce04787aa07cc58","7fa9822fe937b2fd204e8ccfacb8b9c38a1ea4dd072f99421dda74963a50c412","b7f3c165adbfa49c11a6f7781228716e786a29913c90b1295b0a6c21e99b1294","48899f0ebf77fc83d04dbce19a73cbb1bb83a6dc863c74653775dcdee5757d3f","0955cab57388c99f730248f84b1be7d252fe020f5f62a76ed03ee2d683c7796c","7635b7ef5691331e2506d552bfb20960d1ad06575d0df703bf8ae7b2215b4705"
175,"CONF11","CONF11_run_order_1p00","e23f4f071f1fee6ae05f8c13264bd1cd607dde25d7ab94e58321229c87b29582","r_serialized_pre_exp_log_matrices_rounded_9_decimals_v3",9,1e-09,"2f80aaf129cacf083f3a4c88c9e58c418e137516f64744e48fabb601ee252db5","3eaf58e8f71b9722bcf7b1462070ddb7be6c9667eb7d0cdbd4137eaf73a82639","25b261357393a6f5eeb01b1a97c3fe3cd297f0238100f7dc1bc89f87a3ddcce7","c9bde039d3e96a56c887324c3e3dcdebefa8e887939f6f5218038778f7e17edb","e3bac9a89798ee80f426451382526e4e9fdcd3410371deb0e362d3f761c4fe83","aff4b87d30fa9ae8d110f6234a136fe4851c79f93f6d98c422d7fa47f3c8cdd4","b726f9e3916233d5ffed1462652dcb973fe61c470835819bf55ad9578f1ab276","a9e8a5a608196bcd730816cb42626d2f6e8998389afd6833c2733e3156e8d56c","aa9dc387fd55963986ad4f68b92af54cfc2b669c6295cb12864fa51ccdfe488c"
176,"CONF11","CONF11_joint_1p00","39ff33953e261e28be63026fd0e380833cbbd6ddea6e88cb153dcd645b8d1221","r_serialized_pre_exp_log_matrices_rounded_9_decimals_v3",9,1e-09,"7f4c034721f5e7258e66c0b40c0068922a9587316c276d5406d70fb9391e8e1b","9a24d1378b3a6a59f2cc5b8dfdf8520d4a98d5b49ba8ea522ba47614ea4585eb","5fc39ef73b8dfb12004432b8d94dc2127428e26d2205ec4e334a56603fc0e1ff","c851a5974246294b377b01ab38bf0e763cb25ead9ab7b148d2941dff7b22c118","5ffcc5c8ce191fde77b5b3fd4b5812aa634de5eb706497ecbc04cc0fcfacb0ec","075ceeee4314a85ca50bdf6a05b80494dd8c9963aebe3c124e70442912be3e8a","6449c70bf898a7ad53b859a864e62cabd071b53ad2b6bf79fe949e9ae3b1f9b0","542ff4c4b4a4a6906b9001da62eb3b8750c2072fb8160fcdcc1608799e19ea3f","d285ae1771786a67be04996eb583eb36ced0594b4ad06099db2d3a4d3ef99bed"
177,"CONF12","CONF12_none_0p00","9d01b5d05c2275cf1b457863ddb84adfa751603b94f214cf38a86e646b4a8835","r_serialized_pre_exp_log_matrices_rounded_9_decimals_v3",9,1e-09,"447355beb31731aba0389b64a14db52def7399dab9887fae516e3de7b2a23873","4dbbd3f799268e38c45067fcce74fdd216a4bd0c2a3e90c900abecf7535584b0","01ec827d77e459aa6d21208093a08185fa54ed16626471b9ab4692d4c7c835ad","cd7a945d935b3d338370efa6eca6daedddcbd8e0428491ec33ece9158f0329ff","b1790a9d51ab8a7906ed2ac7fd82a9f8954c305bd50f78b2cdf11fe301c3b28d","e849caa807b7820c28f6176e18aec7c1d768c34a63a6a9b6267f422afccb13a7","fff374cb88f73dc31056b848eb293e2607922d3e6e63800609e333e72b6bef88","82de40864d4a558f285ee932d21b76381234113e78034cd70552ef754b59ebf7","65b979abf427eb4f634ca9e0432780f6bc366fca1d31f5653c39840f3b80e222"
178,"CONF12","CONF12_batch_0p25","5a0954b5529e61ed8736edef47d3fdf05efa9773b33653318c04b73742b3a0be","r_serialized_pre_exp_log_matrices_rounded_9_decimals_v3",9,1e-09,"ccb0ef695001965bc76995c77f6f6e86a2c538f020221a949acb055fe4e10547","3a372a58b0059c6ea8fc71a23b6d6db7a47da8f78a92beabdc43262f2848f595","190c07def256a2ae629f4a18dafcdeac1cb3d5506c028e9a2dc09df0e7c3a793","f68280c6034506be72657156b0f0a0a9ddb3e888829fd69813ca7a7f7650f01b","a162ac176cc3f84de1c2506f0729f205b1858212788314998f6fd887488d4302","a663e78d12227cfd61b1aef75bddc41c3f9de4258646ea2f7bce71f524468cfa","0da8a7f655e035bc3835ff529b2b6d0485ccc4eb11af995c5054bbc8d4715067","e94686e3b50ec923392a255924aa61b78ab3ae2c4a5f122c90182bbb31f2b118","7e11ed5ff657b0e51f9a8ea5a51b8b1faa48f9be87fb49c77ec3f5f89e35cc30"
179,"CONF12","CONF12_run_order_0p25","f7e60be678e811f0b15e5b6739944c589ea887656f4bc6b5be450d4b94908b64","r_serialized_pre_exp_log_matrices_rounded_9_decimals_v3",9,1e-09,"56b161242f370e3031fc801bb5bc34ac3f540c9822102d1160dc96d7218f520f","28d7014141bbf057c7f090c88ef465d4a180c618fa08b37683bcdcefd46f8bab","6dda913cad070d1e0b7e695869220fc639dfe759c2d3549ceb7bb716d87180cf","61941f42404ddf2d1801c18b664a942b12a941024088ad33cc9a4ed1b779040d","de982b4e79dc6461f6fb7a1e3fa1210b9d2d460e90e5e2a81190cb1498856862","3486464aef27a05753393deb6f2006271af4ee23692c150cf832018a87ec9c99","0bb4f690bc14b3f3fedd593fb8374e74a17a0cee219894642ec0723445c5bd30","b0f1d646d49387eaea78122c44da7ad47359a1e36d849bacd85c2c5de8f5311e","a68102d20d8be9bbc7baec3153ee627da4f759c493778c4d1f436a99ad9a485b"
180,"CONF12","CONF12_joint_0p25","2ef23e26c59d0689aace297d8cc45713f7d1c384db04580119bebea5664fbaa4","r_serialized_pre_exp_log_matrices_rounded_9_decimals_v3",9,1e-09,"1a2bced967bb754ab7cdf47dff32b0c73dc7405f06e5076e6ee7ae215cb25290","6397d2c79b1439b84bda06732315ee772dc2ec9f3490f0df1d86ef5baa466f7f","c56b066655b726a9d1e7704eeaf3d70a13eead4e590cc62d2ccd09840acd0e82","07f278742370d2c26227705892f25d465eafdb16aef59fde183213ca91513234","1e6b5ba630c0b7ca9c630dcf81736cd584d17111ac37ca3644a9a8ba7abbb029","02f2858685953b6efd2e250c7c2445ac6800b78d64f87095476a9be9ad65b801","423643e03cfdec911f523b07d8460386dfd557caeeb9c37482b865752617f2c1","0b985be79a098bde1d3ab7b2893d6b162eee0222f26434ef990eb1227a4450ea","6b4d9742656756fddfab55ebc5cfb88bbc6c146181332d4fcd91a1d3df5de85f"
181,"CONF12","CONF12_batch_0p50","30230887afd73b58b6170fe02590075a3b8610919671592b6f75fafcec2c21dc","r_serialized_pre_exp_log_matrices_rounded_9_decimals_v3",9,1e-09,"cbe72576fe421a112de0c04992fe8f60e1df068d7373c99fc28d70d187b04e2b","05a2c29f1ccd25597523e295a613da7a7b667a38e005fb8edacc64b921101741","789b72773cde2df020bb45f3c8aa314708f001c2560e3169f8567c0f21e9c786","d8a9ffc14b127f566e062c2cba605ca509f6ea5dac66eff247c604e825fce5ab","49948a3fa61d209ca732da04e1eab1137323fb3a77d27380828f26ed6ca26218","8a6e169c250f855ab4a4be3e5c4292e6de70cd205018d1184b82295b09580395","a370e450ab2dc1f78d5ee3e2d99297e733664c90e8315f73eb9ac687cc7869c9","fff37b96634c8b24df87125f16974f680aaa6b65c418023f5322b643ccfc8964","33eb46715bccc97433badd46da50a92933653cb39b4aa4ffc894734311f967ae"
182,"CONF12","CONF12_run_order_0p50","e0f4fa25235b2d7a559d576d76671a460a2c4038e5a3080ce94860b5c529a712","r_serialized_pre_exp_log_matrices_rounded_9_decimals_v3",9,1e-09,"9d21bd4aefabdc63fc05137c1530895d6eda75db1f65c4538211440687721879","1e01d996046f71def614020b6f873768419dcae8423170feeb15b21de50ff53f","1d9ed645845920a9f73e52d30c25549c72bd14ef458aae8fe0df1c6c2db835ca","49053d946c77854e2717804e638904f7cd152a908edf759bda29fb79b0cd8797","6b7abe5e58e5791aced45bb569d8c13c8e11717fb5c4a677bde0172f47aec11e","9104c77c389d19a091b0893fc0a4faf332f41bdf370207d707429c331c2f0c0f","320e1df97bf81262b6535740b1ed8ae0ec10d663a3a4fc48c99fbd0180caaaa1","4cbc603781f948bc05a8d180f12515a0e9424d33251dddb7e0ee1221ce79a4ba","99c91b62e553fa654ba2c0ca5182c87b15651697f4e635e98a2c68355a134e84"
183,"CONF12","CONF12_joint_0p50","ac1ebb5d41882e2df7e84470c9036e1d1e39c9ef995b2af4296eb2cd43ca4838","r_serialized_pre_exp_log_matrices_rounded_9_decimals_v3",9,1e-09,"2560eb38087626429827c64130e6ef73d06337af8e1a1b0ae1297e0140819193","698364c74418671d6415aed5660556cc127c66cfcc5ad48a1693ebea29248df8","e58637fce1f3e937b69f1eb1c92c83fba6ec114f8934e9c402bb507c57ea9d16","8882bc60040b364c0d4d83f33b87d5d8ae26a03250be020f8410c3b1c1487d03","633ff043e78514d4c5704a2b3434c23b27f5db4332f224a3c99b48616300f179","ecb8c3b8725b417e415caa75451b06a861af14f2e6f03dc35a3ea28bafceb422","df113c77004fec03ec96adcc1da1d4abcd6ee987ab488ae5d9316b74004dd47d","044ab18dc48cc4bd71c2248b51df117dca284811248f70e498d706e17d3d7df1","231c282bf2b7a816a84f81e77d59fc6b2cace93200ca182a290c632799e36138"
184,"CONF12","CONF12_batch_0p75","a15de5f038c089cbbfaaa296a052e016b472caeb9ac1b9981093efb4f19d16d0","r_serialized_pre_exp_log_matrices_rounded_9_decimals_v3",9,1e-09,"6528115009f14a35bc6d7f45b1b96c73306c9aa6d89095500108a2a6f9734daf","4c76456d5786bbb70615e1322adcd30512911da8e929c4a185f7c2e4bb978b69","c6d411c50c394ccc969783a28943a9b83866fedb60925cac0e0db0c3833abe3e","cd6668554a906f2964e52e078cef5d76a816a2a7bf9df24ef4861a6b7dbd8d72","b5646493363ac8e4b594dc1f0ca0754cf5e8e6354853e11de085feaee913fac1","d183337e0662c52ee40c09e2bbe020b04c75acad35d057397b0e59028d5de1fe","175a6d61b2b08fb5cd645c1275165abf39fb385cc5eade0ac30bfb00f3386c29","722c437ab5a8c929449f641e88e225798ecb587ce8fd538bd77b1f0d4ff1f5e2","8f91b6cbdeccce1c70d8377b5b80a6f5aead423789b04777c72e089c8df761a0"
185,"CONF12","CONF12_run_order_0p75","4054309e6b111b48cb5243aeea7b51f09de1daa4ddb952d359abf3ee458030d1","r_serialized_pre_exp_log_matrices_rounded_9_decimals_v3",9,1e-09,"13e075dc0540f601a9d029118b5bdd93cc6f51537fc6fc38b66c807fabcd9fe0","d72b003f417d77547c4d0434d6d01b09b68aaf440614c36f971d3b07f9799eae","01771e4359ba89b7217bbb536dea62d863be5ebf32c7deb7c9fd1782323a1583","926d8e738f89a884d14c1c7fa5965cea02516b996a1f87587f61da10faa2e13c","f6604c2e708f1a24217704f0f8db5501b869a23b7de7d6e78f41a7b578fc826a","3f2d8144d4593719ffbe54df00ff52ec02d65c1f1388225053258d271957a9ec","0c5f365aaa9a0538c1d8e66e1043337c40ebfea52aa1d53cfc9994fd01001ce6","a8a1e32d93ad33d62957c8cb27342dda6264ac9b998a6b6cf7e45ce85b11b6f2","5835e76602d37bba53169841b02566476118772597e23d45871a21bed60e9788"
186,"CONF12","CONF12_joint_0p75","53280efb48125b8e90f6d6fb671f4176730821b7f77f294be6406367e84926ae","r_serialized_pre_exp_log_matrices_rounded_9_decimals_v3",9,1e-09,"fd46f2fa5f3ddaeb4c7b66314d09510bf1e57fccd1aff521088f0f9911400bb8","c76704839fe180f253d148516fcc17aa061da9eceea5f089b54bfef34dab165d","c86d52a9d7bb01a2562ee64c5e288dd3cd1edfa1e777fec90077891ed9182fa9","3c604c17e40cbe0f37ebb70dbd018288af7dfe52cbd8c862741d7eaa0d35a601","b07c58f0ad3b41c78d33fb17b3baf6e37cbdd297a5307edd8ac504777e5f13c4","f3f3271271f1f8404eea65928f0e1e11bb1fdb870d6c095e3a2c1f5589e1e5c6","c303615ab4a8779c4875795eb867d071bb33436ad25b977a45bec80d8322af39","e73620d13fea3b0c756b563e703cf3a8cf92f19ecdc33877abe60c27e7c4994a","ee0673480e5e53c7ad24c684c8f6b703038d18c970d6144aa57d2ae53809d13a"
187,"CONF12","CONF12_batch_0p90","6b8bcc670ee4181c85bfdebf3b6f62802cdaa2d05e252df81018cf57d7e05d2f","r_serialized_pre_exp_log_matrices_rounded_9_decimals_v3",9,1e-09,"3e7f9e3f7deb4fafd988675c23e05d25bc9e4fe5cc11e8211a1208dd92717d4e","836d2f45bc57ef364db71dc9bd2950c732f2705479eabf33fa3ea2825abf305b","f1b03809286c5837af7873ec77e849a12593888684480cf5a25d6d7e71cf72b1","aec39f03a8f5371352a5a5d542550f572e8417aacd4327ed4a5982356917d4df","7d043d3d35bc31ecedfa6cacd36f86bcc42d30d3b8fa7b6a26d79825e14a16ee","7ef9035248767dcf021d465f01e72c51188b83f2e0d25739d6846199a19f1ed7","db4634af7e7c063600d89415585a4d77e83ee9632d7c1263c664c80ae2b1c31d","9b4aee109c8612bbcabbbdfe23ba317126d048181988c3e8398b9e13c6e194b2","c41a588aca871038e7f2e465cb7ef3de32763cd12e08504ac625cd141b5d4304"
188,"CONF12","CONF12_run_order_0p90","d11021d871d230a9e9b42bbf26617ab614ec2b115ea36d93b914e469df24446b","r_serialized_pre_exp_log_matrices_rounded_9_decimals_v3",9,1e-09,"907f00250dde001798dfc24c571078b49c0c8908ff32f0f2e733249a35d9c210","d62dc3ca00ccc26bec6ad49a02d39fea764dfc64269b0479cd8e874ae4427eca","bd1c8562923c768afb6163a17bc71c090d804ec6955225c8ee7709c913d76e1c","f89ec0bfeb088c503d190476b3ff3f3176a5d3d499af86fc54f48ea911a91eed","4d42f01fa3131e4c2e7933c91ca0fc5043fd36e0ac7157fd24d28846458cd196","a585a0222ece8e328e084a5bffd48c99b8e4c4b888e22a4463f42a5ca5e27b0c","8b4bac6a2b188dc7451be40e83dceb8f7af2642bec15c4a63ee5a7af8d546653","270aeb950f1a73ab4d0498866cb2fc37602d87b844744ff2d7502de46f14fc34","86e89b9750a82283e727fc3b661b418653049e711c73e0754626a0ec2402d688"
189,"CONF12","CONF12_joint_0p90","2bfaa6c1b36bf51ef1ba22642d26b846d8338c79506d5529a28e49f3e5d9bce5","r_serialized_pre_exp_log_matrices_rounded_9_decimals_v3",9,1e-09,"f18d28660aaa313efe492352292531d5aa16f4e7e4b178d01c0353e957c5fe81","1a8daa5c8317f2c96a6087ed866eccdc801bc5c13b3635150cc2f123281ccdbe","747f67797024fcf248d899c4cd288ac4ae191ab76829e4a383d085dd0b33bd6e","99f1254c1fb344cbbf3c66294f9b89d23066cb4b3ca73c135d62a2439d8f1629","69b55e9fcab077c24d67358d377c949c201b4777fb48eddb234d1c128365f721","c91c59f8f0f51828172b2b345770293f3670b36da594f1b91b948e8fed11fd47","de68f1fb361ad2cbdf7836dd5cd940bb64fb479c1689203023fba45aae1d47fd","a0b0e50f0a575391537998e0bba2482b69aef08946fa6b796535bc884480e2fb","e953e37b98cdbe41bf93de38f2ec59d0e2138be1de1584873bc23671e01b15e4"
190,"CONF12","CONF12_batch_1p00","ab07efa3380bef692019b17e708b9c6a54b983fe825a7feaa68bfc2f22b5fd35","r_serialized_pre_exp_log_matrices_rounded_9_decimals_v3",9,1e-09,"80bdfc49ee4a23b67105dd9e4cf36289fefa441495847f9f608cd8557b9e211d","2117eaa1959eea815030621218da6938ada529234762a726afbc25d09edc9658","ffa94ca1dd15a672657b43fbc53f8f89aeaac038e2fe580d3583da6837003e4d","6c51f00a7f861377cebaa4278b1d0962f82e7ef611c0a28fb51bd7f41884ae6e","7a67ea2efe8e712af7e63db8e741984f531de1d1a6efebfc6bcd22d1bd55c626","2e9c65222b2e11b2e71877d4a664be5e464a60b330943adfe25900f5c8ac3dbc","ed162702386ca822facf767f1097ec5fb34c5b3d53b4356b8428b7c32a096969","bbc047cbfcf4846d03b8b5b5759865830e3ed52b2ff82c18fd4e210670665d1b","cf38bf4eeae8e2b1f7acffccab37a1eadcfec468c65a8dfe81a64ca3e09f554d"
191,"CONF12","CONF12_run_order_1p00","247a12bb318499825404e5991138739d80188ad8c63bb7796bc01f26ca354e06","r_serialized_pre_exp_log_matrices_rounded_9_decimals_v3",9,1e-09,"028fccd14aa6d789ef991575144e92534b249c957deb82bafb2f2295b842f3cf","abf7c9a04af0dfc976650eef95b59eac79d4e24bc533a5bea147562eb82c1275","b0cbc7808a105cb4ac0e30257bd7ca75571f430575aae2af57b74b496e783378","0490b9ff36b0aad22ae6fdae8147d599eabdf3c65a56b195df251677624bd7bf","f216325555ffef69b4039f1d2ce4667a019052cac2c61d9092650c98b6dab89d","d25661e3b1179862c7698435f5fbf3d2afc031fd606677bd06ade7c651faacda","17e6ad56a7d219ec470d1f79aa4bfd263dfd9f0e919059943b370ebaec94c847","baf87ed0341b6e2e8cb997c993d42e7a30dc0a301edc9f6efd97c6e09a25841c","609d5013b3f1a0d2691569507e511d602325e7274345aaa8878dd1e68874e047"
192,"CONF12","CONF12_joint_1p00","5b6c207265958f245f2369d1d78ec12063c8135c7781f5bdf978e38096e55109","r_serialized_pre_exp_log_matrices_rounded_9_decimals_v3",9,1e-09,"aa819f29f1400f546043b07c78db5d6e7c325a7a3bfb4e1dfd5f3311611b05a1","83b57b38805df8f30946a6ccf4c4bcc2758557fb76bf1b190b11ae0d42d3b6ed","ceb902b1803e38d6fa71a16d8834151311ccfa4fb72d6cc47f3c946d015fa8c4","d73d0ba3d00842a76233692bd85f702beeec21cf006436c7bdb8a0dd35ca23ce","cc62b8c342fdb2b2ae55e8f8c23a9de109de23efd7b5e326e8199e41d5391b41","2025735d4ff89d24b85d779806a742fb517b97b6c7a9355c7f3de39552e82305","d140f0034782786640c32058ff6f07e598e5a838fd2ab65a46f37b6071a8c11a","3b2798149bab5e713fc68713f6cfa78e0b05ffeaf180fcc849b05a0848018813","da2901b3333c04b16e74ed1244ecb3afcd446fe1c7ec1e9bc28ec39d694aa5fd"
193,"CONF13","CONF13_none_0p00","b0dc090352bcc25a9ca7356ced22b1df2c814687c4bdec85ea3c279d9f3e8d95","r_serialized_pre_exp_log_matrices_rounded_9_decimals_v3",9,1e-09,"ca5bb961f7ee6584c9bfe2ae3f101c27e753572468f6e3600014a06fbea9902e","97a2e72cd6d2d15c4be9c8ec36771983a6f8b07fb73dd4727e82121ab97881db","62216acb41922560556e7f8f867d20c0bd3db8ff088fbb371873fadb56d5ddad","473297efddcea9221cd5f8828b56c7988aae8b9bc87fbbb8a26ecfade15c566a","5eb0289d8fe7b280b9f45bad8cff405837d47757517fa30cb5e1e1017105ae24","9485ce3b01dfe7fdfd09804010b6bab8d3979f0be3e7aa919f4228790d674671","f571a2801fe79bdea31083700374b78f23815d810f5a626923610e114e6bd977","e6858bdfcc67496ab6cdc51726138507037adf3433cf133db04bb175fa2dd175","13c2ba2f834422f6ec44a9d637be68b965e5a2c9d8ef662bbcdf87674800d2d6"
194,"CONF13","CONF13_batch_0p25","bba2a723e42f5b42e989b7546c03fb2c88e5870d40017d0570c4f6a4081bf726","r_serialized_pre_exp_log_matrices_rounded_9_decimals_v3",9,1e-09,"eab171a2e0195ae4181c85892e20afa08d27d61a1cbc7fa599aabeae5397af51","db2babe665f728432c24d6027c8b9dc8ae47471c00e3231e39ef1e9f1fe12878","1fce4839a9085b7832c591b6c36b1952b570dfa08ead6e508506665c53a54bd9","da13862eb0b31518d6fe5e851098dbf106b72f680c79f056bf8ed032fb767847","c35768457b27df520c7a092221295c10b935a5ffb6c41101efd9cc8c92484d9a","64ac4d23c69c424f7cab12757430cb299c3c5976177d0a3826c171ad3ffb400d","eab13681a9dad390e4690b52c0afdecde4af269251d09bff811b9a26e76c9b1d","19a168710ab1e9f7754c4d1145cf7288196d31193c2f7aae4e300ea3a67867b1","330c4ddbff431df87f9d4c37266d8a085edb6b5619ade7e18f2f897ae1640079"
195,"CONF13","CONF13_run_order_0p25","7a22c95367ae38c403fa8cf94ff01b61c8ba0dcbda4d062c8cb15f65ebd7eaf7","r_serialized_pre_exp_log_matrices_rounded_9_decimals_v3",9,1e-09,"5fc020aa1964a710019868ee103e3cb099a43381dd7c0d19dc52df11bf09ddaa","2ea717480336f56b5cf5ec5e4e895a278d95868926f4ef2a2ca12b381ea36237","56ea09dbbbf9a5d1bce60daaebba12c266a4b5807d57e090f01ff9f99871c4d6","af4da6d8ff33847df7b76f0e6225d3aa6cdb3c1706605130dba802baded8a9de","7acd20cbfe24894e13d1d75ac24673b57135739e0874dd7f55dc44120bee912f","e56826dda22bdb0126376f1588fde0c0aee67f5d4f591b9956628d29d2bf7e76","bbfc1f2fb1b76a4f755f0b73b7ec1ff566182b44b5398772c5b970b52a7ea2d9","747cd2f981e121598bbe6616b2b72cc3dbf98bddf1eed31db9e7a759ceb50968","d5421076dc5da6778ea04bb1c9fa02dad6ec2ccbc092ee82bea68ae9494f6808"
196,"CONF13","CONF13_joint_0p25","55c7e08c6890211414c3bd1d6a7bf98a96738d65762e12edd5c66f19ad42dd77","r_serialized_pre_exp_log_matrices_rounded_9_decimals_v3",9,1e-09,"3691a2f5f7c40803201b539eef14d0ae8642b7dc33792d70003c1ce1130ffcca","d840914e16853286d97f2dd811eef051d9b6d5140627da3828787e5648b8bb4e","9add4b9704d6e6fc6cd62943ed0757f15037e0d0a753c73911fc056634661cd9","ec84d8a16706dd1a386318420a4d667d94746116eb781661847a82f1404360ad","9b6a99f2318b9ba7ea371b744c5bb12c3cfe0033d001f93935c6a170302859ee","0fc428843cc30b0c8f059d6d029e83a4972e6289838ee794e2e71ec34ab8b8f8","a0ea52e992967cbae17e6c050e4fae00ca4c70d2a3ed15194a77c66677272708","333ab06eeb79f843306ff23bdf949e45f8de63eee9cd42d58a1365899515ceaf","22d506d6c35d8226028312667de75a574ac6579c522c1ae062575146547891d4"
197,"CONF13","CONF13_batch_0p50","0f53706aa261b83dc40ae13c2c6c3f6343a30fd205b46b4b48e7e7f86c75de63","r_serialized_pre_exp_log_matrices_rounded_9_decimals_v3",9,1e-09,"8460d926883b085f767fec25dad388d89ac0486c22b1ed8d323e51f45e977608","3288a87eac185f68bf1e012053531559c8216e9fc5935ffe757edb396acba2e6","8fe7369e41d60e2ba644cca9a69dc0516ad8000a8607181b3b8e0c6dc97f1149","79cc32e887450e02a70820e0de3552afd2674bf413096f3f2b6ab53d4939e471","4e30de6f6cd23c20bebc80698b5fa331f65e7cc451f04337cd250ff0a32beb4c","5d55460220761c68f2e132505ab8ebf36b05457a79f3ceebd343b26380261704","3ec5d41d6e73f353bd49f84ceb9e107447e809a7c8ff971fe72a2d0db80bbd77","bd9edaea0ce547071b85d7c8b52d37eb9c472897cde90e04d6ce3075416aafcb","07393cf4c60e808754132328cfd7aefdb1d9ec1b86e1a2b28d721d9722d91eba"
198,"CONF13","CONF13_run_order_0p50","0e7300945809ecbec28428e1a5ecbdab633df3853cc41b61ec9554b0eec495c7","r_serialized_pre_exp_log_matrices_rounded_9_decimals_v3",9,1e-09,"1a1c39219f863e50c7effe3f1db111cab7e431b786fa4dfb55ca6f275933827b","3d508a105920c1fb59c3ad0696752717c7e39d22b8b6db090b5b768046335c15","6be1fa7d0f6b44df2169fc4f868962f7c7569f658b99e03a6f55ad58926f640d","e5dc7c7bb7c13ecc9f54cd9ddedbbede79bfbb5a430fca65bf922d1c38f2d855","b7b74da3d9ee1439c143154ae5c290a8c8c7592003d73e4ee4eff3e1df3c74ff","1adb3c3f5dbf1e9eee5d160fc7bca035fc9fcc00611f0112f0b75bce4346519d","bb981c5627f7ce39b83b6ad79bfb6da3cf614300ad56c84ddc17f272b355e449","f76650d5c4318cc423ac5c75eb738a328c6679d6c10e952bf2804d153832e220","b751ed288d628d1043bc639cd510a0e9c579bbf18b5220ba6cbfebcdc65401ff"
199,"CONF13","CONF13_joint_0p50","0c3d3630c554b398922c68df674b56c77cbbfc779fe16e04ec8015c5b003058d","r_serialized_pre_exp_log_matrices_rounded_9_decimals_v3",9,1e-09,"09e5168ab007a6d585dd85d99da364d57ef38ec7035471cd7200734d6bca9dac","e61f92643ce29dc1fde552e99b3e7d495e6be191f8a7c9de5f08bd198ad2d59a","8e61d64b7b90f85184eae4b4806e7169e61eea1cda37e963ed7a6f0e3fc7336e","ed71ea3e291972e883255ce3b1af99fb6fc763361b4f6af765b53bbfea959e47","d1ca922e3c68516841121b1794272d29a2ae7a53cab6d586dfa1235eba88a990","99c70e1a5225dd96e0649bbafaf4c93a8f2dafb474fd25fd57afe59c228a1d4e","4afd8fd7f91a7935b326764bf6bdb5208266b8dbb05cb5a4a4d26d2c739b8607","819a80bd3ad822a1ddf14293c771ac9366b3223772830e645d92065387650242","bb2db6f9a9875003be12956f4bb77cbbf4534cd29494cb687c03fcf207a1d7e8"
200,"CONF13","CONF13_batch_0p75","448b606a3613dc60888b397978f92a2d9bcdbfc82a5d5254e2397fd7f9167eb0","r_serialized_pre_exp_log_matrices_rounded_9_decimals_v3",9,1e-09,"6239b11a6712a3b7bceb10e1677c106b6130c722f7ccd90eab3a677e9ef4c6ba","3d644f3a7422cdd611a46c823146e6fd69813a2da4f948296352add6238514d5","79c7b411f7e7771a90577bb0c8b41a631003e6a8529a1e274af4dd59782e99c3","e873d6e8f9c40901a9fbd3dc4262bef2c00247a49d2e87f44d3761521b1a371c","6587d2feb3fc29414079d21674d40dc6f2897583f76ab02d45467b559487eea3","2cb30bc0b3667725a4f0e755f70c55119142f789c45375e7a62732028cfc7284","a109b7c40222b001f03a7426702c06ed3c06e4e82ad42d8868273f6ef562ffe7","8ebbde57937f3c221683b3c0c44222fc98c5f93ff3a2fe517c13a6ad31b166b7","fef1ae7e2799471691473fbacf4d7d9ad1a78a6342657984c6b1b832f66bb74d"
201,"CONF13","CONF13_run_order_0p75","a5bc7f3e3991ada405dd1e6ec422912e24f3f8e5468ad23dfdf09054b46ffcfa","r_serialized_pre_exp_log_matrices_rounded_9_decimals_v3",9,1e-09,"15649c5546891883c94c19e9a2de089d7f4bb176119d8bcbff799a0811d6ca8f","c223861146e19f807d911be8194ad05b026576fabda6a6bfbb53cc64a01a6281","09a18316d332f9046dfcf7f4f6f0ef90ed255c865a71963e22ab10120063c8b7","b937b20d6331d04eb133e732800428085268aff948dc10c56d4bfb4a00fa5edb","6cc4b4d1f036b73265889a3b542c0b0bd40f8f93c438bd81640459a05ae9b068","96222bdbe7a062d9477842a4a44962800ea9134d5321880d43a1a6c74f50f9a6","939e2f652f687ae21436424fecd99c12599453f49517e00cda91df6752a09c7b","8aa8e2b2b4b048a3f274d4343cc8fb15b0997d50437bbffe9062c5f27e12ac72","a028c18ccbdda112a8a10f65a3b297dcdf23310ede8987b42478fa3d4f03a324"
202,"CONF13","CONF13_joint_0p75","ea669c66bf20230b018cf95554934b3588a457bf8d413043cb8014a59eca5853","r_serialized_pre_exp_log_matrices_rounded_9_decimals_v3",9,1e-09,"d4e313b292de03c6501945fd0a49be3c8c92bc1fc2c04c4bb874760aba0cbaf5","57ac50515b4dedd295c763e8477fa959583dbfa86142b4bb6a1b5999f0b2f6e6","e4fe32c36b23eece6dc6a0096c024b9daf1a6874017184f7364f0febb5ab865b","f39aea1d86220c22de0dea67880608409744708ccd28a3a46d277d680987252c","6c8c3a75f090d423303ba2be95a949da6ca513db3a425bbb04dd68fa6371e541","6738153501b1c5ee77a3c5239a184494b23266a904591e2311cebfc478424c88","6716eb102a4ae8d1e0fd3bb386693a321fd5a044f32ddb5579c4909f51364c9a","b388278f97b8886eaa78100eb236f8e33b3e8eec2aa93db4470764a9c1892763","13967b9a5bf9f3599c04d4671c95bb225701cdb2ad0559ccc41a8318da86afd5"
203,"CONF13","CONF13_batch_0p90","d8192e65551f70bf1cc0420d0a1ee36843266400f0eca0c8785827c77937187c","r_serialized_pre_exp_log_matrices_rounded_9_decimals_v3",9,1e-09,"ef79416f6af5ced70d4712c669c7a8b51de06ee9e04a677b6522896543af9ee2","eda359e21cb7b4bd31a502586a6c7c94a6e625a22a37421d519d877341132897","c8ec4171d49c8eff8b3b1279ceea5f76789eccd4ca5b5fdecda3038497d1596f","59ed19ad8460b689809f1a2c41e4508c024259e08d24ea82af5e0ffac386cf06","485a7d14261ce347dbcfbcbce3a18f26dc654bff08e4df7d335236379ebe68d5","a47f0e0b4bfda59f32de3c836af8dac93861e7bbf7c6301595bea4cffa79ce1f","c97d3a6ffd5287c79d68d6a98803e8d1b512de2604e11f1f7b629ceb1c1dfe1a","ffe4b0c7d55e77665be50bcee95ec8873de2df9d4a96609418bc04c14562dbe3","0ae56c27bf4b083c7f24e0d3a6a4afc0be413c91e218f24a8073966109a3cb4c"
204,"CONF13","CONF13_run_order_0p90","a050eaa10305216de106ec050346d029c1108d021f37ab23ae56c677514decd9","r_serialized_pre_exp_log_matrices_rounded_9_decimals_v3",9,1e-09,"b3bdb328be949ce98c323a281c0eadb85d10f5917998d296db8dce5c5f9ac234","828f744088c110fea5a95957eae3a28bf44c30cdf35b534e8e2e2015a90e1681","c7c5f60a4bdafbbc891071757b573c5a0ba0e47adec600e7492ea0ce3784d56e","9792419888d2e685acd6fce66a408fe476b09921bd6cad642a45f73747011448","a283707fd6920eafecd38c56dd761d3cd0bc463cf318f7b9e35ef67de9ea6b81","791e7b23b823cfe3fecfc33429da6a625815a513385a8ce8942dfdd4652b8b29","e16e71dc485e85fe62ae1ff2d2184a68e8647ce72761505282ad84235368989f","f5b8dde858ffbb2e5c1d6e83b562df118a021fdf89569e65f0cdcf25798a2983","c74e75bff9d1b87bbda7963be445c88b50755406b252ce4f3a8dabe2f190c117"
205,"CONF13","CONF13_joint_0p90","9879db8b412bcc06264cc47cc0eb2d54f44f1a019e9d48c995ab81b4ef541adb","r_serialized_pre_exp_log_matrices_rounded_9_decimals_v3",9,1e-09,"03c346a1d2783a0a98a2984c8750be8a2d925ec941acb8a5385a7c194f05f330","c4e55791f8933f780062690a23fb1082ea8713c53b932e9f3c9b04e0fe4f4a42","1ca4cb91245fef12ddd23fc06795b4e6c52a9c00e2b24de8362da38b4a0cfbab","535e15e83ac06d07b3b524335bb34b03183ed546a93665d80f6d106865cc9460","8b3cf6defa7af137d7a329da928b4051cd8ca738a0ad8df8ff20980818d8ac27","92772719250ab4872f27fd842f30b9d2de943aad703f44079790a6fd2af9f07d","4acc55bfeefce86e0ff4469b412a57609db69f809f48defd997ad5c7bef742fe","3efca0a2f7bc74a6bc3b475d403307c0bb0719ca84a4561041921c79e7c1f531","8d8b6cede0ce05fb9fa7bd9d9f9355c71d63a745aa33799ce7a1211f3b2e5d9e"
206,"CONF13","CONF13_batch_1p00","649d4ecd309a708918508760e989648c465749f8b1194834bab6d137c08c8bbf","r_serialized_pre_exp_log_matrices_rounded_9_decimals_v3",9,1e-09,"93216c3ac78b13c9d36cb9e2fedf256595443c1066a6fd389cb277c50831b0df","10ab150d977325522731ef16992db0290d636041c463e3970d4dd0bfb59fb968","f09d613ad351c06d58b3c5b4e43c0b680b43e9cfab55bea6871433a773e38659","a20322eeafa987c59bc2d0b753f879611b1f9abdba4c8f6454d98f2ca21e1d36","5d5c7be269c7842be1b63e39ff01509811af6a78f93858a01f789257985064d0","1321abb50c5d2711483a09f00e8495fc74aa3973465daed0277628e619c212f4","2bcccf84e26f99ecc819c8cc2e0893260953a00d3861fed59b301c9da270c2cb","45cd2b3ef8b832f85a985e5cc9317118e827f231f868f081d9d8699dc41febf2","9ede364b0d5bec3be96dafcb670c84ccc6a179a3bc75f1d6a3d682d5139bc0dd"
207,"CONF13","CONF13_run_order_1p00","af69a2fbf0202d7522582cb8ab7e9089d16d2feb543198e67024b489b63d77a9","r_serialized_pre_exp_log_matrices_rounded_9_decimals_v3",9,1e-09,"20e27dd940425eada6828a1681b0515ff4c1c4fd5f8553653f1d8f6d1772b94c","b243d2a460be9dd96a9601b20fe56a5b66f5de2ff1e8105f2190768043d55ef3","d44a114cb4f43005c15d02d6878b4b5b0bf214aa387e48e95252e64c104a3211","842d8e2beae21a999922c1b0c7be341b2276549f7d4080a824d5548995103940","dfae323453902f55692a7c64653f093afb30fcd098021c9a83be51d22527bef7","a15527b4f46871cb87b535851782c4c9a548e578f08ff1d9b87fc04043c2fd17","c4869a74ba54ebd9573053cdd03b944f8a35ce09a93f48f6dbdfa3b78dab58e1","79d9907517587e4097ea6a8c9fedd81dd6992587f6dad4ee808cc39365bab206","b5b1292bb6df4623c7f7c495ea7435355c8d259c4d37e24b948f1cb5641d2be7"
208,"CONF13","CONF13_joint_1p00","6afada7a50042a1993bfdb974cf93edaed7dbad436c99c6146c6a2134ef83615","r_serialized_pre_exp_log_matrices_rounded_9_decimals_v3",9,1e-09,"23f968b4a23d39a35e311ccb3f675b1bb9a76d63b99586d2c0609c70608d4d6a","9f2365841a643dbd8c7fc5823b760a3f4a9aa98c8adfa727dfd6d4a0bfc7e8c0","71ef80e2d06bbb28f6273b93b3795b02e0dfa05357d5a60d244883504aa9c53b","91a4b3046ec2b8ce04fc7185a6a46039585328c5a01eee7910b91407e411409a","cc2a8335194c6eaa7b652250473a096d783e411484b8d7e2511b8dddf2fef83b","d30e666d8c7f0990fadedd196bc5dae2cf42a57296daa146786e48ff709fc29f","6ba10dec28899d92b099de32a7682df95bfad0e9417609ceeb1fb555cf3c39ba","e603bcce6917440154815513f72999abac89156dfd1f022289a53f095c5e4922","42c4faa06cdfc1e85740bfc12e071419aacc57e2c0e00c058cc26500db0f1aea"
209,"CONF14","CONF14_none_0p00","829f5b2dbc4d3cfc794117d6575a69513fe5130f30435918ee46b7285cf19f4a","r_serialized_pre_exp_log_matrices_rounded_9_decimals_v3",9,1e-09,"0c6d584ea5b7179b72222fc02f56c4c1e56a12eeb055eac4f394b170364f2ab2","5d4e329d5c31973d9c6b4f316a25ef89d01cb08d18ed1e0261b7d2cd6b1fc025","37d56b6e91edef8d9f0c0087511125d3b173c10dfbcf5043fda265add3032259","688bdaf3b5bd1e90546ef8e76c16960e2356f06c3052e044773cf713a215777a","928afb1077c6da337e42d0a46a6ce16f5e912f842900d6ebf056a0bfcd6d744b","006182b567ff3a91faccf00b9ab67ca97a89dad300ee98e4d038e8b3125b0f62","bde3e0c9c6e4740da096dc1423ca1af32963996c4dfe8a8893a09d80cb0facd4","cc9d6352b453e94f817845a92c09e03426a355981cf956a532ad34e44232a1a5","a012cd75ac8448ce4bb6ccd024032348ec3b94079eedbeb3cbf4307dac570447"
210,"CONF14","CONF14_batch_0p25","91e176916c42fe7ccb3a0a550c26f3e1dbf724407a324911f1fb2b26e209739c","r_serialized_pre_exp_log_matrices_rounded_9_decimals_v3",9,1e-09,"fdeca03502d1bb0e792ee11027c3b22460ece9ad8e81537161b3f04da9174855","84e6e23f83658da465daf5b93b83a62e1bdc9d706e50325c88fd8fd7b041825d","a6704eb9a17b4e9fd6f6485f24fd4775596230a53e31c7936b0dab6f5a2a1afe","c1ca949b83a6b21089cdc218c53fbf80551a56b652eaee0db3f11e6ff51b9da9","32dbf0f91866f34cd5aff98d377fe235df455e7f8504247adfe5c798528eed15","5595c072ec52fda626a7e4f7ef174f4ab238726f6b29dfe3a2b94e68290f6a5f","d9f98d94e981a0c9cb31f719e3b16acd16120ea97457e5b3fe6019f6cb5b31a4","9e51e9ab72560ad4d2f6822a497f977e3e4b0bd590dba0c5d3ae5879269662b1","486c06b911c5eeb1992d5970215235fcd9c8e49795454a6ed76dd97f35fc6053"
211,"CONF14","CONF14_run_order_0p25","4359a17ac27c3a174f45dd3ec9a764ac48305c4da63cdbc8d03f4e1d61a79b43","r_serialized_pre_exp_log_matrices_rounded_9_decimals_v3",9,1e-09,"7bd6c2b68667e5b202d12f32f0ef2c32c0365ae0c87da74b5434c31264144bf2","522331640fc49e9feafd1a47494d016101493603c7a2bc6d1624d1c270500032","2c2424b06f728328fc268111d38b6b39c5fa31eb22698b94db5d4eaec865dea1","3b3dcc5869a27c9d5ddfe64cb001070d18cb82296edb893b61732fec8d29f229","a7758e110d604f108e8accf60bf2e71f1e030c5cb003e7fa225c3bba7aa8bf13","1567153cc825408d4a94e2daff0bff9a9e458766d889ea5245d2ce9808b181bf","bf9deec75c7418358cfa40bf577fd4b3a3504e09f6a8fea03af37040403d564c","cf806a403ee3b405502e6f4d8c477b41297dffcd50de950811fa521c2b39d56c","3ebb4adf0c420231f1e88c5736d8cfda21f40a90edcccb3dfcfbb040ddc756ec"
212,"CONF14","CONF14_joint_0p25","1d785717cc9d7546e50a9c5e6a50c1d73cfb6cc4463f81126af0eb6b3186ffc8","r_serialized_pre_exp_log_matrices_rounded_9_decimals_v3",9,1e-09,"2a2d3490e4696680b05b2cf6290e2fdc87c98fe12ad2a50877adab1eff062c8b","a771af484a56e60e2604c142da7678edd1d1d571dda4449a806e6ff30220c1fd","3e69062e5b49a8aa207d7176d299116480acdc692edb5c3a4c11a61fb1d217b9","e3267a7b68d4213801c176aaede3335eedc7b7183087e0e939787549ed48b4dc","0f12069bd5e543c2c60654c8cff71ad68d90611de0aaaccdb925e5b2b18fc5a7","d523a5a1404d22c7dcfc0cd43c50d5997625805a5eb5d91a7d91feec86fcc134","ea90880d5daa6fb3c04a16a16c5e0c5279912102d0c21e8bcec61434c617b2b6","dbd3d7377484d2ef191d9ee30f80951be68a1b516cee6f16208997506c549adc","d6eafe268bfc4b571ac755d2695dcacc4ea9441fa86ca378a60da2e535f56f8c"
213,"CONF14","CONF14_batch_0p50","7103ecca99c74e50f576917ad45ee05cf541ed332b44a0441f6d07d99f9e3c81","r_serialized_pre_exp_log_matrices_rounded_9_decimals_v3",9,1e-09,"53f2a6468c1d64752982b343b16a8b1fe7de5936fd33e33043b7b111fc782e1c","1496c1dff8310dfaae98ab4ef5698a7b321ae24ef834e8a6861711b9c1b43576","6eeb4d92b81fc48cb32eb6408fbb6a804d7d4479b431ad84bcc243996b60558f","5372f4ade8542a43739db617624b2af37d60d14d403e9afa1ac0b05431ee3c03","f4283213386d7845b439fa25220dafe6749bc9a77efaa8c01760cf40f96d31bb","8eb4ad22bcb68b47b96fb1672aa534d4a2689d50f7b46d717f26d6e27f0ea6db","481613e94eda70cc978410fa1c934f81f448324eff184f1876ae14622df011b6","72fe7e4e779bdda28fcc9a367a503c2e4dbb7999309ee318e1dc245430700efd","17c283eccf330147276626866d46be0c338e15f622014279a0ba7ba471895d44"
214,"CONF14","CONF14_run_order_0p50","89034d755dc38ee48245bf563097ef2eecf3c46eb762a4371f271d579316e9ca","r_serialized_pre_exp_log_matrices_rounded_9_decimals_v3",9,1e-09,"46759d2478caba0956467a236d789bf34d3db5751a2170cb869413531ec44b99","116e7e9f7f339c05503c89d1e42f830a6c2f9415928e160f409a215a5d6d5b8b","fbb4fac962876c9eebfc8ae2b88fe8ed276063b2d955ffdd4d19421fc3dabacc","36df24f893adc59778fd5681c19cc7c248e0292a3090298a30c2d2185685cf5e","29b0faa95ba04ffc7ea38a94e7996dc05123d7ff164aa431ab0271a77cf3a0aa","c14b945ee62f689fe8c89291d0dc5b2ccdcb48185c2d72c8554425589ab5dbcd","ca69515088a53b678186f121e2703135067c2cef1403827fc6cb0320013f2217","6daab8dee57f5fdd0496951c90e0237c97e9c04ba3fbb274ff9d681215af669f","166996f8630d7cc7cf3fca624e348038e2925b6123925b84478da4f603097355"
215,"CONF14","CONF14_joint_0p50","6541487b2c9e31ab147a9392211815bb040a5f6531b0a35773913d13752bc188","r_serialized_pre_exp_log_matrices_rounded_9_decimals_v3",9,1e-09,"1643443e2650aa08f0e6ff890064dfca0342f5895338dad1ae874b2129360e16","c9fa7685608776ec23b48cedab55950c24524f78be7a19ca84eb240d546d819f","d3917abb7336e821cfa4391d918a80d402e333c0cd144591743b167429e59c65","ef3b3c89250fd400f3536dddc7f1bb90881b366171797616753c0a8c4507ca63","b3df20e79d6f12dde1a249ac0c5c0527a5c15be72a1eab8964e9629390c9b887","a90ae388efde5ce42d31cb19c62eaaadf3b652ca024df16f736826198ab42524","60ec98b738529fc1401eea9769b01ddedb48b99d60284ed1b50ef8fd66326fc2","b78cca0351dbfffc2d964f44760c16f87d5ee00e37099cbeb2c6cd981b0a8405","1a6559be7d32a00b48d2902339857211a777cf294356d173d112ed64aa83b674"
216,"CONF14","CONF14_batch_0p75","63853dc7fb1c1507b35c71bc602fa4ef9e6152a55ace4231c12777ab527f91f2","r_serialized_pre_exp_log_matrices_rounded_9_decimals_v3",9,1e-09,"a6a5378aff5689cb47ec832f427b6e2a83225a9adac31024e2a4756bdbd0b1ae","b0bbb4d41bf484d73810dcd24bd003862b69a5cdb90330dfc85c55ecec52e2b1","2be583ca5f695b2e11460f4df3ff996b5a482af76ea955f712aa0189fbb16d94","d55aa0d17b15bf9e432500d8ed794ebcf22b8a1f0d7184f1320b1601debcf4b6","8c40298ef63eefb5936611f8ba1249edefc19e1d28b16605f0cd9347195124b2","0c2d936ad83e350cd1991cbf78287c21efac75ac99106ecc74a09fefd43a6bb0","5849d5f5bef109c626b5f5fb09fe2529572673c0f8073c45e17f146acf3b7da6","87bd709e0f3603bc195ec13cd1d831b859a6fbc37265d3c15b6c0c9c45e85ba3","5df2dc599d991f046eefe13c003e0a84e76cf19a501e990490fd0dde206b69fe"
217,"CONF14","CONF14_run_order_0p75","b063967aeb46ed18b9da842769d33272d038c1570309efb6278c92b3ee612bfa","r_serialized_pre_exp_log_matrices_rounded_9_decimals_v3",9,1e-09,"455f974c2f4c72eef33b60bb84d6c6d92b27114fc75887ea724f9d69ceebd160","45b52fe2d13831f38a4ea3b0014250e426a07e9063168cbd96657b80c5a200d9","ecd80cd27606a0985737f07fad7ac5eb8da829de6a23cde20460f54099932a46","37dd7f328e6ec3b8b3293f0627dedc8429902d5cf537908b790c25b3c0704941","1035bbca15d7655b0ada6c986016be2dafaf3bb0916604285cb7a9be77cc41c7","f6f5d2514460c8e0f1578c56b70dc2d6fc253a79928b77b635d6176fcc846817","ea324e7120d83364e11555ba8b005959e0764281343668a776ac98ea0038d11f","7dffecad3e5619b69d87623b11c22dc0da8506832de9d363b7ea083797420936","e3a1ce933bfd1637971a5211ea4eb3034c43e615dbfff7cc7d02509790568a6f"
218,"CONF14","CONF14_joint_0p75","208318da18bd61de0aa5f76cc3e8c276f1659cd5b4adc7e5c65113a5d9ca36bf","r_serialized_pre_exp_log_matrices_rounded_9_decimals_v3",9,1e-09,"3f6c67fea072d3fedb91471294989c7a3a50be3606ebc7b2d4b1d659f32498d1","ceb678669f06d06f79c4d8c098683c65ae505f3f216c178cfeaefe05c2f484a6","68cb3f5573b882a679bb3eccc39441ca24631114f96793bbd822e3bd6682c7a4","89ada8dca015c70c356f081771c0ad86a5220f6a2e7a0aaa4e0b3febcca76682","3e51f0e071c401ade5fd259e993c1f8fe46376ff2d31ba4274fe6858e0f636a2","e57355a5bfa7e9aed4633df34c8a2a472bb68f5eb5a3782c74fb3190b68e12a7","30643b197ab1acf035c3a50faaefce4b2ccd5f5f91ef72e80b6c8d1de15e4b5a","06e219e8326773ff63cfe64f52c7e3ef04c35167ab86139d8c3a206469454121","85c997fbb5bae66a041741a22fb3c11961af415fac3c82ca0fac4ee75ec3c162"
219,"CONF14","CONF14_batch_0p90","6d111318a844e0ebc35ef815f5de2d5c4260b9870cdc5d59b719695a552cc0c1","r_serialized_pre_exp_log_matrices_rounded_9_decimals_v3",9,1e-09,"ea2707b98739becef85ccb07189775ed7145e38f77d4e1a799dd0e2fa3ff8479","f5da9043f46b737476ecd9f4bde0e82a6c61eb07d92ee8faa4a06109fc570788","178d191eb05c68efc69a9860f5602c5d2f8ba5f214b445ae0eeff85f925b6297","8aa3ee8df1c682cbf7e0558ecca8696fcd4a9c00833cb65cddf45707150008a7","bb2bff00254e9d871cfaf18785fba563cc23ab97b3f28d118d3f33d98d0ec393","ac99ccea9f58ccb4df1eef632fb78c3cee81156b013c0d04383d6ba4c341a993","01fa6105ec6e41dea158a5582fde24b73b03b87e90eef9e227c079cefd622cc1","2e69336674675bb836f54ed1863035c8c025ba78abb0c52a58dd3805899acf04","2f458d704994b1a7ef8d5a9ac09b9b0dd0653552bcd7ec9bbbe4b03041ffe2bd"
220,"CONF14","CONF14_run_order_0p90","26f448fc3d9cdd9ae481b27dd7723bc1c3620f75df6a6c3f3243164bee10ba1f","r_serialized_pre_exp_log_matrices_rounded_9_decimals_v3",9,1e-09,"3c79bcf3e0a575abb032500fb844dc2568cb6954e9b9ba0d528d94461fa4116a","b62e60429945fc51d694f51baa34d86c5a310bc81a9fa01dccbfa6a471ed553b","d25895e826bc98e2fd70afe6600c14dac7d5f951fb24953d951cfec88d35c9eb","f38ea05a715efc0359e65d7d3079d88b2f231c5bd33801863111c96a98b2b5ad","e6ce2459c5abb5e0117f3a6f04f28f0fa15aaecbc0447d302cb1fe9d6288ad54","76f835e8d3b34aa6cbbee2cf3856d2b6186db61cb09739017b53c6441042d56c","67e50179b1c3248aadf0bd1d5832abaf02bd980d79952bf85453b18ed953490c","dea3bf4ca2d6915a6969ced08177e05b0a955987cf88f06e2057d08c1c22b76d","d6b694d427b387dbfcf65adfda8bd4b261b5410d2bbd744b04b5474a463d29cb"
221,"CONF14","CONF14_joint_0p90","70ee0bda6ede6b2bbf5dbe28e32b77fafef9fdf6ae66b75c0f31097d35f68534","r_serialized_pre_exp_log_matrices_rounded_9_decimals_v3",9,1e-09,"3c64fa4e873cd4a04ed7c385d63fc20a605b7c2dbdf6a7b86c55f17f4cb383ba","c106811385831479a33b70fbda5f6f32840f831f544c530723e898d7272fbf51","8d1421353e4e247492fb11710eb18b55e25749c042ffb478093a58ac7f5ecbf4","95d3047ea2e1b0d6030a1dd6d93380745006e6b5c296123c2550a65dc407f691","de62e77efebd299b7ad3e7d06324533041cf0d1db384128dd7cd616c89ab707a","88de732ebefc2a641d5b84fa80451bc2cb8f4444f2af8189f8b22a034ad1e23b","2db16f4a7f2710e899295a43cc6030377f3b883db1589de329ee5d06146f82f3","a1164c0914c0681ce12cee6b57d0f8663e69a541ec6e3f9cca729ab3ee543083","f76a6c94bb7dc6e6850473458b161a92a80d06a5fda1e1f444ae37954b3b0cb2"
222,"CONF14","CONF14_batch_1p00","a62b966d65e3b6546579e56a6d68cf52679cf93da4b0781e7ac7fc409808f8b6","r_serialized_pre_exp_log_matrices_rounded_9_decimals_v3",9,1e-09,"69a67ee78a79348e804d25a288a783c8235e150d8f3d4c6a84ab59b877b799f1","d9dce08a5fcb076327bff54687df1adde470fd42689951c57abfd84a5d47d93f","356ec15872a66b4f931872c9cd22df36323a99c543032d33dd9d4dd2394e0f28","b50624f4d2f1ec828d269b2b148f902805464032d2ea698badbd08b16f40437b","c28845a5acb2aaa09e0c52ef694732b3d0079b1247b050ff4add1e6cbb834ee8","5153d77eb321ad93b193d71ebff01188c44b34c8d8d304dddae9f7fcda7cc469","42678d7a0372232cd7e5b0da7d18e2e06d0298893a5fdda7867ef8c5f7a2efad","7b753137f04ad43028006301d35c675d1753273820a4d7153c60489d9d655dbe","cfcbdaca56ee2446e0b6d625d1dd99721f5a1b07a64f5cdddd1a86eb395dee21"
223,"CONF14","CONF14_run_order_1p00","2b450a364a788f352709b14ba272122964245afbbc27f733cfe33fbee004173d","r_serialized_pre_exp_log_matrices_rounded_9_decimals_v3",9,1e-09,"db54ea5a8c5c5b22d89e5bb6dcbf0a17c46449293ccb7c51621a5ffbb1cc220b","5f3a504b4cde1ad64b3191659ba07ee40bdfcfd2d9ff4c19165f4c584c9fc81c","4fb82756b7cea3223e713a9987c4c7ea530df2c621db23de1ce6cebb002fe695","b8e7a3e2e757ff9a40f8007fef4066ca1ca36b5fd4d51230967349ef05a8b2d7","5bd950d1ab284c29b3a89e1d5ed73c0ba24d7a1b2168807789e5ec36d638f53c","521788f9ee76917de0c4fff99d8a5bea60615b4abc0962153d28bfefbef3f575","b3775a596eb8832d06b98f8a745fc3ed002ab293e75fe780b8791680fb2026f0","b70f4f6d039915996205e98a5769c254c632161605532779853ce6ef6df9410d","058b35605da99e0896f927e0ef8c396c651319133a2042d9137251f5d86bca3f"
224,"CONF14","CONF14_joint_1p00","9c9bf996fb906a6c42d3c1bf410f2bb30c54179df98813228b4870a8367b170b","r_serialized_pre_exp_log_matrices_rounded_9_decimals_v3",9,1e-09,"d2a2b449bea6f13c20d550f6894c372190bb4d8b1a41079413912a277d96cb68","ad26d28da5043c039d07d82b61179f3764cf4c01189db016cd42871600df42e8","4d94ba8d832a5584061273ce644ecd1c62dcf4a9fdd6e78cd0be4d46ed79b3c3","9a38f9e498b3150ffc06df488d3200a3b212b8e5cde12e9bf0c2f466aa59bf66","eb58d6683d6902ed7bb7af275ace133143fb32f011b18f2797c916c63b742f93","e153db6a974be64ce866f89e3abd077859104bdb1596a8e00d26ada45b030f5e","276fcc28e0a9015eb4df0b2d72f8a9a3cec9fe567ce791efedb0aeb6cc496c2d","91e46de22ff1bb557ac371adc7fcc5864cb2ecfe559d66520a3c800eb6abb65f","aecc4035b20cab094eec0955dfc7e9d7ca2a11a1f371a7b9b46ba8a78d90cf82"
225,"CONF15","CONF15_none_0p00","df246a755b361dd709bb77a23f7df334a24479f116a25632675f9a652aa4438d","r_serialized_pre_exp_log_matrices_rounded_9_decimals_v3",9,1e-09,"c03e0ef9b0e3efa10b7b6ee4da70c2a6de465da880e99c57de125544a5c7c179","41e8c044756301ba61c335628f04bf1cb4c8181c73bcbeac5d8917965439ed02","959342bfc200c0d68036e38c2b90aaabc622d0786dd6dcb926d225e3031b3689","d21720309569a68c37259590da0d2c671d5668eaecd4047aa7d13899787bf68f","d234f9218d979e23b0663dcad476a886ddc5d5d96a2b56feda150039e390d34f","35f1fcec64939f77ab72f29f439f94baa489acccad849d0bb08d94bc82bd92eb","e08eca582d1681cd25a58c3daf88b8e53277fde3721339a89ac0ef4d0b8adb61","be9a7c6801aa585aacc67626f661c9cf4785cfead33620a5cc2ad0bd1f2bf5cf","c19379d461e41a3748df7024cb4661b2637f036ce2fdbcdaee47fc5e2d7371fb"
226,"CONF15","CONF15_batch_0p25","f3c37723b133bfbc7b1f415601b19cfd62875815afca09358846b9a62dd74e03","r_serialized_pre_exp_log_matrices_rounded_9_decimals_v3",9,1e-09,"d05724748c6a3f74e937e8b718bbbce4f5d19d37fa92e7f065946b517840e7f8","f82fb2e858a6b035ecf690749c867767a10ca954b77f83c8b4bb2a8362a54e12","91509c531389c9dc8db42dbfc4bb0300010fcd3fde20eb0a9cd6bb25f1711d27","bf1010c1602802a6ff07b3d27a38e3ec77bbc45a443ae0ecb511d071456fb7df","aaaeaa32f03def0836855beb69e2a2596d9ad4be504a044a1e529d35d77dd991","c6d3d8773b30f0da4d33b4080ca80ae065f33712fdf7a9382ce8b4e65d8950e0","d429a3939ff1245a3e40f7d0fb8db7f1b18aa0f612c7f31a244dd7de88cdb51e","94f0cae2dadde116fce65c7f152c84c14ac023b4516b60b20358149fd3c56592","2bd22b922e26ef3c28356af380f5e285083f35a3c130f7acd773c50277afbf20"
227,"CONF15","CONF15_run_order_0p25","6783b062d5396a3f7df13df8251dca16ef295e7446245d940066adc4f54a0181","r_serialized_pre_exp_log_matrices_rounded_9_decimals_v3",9,1e-09,"7f99ca2d17a8e81bf6033d20cb73b7e0f8b40e989856d9be22c8ffde9a7614ee","42a375b307c01d7e8e39f33dfb3f348eed8559c5963e376a19d14c3b23c935fd","480dcd96f2bc3ad2715337377003c340c87761a9ab15f88b5c614b4b7a1f350d","7b694531845fcc1329cf82649c2ac2eeb81dd8ef44c67355cafe116a67fdf1ff","2d3986a8fdc703ac9764ef8f03f8f5f38976d12898b4fa124d65af1db32fb8d7","84acec285eff58282ad0dccefe147d449682b076056d60b7086a99115d453329","10457273b1daa9f0284cb455227258ee8a6cf7fde2e6e75fde588dab4da8a9b1","435f6874a401fc2ba4218be0b22847e6e0a21c554736f8ce716b576a65dc38eb","4cbc918179d6458c102b4b9d7cc559fbd622d997234e33a4bcbb866c4c19ad2c"
228,"CONF15","CONF15_joint_0p25","5c78e44ba4ebe293e9645f001b2cdc56c265f32531dcc43e94380f0f1bb9ee71","r_serialized_pre_exp_log_matrices_rounded_9_decimals_v3",9,1e-09,"0fb77093c2ffebccf2448058892a3bcc5a415d8200c81c64cb0a90ff020807a3","caa906b665c7b2685b7e8365b4619235bfcdb346cf44eddc2198f57c4a4830a6","105ed68d2d4012b55b58d12e7fc531fc19fe54949785e54029f6cc00802fd317","0c5b91a39b595d0b2d4f278cc2fb3c859a60396bc21c39d597102532d1c34c1f","c86eb5a89e4fee769af75ad72adc3a6c4f4fffff8df13dc6bea4580110d3cfc5","5b0fee31263410157370023d20c4ae2af2b740e9bdf34c8cc4c10213fbed391e","a63f934320066599bbbbacee6d719762fd1eefec3b776ff83ddd159c2305d9bb","c8b6c42f40853f538fcc6915c6e63b0d276d88341f9cacace7ade07a5e956ef7","9b5e8aaf48b77da5e91672e9aa1220e2006a88ef9ae5b1a5eb10d0cf90e793c4"
229,"CONF15","CONF15_batch_0p50","48f82263c6afb8ee2eb41509f649d4ddc952508e606c8ea4a1044488ec546df5","r_serialized_pre_exp_log_matrices_rounded_9_decimals_v3",9,1e-09,"f5497a976a697647cb000a84328c0ae0ca938fd416747244b619c6634ed9cf24","79f9ee4187fc04cfeade3ed156b5450efd3025713d65d041ef2a4cf5cf380df6","42d0a05812c2102311250a24cc7229a21959a5dc5f08bf73564c0b6aea9b2082","7139c640f4e17ccd7c7e3d613fb117d0abce8aadb66f62975eb339286d50aa48","ef88cdb29c0729ded17d3944ddb026277b561dd5c77c512343c1ffdd3c35c6c2","c49b5af31c852d91397247173c11c4ed5db9d9ffe6449400c207299cfaf25ee6","cce231a561414c68d88491491fabf3ac9cf0d7f2b171d29e0cc0f1de08bab26b","37b5b4629a86e612997386d4c3c70679ed9a1efb327c45b907857858fda83577","96b9529b9350c60e95fd508f02c81a4127e5a44519303a6d9ca492b3c562db61"
230,"CONF15","CONF15_run_order_0p50","aed57667e8a61639935d347f4c06061bfd9d20590ef014d082cbc6ae3cf3cbcd","r_serialized_pre_exp_log_matrices_rounded_9_decimals_v3",9,1e-09,"04ffa0a69f48435621a3115d32d4fee6f8e92d92fe6c0429fb6b03ef9fc3be11","93a4ab023f8450623cf709e19e1d5343a4ad7486b7f02baa0f2bcef7ccce6a3e","e1822c26670a03e0889326f16cbc3acb1b5612c7af1301ebb4cf1ff3608381a2","d39114c437cc71cda6125d64e5f2bd63e8759cdbd253d5abe94e0d6a035abc75","2532c82110001730693d1bcdb8b0f218741036c3a297dc9e0feae44e0d8a0846","7dc03dd30eba909f23231e58dac1f20e66fe467f9ae1ec83bb1806f94f4cc8e7","b09c3a2993380cf4b7af15708840465582ac97a453dd5a5f84ac80981a9435f0","842de555e47de2970b9ced21f37c1e93eed0801a867139b210feeea49decaf7e","57dcc9897a847c4cb1e9a30b91ee65d669031d5d80116fa8f4958b9ef6db60ea"
231,"CONF15","CONF15_joint_0p50","23084313b41feb9560304a02bf1c008fa9458191995df35ab86bd3d45849e111","r_serialized_pre_exp_log_matrices_rounded_9_decimals_v3",9,1e-09,"f5cdaf2313ef646f04c1b2c80751435984f32eb49bb04dde1a42a32ad15cbbdc","560e713c3bf9184fd57eb704aee2c599fcff6178ad6f065d26d08cd9d881eb67","605c35fe56dbf3cc8709b3b139347f996255eda978bdd53fa2633b56b80f5960","3d4983033831be6e480bf6748bc9d3ef0893c4f32e1aadf1f5478301526254b8","37cae6aff51c73268a2934eb647b480de840080b1f8f415bde59c84e1f90be05","6b0c5482029dd478c3d1cc9f8b9aa32f31337e9fc22323c04c4af6b36088151f","692bf3dc8492b1e55a8721b330b0a1fb6adad04f69da401e1b6b528ceb57301b","963335e9b54a19c56bddd1e6680b2fd654167ab8487082850ceda4f5ca8d8672","33023c4bd8921ba6f32c0501d8c0475e82f37fd6c1adef18101c9d4aeb0e5e08"
232,"CONF15","CONF15_batch_0p75","cd6f9bab729cefcc26bdbb949481adf12249ce5316b4c973af85fee92ab41616","r_serialized_pre_exp_log_matrices_rounded_9_decimals_v3",9,1e-09,"99ae9e1b400bcc65494f636dc472c91e003411d56f5f70f5d444bb610c3139f2","4d5d7a3bfb6f3892b1ff1e8d808013ff3dd9eb93547ab0b2158b6bf6764e4d61","6ddd77a95b1a4ef6df1cc090a4e6194caf89fac085cdf3b1f992c88cac90c342","de83437e70cf574a4bef3489c0e0d8ab6f257f2d63a8a7e3d4de3cc7c48555d5","62d15ce232e637ee545dce5429814985a7dec30dd196876956448054c8ca73b3","d554fee525d02ba2bb07a15e45690c145dacdcb984f370241a41965f01d00bd6","7f5485b20d4ba0e661cebe33ac9744a76b76e3ef729eb2151b1ae8b17b5611d0","62b9056246155292649665ed649f7ebf4c8433938a58ffe10a0233dc0a9fdaf5","5c4e078ec151fb183c67a22040cf1b04e9ccf12fc088cf63375eea53c796f96a"
233,"CONF15","CONF15_run_order_0p75","499621c638e729c67566fa918bb40774dabe5e781369fa4c4d1fc19b7188428b","r_serialized_pre_exp_log_matrices_rounded_9_decimals_v3",9,1e-09,"00a8043bb69ec2e9b6e00e014870647def959f1a9fd2aca673a4d924e977e994","bcac9214b901f4c08af5e675ae54cac0146263de936ddc96b5289703fe541b84","fc652d1dd27e22deaedba5e34e3b8439be392cc7056ea98cbc6c4a235e4931e3","b55bf99f5db93f417c355749846e4f4fff842f27a4a189c67f20f60a00ee91b8","0fef7857810cbf7a99e7d51bfc697110093d3c08252fdcfa92694d41d007fbec","f6d8c36fb9c276b47df9bd29ad334773e25ab6dbfe07e36610577dc9d54d42e1","d9381c532be576bbb75099cfd99213436327292e05949c4d3cac177f3d04b56d","3524a14b0c663a58fb649765931b23dd1e25d44732c22cb0ec48dd203b9b306d","a9e035eed43a78cd9ec5c8ea3ca59c9ad8fb07407981c18ea54ad08b329d4160"
234,"CONF15","CONF15_joint_0p75","5da0623631d5f1459f95b296b81a420a6841f539e26edb4ba5f2dea4ddd20d74","r_serialized_pre_exp_log_matrices_rounded_9_decimals_v3",9,1e-09,"c13e118008950ca2e458811d45a45f1008cfb4579a20c277b46b0c487b82e8f4","b648fccc5d9a687e67345b36ea703630c151c40933e24b2efe854783a3e01f5b","3dd9fc35399013ea71802814eabaac4bdb12bf4667adcd0f0cd64d9a42a95f44","e86d08431220ea9a9ad5f83c0fc80c2ac097d0c9ee93a5efc7943071f9eb9dcb","f5e09fe2e955698bd267ec93553b85074e00590588cc7219e984a4516acf2e6b","5e3c071debcab37a35a5d3c08d5c45f7846d8be5258b3656a0b6c2c574fc7715","fe1a5a4057a54bf7841f6018170d69771c267b6e642cd296284ac81b591d81c3","b833d48d813533077101aa53c64b0d188d72d382f453afc15a14411de7d6d899","bf96f47984054dc5cf3ed8ed7211b20be9599d0403e04b477a65daac1ed0b028"
235,"CONF15","CONF15_batch_0p90","5a978a3849a686f6030b4ecbf90546c37986d0475bfc9b96876dc32e72a10c6a","r_serialized_pre_exp_log_matrices_rounded_9_decimals_v3",9,1e-09,"aecc923b8af9f2432f732e5b4c2596cc6f7d2ba2957f47a35d199e2072bd793c","51e6d27bd89bd2c8d27b8fb8a7c46cda8b488d1f5dac7415abf683ecd3fd9355","bec944738965eff7f125f849d350948f367870026a7bf6c14afb2efc0a2bd283","f5b07a8ff4c83ed1f4d0f86b6f1b46baf0520b6d8ff608623091c00451c2fe43","40a7e862d3625ad9289f1e82925fe7d1372f90ce690b34ddc960b00407e170f0","66506bdc31e9ad946117334b01c7cb6d80680e665606d3b32b926da19ad0604d","e8ad3650c5362bb7cde9776f7b506599ebf76fd54eee13be3ea8fe650d7c5e58","2a13ab182f21e8097013ea4cf6a8b0626e8626acdc9d94bcaa2739f3e401d4b3","346dd57b7b78f66aaa60f4e13d08e4229737d393b10500b89885717114f8454c"
236,"CONF15","CONF15_run_order_0p90","26776cd7bcac7fea74a1d6aead7451cb51812b63c63f752dc2ec463e313d3d95","r_serialized_pre_exp_log_matrices_rounded_9_decimals_v3",9,1e-09,"d71e93d3b7d61cc6fd6ffd4adcf062b2bdbdda5b6ac4c988b49e8a198e273c9e","9a5eb253c07af8bbe042cf6f16ff8b371156b29aac104863190b31851ffdf62c","4908cf04b5ee4f2faa7b0c4103d054b6ded4fce51a302f8012d24b4bd2501c8e","f1e81108ca0d3ca19dbf4119c4442ad19941fb01b56579a9a984d974378e648d","d6eb8d47793c55c38eecaab822f97546370a2dcbce47ebb3c1c79dc37f96dcce","2e9051fc1d496c91b245c40f83aea821c6cfe2db326e68c9c1f7f95fecff4a0b","41247d82cf773c2a4fc0d9804aee1fc7b056e4748ae5bc82d3d3df0081ed367a","c0d1cec1ddf0a1add6a2ed32693a2341efb0d7c984c3fc0e381faef1f5c2ca1c","adfe346a44bfd3100adf79e211d638dfd77be6751c8861830be2770fb15e6210"
237,"CONF15","CONF15_joint_0p90","2e77d269321e90435ddbd52d7307f9f9d0652adf3cb5bdf7ce81d97882a75e1b","r_serialized_pre_exp_log_matrices_rounded_9_decimals_v3",9,1e-09,"53c6788fec562c55e23eb2655db528b737cc731ed542fd42101c168f4ca0714c","db09b14a4ddc65ad46212dcb17e1208a61eda0b1542272305f1044c77698bbdc","5da9c6edfc94d5c1caff1fd2eb4d151557129448d75be8409f08593dda359ff4","78ce80ff6af258e79964b807d5d9a1d0afe6a12a88b2d34365cd51431240949c","4a0bca44a8c9276866138fcdfe4469b226ce16687866240205f454c3fff1db2f","3ceeafd964a0250007ff259f1793e33b0a07bb87e8b0624ffb45fc46ed150e9a","d83895378a2f834cbeaba37f27b565f275b52ebac199da375147e515470b3ed6","c24df51d1883ce1a59e03c84c46169faac8f9e73a6a37f1fd2fb0bc8a8b8312d","b55ae865be6c334c0979ecfc52d6d654ae6247a1b3d6c49b5b52f1a5315aed93"
238,"CONF15","CONF15_batch_1p00","4799a4b0569a060cccdbfede68ca15519620490e91447945e9565dc863cdb5b3","r_serialized_pre_exp_log_matrices_rounded_9_decimals_v3",9,1e-09,"2a77f6e6b3e3a8ec7a812512f3c2154cd837e93e482de35c9157c6ebff3f4e84","453545cd977707d51c769b47c7a5ef2f9ddf13e0f677429a1cbe5709d4261e0a","73f1e48472962218857d399be19e923c65adf14cd1cf919bf9edfa38209b2004","f23d67538f2205cc29d786505f59d2724094cbb2fca964c907638449d0511afa","f5b92570eda99dd4bddd306e78f89a1d124eea6c8f8a689c1c63f040c6c37168","57b42cd387c6de2c1a8a3b86fa881bea78ed717687c3898ddb6c814ff6535b42","a809eff3eeecf8e2a74da4aba7d80d9cbd8051c2a0525ada2549710f36eca7c6","632209711720a9d791a8bff15681fc1f688b442b3bb9583e15919c9bf92972a4","c107247235fec6edeab4fa4b4be3491f77eccc8c635ec24cb98e48c92054fa83"
239,"CONF15","CONF15_run_order_1p00","917d4e909b58d6515823893024bc3461290dea80a07ea181fc86f0df71a05c90","r_serialized_pre_exp_log_matrices_rounded_9_decimals_v3",9,1e-09,"d2c5d3b7d1825ce53cc8f007ee246e422fdf3d0c15d1b68f398fbd5ebbd3435b","198e6489a203bc6e8a9d9ccbddff6abd25849e806cdcacbd501502ed13f68912","a09b6ef174150431430e7a6f3b01dbfb804084292bff5b6f84cd9ea607df743d","75a845ce709ce6c467aaf56eee21084ec4752615a4a7874c64ad3d63d3109e48","e76dbd6209b43a0952a74b9eeb6f64268e8146e3679a37a0c22d98250ebc9dd6","90dd79475e3371dc35cb97120cdae9d3ba6daf796ed3307876b462b0e847c40a","652cefee62d170c030e0fc568d6fe298bbecbe8e4067884b2d9e1f948a2fb4b6","e3af687b1e530899b4b3afd7884ba862d0feb5eef2981c01159364bfb333401c","0504bf74fe833efea1ba04a0ae9e58e9b919e5b07b5104a789f2812c7e389a13"
240,"CONF15","CONF15_joint_1p00","9b22c25d5a4041d83672f77974d661ccaec459ae5985d9fda849398ea22b1458","r_serialized_pre_exp_log_matrices_rounded_9_decimals_v3",9,1e-09,"ca30f9b26098b23009f764bbf82f6ad5a2ff74008eacfc8d62561b54490fdf12","eebdc36ada21510b1b6d360e10b2eb747c2922ed63a9c84da068934e8d293e87","626512abf3981282008edbecfda765b1431bce30529f495f72a9eddfa4da35e9","97b8b04195809a1041041bc188a0c3e4d669ec81e71c66a5d832f6d9ee473232","7c13c688af064c46288321d6be77ea11dbba27857c733f0086759c44fb6ce3c3","16a3641057ed9184171c742bf48999a2702d35da25b1f8d2d8f27a8fd174bbdd","c8c2274c720cebb17da3664b750f066b002da574a19fe332f58a50258a0698a2","80c5e059f8c816440531325840f9087492d7f44e1bba0e81d5e795a83b0e3b9c","3183cb90b39b7c4f8b9613f35fb99c0eaf867551f40895b05ba1b9a41a991ca8"
241,"CONF16","CONF16_none_0p00","8cac7bf6c6c817516e8bf512c67fc5edf306d4c8823898e2d13564f251196738","r_serialized_pre_exp_log_matrices_rounded_9_decimals_v3",9,1e-09,"b66fc80dd5f067d9f415f69a5ee99fc8b620b4c6200de5d1a954440c1c17ffce","12faa250ead0ae2feb56ca2ccab87048cabced206a86b0928bf0c8512d6b1fe4","f56ab6d75af27175695380284bfadc219b550d202b53221f3247937cc7a73497","3a42dc54f64c94dca48d17aab0e204a44de8442c586a3ee48dae7114b4d89ca7","3b0b043d6fdbd3b3cf43297b8b1f18ac3acd8afaffef3aae5fa1db4c233cc01f","b4fcfc525f60f42ff97da7a098cb15292560b4270876616d14ddf96258bd59db","097b53ef2e81951aabbb3e0429ba76432d3bd150abf25dcfb306d4077c8e468d","5a8bcaec7d979cc91bac1139c3a39bc7fdc002c42800d161d896615ad3ecd8cd","4715e00c2ec2222c776dbf8402a771583952e273c742c8ef1acafa5f4d1d42ec"
242,"CONF16","CONF16_batch_0p25","249732f447b867b1dffc26202e7365606fe7c1eb0dbbc853e3cc3cd44e0a2792","r_serialized_pre_exp_log_matrices_rounded_9_decimals_v3",9,1e-09,"a3bb16305917b312696d9aa33bd379322fabb8bc9a23d4ebeef281aaf991f9e1","b4ae0f850653ff1014122fee9dd28c6c8d11c69ce8b53cc4cae650563f107f54","61a056dfd6f772859dfccb84fcf262537ab766bef3c61c7ac5032592ca56677a","6002afffc7dbfa3d9348d4fb34033a827f78bbc6d4feecfa0b4afad2f7087838","c11cc426b07634f29eb23f24a749bdb9b2b8b992e4552394e7caffe8f4a9e523","1dbeb10672b47c5ce55923407159e51e0e1cb4238eefabb575f2b277557b5466","093a4228114b154647e92c9ef1767e50a77786dc55355228a5f4f24ab4a8dc83","91667e91e695a7c5fded2dae2bf4fa3a72b0375ae5db913f509c7e46d4cb2f26","d36adcf2c67dde78bafb11b56a50138dc70c63681e91655ed776b6f3165abfa6"
243,"CONF16","CONF16_run_order_0p25","f9e2b681f7844c6ef22ac71a2ebd70d99c1c74ce4971d3595b6fd1d5e97b2fbb","r_serialized_pre_exp_log_matrices_rounded_9_decimals_v3",9,1e-09,"2871b7a02f4951bd753a2e81abfd6c6d638d7e5745eeb53a4b8bb34e3dade10f","053dcef5d4b0375b42d5cbff9df8eada39e113eb0b2034a469058852d356ec55","b02de74186d970e47b591805b80c0e52d5bd88c37d00fd40f4c32a45c29cbda1","17ecd25719d02fe3bc06535e0034cf63514cc116e9d7d876ad04bc3ccd7148ea","30043e67718014e010a29e49e7521ea0dd79a796bb35e72f13233cebbfceb24b","957e1439b0a363f1a81d79eea8ebb1464819d9fb417930d5c01a2b06d1164f5e","14867314972f313dc99adb1e9a60e740fcc970dc22ab759fb21088234794c197","776cbd1c3df49208e70f9e2e5fc4c55eb680cdd58feac825c0d56879e590ede3","c6a345072d42e17a73444990f82368741ad8857252a51eb8625c4eab2ee89f98"
244,"CONF16","CONF16_joint_0p25","028a8d42fea473ee433ed450c14c6c3daef5302d9d320d373cdcd0026a55154d","r_serialized_pre_exp_log_matrices_rounded_9_decimals_v3",9,1e-09,"11c7a15999e13bd807b28f586a2fb3dc52c71b10e7dbe041ffd3aedd5bb053cf","ec12aeba09e1d703cc7b724fc1cac30a87276fb1ca857e16da95f2f0a90c42ec","7a12052ef9e63871ebe0734709c840012035b553b161a77a896b54d7e4a7f6b4","1a111996020d899cc92f864799478d632895e93e085fd6e2570e50d843ca7834","8e55c84d66b562a1c50af76f26a5ffb312c62e394683934a63b7d2c9c6525957","d896c1506f7528ef2c591e788d9eba8d66140962bcf292048d037ff14ae97bea","2a04b0865275f6547105d382b9315cab7dddb981df343d62621a8d82f8ca71d3","c132c3eb66e0188b404420f00d1417f5b8a94cb6ff4e44bebdf4e5145cc05d13","ed3a4c4d5b406a4c8c73ee70a6905c729e611a84b80d80b55c72198e81e3361e"
245,"CONF16","CONF16_batch_0p50","799902c987efd39530314739b9cce5ba73dcf93b0bc0e6873481b50ef85428fd","r_serialized_pre_exp_log_matrices_rounded_9_decimals_v3",9,1e-09,"c51497b92c8c0afe231519b737a2bbd8f6eb347c0d238daf9a129c17a5d73574","d8c28c2e50d89c9faedeafca04b5962b7dd0761497e29b7f9fcb16003c97f62e","bd14962bee083ad113bf014e71583c55cc476b9bf05a8c514a89873355c07176","ce7d5af0799b7d8089a1e7f8cebc46e065c113082df55d334d9e255d8aa86c26","4e9556e8f0b4d36f79cf55db3670dfecd628f0bfb5ac837d092fa1950a67f852","3b002da79cee743b572976bf6c1d4c83185305a1a8c2cabf56ab54e4a6fd8c38","4b84111e2aac970e58f9a85ac49c77ed267c452ae7fc3b1ce54438fd10f5c47d","ba4d2e502f8f2363bb6b38d5348553c061b6614e89cc65e53466081d90e90b18","392111e211e0274a984d49b355f022e26e5a804907f208a48eafd7b17526122e"
246,"CONF16","CONF16_run_order_0p50","7b952e076e5869e830878d2778d8c88340ce48e53d243eb00cd674051811ee3f","r_serialized_pre_exp_log_matrices_rounded_9_decimals_v3",9,1e-09,"279fae7d81892723dcf18b75de0fee4dffdaf1b599cae34fb3b6ae093401bb47","ea4293485698eca61277280dea9f1ca55b2fa3fb7c0fe862fb658b9c5a849846","fbd90c0179cb61be7a2cd48ee462ae3e4cc739367af1115e879bbffa7160227a","1c4fb867a6900a29a9fe3948a68c694b73a2e15214ef3d105950e7939a76adb5","b3038cf9979752e3b7343b1ad3c95fd61c7a480f05b9666dd37cfcfb0b75dd4d","14d336d35773f0605853394c357f39d2f70b87e03eb4b85e04c29d1aff003bc2","1b22118fbf1207dcf3d94c16bc0b42efcf42dc4695d1c14c973e3522cf9715cd","9a4dc71d908b6502c114108a8a5361b80f3a1f5ff35b60283133e425028c01ad","fff4853c954e02a4e833c0e7000ceace987da10a23966fbc4311f0c4f924e5db"
247,"CONF16","CONF16_joint_0p50","1243215d8a63d3b5f5999ffbe196f153ad14e9a2efb52482726de5c46f92962d","r_serialized_pre_exp_log_matrices_rounded_9_decimals_v3",9,1e-09,"d0e8c6e72108185119b60ae1f01183370adf1fd7d0a3b2e68f52ca8aceca8e2d","21ec25056c549aa0941415c282c5647000059700d58e5090a9213d8d8b10d736","201a24198a2701298e32052d5a377778b222ccf1d8c939b77c967b3b1373bd20","fda3f233b56a69cabe88a144120bf419eee5982dbf8b39e9d89b59e966997966","267f5fbe5c70db76013baee836040a3a57cc61da8468042c82bd2bcbce49a7b4","5845ee50a5ad4b888a9dffadac67a5b0897c4bda690eaa91a83c608ca3f267bc","415beb3f5bfb75ef4c841b7015a6d074883b1a79b2996e54e171192407f16239","780dd8480de5f3dcb847632c21de89c1d3a9a5fa2b14ae876a8f3b2da72e2e38","3858a73e6a44cce0795d216e2c83bb0131aabbcf89be76956450e8cf6e3b42d2"
248,"CONF16","CONF16_batch_0p75","bd454cb320f0ed50767132dce638554d7f4ea393330f05fbd432d04f6c754028","r_serialized_pre_exp_log_matrices_rounded_9_decimals_v3",9,1e-09,"04d5d1713ee702a31a6993e14036ffa0c84a31ead05941f701a185d9c97b3aab","85b6a69c84ffd6bc8d5af90fb09eb41245636533add12b839ab3fe26cac8b333","e6781fb474f0d6c19a106e126116a9efbee622acd74a2b53700ba4284e2c6612","1c9d4eeff23d2ae365288b5577e987e8b8c2e43091beacb2acf3e9b357109b57","98abe05ad552f7f498630372dc9c57d29b42a82c298fe17c6d78eb2c63a81052","6fac62623ac53db2d73aac8b4e619e5f90096ab58610060f0b6e30a7ffaf6592","f44ffcd3748414fb5bdc9fe57add420c2be7ab2f2c66eeaf9164b9f016531720","32d3d97fc9b688f93b57f9d9047ff3b19e3bd69d25cf792772a5153a4f9f472d","89782270051bd00dfa13a6d89fe481babbd0a5535b99af715360bd514c6e0e09"
249,"CONF16","CONF16_run_order_0p75","394ab83debe4a7bc66dae50ea717b5ba6356dfc79893ccd6d23411e97e8d1cfa","r_serialized_pre_exp_log_matrices_rounded_9_decimals_v3",9,1e-09,"0bf5ec2d3a53bddb89c860335a3c845c7a9a8358a8a91a7071712db7fdf41b22","58a0dcac95eeb173029e2816c7962dff528509c71a570cf9c90bf2021eff0288","567557c25b2d0ad70a43737b4e5befe5e6e79565b7208adc566f3bba6403640d","ca4bd2475842f99929b49762ea70272d6dc836bbac12506e522c55c57b8221d5","f349b1f4882b0d01e7ba47acff62d6ff45aee71baca9123cb2a7c05c1efe4bd6","1d46714b21513a2e35673d5397d58909905b4bd49e4a07d06afc5d9a50d0aea6","7e2c20aa34dc8773d0d97183d3868ef350fabd0960d533cbb4f29b6ac65e2eff","3f26ce8141e47e96b2ade4ab2ef09edef201757808e7a2be906edc9462a89def","2aedb7ce1f10bbd8dea51a1a042fefb14cab434ae120a50f49f0ff6ef30fc7a1"
250,"CONF16","CONF16_joint_0p75","c7e58cca8f3a2fff63e1ee2983081f08f297375a79053bcf8d3304bdcca0f0d5","r_serialized_pre_exp_log_matrices_rounded_9_decimals_v3",9,1e-09,"4c3cfe32df01e512df0ba5255ff5fc752d66414973f5e206ddcdc807ede886c8","527b3ca4e660cea4d20b1b5f58a0743187f731722126ee9fa4b3c93351e74717","dcede9df6d7b7f0f62094fd84b0e0716622d98f2c501521904e4f20a9d677ebf","643e373b58034f9f83ef8cd3f85927c154c3083ceb158b707e16ce72fc203f06","f1ad06e582694dc523a484ac3b4d3532bd32ac02e506e85b68868868e8bf26e9","e1c12719601461cec7fe40a59a8e168e448fcdea96733f5573f9a1fe50850524","66d8c27b37421a67c7dd7f866a3d978e7562ebb2ed941d4bda3cd03fdbfbaf6f","2bded44515a85e8cae6646d9e2011dc05fc932eff011b952d59889afc7230899","2223385e12f5ed282883f97c8bab51824e8b1ce0441d97c943ac7ce342b47dd7"
251,"CONF16","CONF16_batch_0p90","c7d5de36ee0ea9a2be0e3bc11d599a822d22e0a32143a6518339170fb12ed341","r_serialized_pre_exp_log_matrices_rounded_9_decimals_v3",9,1e-09,"e09705156f1b6839b8fe56588b3a0ea955aaee365e2ef3659cd13f086269541f","7ebaf825a831ba406c535fa9b9a359ac2502afb9c0b8afee07c039f0fa3e79d2","9a9687beedc3651de4534fa205aa3af54b82485bcb517a06f59bb7014cc1efa4","43263b79fa49ba62829b0b42513cb19d855135b06e6dd37cd7e700ff5f7a234a","7f83eb6a257fbb476fdcea6a26aec0acbe2da3a36728938f0004fc3291543342","298623734fa1691b2ae7d1cf87a3f9d44fded2df2e33e385b86a24960f6fb57f","c0259f464ff6ab126e1a95912cf1c303d6a70dd8d27873a3334ef7f02881738c","8181dbe7dd067ff7b62f1c31622b1688e77e87dadea9853bd51fd462f16af9de","68ddcbca40403e469d351b3f99f9580420a27bf2b6c8555668700548470ff8c2"
252,"CONF16","CONF16_run_order_0p90","ae5cd630e5c5933ed8cd5d1683e464a369924f28cfec6818b5c5d317a8ed7f11","r_serialized_pre_exp_log_matrices_rounded_9_decimals_v3",9,1e-09,"187452e5d8f3b6c7a06444c8455a18fd7fd6b888c672fec83af50421de7f06b9","58907e03dcf1f61f2e6cf2a7d9df9db675785bfdb8484ed8b9640e16e72ba416","a9de17cc46fdee2ac5e7dab601de9986f287d5d661153c29c6f031376d8ab867","fb7a3e9e2f53629e35685e7ad59ca50a27041c72081e6d0a83655332d172fb26","53e2fa203586694a06768b39917497b2558e1493899f1162a5826b5ecd7fb993","53ec19864f0fd410b560f85eb9ee7d5c57f495cbe154b8fcc10ecffe293fc8aa","d1c822d13e9920d9647c2d010f18b062ca432035db6a180263266fff550dfd99","b9ada9716ebd7264552e3210208a281e4e49506587652cfa82233528773f9bcd","fc434ccec73fd56a2441d8fa2bb5737aea9fb710c4bce575be5bce32e99ab106"
253,"CONF16","CONF16_joint_0p90","74767257e77a3659bb53831158ff01ead4af1f13360113169778b23be529a328","r_serialized_pre_exp_log_matrices_rounded_9_decimals_v3",9,1e-09,"94cc44b9c569e9b821dc5d151707a52ec70347a3d763582e7943cd831fe13b3b","90e7e126b527687bfea35aa10697d24932f5d5700271e2faff4b9f3b9f8b764a","7324e57014e2819701decc13f2b35b450e252ca14818ec10f5f9914242d45ba9","e4fe685064c99158db2193b0498fc7352b44597b2ddc5efe8eb7fca3d915a2c8","de11f5927de3edbc39efbb10828e4056d9b32e5080e2f4df94de17e7784a4502","9fa0722887abdcc775e9485af9bbf68bde828d891279e9eb0c68db4429262f2c","bbf063f5308239ad5a87375c6b3631c748f136e8248331d60285019909f6cebd","79466157a59f13342f969d35bba12b236bd60db029a26ba14bae08ca7493daca","77ab3bf3c637f280a8f684c4c9552184b3700a3f1338ed163a98465e1c3c2c42"
254,"CONF16","CONF16_batch_1p00","accf3e1416f3af27907a3c3e21f6797c0ae7953d0c424895339e4ad79004b228","r_serialized_pre_exp_log_matrices_rounded_9_decimals_v3",9,1e-09,"725f32e27dcc17b4efc4bc2afe2cc06cdb757432e1cb9d2d37870faa376388a0","27617caed7d286a9b437b3566cdc54a73c18f9a1940662f1605c9cb6976d2db5","300a19d3042d083f27b204d9b2e5c5d762cab2312a74a22e275d7cc5fb068a18","7cfffcdfef6562d1fe30a46be76f608c2dfbe97645d78273c4d8982adc4c2d87","198c88eabc52ac725d100ea1c5b1bb832fd1105ffd88154d3dda0cbced8fc538","f3740276aec59f22e995a3478bcbd4490dd2d9a6c0ee691fdbc8cfd8db9050c0","292ce9b9ce042d6c878a8c965c0fd498fd63c355edfe024ed9e8daaf94849c02","8f9f8ddb18017c48c5ad0bb69b3458af27331b56c94c2a68bb284f91c436f3bd","f6dfb12b33aec4c624b9d9496a0feaf6d575d9a23bf1db40c9b4625945bec1dc"
255,"CONF16","CONF16_run_order_1p00","bc1c2ba499f5a1069bd39f1081ef07ba3008f205f5ee09977714e7737c29161b","r_serialized_pre_exp_log_matrices_rounded_9_decimals_v3",9,1e-09,"a6d633cd74ee78d6067e29bdf5039d513213b6ce3ed54588e55f50c747fe40e4","0c93ee7985f753e26170a7c183cc48b39728fdc135642870275d92e416df076f","818f3e3edadf4be432ebbbd5adb30f6b143e5ccc5e7de7271f5854c866ff8048","5df89c4ccc265194dfcb2d9dbce5b520e9ee48072b962947d91be5b940adc532","e6f9f8f2cc89022e6849d4fe39ee393eab852bc58e5c33d9d1755e4ace5e5de1","412f6afbeb0dd3b7caf9db8f6ae5518d0102ebd18ae615508dc81b1683e2f6f2","04068aaf937e0fed0d58d084639dc7e88181e7228f8725598fcb3ce3fe4717c2","8e16177db4fd18bfb3f4de51770590bedf71eceeb4c6476e8c9e5d13097299ab","33f92ff545d3a8669b335fb463eb01944d728b50597103a671a0710283cb9893"
256,"CONF16","CONF16_joint_1p00","b0b9856d6723a27be6cf5bcf1247c240db31c78f39971527b799f47152c36a93","r_serialized_pre_exp_log_matrices_rounded_9_decimals_v3",9,1e-09,"9ce3751588d75151af9c2186dd3268d9c44828f3ba552339a0cfa82a4194fec2","2a5102d85821270f0da7c38a1bacae35a1e36ae07934eb7c9aee9993fc893772","a571a9f26cc41c3f1b62c285f0ee319275bf6a184d799c40dc2b94c1444bb4a1","78793f058a648335f8729da3f0509ace8263f66cf7f50fd451c641ac9e2b65e5","a3dc14021d73092ba8b7feada775bb60e641b7cb3697b2e0683d297207d3f351","1feac01238aa4de5392c742c317a3049017614c14a7968a6d9fd47370c4514bf","4ef0cf6938b5eb2fca1f532a13e49c82e713ccf74c024e9147b9602ee6b68f00","05de13c5a88649933425a4134f3d58cfa387c933fa8adfdafb0cb96e1387f841","be06d4821283dc57e6f3268f60204a0768db6102de7d1c684f49926db766633f"
257,"CONF17","CONF17_none_0p00","6744adc54857e42d20bbd05524f92c6b2a524a5e379dc364c466fa412f08f6e5","r_serialized_pre_exp_log_matrices_rounded_9_decimals_v3",9,1e-09,"ff3272a765874855579446154f6ac58ebe9bc0a92a1a64e99ce6b5dd9ddf25ab","26b609fd2d3d111fcc24845a91f000a3e3cdfe3eda9cbf287648e082669ffc18","41de7f64233055c3b51e7ef2d6f2f7ebd9dfe5f0a79e6e1e449b627b057519e6","0cbdf64734d95930868424b199ab243908c18bef7e6daa1e6e5d6f98ec061da9","e8f48347126d6ebb248954e6ca30dfad05a0f5d2abe480414a97885e1e25a293","55747c96468ee2a14fb18ef9db937da6a8669683b7a37764073e2bbce5f2e2ab","cc349d25ba305e87b3fbf666a926cbb7e4bb25103019c6ff518348046ff91ad4","2f9c3c3fc0adaf70ff1868679c274683b1779ea26c270c465940c639922e5b3f","8901315039a25a42c6c077857f0b1c3c8fc2e61e684514c4ad7df6143e706161"
258,"CONF17","CONF17_batch_0p25","e8d7c7806d39c6a17ca7fb9f164be27ffe5460659f113f8b9513ffcc9c14a2e7","r_serialized_pre_exp_log_matrices_rounded_9_decimals_v3",9,1e-09,"3ef827f2245037d16dde7ab38e11ec84e9df5608a084fb26931841224d21f5d4","580bc3b87fcf3a6912cd8636ed4c0f97001363f3d2492bad43ce79fb3f2499ba","4961e9f95ea924c5f8a00cfb06a73f85e08980c3cd61307091a84db6fa3a8e19","87cf3b0fc1df417eabf64769292993435927b6709e348c7a3564da2f87e92bb7","dd6faddd90148450c938d249a57e0ebaf69caa473e7befd0761a2343b12fba3d","1215b64af74ed5df3356fd1e33503a7c8800e8d9d5d5298a5408158a9abf7b5c","e49392c3a0915d11dcdc038613cc72269658e26bcfd99671a8de2c2d8ac21fb5","1a0b261b185776ab70002255462bfea338d6a92fda29cff5b410382d48205a56","ca8b86c927e5444604947f34813a4b2d57b38d4d58bd29f434a35bd7c22f2580"
259,"CONF17","CONF17_run_order_0p25","9f5e91dd7c4a91b29b20505eee66f4ba06daf3a5fc81f89284fdb7cf8a094c07","r_serialized_pre_exp_log_matrices_rounded_9_decimals_v3",9,1e-09,"12f192c1e75b26211bc38b4b6ef7ebb3cba824d00459265b6052d2ce13029c0d","1c63a387c96b46bd1166f9636ac8d6e0f5048a41d203816c05542aa9cea1f236","e1b51da946992656cac01e30d44bfee3bcead5bf4fd3785d45c68c0dbef82ad9","a19b3e2bc1281c518f7f3a869f282722ed53f316a6435879556ad2ff3d0709c7","97144ccb9519c148b01969e0b95e64884490b4043522c7d91e0d428c39e0a522","7af7d99a89778c51bc87756cb823eb1df5d63c3d1778a73545de5a41ef7957de","27d4e2dc5b2a2440e2dcdc7f0a079adf62d0bb45d3eca67634554baaa3c23f40","7749d2692f25868aaca36e0d9b8fadf107f0096c4611c9f825aa99bbf7ddd56c","4a5f0170338e4b323700d70cca5a4d0f8320fe083473efe5f1cd6264053f7c15"
260,"CONF17","CONF17_joint_0p25","f304fa2fa4b0f6666f1740d390405d36ad61b227d9ea33bceb62c8ae41b0b4ec","r_serialized_pre_exp_log_matrices_rounded_9_decimals_v3",9,1e-09,"10b3e4d40c0fe05d7e7a5938574f11193d9f8a258556df2d07fdbcd2707d5391","b210243178f55dd48fc85f6004cde7157c782b56daf55113121c50e5e702bcf6","014d5a4fc1d076c624653e9eeccad0a8f2cc4f23a839aa00ed2e93d58ab41160","81c5a930dc933029174e90ff1facb05e805ac7bd7d025f0717a21d6be7489467","eee640e2800059d3d0dc465241564e112c8816a3637cc94637230cbf9a2cbb3c","2bd9b43e9f8323d0342fe95bf9d31d27daddf6bb140827225f6580161d7da048","262a668403d63504329aead8cc92c3fb33786c432560380215242e4986e946de","a0046046af0ab90b6e0e67c3a304d10f298260d31fb8d3a328e70d308f0d281c","6a50d70992345ba1e227c22d3283676b5fba520fcac82c9d61934d05a47873cf"
261,"CONF17","CONF17_batch_0p50","506f8ee3a0aefa136ee03cdc8a05acf0c9a7b773241d872f5b1a76d9f4fd7ab4","r_serialized_pre_exp_log_matrices_rounded_9_decimals_v3",9,1e-09,"3cb8e2d4818628f6782faf14f56347215c9dcf34335be1b8e856dfabc1b6f2f2","279795e5facf0f8796b3c12778fe6ca54a3d476d6c2006d3517fafc20587cc33","eed5e1ff96c5db058309dad22669ac2bdba32fd3e94dbff1f3addd38180fe436","cb16c17c012db194c9ca0167179e5d96cbc6dbd9f194a608d5baed8b6dc5431c","3d004d5c4d1410d2e7488797cdebeffc697d1e9a70fcbc1e0d23c68294e86ab4","1ff4caaa25a6ad25be1370faa028ed4569b0fa80b778dcdb0b760f94f3f8003a","1912d05499a2a91418ad2cc75479f77e1c4bc020e965e073b4441de2f94a0da9","a583c980f9f230d486edc90e9e2728fc8930f11506d6d26207a5da41ba16a07e","605380e2666f20fe65e283811139fa51567b98a9e15edba8cf98a7ca3e49476d"
262,"CONF17","CONF17_run_order_0p50","dd71203c339cc2b467592fe12de900793e2914868ac6dcde8214a3b532d886a6","r_serialized_pre_exp_log_matrices_rounded_9_decimals_v3",9,1e-09,"e377bd651f6ad64ac204918fc0cfea57333c5157157c28f41d0c21823de0f19f","824c29f6ecd5a3614264be5bf3705d94539b439b70a8becaf7c3f918132c813e","7bd9ef75ae23a07d93b25655cff8dcf872a8734a1702a7c434017f6dd966b3fb","6963bd363e8408b811ae7d747eb92bc56398e9c4713233e58d6eb5e0a28dab50","0d3777f0541a0c4413478da985bbb54a3bf6c3f3aa05fa4905d59031809f35d0","b1a723b5b376fa919c61de396567dbfe02392f7ea8333e4a0fc2570f9789da12","38377ae4857c2440b853cb35a6f251e697dee4254433af1e1dff7d3ade64e57b","f2708a8193f8d6fd8eb3dda7d1b65288ae32403dcb3b8a044204f3dff4d46df3","69e7dab640744b3cc9209e94bdb5adedcb0066ef4f853d03533d369250d22895"
263,"CONF17","CONF17_joint_0p50","89c2ac300f825f3e77bf0eb0c96f51b34a51533dabd023043fb08cafa15a3cbe","r_serialized_pre_exp_log_matrices_rounded_9_decimals_v3",9,1e-09,"5febf4e3cc6509f360434d2abf7587d25438e29496477fa51d7539e53f2ea971","e1b5aa5d4ad41f71476b735dbe9ed6a4cd871ef66747427656bbdca0e63166b3","647931a5e187b57f48ae00e4ac56e7a7b7f12e7a72261bf7f3311266b1f724f7","0f1d0604d6c45e48f6b1f3122a097b77812eefa41a519666d09863cfd206c604","0a602c71dfb5199344362b3aa5925fd05068257a1bdebdbe071fb2f1c3925699","af175bf4481561a513177bdb0b19f14620b0140f6693eebbd523f08a64584c4e","11f8f10ee6671ccb1c3b82470dd75e1896e835f43a625525bf858ae7cb0f476c","ab1129c78a6071aaddebe4773286258e23c98f6eebce7d3df781a8b0ca403c99","a09cd31b6e600b0a8b3efa662147f2fc3eb75c06878fca5ce3673d7024dc42ac"
264,"CONF17","CONF17_batch_0p75","cacd52fe0d3ce133db502d6b5011ad10791b8f0f9e5a6a529a770414f5bdc6d4","r_serialized_pre_exp_log_matrices_rounded_9_decimals_v3",9,1e-09,"89e4334f9d987cd31a501bd47a76f0d1de06a9d93505c004c18b4a533cc09e2e","57dda767ae3afc864eb609383cf5e660fac0f4b443e39434a2dd7fd073c1f704","966354df986da1270eb87406a941181f9af2f2099a7a1ff144724ce298f104f1","8fa431633851c7524eb7308e064185eceb54e8de89d6fafde458211b4f92ebcb","706f294cac16a10295da1eca82b4e312495e576a9bb185dacab7f85e99d52b5e","b9855538c372197ec892a8278bb741a37d67e8abb9c525d66f0b7810a35228b5","dbe160a37ac284053a3dfbd79ba16adf2882db8d701a73608f7492d98d8f333c","4702152c7135af9854dbf9f565d8ebb90706af80ecfee4872f6e1dbabe9ecb55","22a64429158df2f19f4a75b4e193e6438c7ba223f8b8a0e0f501871673ca8184"
265,"CONF17","CONF17_run_order_0p75","f817720d63eb14f5860f3d0a9693a3dc53111ee38bf20adea6ac80c99b3c6ab9","r_serialized_pre_exp_log_matrices_rounded_9_decimals_v3",9,1e-09,"b90cdb0491b22890e0544f27340a9c681fef5d142c679dba6ec870554ac74ede","6b0a136988267b966e808cc1d5ea8f77a3b27ba8337ca0bcdad3f470ed1b4c99","f8103c91bf8691f50ee8782021e699d11e49ed4c7881d9ef3fd66a928c31f26e","cf3ccec508f86f9d6169b2a046eca1f4a69b7c31ea834b8d2198b05116d5b7ef","8f9545996a10940d6b14942ef191b7a6af8fd62e50b2c22e18d8271c9aa5f2c8","7a3b2e473eef1c4565422c58a5a3e49d018210f957558e24bdf07bc6a2b61796","4da6decdcfb51b4119480d170690216b1f6ba604275131e99062a079c22eab7a","aefb8067cc8f2f54a921ef847e123d408c4663c2531c7080d923a5a6c935a8ad","980663059d853f73aafb24efcc10349be1756dffe79503e24f80e076c201c0c1"
266,"CONF17","CONF17_joint_0p75","4e76155a92c3283658846ca40313114fa84be04a42c513724736430980338e72","r_serialized_pre_exp_log_matrices_rounded_9_decimals_v3",9,1e-09,"282f928d095949ee4f4b1ff2416a54d9effea3700f267132e61768525c1c09d3","6e8bad440cfeef7fa95fce704ccb1b0fc3787e08206f9fb8fd35f5a4f3f9e529","450e748d9a1f89304861f2025c7bfbe0be6e9f59a1017ccea4214197222dc85b","e4b950a0293cb39797edafc974e92a1b43e6e23a5b941482fa59b884a9f006c6","d7ca05c756dc06e803b7ddae2a97f36194db4398c506d8d5b5f3f8d0221227a5","0ba0ae778d6aef63e139a6e42000a545068ace0586549558a2b5611e8471ad83","77df6d1b9829b83a0c71c5b5a7297cdcbb48c77965a415ef06e091dd99f43126","cb12e534ba3c4d43806eb7f683cdaa6374893de3ed3d9024e5c40727fc9aa681","a04e482778b9a1a21fedd6ce2baf0d40e32073483adc93fadba3c45a609bc1a3"
267,"CONF17","CONF17_batch_0p90","e2e312acb9187ebd732c884de3c4561b5ef15f0403b6e7b6a95be4b73df1c32c","r_serialized_pre_exp_log_matrices_rounded_9_decimals_v3",9,1e-09,"0b4486e69a9aed44bbf50b419ba543214a4701c61081f985d7e04ff5b38b0326","50136d6a793a1afe5282d9729098586fa915854f6e6ab741bc2a16d0ea6f6e42","751f27095fea4e579e898594691128513ef87ff7eed17a1cae359eb930ebeba6","e3a0f69473dc531170ee90bd905892b9e2d3d71aa0585cca911f1aef51c457ac","7ee66693bcacc21abd4bbe5665becc3be8d4306181ba76828f454865d1ea0736","0491f253c71289790429a0c7576c3ca99c31f37245eec73028b3e36d14a2d1c2","802c80a2a466a517b936ba26a335b6b32d22f2e7b1197eb543b4c9b2f95699ac","849e88fcc55682ac3850627611eaeddf3c488de03787bd4d07e36fcc5feccfc6","207fd27ebe9d2271b0de1de3e46fbe8303710e7e194725b433d08c94f8a65408"
268,"CONF17","CONF17_run_order_0p90","c22386db9e017f7aa1ff387cc738e1799c10875b550cfd1a110c07eebae2f7d4","r_serialized_pre_exp_log_matrices_rounded_9_decimals_v3",9,1e-09,"d3da3e617227fc0ea6d4c93caff784954ea12c95a25ec1cde8a412b0744d4474","e2ebe931ed7e31fe39843a9fd9cf53c179387c8ef4a6469f0c490be6bc91c651","59339185f88cb41a223ca62f747147f9e6be3d8977bde0102e79c3612babb715","0405fa35f678a64a55e412ac218cf5907d26e4227cd2ce5e3f53c246f87bd04a","b3a61a27d94fcdfe2cea7868c4397c392b5be9df42bf6633cd67d9ca048387df","487aa04255015cced39617f2df643c9fb3fdbf0acee0194777bfd3cbaba2f58d","2a859dd5101f3174fb80d198f7a68b66f36e4827b1565736193992b98af1109e","b27c487682fe79490ffbcb7bd5aed79929954678314a42ed13b358b09b722896","cb2fb3e040d3e19f206030801439cb8592953b045524d6361ee5a102f94bc81e"
269,"CONF17","CONF17_joint_0p90","535f07ab501d4a2a95b4071e106ee2ae30a6557bee60f79517fcde26b5080074","r_serialized_pre_exp_log_matrices_rounded_9_decimals_v3",9,1e-09,"3969a4d6b594f29a709186358e79a6f2bf4943fb490a96946b7f3502e65e8d9e","077cc3e17db32de59fb94142634b470dbc9468f15d4f72eb6bc0ff26abb5bdac","ecbe8acad9c8e2282042af2589485d9703a8be8fc090e7930fd02c28b308d207","934638cc7f666cea4a6303d59f749ce820227aeb3793220840ba52cce96191a5","7d34d5962c261b4d38d70213136b3e5ad5ffab8565fd5df1cbdc78d6f58b8d3b","f2d32bd8f139d4bb4b51626878ce1e536299fce92d93158516a39d052c7db12b","25d66f2e4116c267a2a4947866679e61b51426adb35349ef660d75801394d7f1","9b634ae21574881c9d814e59d19d6e1fff052e616f2a96f346be51dc3e351062","2f043da6822f54675c8826e4928ab9015a84a4e05a80f44697cee0f736aad3a5"
270,"CONF17","CONF17_batch_1p00","c56464d6f9632318cebf481160ca22a26bc3face7c80feb6a30bfe9b22d2e224","r_serialized_pre_exp_log_matrices_rounded_9_decimals_v3",9,1e-09,"262e61a460aa66b7f875cf466a8ebeb18b9a11ea8178e11c3c908223c5b3a231","39bd4cb944e7de258d29f36d0f667df2541415506f522091f5d9ddfa7005a26a","cca9d6693a7562a47bc990fc18a1c60b35c2a17a9696b32e3676fab7b84b0ea9","4738a1d2e1c86e1551847d19963958f9a1a8ae9fe48a97aedf7c1839d78c7f87","377f58b4c2308a3b788f91c225766e3c0ce8ee81db73f6e7c9f692e82ee7c8f8","fa6305bde017b855c87b3c59159c9d36b0a539b9447c0183149222ff4f34599c","03096984a202eb013767c53de474abe7f708fda1a389558d16afe153e7970db3","24a2ba5c0f1491492065fd0600ac5a535ac33f7adea393207f3ad54909a6b1a5","8968e2159df8d7ed17d3400aaf0268e0911ab41b0e652bb7859b45cbc5e0fb7a"
271,"CONF17","CONF17_run_order_1p00","1163599e83f47dd6ab85e1bd77fc18370912891d8ffc1544651416747ca10454","r_serialized_pre_exp_log_matrices_rounded_9_decimals_v3",9,1e-09,"90ab8b8f1330e18f1269131f5904f17aa84f8934dc9915eebe11778de04b6ae9","061f589cb85700b05a27fba3e40947620cf4448c2f3b05e97fb09179ffac64cc","667d85a2b21633ffe1a5699d9a7bba184081b9983ff3abdc5cafa3f96f37ba8e","8c334e02f554ae0d2e9bfc874df95bc80f83d72905b5f8bc86a437e82f632e6f","1a5f834cf79663e4d7fb76d541dc8f8cceaaefcb40047bd59a4c4763d8eae036","7dd0e6ce6f8fcf68f82bb8b8e24decfb649cb704cb950272fd35833ea0a6790c","b8726158290c9dcf596c6bb446d4d8d96a4bb75c85ff434f2fff6723e05196a2","ee5b0e8dfef548985130e629132254898827857495e2b221d413204eb11fcf93","17d03b582e691867c6ce94c2d636d4487a16584e14102f4316e180da70103305"
272,"CONF17","CONF17_joint_1p00","38a2e74c6b56118c35add12b122677eaaa5ae46f05ab9a23915a433a1954a272","r_serialized_pre_exp_log_matrices_rounded_9_decimals_v3",9,1e-09,"f6a6037e450a4195095311e47a6c254f4b23a1011bdcf2b9ae2d34216c406994","69ba370d47f58a6630cee7137ba251811b842cb05d3e7fb7c25f10f66a867cc9","6c84c0202a17a2857ae9f319d6fa73c2f1207f7ca4feb62d4f0bc3de175444bf","4478326e66a1bc487ee3b8a944c9b78a27a8d97383d8f19229fd2fa303dc3ad0","35d81aea1ecc891d383e043273d16b5d1b554b4325f59f15f49756ca23aa981d","ad073cb75c10fde61f41be8b02e9747c04cbd24aa22098e72a78ca4575b531f2","17a6d21c56ffa87c54750b091b1233e948f5fbc04257d6bd5ff5a64856d32450","140a3f76d73183447fd685f1e9a0f49e5bec91746752d2655cf2ee1bf186f2f3","3483433001cd058235ae7f40866b9d57e75029488f1c16aeeabb53e6ff6b5e30"
273,"CONF18","CONF18_none_0p00","9acbba7b7b568d73f02c9573c682d58ff25704436e0db5925c271af73c306278","r_serialized_pre_exp_log_matrices_rounded_9_decimals_v3",9,1e-09,"5e028cf7a71a72d77c682cb0718bb2f6c81d085e968007af42e7ea4e8d83e688","e1b46a5fcd7ba42bda6843a396b79f1d1a9a7184c87733f0dd07e440bf91c905","a1c74b3ac2f2369c6b667287f68c6a49827256766c61299317bffb1debeb04ae","0598b167e7ce2b2663373b3bbb03c4d43e0015cf238ad83bcede4f692943d789","93dbf1fbfce10fc23874e5ab0aa92cb0e8d4f244b5eb6c425b380d7fa5178aa6","8445a221dfedd6b22533f6e3cd90d5fcfa364d3e91ef9ad4837114a3ac1b9a30","d02e7072ab8bf044cc3844ddd21580853df5df8f3cdcb772e008b0249babe174","d67b5135d4c48ceff0876111d8008c7bb8ffeabedf378c345540ca67a8f2b21b","e3a777142da2344babc1fef83b89f23219e307486318a8a71a9fd53ea75e7926"
274,"CONF18","CONF18_batch_0p25","4c8539391b87429aea642eeb2c432853618fec982e8ad52002b5d94c5326c590","r_serialized_pre_exp_log_matrices_rounded_9_decimals_v3",9,1e-09,"f855a54e76cd3f4cafe048f5b88fcb7653dd17780c8d966bc2ee9c40665c383e","b461e460f74a0ebb53a0ea64ef129322eeed5e50116246d280e40ad55f4f4ca9","090430ef298910957e81c57bb44c4afd8887413560cc6b9beafc92991918bf3b","c650988a3a84083f0d26c4c9890964a3fea119554ae12612a7b1b8eac76cb813","c7e264fff0f19cf7aff81cd116cec4b1b8d3920c7e1fd78eab4cefcacfa2149c","6a3ee3a569ac033f8ad8e4723e43cd3dfebd5893c21af3e6b1b82fc1c96c401f","dee74e5262790691f89a5190b574e18a7778b915c568d1192745ab235b4a90d2","3383f6fa23cdfda3e450bed938a480a9d9e6307ac94e1446c2418a7babb6b27b","4c3ec06277fb16736aaed049264765307c59d02f358f62a8cc4ab2851819ec19"
275,"CONF18","CONF18_run_order_0p25","50edde3f1fa291e6bada69e9e33b3c1f6dc020564e38988975cac5b36efa4e84","r_serialized_pre_exp_log_matrices_rounded_9_decimals_v3",9,1e-09,"015f4c96163396d1cc48a561a2154b1f843b2cd2cc5c346c1698e8837fa69c5c","c6bbf3b8820a376f66cd3e693738446033d054c213465060da99a7f619ab05cb","1d2fa34271c5cb0cbb672b0b717124e2baafc100893a9fa5faa34a160cdf33a7","0e903c98ac8e33e0be8bbb2a710ec2e79bf5fb19191f9a283a280202173dcc7c","6fd675cf0e3055d74ecc63556597e189fdc8eaf1518ae6d7f34771b041200d16","0694b623d8ac8d323a391d46055ecaa29036a84d584fc706729e356fe3f274f9","09282f507b37ee82589d64a04b25aa3d02b2af6ce9f7536dcb27809fc7d73ad1","00759927f655f37caef7aacf38dbda5858987120a6be565c7c52a180bddb705e","91e3e379b4275fc3b44db5dab34960c6b1a2bb725a1ff4fcfb8909e4b7a6d17a"
276,"CONF18","CONF18_joint_0p25","82aa562f25a208a60e8ef5c6cdee1afbe01f26c09f388157d67d0aec04ea8d0a","r_serialized_pre_exp_log_matrices_rounded_9_decimals_v3",9,1e-09,"8e21faed5d02429e88fd86ae77104894c7e60bc002f93119bea912150a44a1e9","f187fec77446a912a5ae10294c7678a9cb99568ff81ce01cef073799e7ab5328","87d6f1fef9b9b876bfb1e9482951e8c8d95224983fa855f8237ca502c65f04eb","362cd247a0b0a3fc503da765cb4dd65abf6d880ac93ea35d8792800689cf4554","b3963b93f99df59500c4192fde6c831c7327b4aa694a915db6a50066881aefc3","abf4e0db6d1422b9a90aca6ec434d7525a01afccfbcee576b41f303e83f672bc","717d417b5b54838acb618f24ff86bf0b375a2d89fee8f8fe596d81e690a6f139","f92bd7dd3ad4ca5c5fc1a57474568502e7e415750e470839da4401f1fba96e41","c71271ae55f20a499548ba6690e0fd2de5492f8c0b9f2e993ee5587ee1accb43"
277,"CONF18","CONF18_batch_0p50","b028dff4efdee15a27f6fc51f9186dc99184e2ab658c665add5de6333553db09","r_serialized_pre_exp_log_matrices_rounded_9_decimals_v3",9,1e-09,"2180504ad781019570f927a51c51603edc39fce31f8691187367b6164de7e9a5","2044a92daa9c00862babbc1aa6ad2ecc1d2ea2cf14d2e805fa4ca586730e6be8","e0bedafd063c4ea4df52ad5694971ea9e6ca83392321400b6751a4378c914e06","cc755476098a7a3e4d8219e1bcb5307b24c4b8ffc8f9405ec0ade9259a642c93","0daf0da0b6925799c468afd14f29aef0d76e32096745b671becef29748db68ef","4579c459964d9c51a3209278aa25cbdcac5d039e13d6c638f0dad9fcfd7ed812","e4413b1044cc84b66ed0f4e2f71f6a61124fde7a1400f608add8b2d2bf001896","efd889219eacfa29ae4a34e2f88f702a7f8a3b873c2ecda86beb2e73ea35a952","98fa3ac406bb72b8d17ed277933988f0489f12275cab54f3a3035c54b1046fff"
278,"CONF18","CONF18_run_order_0p50","3711d7932ce633495d58efc57cbfa4d314d78a27bfa0740dc8c5d85193bb1c04","r_serialized_pre_exp_log_matrices_rounded_9_decimals_v3",9,1e-09,"b9f116629877d677ee4eff9a67caad563e6659e541dea57eb0da1e919b92f0b1","885fb9c221b87faf3cfa19005a261f31dfc17a3e1f4814d7f2115e5394354145","de071326770e796d78398427f93ff63482444772531545779f5b56578772315f","2606190a205c595b0df7279c02b49c8bae7a4d74a5201ba067884499a9be3309","602c42d3161e79be834ebc876a880fd399d0c98434565882408229c3fc762a63","8425de249b618a83bab2e289f6067a05145a34682ffe240b5ab17fe2849d128f","5930c6cdde23e2710d81f1cfaea262bf200fe68b41121e8e4590310d7f2295c5","b24ea768cc3d0e35fb50315fb02aa94e551862d519705c0a3a36bce49fa21c6a","1dabd862b3b0fa04e147c433bb0040696c72ff1290ff4c05e817dc017e15c738"
279,"CONF18","CONF18_joint_0p50","cf697c0a1686d409ce4d6e9602b9693521237017148c46ba30c0a25b355d724f","r_serialized_pre_exp_log_matrices_rounded_9_decimals_v3",9,1e-09,"fc7cab7cb62bce3f755d127071ef6781d60ce0ac36bd8eba2121df5a9fde5467","adef9f06c792813a213f26404b79f1d3a75ed4477af7bc5e5772c2d1c77f46a4","f996039d985a5613050cab83f63300e05d7b75e92cb7807180cb9ecd2a195dd2","65c334d532371b2b6477180c9d3f657e1966693ad9216731fff7557da9d19a63","e0c39ef4c58fd709e5ec080590eba7f06df42173c5dad3987944cd2f5c1757b6","e3154bea0092019539f9c09b950af52f9cc8fc6c1a23ece3cb4bd645246fa2d8","9a87798cfb4ea51bbab24a620587db2a10f4013b52a61cf65348a255443f83c5","fabfd40e9b8adfd2ba89246a885e47ee93f92aa4561a1e8d1854f353875627d4","fbfc19edc3ca1ab96c259e82f9835732ef6f7dc79a70559eeb95a240d9c94502"
280,"CONF18","CONF18_batch_0p75","34c8049834003fb5a335fdc6ec07b9314cc95a22e1abbfde4783d8603249d0bd","r_serialized_pre_exp_log_matrices_rounded_9_decimals_v3",9,1e-09,"e5437d7b1106227afa19cc5465da2addd0dd9bc0dcb5d413ea7dec6a45dc7b67","7c004d614ced5d59d2fa4d604f98685b7ae9cb268710574033bb36daab80aca7","bf7bfeb14a3653b4420da8b78c0e8441fbecbb2517de2ba94b5262301cb7ae4e","df60dc91b7b488504db3c7dcc714d2d58b0ba76813ef493b5f4bc07deef5fb16","f5a7dd67a2c4407115a5432187caded11acac552ed146a9b7b8b2faeb719dbce","c42f0f219e3b53b993d0c0f52239a595e26422f00b7908276c84dd7a21cb71dc","748b0f96c403f6322654ac2922f2b00bfd55904487f35d2e710fac4684855131","f03d07124a2f7b4bfb8910788493fd22af87a0b933f0e7dc885012259ba2aabf","84546d6a982026652830baf98369d23cb20245d4ddffb325776bc178d5045450"
281,"CONF18","CONF18_run_order_0p75","bfa5b1f7fd3a72621b8227d30e23bb971dff38a753902bb2baf38bd3d5e12322","r_serialized_pre_exp_log_matrices_rounded_9_decimals_v3",9,1e-09,"09e5094b369cd560c32deb50666e934f6de469ce2eff8a231952f2e8a698a5bf","1baad808a5f4bdd5d1ee30748652d06b38af4f0d39cd8f6f358f90c8b8f47db2","4d41d9be21f69ef2e85ccf6d13ac1158d24aea3b21c56013aeaf638cd19eda25","c26847255bff57c2f4d9cf9593b7d9535f770e024d89db696d015950907d8afa","9023519704af0c3c8d6316288ee1856cacdb5b654c3f24f462d98615ddcb3a86","935c87e0538d69d1195885097c2064631395396049dd80624987474b5f38af86","b022344b6495ef4e077ddf58cae639f564cf1b71f42eb305b7add8d786d4274a","aff6110531e54cb51240a92dbb36b1a2cf5240a035216d173dabee159a1015b9","feadf8fc710acc005394f4d90cf7837ac5801f09db42b057b3df179d6864580f"
282,"CONF18","CONF18_joint_0p75","6eb23df65855680bca51afd20132b7d5ee843b6664bb2542cbb68e3e900309a9","r_serialized_pre_exp_log_matrices_rounded_9_decimals_v3",9,1e-09,"51c1619a2ad99c716c1682a98679366851a868b64a0cdc192b362f2ab06d985f","7fe5545796d45c2f218349dbd43b6773863037f595723bc4914621df976c0d7f","a52ccdec352ef8d5af36ca8021f6a82f995c13bfb7884e62eb9488c7b23af576","e280ff8a37363098b7c8db6ee8e1cfec8170b4abc72d84292a732b488dcb9f7e","be1ddc2bbbc77143c152efb7d440098683b266b41724ee85022a82ab344fcb80","c956aeb976df545f758e9797a79472c8e5343e834f30119dc10406f292b672b9","d39c2762c28600d2dc936ffb6c9084b50ea753640c7d94ee0d4f1ebee28d8a4d","31cff9d801f698ba289b8a72851d9f4e1d1c3d6758d4088aeba393a3a148dbfc","da3e2464041e6e451a1bf6d8b7d15b973131ef2c51d5743e82e358dd5ba33438"
283,"CONF18","CONF18_batch_0p90","3b94e1b1b2b606cc282166e31b7114e05c151361196a4748fbf844fd8ddef00e","r_serialized_pre_exp_log_matrices_rounded_9_decimals_v3",9,1e-09,"35e3798344bcc83339b8e0e451cdcd5a178e59aa11a6b227a01333ca255a7d6c","05c03c28a1d3b0d175894dbc709e0f6bc1c51879054e5a033cbca11392c0d131","c8dbce176af984235511b6059d63d33dadcfb1bc127d7a461023093a0ab1416b","2ad9611b573e15ba44408ff8034b4508f341d82f4f75566ef70379fed332e57e","c1f6080bc0df2a19f5c5627ec54b8127a35166a4327063ff487e6b9d8aded995","2c90a927c38d881a43c685f7de682c59bd38d3f821ee9fa6bcb0d31a5d2a31aa","27d6d901cafd772a2a8b29ff665336a393ab907780787a7a8f32445f61dc722c","622d796d7e5af4cc55a2f762cf1dcf8508808453114b13c45320f6c2628fdc3d","91fd0f4dc9984a6b94ce27026c69c0e919dbaaaf41cd13232af8492c10cce2f2"
284,"CONF18","CONF18_run_order_0p90","9c8f4e3ba0f2288525929981709b31dd9c3e3bacb11aab61b1845f23b6fb9fea","r_serialized_pre_exp_log_matrices_rounded_9_decimals_v3",9,1e-09,"17fb79efef4da8dc0158510297ca88cf661216bdc7932e2068fe329430e59c5d","e430ad9d084eaa5224bca7c8dd5d2e376c28b30cf6a323838f7dc7026db0418e","6ed4a1e4f9703d73b4c863252485e03f233b6c0f160988da7431056786baa7a5","d0772e5dd0c26b155fe5b6723e066f341d8b833db835857653bbb89943674306","64d11c182e0c318b8e2ff31050ed8d161b9471403914429f91ab0787f55fde16","9657ed150ac35d54677cc6a26f0f2817563fb9645661b03517e568bc25172b36","2e0286b18641165fc3aabb80d9270bcf45d447d47d7b78bb661f1be11b4e56d1","b865454f820d74dd23aff889cef853c800928afcf0b88d6dd460def3adc00fec","f94dd646543f533cdd6a216bab953ea2d7326cc7e826e2da56496d9eaa9316f0"
285,"CONF18","CONF18_joint_0p90","eade010b39fed50087f7b735de6d844f508a4953d2f4d9e8ffc0abd9e5f831a5","r_serialized_pre_exp_log_matrices_rounded_9_decimals_v3",9,1e-09,"5dd8e0bafe9cbff2e4b7d9ff298afe9bf52ddd3f4e5b1d6d266a26507d600265","0de2a990b086314fb32f238162749fc8b30baad5b09e8b2f0378a9270afc7bce","f05af210b605dd02180e1413827c481b002a6e36ee1d8ed67e2227d662bb4fee","47bd515f11d0fdf348b980312be3d64cfd7111df2ec821974ec6bc6146f32389","cd37633babd7d9ffb26f9adb33528985642cb1e13416a9a2739aea3e3fc80705","513add38bb972b88be3ebefe72266514cddb91b99ce45dcbc0f9867e778c1059","2505567e29c3cbada3da9dd50d66a55fac9e128a195b1055cdae98ad5bb59e56","d5abc2f6b463804dada19d7ddf2d827e7b4d0ba4d74f15bd36894109ad2ea09b","bcbe9f90aeed24eca76598598ecf1ef8ec909da40761e949664c3874403c92b6"
286,"CONF18","CONF18_batch_1p00","e2638f1d72698a9c45ce883cc53131fdb4de4fd0d2a238c93510b1fc7df98445","r_serialized_pre_exp_log_matrices_rounded_9_decimals_v3",9,1e-09,"79634e1e9550cf9788cecac52960818f307511298c12718a835c8109d35c5a6b","f8ed8e10d0c84eba386c9091fd0eb9acb127cd456321d28b1c0ade53527dd701","092298f1752f7c62b57fa3f8190459259920c8eda06d0adfc4b8642c7e614d93","f0c89dc1a4ba68e4bf62296050483106516a3dd5742142fe63fb6a37fbd557ec","f9e1a3b1c33ecfb85853db7082031ab3c4c997c56dd6a63a25255101e6bd024c","b31af53fe6d9c0d8a9b577fa51c1eb4deb76ba539cee959ed203ae5ec2115a2f","a93289c7eb3ea1f1b3b42c1cb1ed37ddd500ed83274d4bbb2745926ce37d6207","27ad9d557e3bb399ad40cd98f341c5cd1080ca0c9157a4368a430da086571246","10c72b609b68c2d830402989b839ed87a33910f9ca6bbf0e2b44e4d26df78f1a"
287,"CONF18","CONF18_run_order_1p00","0c880bfe4a8323ecd9b432eed4b66bf92b043037bedfafd17a6b4f519037294d","r_serialized_pre_exp_log_matrices_rounded_9_decimals_v3",9,1e-09,"20135b54e962ae171bfbb46d287c32deb086aa608523ce279bb5ead42e059ad6","ce9f2539760d45defc00a1451f493a54f94f4be88357da0d65829255be3acd12","b3b634f388982a9b425a1445cb774ee5154d3037d1b4e36da2dbf138bdf17bdf","d2779a2dcef0f3086c6f9eb36cb6af99564c9b052106b60b61177df9c773f6a7","4118a4901c53ec2218d309b5153d6e502e162413cd92f5253e38dacea6e682fe","8374aed3ecba7dccd055d2a0f32bc17fa7ed20ee069b5a4c943b8ed73587a6ea","f945d3a854f5a1c6a3fbb80a007da3a8925ee0ec015d76014e121cc4f401f6b4","b5da227e4e3e38f63dd0000244cd7ce0a52d7179d590d33b6c9f5240b0505772","d98c03c85f87980cb13baad9dfd6066588d5d0a14f4eb9b6a167bffc446bc73e"
288,"CONF18","CONF18_joint_1p00","2b4472ce77aa9f010258a13e462ecca691ce8c1b7f7fbb31e973512aaa9e369d","r_serialized_pre_exp_log_matrices_rounded_9_decimals_v3",9,1e-09,"99704e024b7f4b7681bc3c49cf2f48292eb0f1aec50b0a2891fb262e6aabd966","e6c4b86e8af8f3b2818cbe2f2c62dcb212cca876602a8286c45bbd0577170627","b8d3262331ab1f57aa86a77ab8a7a5781896846babfeab49b8ecb7e8288d5adb","b8e5e83ea410a117473036764ab34a64d276dffa427dadeb51e338fbdfffb47e","4b9eab6fd2e6275749782e822f69a9e23f02d7419775babb09e31e7b3279e577","d87d5820dbbf38c6dd12e021395c318deca2a9aa3cdc64b23b6b2d928e0bc6f6","be8ca5fc4d6efa5e3ff0da1503790f2878b56b44218e9cec27788b9c74c8276c","e28ed600da8f6e7fe19867e8fd6dcae3a396e5b0e538e716e4a0dd2f503e3d90","ca4351a7a6c917eba69a62bfde69174ac35817165e9a626bbc2cf6804d2a1b87"
289,"CONF19","CONF19_none_0p00","acf17fb01e6418440e0df7511d81670521fbdc06845a527ae92a487794b8be07","r_serialized_pre_exp_log_matrices_rounded_9_decimals_v3",9,1e-09,"5cd303d3bbbcf28d477d55f9e81da8853f7263e8a8a8eabecb77d85af0c7e7ef","a4bebcdb66b2406f7b4850a1cee55f13793d73119ec55f70f277314da3bbf9b2","ef2f2bd534500ad889ae1cc2fe3c4281f7f366b919a16e222b9a3bf688124aa7","9e585052e6e66973adb2643ababe13658d8d9e4cab0b6ba274100e3e34c5d4e6","ffae8610b063e691c7abf7323330ee0dd6c6e7f0e4c5b2dca3716f2aaaaa96a2","a27b54a7587d241f1db9876194b00ca2c9ab5556240f5d61506fcf3bc5a94d58","28ed7ccb5ff6ed305b5e8cf09f4b86af4441c32867ef03678e22227910528308","08823016d044065760b40ba8a99b78bf77d1795cf151f9052f581e04ab73371a","3dd177e406758e25cb3fc279359da1d11bd843a1b8bd2e3b90cef6fab0844a8d"
290,"CONF19","CONF19_batch_0p25","917d657fb1cc69e56223de404dbbb5e4163010b4c43d326c0a30e3ac2c9d7fd1","r_serialized_pre_exp_log_matrices_rounded_9_decimals_v3",9,1e-09,"f7f91011a7653e3f5d35302c97603afd96cd2dcd6316091b28091af0abc6f7ca","03e301ebfb04cf3c6bab22bd2e8ffff4838d7b6ce3d47df02449306ad5255412","1407ee2d680dcfe8e0bfba25477ccb92b00c8f25760169c402f8306c6d447fd5","b25410807972964a044f67ac7c4f32bd43c655a91c4d703b657e79dbc11d2625","a28f37eba3c521d429164b8520953d26f44129ced25f0003895683fe9fdc31b0","6c7c1f07b59189abc7f0856791be4f9d042f4047d79f38cc6269e7eb7f4b7877","86adfd4d6833f774618dd27873c8d9925129d5f7f4b185dc44cf9f8348f46eea","fdf889cbd846ec2bdc5b30dc718d9f2babbd6ac9c5f3a3b6011f1e9303345f94","0a93141b7f585f96b54dc4f2cf0b93dc8333b4edfbbdb5d7e82e7386b8cac9ce"
291,"CONF19","CONF19_run_order_0p25","27150be90ff343085643df0771a8efab29082a9ab21cb55a88b72bfab54fa339","r_serialized_pre_exp_log_matrices_rounded_9_decimals_v3",9,1e-09,"159a63712e254b81ecd5dabcbcc90c53285aaf62da8b9d1f299362a7732e1fa2","f83c7c05f68dd5cc52a71cf8b512deeaacbefd7a3f1ec849448843e7762b8799","ca064e76b14066c6b5d23954d15cc4ddd7091262b47bf04738f08a447f3b5b9c","6430f376c25bd230c337bebd54c9c031bc31230428bc9d1ff42594ebbe1c14ea","b90a11f2db71a9fc9cc4f6e4c1f035391c97a3f858ff7c64df68d93debd2a67d","e1745a9b3c022639d16214e10b976c39aa452caac6e1760805d26096d1c887b3","f1933d207e2e38f29586723e27f42a2823f184f064b25f7454cb6e550c1fc947","dd155f97d08028a09723c4aa32e6fc656dfa1dfaebe97faf5a8820736197ad91","aab5edf1d45a153368683f13d956de12b26d81089703b0bb0bb78919a50fef68"
292,"CONF19","CONF19_joint_0p25","e38a59121dd4f4c182f9c0aa01058b9b57256bd707bc4deb80dcc312b773b6d1","r_serialized_pre_exp_log_matrices_rounded_9_decimals_v3",9,1e-09,"2ae47dcb955633204951bac562e88bf12d3b50ffcb593cc329b41e12a0f5f87c","a7de3b5dbb3e181123575545a1a4c7b6b72c171b674d4db0b19e9ea95081099c","3f7bcef579f31cb07f6a5bc6aba95b19634acf35b8122199a603326241fcfe3b","d7cdaf78a3778ff6dcce740fc2ef0a280f3683e6e9efd11dbbc135559ecb7784","f671b970fd72031a5536d71bebe29e7cee421a89145d1eeef6e1a1f92efea157","3de2c159a93943c4f1e595696d39219a6f1e6849eb17a5d734d0854c9e850c94","429bd0251aa822f1b364fc054d44177eb9060de4cdbbdd92bd6785bf6392eee1","ecd4b0d071ed2f16a859bcc7b49faf13a5a5510d9188d496174ded1587e22f51","20f7904b937e8d4fc0d0cf401d4d9eff5c1357abb72bc3801bfc08cb67675663"
293,"CONF19","CONF19_batch_0p50","65010b5d778a8abb8e615f13e9bd00353bd2e797bdf78d9bf3ee003de7373cf0","r_serialized_pre_exp_log_matrices_rounded_9_decimals_v3",9,1e-09,"4e5bcf1f6e37362ca6954a17969d30b3964a073b42161a41e98b3ee2b17e99cd","91c670357cfe3b98aa28450a251e9060fec5aadacea1c20717888b077d8c7bd9","ee8bf8b60f4b21c570a971247e2abce20e2da299e77e6a58e91f358252d45530","900a30489f160763254e1c21a72f96a53ea96c0f4eba92e208f7be250dd39db4","87c7e6a72105d3d3c6d61e318f385e74fc6c06c0be928d1b918a634b5e687e1f","46806840e65aa3a850fda692f7a8ff9d1906e5f8aa68a2f61330eb86dc12d982","4e1103d7c5203c0f2cd0102ae88d31d44a10e5ec83e9316d544907fdb53ac691","59e39599ff48472233acdb516aadf7c246eeab46f9794deb91b3ca683a103377","f9f636b55ad96df414e7abe0cc0ac27683e6dad84015673f91f44f3d0efc5c02"
294,"CONF19","CONF19_run_order_0p50","cb629842d2b861905caafe8ab7d83c29252b20f803b88055d0ca7023d0525eab","r_serialized_pre_exp_log_matrices_rounded_9_decimals_v3",9,1e-09,"1e70f083a3ce8c73be2a7852e696c1c22d47b5bd196fa864c9fc50c2509ef369","f345144b6a405a0928a7c65d80d8269337052f24618a50c3c0274478622bc9e0","6967d3916e7b5d660922512fd77f5324332ced375a8d9edeb919d54a8094d9f5","e6d428202d603c970035503e84d67b85244ffe37b5e68c67626556321679e859","17eb3aa5fb9a959d9448ac18c48b26155229644a5c46fb3917f6316abbe621b8","248cfd5841cc6b2e37bc2af85f5800caa6fc9d67c7324d5b1295590ee7d648ae","4fb01d99209416fabd64855be46056445f2e8e9074311a5f5341c03ad86de751","e3f08013ad64e4e5ac984b6db03119c0eeeed5c9d758ea70574833d17ca4dd5c","711e16b8f152d787069793ef60b723e7a74e6d4652062553289744d0ef0b26df"
295,"CONF19","CONF19_joint_0p50","db650cad80c5cf4834f73dd68ec1481f893f6f57c66aa7a7f209da224296e5a8","r_serialized_pre_exp_log_matrices_rounded_9_decimals_v3",9,1e-09,"722fcad3fc0e20252014a294d071bb1252eefbfd9d52dad5a8a73667c19dd777","73f874ff8dfc93af436317e2e7012cf7d9e2c3dc54970d6cbcb948bb733193e8","9bfebd46c3e9fe95ace852413c68ee3afc7ecf803a23fe76c790d2c0875c77f7","ab8f68c1a1bb9b4abf0ec25545ed4df76aa9a095ee5cf676f950c7ff573e77b0","bf246ddd77c82723dc88545cae33a9fc458c645a9618ac5be7d47828b08507b5","19567fe4dbd33846fab57988a01fcfb26e24508da1a869c586d9e06715d937f7","64992053e5d8f41b8d1748d4d533d8db6954e638eae74ac69e2e140082ce6996","5fed94ae811428b9720b9ebc9400d03408c83db11af055842c3b7fc6503d8bbb","43ade84b48071af3c85bb037196df876392ffc551946a0b7949a2fca35877a8c"
296,"CONF19","CONF19_batch_0p75","fcfcdfdc2b910461e6189584692f782c6965525d84fa02ddf95766092bb01937","r_serialized_pre_exp_log_matrices_rounded_9_decimals_v3",9,1e-09,"584d832b893b063755cf1148c5f0f466a1bd2cb74b6bda32192e18915847fa05","b0f0047e82db2711c49ddf26e19d461e12225547fd045a4fc345650167b5db27","420149c9d1df215f4c52535714583b365ecd0a7dd5bb6698c423ebf1487288f7","635d9f1d650a5df7bb6ba6629032f0220272d3005d11c7d4c6d699c6ac6a95e6","49df869a6da6fe90534f08c81f08cd791fb277db33832f33a52f4205ef49bd58","028339a1a9f8f26f7c04f51ab3b9b36b587792f293f44964c4cf3560c63b2509","5dde1292958f23b9cc19f9fb4722775da0dd8ea035826b4c304ad4fbf3514c3e","b22fddafefe5cbf31071fb30bbbfd2bff9e504e530719626af30ab1335859675","dc8d071709d942514bb79e6be2b54646515c425464998dc959c20d3e52dbc872"
297,"CONF19","CONF19_run_order_0p75","735df10a6af2b4cef79389456b7f2d2169af6aa83cb61a73417999f529cafe51","r_serialized_pre_exp_log_matrices_rounded_9_decimals_v3",9,1e-09,"6b22a16b9876b4e16e5a8fcaecf3e5071770f1b0102a8da99470dd0afae94e9b","0ccc8e2722b135cc2595455a41289d12aef0b6626e7894ed4e9acbbab05dd021","86f5d4276901e00efc4e8c899c5e5e7f3e3a97fe95af7e1a6ea793684a0744df","5a393d02c7d8500aad00a47e9b6cb67fc0c80ced0f90fba65010bd1b695c5650","ec40496a1cf178e4d8d8afb6abc7523f61de9745481ab8bcf6fdd11ea58c4041","f0b862f18dab6479fdbf92cce1ad6af3a8e8a94137b46c4fa950c13d29774c4f","a757e6b746d29d7185645c5d192c946cf9145de59b941a53b0648f01a8c86e05","1bd4489501be47e28d30072f025772849220678452857dcdebc73bc74132db1b","0056d5ef1a8b0fcd5891c5af3cbcc93a4552fbb80ada3edcec1cd7bcc05bdcf0"
298,"CONF19","CONF19_joint_0p75","5090d1aa48e1f0b2d81c831e553659f0ae8c6b1365120437e1b787abb6b4c280","r_serialized_pre_exp_log_matrices_rounded_9_decimals_v3",9,1e-09,"e8f80d93e64f0e37498243a1db2e368c39963e4cb2e000b2ed4232a094da31c4","67bf11c64c02497f09aa5438986fe243f0249f45356104e9dafe00aee968186e","6eddaf3895eae602253ce0424d8bb351a3af5fc82ad9365fee7c6694d9e98cf1","73486b95b5f3d11bef9d1d80c8e614811a7b84ef0f584938b3526d094948af92","f57d03c94fc5a881644030f91854e1cb2de310436843725a789cecb3f6dc75e2","b538819e63940699db8978000b578c38063ebdfb4d23444e342c9a6b61e642c9","25f0293d2dbb21534c5a660ffbdcfa345463e945973122168dfdb7d08180c1c2","7e75e7e46394faa3733896552ed30ecfdc3ed8b6c729a77a42720efdfa52253a","6027905d8365e1bd877013d570798adc9373ae11e8683ffb548146c39736b48b"
299,"CONF19","CONF19_batch_0p90","480866a33f88294555c30366ca89a0a9b5465939a8d68bb647b2a51810f46a85","r_serialized_pre_exp_log_matrices_rounded_9_decimals_v3",9,1e-09,"9f1e8a44f73ff321998571f6f97eee5ac8ed18a150aa86d32026f2b3ff4ac546","adee433e5101cd13b2e88f7b29e34dd63fd01cf6eaf10296f656f0e263ab2313","7f2b935fa0943f6e14ab62d6d935436198295c3d3bf77335dccc017cdf896418","e9382707bec724eb29c4213d2e3612dd73d0da05c4d8f971ee7c79f837697b61","73f20c0a586635c41ceb56865444396379b7ea4d25065ffec3f2320f111dc7e6","6111e01e0437ee66615ba1f23634382a6da4b71fc36cdb4abd434f2e239cb067","105fec22058d680d9e62b2568e6110aa475cd62943bd1faafef5732cc765a674","95e863baaed9302cfc78997dad0b43c8cc4887cfc7d7fad66900cef14de8cfa2","d384da837cd728d35e4cd09f5b051f9f86fca08ac959c6f1e9f7a60e46c24b00"
300,"CONF19","CONF19_run_order_0p90","1c3f440ea38d95a8b680d88e71c7e77d0a9036f8d0137cb860bc9d7898a5bf29","r_serialized_pre_exp_log_matrices_rounded_9_decimals_v3",9,1e-09,"d511567d890653bb122e12fd9f07d4b488e5c4d38871222e7166d479afad35d8","421abd5449a3d45da0db9de10dfdfbef2e3388b3fde66d4a2b2510dafad266fe","bf443bbf540c22e4bbcb3caf8efc8c738bb87749cd785c9d7ab7f78ad16e79bf","5fac419b5e88e90db36c548efc84aee2602772ae860cbabfe44da515ad3374bc","fe5e8e247893450a76720d951507938760c68698e66b675a250e12cde15a8932","f7026c2bf2642d21e1f3ce55dde9c5083e9c7c436027b3251c12dbfb92f9c8ec","be9df8852fab1d530ac25013f80202a245be6f0ca0780afe7a4487d57fefdc8e","94c52ea65f8d01fad542ff46296410de4b9efcb69976d689cc892506f51117b5","481b170da0d6da57da22a8db4815ed2e7c2c00cc79cdf0085f695c409a7cc25c"
301,"CONF19","CONF19_joint_0p90","d62788fc56c745e9fee9567bb68a7ba4c109c9e1963b6f27b6f1c122cd5dd612","r_serialized_pre_exp_log_matrices_rounded_9_decimals_v3",9,1e-09,"dde35dfb022c0e94d7ab5900499984b0fc2c5f427848845dae34c6d124e0ec7c","40d81de8ea2aa99d943a6abdf0a6f35980e9a3159f6f43432913990d90885d2f","80ef7caa5d44c38a229029c94c5bfa50acfc5f3c4b30b76c995f099222bc2a5c","07f3c82406280e455cab241352d6070ddc95528f8172275744dd18869b4a8a90","67f43529c7f5c2714ce0e868df312ef0ab42820afeb15681d4330c943e5b2273","cd562a08eff0a061f4dca57741408881d2cda069c66cd1383f317ed6ac1b978d","ca1a63ed1b51177bc29da55a4e702237633a732fb62ab43a3e629937ee644150","a2e4bbf24c408d834df23b1cdc4d9c05cb74540b088fe9c7701ad98eda0b44fe","2879cc4cf90ad27972a79a945ce0219561d518950c34ae34a8cfb1500b77b7f1"
302,"CONF19","CONF19_batch_1p00","e6caebcbeb2633ea1a0987d6caa5c32b5893d64dbebcdeeb64f0304047d6d6b8","r_serialized_pre_exp_log_matrices_rounded_9_decimals_v3",9,1e-09,"8f05bbc6261de6ae8462cc0ca91c484a293b76565bd234379434bec2c0ba352a","9f9c9be33e0cd26270b4572d3ff0a4d2314a33f2d54730009ecd0536af7206d3","40e6faa5d775a6ecc59d86dcf204c6b7c8e858d31bc3a3133c9f172e77b6801f","92a27773490934b972dfcdbfa07185ae9712fc4704b286671a56618049def4b2","775705fb7e1ce063ce46d1ca6be51eccf47cbb81c423e09b54707885b790aa66","79cfdd13b5193312f94ad20f8a5dc389b2fa30630e454c77944a97dbcd700725","c96a4cbc8489da59177ffed2e32decc0458522b34a33fc4de0fb411d056c212c","3a74ea2147da9f5eec2a71c4ef91046e85492655f6243bc467c6957254672e30","c560933943b5c98e8ce6258c77657dfe836985cf078cca59c241645a8e635321"
303,"CONF19","CONF19_run_order_1p00","1628ab2c31d1fa18704b53d5e7ebd93f82f467f53c955ee9dac28b3692517c7a","r_serialized_pre_exp_log_matrices_rounded_9_decimals_v3",9,1e-09,"723b6b4af606ba42290a7ed40fda668b6284b95324d1866684208acd7e3dece7","4ffea257b373c02a2c90b8c74d293ec686faa45c7363925554d483435fa51c34","52a5bc1aaa0495a7e0d6edbea71236e6cdd26d3ec79b8c3deaf65155e1d15b96","11ad53a779958b76de26152b6f7c474540a49a106697e065f49207db6e0e2dd2","ddbf422da2ea284eacf362db0a605bc0bb6dcd01a7f5d806d673b5f637b441ef","d8811403a279bc84658d59ffeb3e1336975bec4b6cae0b3a76d9e4fa084fe4ed","559922d85557ae1085f41c34b6b22498fed7a934442f7c986ffa6c6963191dff","590a2383f80de2f8935d12cf327cb48e1257b4653ac6146662b7a92909de9f9a","c37add8958e7737b589e1a67d0306d06bbca57dad4afd8dc83f067bff1cd4704"
304,"CONF19","CONF19_joint_1p00","083c990cb4125dcac1aecbf0910ab8371ffe16f9f32e7023720477023510dd87","r_serialized_pre_exp_log_matrices_rounded_9_decimals_v3",9,1e-09,"485acbfbd3c0f15cd3520ec94fc4136541834403ceda401b1c9626f8e41e8ef7","89135f64ab0243b29d9264dcbfc57d0e4218b1e03c4ae6d43bf83b9b2c9e568a","52a87a108c37a205667d659289a2b4633448a2875c39fac26975ce67ae802948","5821bb9228d599b079806c6ae8f81743748186153d3087b618818ab26e12aaf1","903d0c85683d8ef9521f258fda1db2b367affbfde6ce0aa2c982fce11272117f","afed018516cf75b39cd2ef4e113316e291a96e4f4df5b2d35e19ac151c205a34","f5a5c24a28147b07cf235a7fe0971ebab6f258292b9d0a5fc9e081f526bf32eb","c1f0e6eb7a43ab060d885e41da92fa5801cefffcab1825754d0b8bd6546dc083","2dd123dabaa4394428d9e976c9d22197c2110a5d5a2a638514b1c16c20a1095d"
305,"CONF20","CONF20_none_0p00","ceefe1ecd84ac49dabc28d12c524d64c3441e453ff7df14e31432ed0a424c911","r_serialized_pre_exp_log_matrices_rounded_9_decimals_v3",9,1e-09,"fe9c9e8ac376c1d96c40864236fa823cb9baf6521b1f733f396dde0e760a9cb2","f752e44ae4eb7a74f36c466c37dce4337464df2c1dd8e1c0ae005e0578959f92","d299348b0f92bb704b1b3f8b5cae2082ddf6fa72b2430231a459b1151c63da4d","1a99ef3cdfc42d159c9fc083a192ccef20ebdb6a1b7d19f5f12805396da483fc","0cf34c71b377d94432638ec59bedb68973820f64b1677efb88b89c4d7e564374","0f7d9141d63cdd677aa76f802546ed268cb6354c6a25a708bb6afcc6df7bf001","b6a36fe37f6c7fe1576d6d0da793d34583f3a34576ea0456a618e1c35d522939","e392f2b7385417d6ecc2b6af3927af2c5048c9bc9f79135380851efa855e6111","51356e65530d8db5acdf72cb817fb28cb030b7a4a44bfd6b3a4cd6954c8e8f6a"
306,"CONF20","CONF20_batch_0p25","b02ac27e57cc8a6b53d12fcf211b1aff5204dbda376454d2cbb6f2f5917c9940","r_serialized_pre_exp_log_matrices_rounded_9_decimals_v3",9,1e-09,"061d64ec5084eaa46725bbca643e38d9909f2df920e3316201b372c2b4e6fade","30f4cb013e3800b4285fc8f88e98c77f17fa974cd994669400c50b08b2bc64f4","228bad5f8d48aa08c2cfd0fcfed2943cd930c6173b352eb1a604df33df508221","ef8722be26b92b8faea9ebd4b15894f64b0329b88b1a6f79a4e17310f05c81d0","4f6540acad06f5c11ede2ebb4b23156cadadf951992655960ac79db23e0e2e25","c9e423026ab7c84d1dd0b6ad267f3b500f08e5fbdd7284de01199d91a49b4ed8","287108bcba109b105a37b44ef6853db12c0104b453a6e1ad96562820ab9f2e67","56ed47baa386c12341b4b8542e82c1ab9a566d653849b72602669cd84d4c925b","4243e0cb51700dac8791c4f08310911d4079ec92ef8ccc90e36279719747fc41"
307,"CONF20","CONF20_run_order_0p25","a07458405fe68f7308c7a0c7a23a10b95b43202c7c34f23eda8f8def558e9514","r_serialized_pre_exp_log_matrices_rounded_9_decimals_v3",9,1e-09,"9e002e93b636ed437a181277cfe8c39ffeb257a1f801a2f47ac28532c50c6b5f","8992cb34bd542095a0a6b259c758c85f41c1ef301db7b655cbe20b035d096383","e7b963f5d60f76d42b52469feb0839dde06cad9dd02b5f23c61e11d45d828aff","a790bebeb11f546f506cb05f78558818316bd46d36383bd92cc30a8842955805","0b68761e527a88b4d716b224869453d4fcc192dcecceb032e44739d467991a5c","aca0d092a890015fdc887d42742dfdb7f9f7afd75398442dc9e8bc2c3e06b4a7","c9292f1f9d3847724e6b471971427e440014ff2248d40a98673514b5d2b1addb","f9aeddc7cfedf9d06ba7137c228774dee2ed563bf74341f87bc294389fb7bdec","8e4dfe6ef3c64ed90572c61a080fbd1755bbba4b9394a4763893b05b9d14be46"
308,"CONF20","CONF20_joint_0p25","0a7b466b468eb2463cdfabbae4808abf9d7ce4f2b2653e2c2a6e67e520725327","r_serialized_pre_exp_log_matrices_rounded_9_decimals_v3",9,1e-09,"1b8d1df0aa981ef73f78f635dee4986618213561019d2315e51eb8d67fef3d64","59cb33f2ad8671b510948ed43c2cd900ae4a5a610f96ccb6ae34b62a5183c187","c7e979ede4e8f8730acd8c488445fdffcad6d3c58e8e19545fd28ec022f36fa3","bdb08c797a9cdbb86fa65752a7054948c6644ca2f836a49bc5b3549177fdb6ad","b2cb1b003f4035cdc23e12c611f68ead3272bc7ab197e4b4ef1c804ba3a70e60","90dd3bd5fb75d70b314cfa973099d231a24b0f85745fc78c4dd77e06b9130fa1","bcda902de39682f3f8a19d6dd5ca4ddadcd71548a8a687fca2b9007c9de105c2","d3c04d62cb41b4783e6677db6e1db262d73ec87273dcdb5ca3b1083dcb20704a","2aff05a7b4ffa4129384422ad528ddc1cc9c6b2c61018e5c87fe805de81ab77d"
309,"CONF20","CONF20_batch_0p50","ea12d3c36eab72c2d5bd7c86c5bb1889c12bbb7538a7e7b736b3efc494bfc48f","r_serialized_pre_exp_log_matrices_rounded_9_decimals_v3",9,1e-09,"deee3cce6ea3cf65dddb4c48ae7ce97468b9375ee9200cfd0af2003046865a90","01d43e40df03a55ce01b5050d1c659e8dd35d3c1b861743fba0a98fec5be61b6","b6fe105f14253164ec85ea1b0a9fbab7f55345e49c55b0e3e59860fcab06a33c","60303d742b231b406521813c390573e151a6872456544e6d54c4b49d9ca024aa","50e51b7eb23ca00c4377778797a7f65987e1a51f8ac123441563495bada8b8c4","b58f39a364477f6eeaec842c8c1a95684654b76a897deeaea546329f6301f7aa","f40550da0c8f0bb0f9886e65822d6113fb5a57854ad34f5ca147c7be55697907","a9f64fba1723417295598372ff19979c4a50788302818afb917e19299f8f397c","b2f6aa79fb3510c57692ffc99bda9f1f427ef85b7b848a990f6af32838270542"
310,"CONF20","CONF20_run_order_0p50","3d5397d2aea58ba8cf1b5ffa43148abb138dd991976458e488ec1f5aadd665ad","r_serialized_pre_exp_log_matrices_rounded_9_decimals_v3",9,1e-09,"c80160ffb4efa35c13bf55934c567cdd6508436e1ad83ad1b2abfd06d6fe7bf2","98ada0235529d50e1b38ad7937c277894d35fee7c3b15bbf4081a52191a22155","4b1d9545e227dcf5c22a7cf1b663377304e6efef8285901cd2bf29ec882311eb","7851e296e0a72340da063520e94f2f811c0a18734c6fb4a6e89e8f68bb970652","e38841733224062ca9a664519ba555edb3c1c736bea6370332d68ee1285c182c","adf39c141240c56753557fb6c244313117e8e03bf5495b8fce4c0045eaca8c4b","aa90e2adad6934c4ff4a0c293741ef3f8d867faa20d754ccaf3c427b790e9ad8","2811bbc8bb4b4e7e1ab399273ed3a804fd68ff24d46445f734912ab90653fd0a","3378c553959ab7eeca472ac345b23e105cba256e0adb2d588a4f44d7d382a995"
311,"CONF20","CONF20_joint_0p50","a81c3a2fa45d53bad398065762291efd1c44e823f10590c6c78a0a0c74e9f8d5","r_serialized_pre_exp_log_matrices_rounded_9_decimals_v3",9,1e-09,"2f69908d68aa01d3629028449067b594e252bef47d45d87b0c52e980b53e12a5","ba45d47c6e3c435d055f5550e8da6c05fa9d71d28821a246fcd5def31502bbfe","93186170f7073a5981d16cf5a71c015f28374585a8ef488a8aa2209dba2444c4","a05b6b598d088202a39ba19d35f85678ab60af453bdf608a6a70a4e7930432d8","a5ece538441a6d6f781c5d0783309560f7ab9c381a47c3acffe83da10aa9faa6","a3b3f69aa2f486eeafd88fba735b6f01ea8971282c35307267153b1399224903","2ac7c24d9382148cd62db76d5f44aa2c37fb9a956b1ab787be62e3d2e7dbcccb","6d2092b4a8240daf3f52a56a9c7511ffff20171f8ec515742496ba6c7b162517","2ac1e3e02958a0bb6375d5e6fc5534a3ed80d533589e11c324ffae117252c8ed"
312,"CONF20","CONF20_batch_0p75","f93bb41ba436f454172706d2e81be4aecfa39c10e38fb4c5f5aab47b4034f2be","r_serialized_pre_exp_log_matrices_rounded_9_decimals_v3",9,1e-09,"9d895e7ba141f6c8c02183dee393438151dfd6f9e63dc80ace44c00c23cc626d","1889c0c845291bb5f7f6ddf938aaf2d22b732de1d68a5ce5e9cc17d0574d5fee","3b5c2bdbf041cf1f48a5e1b50166c57001432787f92b258123fdd759956e31af","faf25baa8ce734aeb8c13dcff97160f670bf0a778b1347bb7770f57d41dd3c73","576498cdd32f9810be7609e73d5385254f91437a4a421251e9df8e5b2c458a06","417e3a8f865ffbf06fce4ccbdd34ac6f1fe44e0a913fc98dc099156cb72ec50b","1af895b20b9cf44411916ce357af793a3f3e129106b51790dcff042e206faa4c","9ce44e7534ee7b3adc475a2bdfa1fc8313a8ec2296c36d0fba57066972aef81f","75290810b58c79f1aaad722d903afaee3746c28e22be7dd00c3692f54115f756"
313,"CONF20","CONF20_run_order_0p75","ae01daa3f01540a51992ce92095fd24e9c96a8dab2b9cc7869433500526ed8b3","r_serialized_pre_exp_log_matrices_rounded_9_decimals_v3",9,1e-09,"68e4672f7c504f0e6b6bd6b0f20c2962277eacf64a2987a7f89c63e59bd0600a","d2ff0374e33d184a1df9376e723d4c58a86c507d15f88d277805ddc4434d88c8","2b9c42408d208e93b2904a4f00659902dee81068bd82f07c846c393dcec77e77","386c5f19ebfee51ac2af7c816f2433ae80afa212bf669c80c44043f65f99f165","9baac84c5a6699695482e5d6909fc23485206aa7f5d79522cfe5949a43ed746b","b47846bc7e8bda1d09c5fecfc26e99efc82c16e7b1a11f7910b7bcf7e7062ab1","bed2c2cd27027f1d3d287d8a15570d7a6ccea5f4c30437a232da53f93ddfde7f","a6d34154dbe72024c6fc0549a5f66354760f37e9ad2be10f525823d4aedb0015","c6386fefd485bda440b295a44cdfa4ac24ad11e24269b4c05612796194af3de8"
314,"CONF20","CONF20_joint_0p75","d04a770f25a9e698b05b44cbde888327426fd0bdef9ea7f8d27a67ffd055bf1d","r_serialized_pre_exp_log_matrices_rounded_9_decimals_v3",9,1e-09,"fb4aac75e25344bc7aa95946592ea1d129757cd915e7f60e8d43b4a36ac312e1","71e573417ccc488dd47640b3bb1caabec419e98c30825e8e3dea359394b6ed3d","a1a6d707d9a19baf9ed2d212afb42081ab4f65b469896e28c054b9df4fa6897e","2c88eff0e824fd44bda83c8997a27325bd38ba9e22a36c68d3ed004cbea86077","71738a0e78a31248a3bc6507dc338bc060147b0036c0410f4400fda6a2ce2201","03b786775d904d269843b95e1d57aca51ec1b0856f395af004afef45338901a1","cdc71e6c06300601a7b48377e6efa68661fc9bd582997c821d797b0e6e6f4563","0fb93245104b69d280a8b7a2c502ac3b537719a9eb027a853e78b1d787a36d41","d984045abe66c28c2bf1d5191cfb424dfcd44783feff87dc484deb8059d6bcdc"
315,"CONF20","CONF20_batch_0p90","608d64842d5d81cf94245312d5a63d75e2ebb0de719ac7f68644164274e549d6","r_serialized_pre_exp_log_matrices_rounded_9_decimals_v3",9,1e-09,"3ce035c8c29a4179e2f6399e00d3d43176ad97678406e7c7e0ad3cc84929dcf6","fff0f41980b17c1ce510d185be6a3e15afabf946e85341d64d9bdeb764be289c","7c087b54c62e1e894077fe5567813d585f0f3f83b5b47fdf1ae9acb7facc8274","20774c794c398dc0960c3fbbfb2aa5823435f7f8c4d8a70ec6c12f5dfb2af966","40050667f5b6299de89a6181d1e4f6e74fc76003d870c883bc5e07f96dca8890","c0c305e0cded036d452c4a77985b31cab6c59896c21ce8fc4f4b3b2d945ae296","d89282cc679b5fadc5369448d6a64a3e03f35eb8221e34cfc3c22acead819e79","82ce5b365be92333f345324ea09aa66a74985d45677528433080d4ee050994cc","6ca94a474f2dfd31f72348e07204727ba8456feff5e996a4fbe36d3929864ae9"
316,"CONF20","CONF20_run_order_0p90","763c587045bfe10e986431b8419e7df6daa18625f3a01eacfc945c723f0c5626","r_serialized_pre_exp_log_matrices_rounded_9_decimals_v3",9,1e-09,"f3ccd6e53bd2eee4eca7fd003c17fb57083910ab13dd9848aee7137659fbf405","bd21e58b250928cfd5cec6641c3bef674b0b95acf987980e4bb633a57fc9f37f","b271feb830630a33e7ed20894e63dbccecfd23bf8e11a39dd5afea2c51674423","a8320132a0d8295ab5742f8eac2a0d5a8fb208dbc781f23897232ecc57842f1e","e9d18feb684ecc8d0c1409c5c9eddcf7b9134b13ba96b6ac1da9db47442b282e","2fc3981b8a4cabddc4f0fff61e58849799c8473ac88c0d989be1c79cedcb1ac1","ff4d5453ae51349c6d61de967bd92188a1e50d00ea230e1c334e095808b7923a","9686a6c4c6e4a1d04dcd524ec95a62a9e7ead268394365b965d504e0bcf23a86","2fd2a67bd74dec7d4c5b3db21262ce42db5c692bba686f9d7648d161f2d72f95"
317,"CONF20","CONF20_joint_0p90","87e1b2716d1b3ee95bbac53472074971f24a99929d70c97ec0112d2f9491f182","r_serialized_pre_exp_log_matrices_rounded_9_decimals_v3",9,1e-09,"fd835a7c187ab7951dcea13ef535ec7e93c87905f63ba47cf4e48bedcf705ae4","fd790e491cac957cd265923243ba055dbe18e2038fe3c53f9eeca3344793577a","c6d7def7df885aa08b7f1a827271a2b47902598266fd75f99acd465202707398","4a194ba2233b2795447d5b7221f7b250cc811f66ca87be2e046e38972869ed73","010654d5a27e4e15e6c8f28458525c547c6537066c4fab6772bae0939639f38e","02e7f3c3419f0eccab7f7a2aab54474ba44673dff175b9e55269355a0bf4c1c6","9d173af665a33976dfa8b6cdacceb042de1472e31ca92df85ad35f87dd2c98a3","45f4cff6a1645bc0b141dded578daa895a8d740835434926c56a978c9e58fe0f","e7ea95898c6869f8e5a957296a86c776503363f74d17222b7ce271770039036d"
318,"CONF20","CONF20_batch_1p00","4351e7782d5fc93f4ccd0b381dbc781baaec3189c5709f1654f758f0aad13b18","r_serialized_pre_exp_log_matrices_rounded_9_decimals_v3",9,1e-09,"db46b38260f05fa42468966dc32b10aab260228488c03498c84aa1a6c8054889","eb76c08fa34dec0a1859872b7adca31e0d2450a287c00edf0c44d99afbeab611","1b2e33fcea2bdd25c6bd53c32407e3434f428c870d3c2752c638321a6906be1f","1614e374edc705e7fb903d9bf22f3e1907184025562795856aca6153db847a14","92751d7be797bd231ce39495f7e8a371674ac2489cebc3310def34d818674b61","4eb24fced2e11ad2ade403dd1c23685a6edaf93b9f42c2e3a537884719940134","952fadb7fc16b15554a788cac2e5c1efdfeb21ac33b954f62f1448350ab7855e","55866b0989cbc20fb8349fa86f94e035e3d73a79385e61dcee9b40707ae351cc","51a67c60a8f68ffafac00c2114464b2aff5ca3562c0de588bdb8b2de9442f49c"
319,"CONF20","CONF20_run_order_1p00","290e2ecb95fab2ee060aec4a9f0d2931e20a4d905b01fb0d0240425d9e521475","r_serialized_pre_exp_log_matrices_rounded_9_decimals_v3",9,1e-09,"a33eb17ef2944496c8d0e5d0e0d963a909b5416daa5fe8282839017e832d9e21","73e5ad08e5cd15f110ad65a53cd09d1a14265697a38dc8af1b53f8fda62c5943","5a1354f1ae1d4028c95db8dd849b3f8a7177c26baa78e25cdcb18d935ed72689","3bebc313893052e5cabf5195d3c2d56a2ebb14057fd3141f52ed976e5cc0c918","220bcb3d19037fe1f46662380daa0942ccf80f55a5269be4b9da25d947c3b4c4","93a16abcb7a873a5ff7f998102dddbd4556aba4a8bd13d2389bf9ff8e02a5a2a","1bcf65b7ace5368a9e5abc9936f381eef646ec59d0def7e2df17356e2ac13431","218747758c733aa2b8ad364d8eb7f963e1ef7be774b3525fc43a273dc4f2912e","7b5a1aee42f5f5ff38a53d65c8da974844b19a2088f6879c9f3f87c5af4b275b"
320,"CONF20","CONF20_joint_1p00","5fe604d6c2b9b0b1784fc8bcff5bdd8447956ebe26e9661b11b0cb7c01c59e71","r_serialized_pre_exp_log_matrices_rounded_9_decimals_v3",9,1e-09,"892c4cddaec90914845f5f0e39be4f9531c9f1e425b8b5cb9d138e363991f933","19cf00e765c6628218ae48b9062b8f25d697bc90c375e2b0912b74a38e180293","7519be8d4ac54958925216f3aa84a36778a5df1533525606060cda87b600ffbc","7badb938119d668429b565458c9478d0c2674e2db929e9ad293e68ed8bf2d5b4","c9a0b92519f55a3cbaa92a450ebb555e796470541dbd1780277fdce7350a5a1c","982927f1baadfbc1283dad51b360cfb0eda8be669d7febe0fd1b0ff8630e263c","cc92f2a102275211b7b11400542fbe1dc7a7118ddb7d168cbdf898b9af635c56","36b831a5908cf7ad1a00655f8053db17c49b4960a24297b5bd7c6e644345460a","bb510a7693a5da09f051c0d781f38f75998d06e41e53f04e4d3ebb5715b63957"
