"metric","value","direction","denominator","units","notes","dataset_key","method_id","method","split_id","dataset","metric_label"
"heldout_qc_cv_mean",44.4448135526709,"lower",1000,"percent","","simulation","raw","Raw","SPLIT01","Simulation","Held-out QC CV (%)"
"residual_run_order_gam_mean_deviance",0.12764961730634,"lower",5000,"proportion","","simulation","raw","Raw","SPLIT01","Simulation","Residual GAM deviance"
"heldout_qc_cv_mean",12.3136810489198,"lower",1000,"percent","","simulation","combat","ComBat","SPLIT01","Simulation","Held-out QC CV (%)"
"residual_run_order_gam_mean_deviance",0.127649520286793,"lower",5000,"proportion","","simulation","combat","ComBat","SPLIT01","Simulation","Residual GAM deviance"
"heldout_qc_cv_mean",10.6011497849603,"lower",1000,"percent","","simulation","qc_rlsc","QC-RLSC","SPLIT01","Simulation","Held-out QC CV (%)"
"residual_run_order_gam_mean_deviance",0.0512997079770431,"lower",5000,"proportion","","simulation","qc_rlsc","QC-RLSC","SPLIT01","Simulation","Residual GAM deviance"
"heldout_qc_cv_mean",11.9161469089622,"lower",1000,"percent","","simulation","qc_rfsc","QC-RFSC","SPLIT01","Simulation","Held-out QC CV (%)"
"residual_run_order_gam_mean_deviance",0.129414905445359,"lower",5000,"proportion","","simulation","qc_rfsc","QC-RFSC","SPLIT01","Simulation","Residual GAM deviance"
"heldout_qc_cv_mean",8.71289849955926,"lower",1000,"percent","","simulation","tiger","TIGER","SPLIT01","Simulation","Held-out QC CV (%)"
"residual_run_order_gam_mean_deviance",0.0837037027671771,"lower",5000,"proportion","","simulation","tiger","TIGER","SPLIT01","Simulation","Residual GAM deviance"
"heldout_qc_cv_mean",12.1819624962419,"lower",1000,"percent","","simulation","serrf","SERRF","SPLIT01","Simulation","Held-out QC CV (%)"
"residual_run_order_gam_mean_deviance",0.0980529296863076,"lower",5000,"proportion","","simulation","serrf","SERRF","SPLIT01","Simulation","Residual GAM deviance"
"heldout_qc_cv_mean",8.56714687079474,"lower",1000,"percent","","simulation","winn_auto_qc","WiNN auto (QC)","SPLIT01","Simulation","Held-out QC CV (%)"
"residual_run_order_gam_mean_deviance",0.0190413481042518,"lower",5000,"proportion","","simulation","winn_auto_qc","WiNN auto (QC)","SPLIT01","Simulation","Residual GAM deviance"
"heldout_qc_cv_mean",12.7228001355458,"lower",1000,"percent","","simulation","winn_auto_batch_qc","WiNN auto-batch (QC)","SPLIT01","Simulation","Held-out QC CV (%)"
"residual_run_order_gam_mean_deviance",0.138883568320701,"lower",5000,"proportion","","simulation","winn_auto_batch_qc","WiNN auto-batch (QC)","SPLIT01","Simulation","Residual GAM deviance"
"heldout_qc_cv_mean",8.56783654790495,"lower",1000,"percent","","simulation","winn_fixed_no_qc","WiNN fixed default (no QC)","SPLIT01","Simulation","Held-out QC CV (%)"
"residual_run_order_gam_mean_deviance",0.020259360410254,"lower",5000,"proportion","","simulation","winn_fixed_no_qc","WiNN fixed default (no QC)","SPLIT01","Simulation","Residual GAM deviance"
"heldout_qc_cv_mean",44.8593467294249,"lower",1000,"percent","","simulation","raw","Raw","SPLIT02","Simulation","Held-out QC CV (%)"
"residual_run_order_gam_mean_deviance",0.12764961730634,"lower",5000,"proportion","","simulation","raw","Raw","SPLIT02","Simulation","Residual GAM deviance"
"heldout_qc_cv_mean",12.8564983673704,"lower",1000,"percent","","simulation","combat","ComBat","SPLIT02","Simulation","Held-out QC CV (%)"
"residual_run_order_gam_mean_deviance",0.127649520286793,"lower",5000,"proportion","","simulation","combat","ComBat","SPLIT02","Simulation","Residual GAM deviance"
"heldout_qc_cv_mean",10.6558259148153,"lower",1000,"percent","","simulation","qc_rlsc","QC-RLSC","SPLIT02","Simulation","Held-out QC CV (%)"
"residual_run_order_gam_mean_deviance",0.0497808829346165,"lower",5000,"proportion","","simulation","qc_rlsc","QC-RLSC","SPLIT02","Simulation","Residual GAM deviance"
"heldout_qc_cv_mean",10.6119508394078,"lower",1000,"percent","","simulation","qc_rfsc","QC-RFSC","SPLIT02","Simulation","Held-out QC CV (%)"
"residual_run_order_gam_mean_deviance",0.12032530654867,"lower",5000,"proportion","","simulation","qc_rfsc","QC-RFSC","SPLIT02","Simulation","Residual GAM deviance"
"heldout_qc_cv_mean",9.03852305598057,"lower",1000,"percent","","simulation","tiger","TIGER","SPLIT02","Simulation","Held-out QC CV (%)"
"residual_run_order_gam_mean_deviance",0.0841495778733641,"lower",5000,"proportion","","simulation","tiger","TIGER","SPLIT02","Simulation","Residual GAM deviance"
"heldout_qc_cv_mean",12.4311698141028,"lower",1000,"percent","","simulation","serrf","SERRF","SPLIT02","Simulation","Held-out QC CV (%)"
"residual_run_order_gam_mean_deviance",0.0991935311200287,"lower",5000,"proportion","","simulation","serrf","SERRF","SPLIT02","Simulation","Residual GAM deviance"
"heldout_qc_cv_mean",8.58769746715041,"lower",1000,"percent","","simulation","winn_auto_qc","WiNN auto (QC)","SPLIT02","Simulation","Held-out QC CV (%)"
"residual_run_order_gam_mean_deviance",0.0190688625136774,"lower",5000,"proportion","","simulation","winn_auto_qc","WiNN auto (QC)","SPLIT02","Simulation","Residual GAM deviance"
"heldout_qc_cv_mean",12.3509565339978,"lower",1000,"percent","","simulation","winn_auto_batch_qc","WiNN auto-batch (QC)","SPLIT02","Simulation","Held-out QC CV (%)"
"residual_run_order_gam_mean_deviance",0.13889167509002,"lower",5000,"proportion","","simulation","winn_auto_batch_qc","WiNN auto-batch (QC)","SPLIT02","Simulation","Residual GAM deviance"
"heldout_qc_cv_mean",8.61843092594943,"lower",1000,"percent","","simulation","winn_fixed_no_qc","WiNN fixed default (no QC)","SPLIT02","Simulation","Held-out QC CV (%)"
"residual_run_order_gam_mean_deviance",0.020259360410254,"lower",5000,"proportion","","simulation","winn_fixed_no_qc","WiNN fixed default (no QC)","SPLIT02","Simulation","Residual GAM deviance"
"heldout_qc_cv_mean",45.3818936933617,"lower",1000,"percent","","simulation","raw","Raw","SPLIT03","Simulation","Held-out QC CV (%)"
"residual_run_order_gam_mean_deviance",0.12764961730634,"lower",5000,"proportion","","simulation","raw","Raw","SPLIT03","Simulation","Residual GAM deviance"
"heldout_qc_cv_mean",13.2672422179549,"lower",1000,"percent","","simulation","combat","ComBat","SPLIT03","Simulation","Held-out QC CV (%)"
"residual_run_order_gam_mean_deviance",0.127649520286793,"lower",5000,"proportion","","simulation","combat","ComBat","SPLIT03","Simulation","Residual GAM deviance"
"heldout_qc_cv_mean",10.7920527213108,"lower",1000,"percent","","simulation","qc_rlsc","QC-RLSC","SPLIT03","Simulation","Held-out QC CV (%)"
"residual_run_order_gam_mean_deviance",0.0495059434626127,"lower",5000,"proportion","","simulation","qc_rlsc","QC-RLSC","SPLIT03","Simulation","Residual GAM deviance"
"heldout_qc_cv_mean",23.7353604607433,"lower",1000,"percent","","simulation","qc_rfsc","QC-RFSC","SPLIT03","Simulation","Held-out QC CV (%)"
"residual_run_order_gam_mean_deviance",0.102696389734375,"lower",5000,"proportion","","simulation","qc_rfsc","QC-RFSC","SPLIT03","Simulation","Residual GAM deviance"
"heldout_qc_cv_mean",9.23360832613033,"lower",1000,"percent","","simulation","tiger","TIGER","SPLIT03","Simulation","Held-out QC CV (%)"
"residual_run_order_gam_mean_deviance",0.0834131482538483,"lower",5000,"proportion","","simulation","tiger","TIGER","SPLIT03","Simulation","Residual GAM deviance"
"heldout_qc_cv_mean",13.2665532718263,"lower",1000,"percent","","simulation","serrf","SERRF","SPLIT03","Simulation","Held-out QC CV (%)"
"residual_run_order_gam_mean_deviance",0.0974467404968571,"lower",5000,"proportion","","simulation","serrf","SERRF","SPLIT03","Simulation","Residual GAM deviance"
"heldout_qc_cv_mean",8.9219326109879,"lower",1000,"percent","","simulation","winn_auto_qc","WiNN auto (QC)","SPLIT03","Simulation","Held-out QC CV (%)"
"residual_run_order_gam_mean_deviance",0.0190497781036592,"lower",5000,"proportion","","simulation","winn_auto_qc","WiNN auto (QC)","SPLIT03","Simulation","Residual GAM deviance"
"heldout_qc_cv_mean",19.0550348564228,"lower",1000,"percent","","simulation","winn_auto_batch_qc","WiNN auto-batch (QC)","SPLIT03","Simulation","Held-out QC CV (%)"
"residual_run_order_gam_mean_deviance",0.138883542467965,"lower",5000,"proportion","","simulation","winn_auto_batch_qc","WiNN auto-batch (QC)","SPLIT03","Simulation","Residual GAM deviance"
"heldout_qc_cv_mean",8.92379774849507,"lower",1000,"percent","","simulation","winn_fixed_no_qc","WiNN fixed default (no QC)","SPLIT03","Simulation","Held-out QC CV (%)"
"residual_run_order_gam_mean_deviance",0.020259360410254,"lower",5000,"proportion","","simulation","winn_fixed_no_qc","WiNN fixed default (no QC)","SPLIT03","Simulation","Residual GAM deviance"
"heldout_qc_cv_mean",44.4418104807569,"lower",1000,"percent","","simulation","raw","Raw","SPLIT04","Simulation","Held-out QC CV (%)"
"residual_run_order_gam_mean_deviance",0.12764961730634,"lower",5000,"proportion","","simulation","raw","Raw","SPLIT04","Simulation","Residual GAM deviance"
"heldout_qc_cv_mean",12.6092899210091,"lower",1000,"percent","","simulation","combat","ComBat","SPLIT04","Simulation","Held-out QC CV (%)"
"residual_run_order_gam_mean_deviance",0.127649520286793,"lower",5000,"proportion","","simulation","combat","ComBat","SPLIT04","Simulation","Residual GAM deviance"
"heldout_qc_cv_mean",11.3199881643154,"lower",1000,"percent","","simulation","qc_rlsc","QC-RLSC","SPLIT04","Simulation","Held-out QC CV (%)"
"residual_run_order_gam_mean_deviance",0.0533957146284702,"lower",5000,"proportion","","simulation","qc_rlsc","QC-RLSC","SPLIT04","Simulation","Residual GAM deviance"
"heldout_qc_cv_mean",13.3247016247208,"lower",1000,"percent","","simulation","qc_rfsc","QC-RFSC","SPLIT04","Simulation","Held-out QC CV (%)"
"residual_run_order_gam_mean_deviance",0.117268931000882,"lower",5000,"proportion","","simulation","qc_rfsc","QC-RFSC","SPLIT04","Simulation","Residual GAM deviance"
"heldout_qc_cv_mean",9.83581810569004,"lower",1000,"percent","","simulation","tiger","TIGER","SPLIT04","Simulation","Held-out QC CV (%)"
"residual_run_order_gam_mean_deviance",0.0846724265465097,"lower",5000,"proportion","","simulation","tiger","TIGER","SPLIT04","Simulation","Residual GAM deviance"
"heldout_qc_cv_mean",12.4503640667541,"lower",1000,"percent","","simulation","serrf","SERRF","SPLIT04","Simulation","Held-out QC CV (%)"
"residual_run_order_gam_mean_deviance",0.0984389183369006,"lower",5000,"proportion","","simulation","serrf","SERRF","SPLIT04","Simulation","Residual GAM deviance"
"heldout_qc_cv_mean",8.67222177690528,"lower",1000,"percent","","simulation","winn_auto_qc","WiNN auto (QC)","SPLIT04","Simulation","Held-out QC CV (%)"
"residual_run_order_gam_mean_deviance",0.0190575127587853,"lower",5000,"proportion","","simulation","winn_auto_qc","WiNN auto (QC)","SPLIT04","Simulation","Residual GAM deviance"
"heldout_qc_cv_mean",15.8124676675684,"lower",1000,"percent","","simulation","winn_auto_batch_qc","WiNN auto-batch (QC)","SPLIT04","Simulation","Held-out QC CV (%)"
"residual_run_order_gam_mean_deviance",0.138893097400201,"lower",5000,"proportion","","simulation","winn_auto_batch_qc","WiNN auto-batch (QC)","SPLIT04","Simulation","Residual GAM deviance"
"heldout_qc_cv_mean",8.66233977936626,"lower",1000,"percent","","simulation","winn_fixed_no_qc","WiNN fixed default (no QC)","SPLIT04","Simulation","Held-out QC CV (%)"
"residual_run_order_gam_mean_deviance",0.020259360410254,"lower",5000,"proportion","","simulation","winn_fixed_no_qc","WiNN fixed default (no QC)","SPLIT04","Simulation","Residual GAM deviance"
"heldout_qc_cv_mean",45.7934906778548,"lower",1000,"percent","","simulation","raw","Raw","SPLIT05","Simulation","Held-out QC CV (%)"
"residual_run_order_gam_mean_deviance",0.12764961730634,"lower",5000,"proportion","","simulation","raw","Raw","SPLIT05","Simulation","Residual GAM deviance"
"heldout_qc_cv_mean",13.7741262874691,"lower",1000,"percent","","simulation","combat","ComBat","SPLIT05","Simulation","Held-out QC CV (%)"
"residual_run_order_gam_mean_deviance",0.127649520286793,"lower",5000,"proportion","","simulation","combat","ComBat","SPLIT05","Simulation","Residual GAM deviance"
"heldout_qc_cv_mean",11.2861998116316,"lower",1000,"percent","","simulation","qc_rlsc","QC-RLSC","SPLIT05","Simulation","Held-out QC CV (%)"
"residual_run_order_gam_mean_deviance",0.0542053976043298,"lower",5000,"proportion","","simulation","qc_rlsc","QC-RLSC","SPLIT05","Simulation","Residual GAM deviance"
"heldout_qc_cv_mean",20.0221955978236,"lower",1000,"percent","","simulation","qc_rfsc","QC-RFSC","SPLIT05","Simulation","Held-out QC CV (%)"
"residual_run_order_gam_mean_deviance",0.131703741063237,"lower",5000,"proportion","","simulation","qc_rfsc","QC-RFSC","SPLIT05","Simulation","Residual GAM deviance"
"heldout_qc_cv_mean",10.084336189483,"lower",1000,"percent","","simulation","tiger","TIGER","SPLIT05","Simulation","Held-out QC CV (%)"
"residual_run_order_gam_mean_deviance",0.0858562695879392,"lower",5000,"proportion","","simulation","tiger","TIGER","SPLIT05","Simulation","Residual GAM deviance"
"heldout_qc_cv_mean",13.6469405344857,"lower",1000,"percent","","simulation","serrf","SERRF","SPLIT05","Simulation","Held-out QC CV (%)"
"residual_run_order_gam_mean_deviance",0.0997006307752182,"lower",5000,"proportion","","simulation","serrf","SERRF","SPLIT05","Simulation","Residual GAM deviance"
"heldout_qc_cv_mean",8.71931312193625,"lower",1000,"percent","","simulation","winn_auto_qc","WiNN auto (QC)","SPLIT05","Simulation","Held-out QC CV (%)"
"residual_run_order_gam_mean_deviance",0.0190595747089463,"lower",5000,"proportion","","simulation","winn_auto_qc","WiNN auto (QC)","SPLIT05","Simulation","Residual GAM deviance"
"heldout_qc_cv_mean",17.5612436196087,"lower",1000,"percent","","simulation","winn_auto_batch_qc","WiNN auto-batch (QC)","SPLIT05","Simulation","Held-out QC CV (%)"
"residual_run_order_gam_mean_deviance",0.138886802458648,"lower",5000,"proportion","","simulation","winn_auto_batch_qc","WiNN auto-batch (QC)","SPLIT05","Simulation","Residual GAM deviance"
"heldout_qc_cv_mean",8.72369761036392,"lower",1000,"percent","","simulation","winn_fixed_no_qc","WiNN fixed default (no QC)","SPLIT05","Simulation","Held-out QC CV (%)"
"residual_run_order_gam_mean_deviance",0.020259360410254,"lower",5000,"proportion","","simulation","winn_fixed_no_qc","WiNN fixed default (no QC)","SPLIT05","Simulation","Residual GAM deviance"
"heldout_qc_cv_mean",44.5987305577556,"lower",1000,"percent","","simulation","raw","Raw","SPLIT06","Simulation","Held-out QC CV (%)"
"residual_run_order_gam_mean_deviance",0.12764961730634,"lower",5000,"proportion","","simulation","raw","Raw","SPLIT06","Simulation","Residual GAM deviance"
"heldout_qc_cv_mean",12.5112388976495,"lower",1000,"percent","","simulation","combat","ComBat","SPLIT06","Simulation","Held-out QC CV (%)"
"residual_run_order_gam_mean_deviance",0.127649520286793,"lower",5000,"proportion","","simulation","combat","ComBat","SPLIT06","Simulation","Residual GAM deviance"
"heldout_qc_cv_mean",11.7155478644849,"lower",1000,"percent","","simulation","qc_rlsc","QC-RLSC","SPLIT06","Simulation","Held-out QC CV (%)"
"residual_run_order_gam_mean_deviance",0.0544867663418412,"lower",5000,"proportion","","simulation","qc_rlsc","QC-RLSC","SPLIT06","Simulation","Residual GAM deviance"
"heldout_qc_cv_mean",22.5092973942112,"lower",1000,"percent","","simulation","qc_rfsc","QC-RFSC","SPLIT06","Simulation","Held-out QC CV (%)"
"residual_run_order_gam_mean_deviance",0.128892720575536,"lower",5000,"proportion","","simulation","qc_rfsc","QC-RFSC","SPLIT06","Simulation","Residual GAM deviance"
"heldout_qc_cv_mean",10.2336196525388,"lower",1000,"percent","","simulation","tiger","TIGER","SPLIT06","Simulation","Held-out QC CV (%)"
"residual_run_order_gam_mean_deviance",0.0844334497923624,"lower",5000,"proportion","","simulation","tiger","TIGER","SPLIT06","Simulation","Residual GAM deviance"
"heldout_qc_cv_mean",12.8624709528123,"lower",1000,"percent","","simulation","serrf","SERRF","SPLIT06","Simulation","Held-out QC CV (%)"
"residual_run_order_gam_mean_deviance",0.0987126501303642,"lower",5000,"proportion","","simulation","serrf","SERRF","SPLIT06","Simulation","Residual GAM deviance"
"heldout_qc_cv_mean",8.73876834474724,"lower",1000,"percent","","simulation","winn_auto_qc","WiNN auto (QC)","SPLIT06","Simulation","Held-out QC CV (%)"
"residual_run_order_gam_mean_deviance",0.0190593086584231,"lower",5000,"proportion","","simulation","winn_auto_qc","WiNN auto (QC)","SPLIT06","Simulation","Residual GAM deviance"
"heldout_qc_cv_mean",15.3586135838638,"lower",1000,"percent","","simulation","winn_auto_batch_qc","WiNN auto-batch (QC)","SPLIT06","Simulation","Held-out QC CV (%)"
"residual_run_order_gam_mean_deviance",0.138889011064796,"lower",5000,"proportion","","simulation","winn_auto_batch_qc","WiNN auto-batch (QC)","SPLIT06","Simulation","Residual GAM deviance"
"heldout_qc_cv_mean",8.75389803059068,"lower",1000,"percent","","simulation","winn_fixed_no_qc","WiNN fixed default (no QC)","SPLIT06","Simulation","Held-out QC CV (%)"
"residual_run_order_gam_mean_deviance",0.020259360410254,"lower",5000,"proportion","","simulation","winn_fixed_no_qc","WiNN fixed default (no QC)","SPLIT06","Simulation","Residual GAM deviance"
"heldout_qc_cv_mean",44.7617091458965,"lower",1000,"percent","","simulation","raw","Raw","SPLIT07","Simulation","Held-out QC CV (%)"
"residual_run_order_gam_mean_deviance",0.12764961730634,"lower",5000,"proportion","","simulation","raw","Raw","SPLIT07","Simulation","Residual GAM deviance"
"heldout_qc_cv_mean",13.0641427549421,"lower",1000,"percent","","simulation","combat","ComBat","SPLIT07","Simulation","Held-out QC CV (%)"
"residual_run_order_gam_mean_deviance",0.127649520286793,"lower",5000,"proportion","","simulation","combat","ComBat","SPLIT07","Simulation","Residual GAM deviance"
"heldout_qc_cv_mean",10.6654154144277,"lower",1000,"percent","","simulation","qc_rlsc","QC-RLSC","SPLIT07","Simulation","Held-out QC CV (%)"
"residual_run_order_gam_mean_deviance",0.050625947334324,"lower",5000,"proportion","","simulation","qc_rlsc","QC-RLSC","SPLIT07","Simulation","Residual GAM deviance"
"heldout_qc_cv_mean",17.2572555208023,"lower",1000,"percent","","simulation","qc_rfsc","QC-RFSC","SPLIT07","Simulation","Held-out QC CV (%)"
"residual_run_order_gam_mean_deviance",0.114885262296548,"lower",5000,"proportion","","simulation","qc_rfsc","QC-RFSC","SPLIT07","Simulation","Residual GAM deviance"
"heldout_qc_cv_mean",9.72726934909442,"lower",1000,"percent","","simulation","tiger","TIGER","SPLIT07","Simulation","Held-out QC CV (%)"
"residual_run_order_gam_mean_deviance",0.0851209647537417,"lower",5000,"proportion","","simulation","tiger","TIGER","SPLIT07","Simulation","Residual GAM deviance"
"heldout_qc_cv_mean",12.8273332294988,"lower",1000,"percent","","simulation","serrf","SERRF","SPLIT07","Simulation","Held-out QC CV (%)"
"residual_run_order_gam_mean_deviance",0.0996797715749876,"lower",5000,"proportion","","simulation","serrf","SERRF","SPLIT07","Simulation","Residual GAM deviance"
"heldout_qc_cv_mean",8.73729837167429,"lower",1000,"percent","","simulation","winn_auto_qc","WiNN auto (QC)","SPLIT07","Simulation","Held-out QC CV (%)"
"residual_run_order_gam_mean_deviance",0.0190579357766921,"lower",5000,"proportion","","simulation","winn_auto_qc","WiNN auto (QC)","SPLIT07","Simulation","Residual GAM deviance"
"heldout_qc_cv_mean",14.7649046420766,"lower",1000,"percent","","simulation","winn_auto_batch_qc","WiNN auto-batch (QC)","SPLIT07","Simulation","Held-out QC CV (%)"
"residual_run_order_gam_mean_deviance",0.138876924422289,"lower",5000,"proportion","","simulation","winn_auto_batch_qc","WiNN auto-batch (QC)","SPLIT07","Simulation","Residual GAM deviance"
"heldout_qc_cv_mean",8.74938299514179,"lower",1000,"percent","","simulation","winn_fixed_no_qc","WiNN fixed default (no QC)","SPLIT07","Simulation","Held-out QC CV (%)"
"residual_run_order_gam_mean_deviance",0.020259360410254,"lower",5000,"proportion","","simulation","winn_fixed_no_qc","WiNN fixed default (no QC)","SPLIT07","Simulation","Residual GAM deviance"
"heldout_qc_cv_mean",45.2045553237214,"lower",1000,"percent","","simulation","raw","Raw","SPLIT08","Simulation","Held-out QC CV (%)"
"residual_run_order_gam_mean_deviance",0.12764961730634,"lower",5000,"proportion","","simulation","raw","Raw","SPLIT08","Simulation","Residual GAM deviance"
"heldout_qc_cv_mean",13.3454644832862,"lower",1000,"percent","","simulation","combat","ComBat","SPLIT08","Simulation","Held-out QC CV (%)"
"residual_run_order_gam_mean_deviance",0.127649520286793,"lower",5000,"proportion","","simulation","combat","ComBat","SPLIT08","Simulation","Residual GAM deviance"
"heldout_qc_cv_mean",10.3754726631666,"lower",1000,"percent","","simulation","qc_rlsc","QC-RLSC","SPLIT08","Simulation","Held-out QC CV (%)"
"residual_run_order_gam_mean_deviance",0.0483406952812169,"lower",5000,"proportion","","simulation","qc_rlsc","QC-RLSC","SPLIT08","Simulation","Residual GAM deviance"
"heldout_qc_cv_mean",14.0019178064966,"lower",1000,"percent","","simulation","qc_rfsc","QC-RFSC","SPLIT08","Simulation","Held-out QC CV (%)"
"residual_run_order_gam_mean_deviance",0.119999955230393,"lower",5000,"proportion","","simulation","qc_rfsc","QC-RFSC","SPLIT08","Simulation","Residual GAM deviance"
"heldout_qc_cv_mean",9.19246967068656,"lower",1000,"percent","","simulation","tiger","TIGER","SPLIT08","Simulation","Held-out QC CV (%)"
"residual_run_order_gam_mean_deviance",0.083784761818831,"lower",5000,"proportion","","simulation","tiger","TIGER","SPLIT08","Simulation","Residual GAM deviance"
"heldout_qc_cv_mean",13.0729275820881,"lower",1000,"percent","","simulation","serrf","SERRF","SPLIT08","Simulation","Held-out QC CV (%)"
"residual_run_order_gam_mean_deviance",0.0983444529314826,"lower",5000,"proportion","","simulation","serrf","SERRF","SPLIT08","Simulation","Residual GAM deviance"
"heldout_qc_cv_mean",8.81834523848638,"lower",1000,"percent","","simulation","winn_auto_qc","WiNN auto (QC)","SPLIT08","Simulation","Held-out QC CV (%)"
"residual_run_order_gam_mean_deviance",0.0190512552290531,"lower",5000,"proportion","","simulation","winn_auto_qc","WiNN auto (QC)","SPLIT08","Simulation","Residual GAM deviance"
"heldout_qc_cv_mean",14.2531054175399,"lower",1000,"percent","","simulation","winn_auto_batch_qc","WiNN auto-batch (QC)","SPLIT08","Simulation","Held-out QC CV (%)"
"residual_run_order_gam_mean_deviance",0.138892923691596,"lower",5000,"proportion","","simulation","winn_auto_batch_qc","WiNN auto-batch (QC)","SPLIT08","Simulation","Residual GAM deviance"
"heldout_qc_cv_mean",8.8713281400418,"lower",1000,"percent","","simulation","winn_fixed_no_qc","WiNN fixed default (no QC)","SPLIT08","Simulation","Held-out QC CV (%)"
"residual_run_order_gam_mean_deviance",0.020259360410254,"lower",5000,"proportion","","simulation","winn_fixed_no_qc","WiNN fixed default (no QC)","SPLIT08","Simulation","Residual GAM deviance"
"heldout_qc_cv_mean",45.4676899230283,"lower",1000,"percent","","simulation","raw","Raw","SPLIT09","Simulation","Held-out QC CV (%)"
"residual_run_order_gam_mean_deviance",0.12764961730634,"lower",5000,"proportion","","simulation","raw","Raw","SPLIT09","Simulation","Residual GAM deviance"
"heldout_qc_cv_mean",13.3290045462367,"lower",1000,"percent","","simulation","combat","ComBat","SPLIT09","Simulation","Held-out QC CV (%)"
"residual_run_order_gam_mean_deviance",0.127649520286793,"lower",5000,"proportion","","simulation","combat","ComBat","SPLIT09","Simulation","Residual GAM deviance"
"heldout_qc_cv_mean",11.4276822449681,"lower",1000,"percent","","simulation","qc_rlsc","QC-RLSC","SPLIT09","Simulation","Held-out QC CV (%)"
"residual_run_order_gam_mean_deviance",0.0514395371263374,"lower",5000,"proportion","","simulation","qc_rlsc","QC-RLSC","SPLIT09","Simulation","Residual GAM deviance"
"heldout_qc_cv_mean",24.22228516792,"lower",1000,"percent","","simulation","qc_rfsc","QC-RFSC","SPLIT09","Simulation","Held-out QC CV (%)"
"residual_run_order_gam_mean_deviance",0.113382275751573,"lower",5000,"proportion","","simulation","qc_rfsc","QC-RFSC","SPLIT09","Simulation","Residual GAM deviance"
"heldout_qc_cv_mean",9.94911449922007,"lower",1000,"percent","","simulation","tiger","TIGER","SPLIT09","Simulation","Held-out QC CV (%)"
"residual_run_order_gam_mean_deviance",0.0836760992214896,"lower",5000,"proportion","","simulation","tiger","TIGER","SPLIT09","Simulation","Residual GAM deviance"
"heldout_qc_cv_mean",13.2334378075253,"lower",1000,"percent","","simulation","serrf","SERRF","SPLIT09","Simulation","Held-out QC CV (%)"
"residual_run_order_gam_mean_deviance",0.0981162330554805,"lower",5000,"proportion","","simulation","serrf","SERRF","SPLIT09","Simulation","Residual GAM deviance"
"heldout_qc_cv_mean",8.95904681866543,"lower",1000,"percent","","simulation","winn_auto_qc","WiNN auto (QC)","SPLIT09","Simulation","Held-out QC CV (%)"
"residual_run_order_gam_mean_deviance",0.0190436847459098,"lower",5000,"proportion","","simulation","winn_auto_qc","WiNN auto (QC)","SPLIT09","Simulation","Residual GAM deviance"
"heldout_qc_cv_mean",18.572684105146,"lower",1000,"percent","","simulation","winn_auto_batch_qc","WiNN auto-batch (QC)","SPLIT09","Simulation","Held-out QC CV (%)"
"residual_run_order_gam_mean_deviance",0.138872058517562,"lower",5000,"proportion","","simulation","winn_auto_batch_qc","WiNN auto-batch (QC)","SPLIT09","Simulation","Residual GAM deviance"
"heldout_qc_cv_mean",8.95348529178038,"lower",1000,"percent","","simulation","winn_fixed_no_qc","WiNN fixed default (no QC)","SPLIT09","Simulation","Held-out QC CV (%)"
"residual_run_order_gam_mean_deviance",0.020259360410254,"lower",5000,"proportion","","simulation","winn_fixed_no_qc","WiNN fixed default (no QC)","SPLIT09","Simulation","Residual GAM deviance"
"heldout_qc_cv_mean",44.8060422614796,"lower",1000,"percent","","simulation","raw","Raw","SPLIT10","Simulation","Held-out QC CV (%)"
"residual_run_order_gam_mean_deviance",0.12764961730634,"lower",5000,"proportion","","simulation","raw","Raw","SPLIT10","Simulation","Residual GAM deviance"
"heldout_qc_cv_mean",12.5720131199869,"lower",1000,"percent","","simulation","combat","ComBat","SPLIT10","Simulation","Held-out QC CV (%)"
"residual_run_order_gam_mean_deviance",0.127649520286793,"lower",5000,"proportion","","simulation","combat","ComBat","SPLIT10","Simulation","Residual GAM deviance"
"heldout_qc_cv_mean",10.6602207802332,"lower",1000,"percent","","simulation","qc_rlsc","QC-RLSC","SPLIT10","Simulation","Held-out QC CV (%)"
"residual_run_order_gam_mean_deviance",0.0499888553994926,"lower",5000,"proportion","","simulation","qc_rlsc","QC-RLSC","SPLIT10","Simulation","Residual GAM deviance"
"heldout_qc_cv_mean",14.1925925284942,"lower",1000,"percent","","simulation","qc_rfsc","QC-RFSC","SPLIT10","Simulation","Held-out QC CV (%)"
"residual_run_order_gam_mean_deviance",0.137531927052765,"lower",5000,"proportion","","simulation","qc_rfsc","QC-RFSC","SPLIT10","Simulation","Residual GAM deviance"
"heldout_qc_cv_mean",9.38794504087008,"lower",1000,"percent","","simulation","tiger","TIGER","SPLIT10","Simulation","Held-out QC CV (%)"
"residual_run_order_gam_mean_deviance",0.0854303715624451,"lower",5000,"proportion","","simulation","tiger","TIGER","SPLIT10","Simulation","Residual GAM deviance"
"heldout_qc_cv_mean",12.4071627835236,"lower",1000,"percent","","simulation","serrf","SERRF","SPLIT10","Simulation","Held-out QC CV (%)"
"residual_run_order_gam_mean_deviance",0.0999755994035278,"lower",5000,"proportion","","simulation","serrf","SERRF","SPLIT10","Simulation","Residual GAM deviance"
"heldout_qc_cv_mean",8.56605563089197,"lower",1000,"percent","","simulation","winn_auto_qc","WiNN auto (QC)","SPLIT10","Simulation","Held-out QC CV (%)"
"residual_run_order_gam_mean_deviance",0.0190533120268254,"lower",5000,"proportion","","simulation","winn_auto_qc","WiNN auto (QC)","SPLIT10","Simulation","Residual GAM deviance"
"heldout_qc_cv_mean",12.8018349232605,"lower",1000,"percent","","simulation","winn_auto_batch_qc","WiNN auto-batch (QC)","SPLIT10","Simulation","Held-out QC CV (%)"
"residual_run_order_gam_mean_deviance",0.138880365197058,"lower",5000,"proportion","","simulation","winn_auto_batch_qc","WiNN auto-batch (QC)","SPLIT10","Simulation","Residual GAM deviance"
"heldout_qc_cv_mean",8.5683853552475,"lower",1000,"percent","","simulation","winn_fixed_no_qc","WiNN fixed default (no QC)","SPLIT10","Simulation","Held-out QC CV (%)"
"residual_run_order_gam_mean_deviance",0.020259360410254,"lower",5000,"proportion","","simulation","winn_fixed_no_qc","WiNN fixed default (no QC)","SPLIT10","Simulation","Residual GAM deviance"
"heldout_qc_cv_mean",29.6534024718149,"lower",2488,"percent","","mtbls79","raw","Raw","SPLIT01","MTBLS79","Held-out QC CV (%)"
"residual_run_order_gam_mean_deviance",0.14171601494383,"lower",19904,"proportion","","mtbls79","raw","Raw","SPLIT01","MTBLS79","Residual GAM deviance"
"heldout_qc_cv_mean",16.902080047069,"lower",2488,"percent","","mtbls79","combat","ComBat","SPLIT01","MTBLS79","Held-out QC CV (%)"
"residual_run_order_gam_mean_deviance",0.141715985886593,"lower",19904,"proportion","","mtbls79","combat","ComBat","SPLIT01","MTBLS79","Residual GAM deviance"
"heldout_qc_cv_mean",331.463127380563,"lower",2488,"percent","","mtbls79","qc_rlsc","QC-RLSC","SPLIT01","MTBLS79","Held-out QC CV (%)"
"residual_run_order_gam_mean_deviance",0.127623623055347,"lower",19904,"proportion","","mtbls79","qc_rlsc","QC-RLSC","SPLIT01","MTBLS79","Residual GAM deviance"
"heldout_qc_cv_mean",10.7447470772645,"lower",2488,"percent","","mtbls79","qc_rfsc","QC-RFSC","SPLIT01","MTBLS79","Held-out QC CV (%)"
"residual_run_order_gam_mean_deviance",0.156451413525945,"lower",19904,"proportion","","mtbls79","qc_rfsc","QC-RFSC","SPLIT01","MTBLS79","Residual GAM deviance"
"heldout_qc_cv_mean",14.2117474656413,"lower",2488,"percent","","mtbls79","tiger","TIGER","SPLIT01","MTBLS79","Held-out QC CV (%)"
"residual_run_order_gam_mean_deviance",0.141733290117945,"lower",19904,"proportion","","mtbls79","tiger","TIGER","SPLIT01","MTBLS79","Residual GAM deviance"
"heldout_qc_cv_mean",17.9936070159453,"lower",2488,"percent","","mtbls79","serrf","SERRF","SPLIT01","MTBLS79","Held-out QC CV (%)"
"residual_run_order_gam_mean_deviance",0.141716005240362,"lower",19904,"proportion","","mtbls79","serrf","SERRF","SPLIT01","MTBLS79","Residual GAM deviance"
"heldout_qc_cv_mean",17.0159799703367,"lower",2488,"percent","","mtbls79","winn_auto_qc","WiNN auto (QC)","SPLIT01","MTBLS79","Held-out QC CV (%)"
"residual_run_order_gam_mean_deviance",0.139628713324085,"lower",19904,"proportion","","mtbls79","winn_auto_qc","WiNN auto (QC)","SPLIT01","MTBLS79","Residual GAM deviance"
"heldout_qc_cv_mean",17.5936040205603,"lower",2488,"percent","","mtbls79","winn_auto_batch_qc","WiNN auto-batch (QC)","SPLIT01","MTBLS79","Held-out QC CV (%)"
"residual_run_order_gam_mean_deviance",0.14407744894442,"lower",19904,"proportion","","mtbls79","winn_auto_batch_qc","WiNN auto-batch (QC)","SPLIT01","MTBLS79","Residual GAM deviance"
"heldout_qc_cv_mean",17.5381669415395,"lower",2488,"percent","","mtbls79","winn_fixed_no_qc","WiNN fixed default (no QC)","SPLIT01","MTBLS79","Held-out QC CV (%)"
"residual_run_order_gam_mean_deviance",0.140078697278888,"lower",19904,"proportion","","mtbls79","winn_fixed_no_qc","WiNN fixed default (no QC)","SPLIT01","MTBLS79","Residual GAM deviance"
"heldout_qc_cv_mean",29.8147899508902,"lower",2488,"percent","","mtbls79","raw","Raw","SPLIT02","MTBLS79","Held-out QC CV (%)"
"residual_run_order_gam_mean_deviance",0.14171601494383,"lower",19904,"proportion","","mtbls79","raw","Raw","SPLIT02","MTBLS79","Residual GAM deviance"
"heldout_qc_cv_mean",16.4977700369536,"lower",2488,"percent","","mtbls79","combat","ComBat","SPLIT02","MTBLS79","Held-out QC CV (%)"
"residual_run_order_gam_mean_deviance",0.141715961877456,"lower",19904,"proportion","","mtbls79","combat","ComBat","SPLIT02","MTBLS79","Residual GAM deviance"
"heldout_qc_cv_mean",35.2491714631521,"lower",2488,"percent","","mtbls79","qc_rlsc","QC-RLSC","SPLIT02","MTBLS79","Held-out QC CV (%)"
"residual_run_order_gam_mean_deviance",0.142668654637389,"lower",19904,"proportion","","mtbls79","qc_rlsc","QC-RLSC","SPLIT02","MTBLS79","Residual GAM deviance"
"heldout_qc_cv_mean",10.5746632879997,"lower",2488,"percent","","mtbls79","qc_rfsc","QC-RFSC","SPLIT02","MTBLS79","Held-out QC CV (%)"
"residual_run_order_gam_mean_deviance",0.156451413525945,"lower",19904,"proportion","","mtbls79","qc_rfsc","QC-RFSC","SPLIT02","MTBLS79","Residual GAM deviance"
"heldout_qc_cv_mean",14.1113272195319,"lower",2488,"percent","","mtbls79","tiger","TIGER","SPLIT02","MTBLS79","Held-out QC CV (%)"
"residual_run_order_gam_mean_deviance",0.141789390548291,"lower",19904,"proportion","","mtbls79","tiger","TIGER","SPLIT02","MTBLS79","Residual GAM deviance"
"heldout_qc_cv_mean",17.8047444394758,"lower",2488,"percent","","mtbls79","serrf","SERRF","SPLIT02","MTBLS79","Held-out QC CV (%)"
"residual_run_order_gam_mean_deviance",0.141716005240362,"lower",19904,"proportion","","mtbls79","serrf","SERRF","SPLIT02","MTBLS79","Residual GAM deviance"
"heldout_qc_cv_mean",16.8756638416796,"lower",2488,"percent","","mtbls79","winn_auto_qc","WiNN auto (QC)","SPLIT02","MTBLS79","Held-out QC CV (%)"
"residual_run_order_gam_mean_deviance",0.139776141400887,"lower",19904,"proportion","","mtbls79","winn_auto_qc","WiNN auto (QC)","SPLIT02","MTBLS79","Residual GAM deviance"
"heldout_qc_cv_mean",17.4701268733238,"lower",2488,"percent","","mtbls79","winn_auto_batch_qc","WiNN auto-batch (QC)","SPLIT02","MTBLS79","Held-out QC CV (%)"
"residual_run_order_gam_mean_deviance",0.137962864521695,"lower",19904,"proportion","","mtbls79","winn_auto_batch_qc","WiNN auto-batch (QC)","SPLIT02","MTBLS79","Residual GAM deviance"
"heldout_qc_cv_mean",17.385447671559,"lower",2488,"percent","","mtbls79","winn_fixed_no_qc","WiNN fixed default (no QC)","SPLIT02","MTBLS79","Held-out QC CV (%)"
"residual_run_order_gam_mean_deviance",0.140078697278888,"lower",19904,"proportion","","mtbls79","winn_fixed_no_qc","WiNN fixed default (no QC)","SPLIT02","MTBLS79","Residual GAM deviance"
"heldout_qc_cv_mean",29.835073206221,"lower",2488,"percent","","mtbls79","raw","Raw","SPLIT03","MTBLS79","Held-out QC CV (%)"
"residual_run_order_gam_mean_deviance",0.14171601494383,"lower",19904,"proportion","","mtbls79","raw","Raw","SPLIT03","MTBLS79","Residual GAM deviance"
"heldout_qc_cv_mean",16.8267746152924,"lower",2488,"percent","","mtbls79","combat","ComBat","SPLIT03","MTBLS79","Held-out QC CV (%)"
"residual_run_order_gam_mean_deviance",0.141715985886593,"lower",19904,"proportion","","mtbls79","combat","ComBat","SPLIT03","MTBLS79","Residual GAM deviance"
"heldout_qc_cv_mean",182.018327690685,"lower",2488,"percent","","mtbls79","qc_rlsc","QC-RLSC","SPLIT03","MTBLS79","Held-out QC CV (%)"
"residual_run_order_gam_mean_deviance",0.108284389243396,"lower",19904,"proportion","","mtbls79","qc_rlsc","QC-RLSC","SPLIT03","MTBLS79","Residual GAM deviance"
"heldout_qc_cv_mean",10.5669697002793,"lower",2488,"percent","","mtbls79","qc_rfsc","QC-RFSC","SPLIT03","MTBLS79","Held-out QC CV (%)"
"residual_run_order_gam_mean_deviance",0.156451413525945,"lower",19904,"proportion","","mtbls79","qc_rfsc","QC-RFSC","SPLIT03","MTBLS79","Residual GAM deviance"
"heldout_qc_cv_mean",13.8731335828839,"lower",2488,"percent","","mtbls79","tiger","TIGER","SPLIT03","MTBLS79","Held-out QC CV (%)"
"residual_run_order_gam_mean_deviance",0.140881736041834,"lower",19904,"proportion","","mtbls79","tiger","TIGER","SPLIT03","MTBLS79","Residual GAM deviance"
"heldout_qc_cv_mean",17.6891549442599,"lower",2488,"percent","","mtbls79","serrf","SERRF","SPLIT03","MTBLS79","Held-out QC CV (%)"
"residual_run_order_gam_mean_deviance",0.141716005240362,"lower",19904,"proportion","","mtbls79","serrf","SERRF","SPLIT03","MTBLS79","Residual GAM deviance"
"heldout_qc_cv_mean",17.0642163710345,"lower",2488,"percent","","mtbls79","winn_auto_qc","WiNN auto (QC)","SPLIT03","MTBLS79","Held-out QC CV (%)"
"residual_run_order_gam_mean_deviance",0.139547702906219,"lower",19904,"proportion","","mtbls79","winn_auto_qc","WiNN auto (QC)","SPLIT03","MTBLS79","Residual GAM deviance"
"heldout_qc_cv_mean",18.0449191424178,"lower",2488,"percent","","mtbls79","winn_auto_batch_qc","WiNN auto-batch (QC)","SPLIT03","MTBLS79","Held-out QC CV (%)"
"residual_run_order_gam_mean_deviance",0.137824542112536,"lower",19904,"proportion","","mtbls79","winn_auto_batch_qc","WiNN auto-batch (QC)","SPLIT03","MTBLS79","Residual GAM deviance"
"heldout_qc_cv_mean",17.5918924694496,"lower",2488,"percent","","mtbls79","winn_fixed_no_qc","WiNN fixed default (no QC)","SPLIT03","MTBLS79","Held-out QC CV (%)"
"residual_run_order_gam_mean_deviance",0.140078697278888,"lower",19904,"proportion","","mtbls79","winn_fixed_no_qc","WiNN fixed default (no QC)","SPLIT03","MTBLS79","Residual GAM deviance"
"heldout_qc_cv_mean",28.3542220110721,"lower",2488,"percent","","mtbls79","raw","Raw","SPLIT04","MTBLS79","Held-out QC CV (%)"
"residual_run_order_gam_mean_deviance",0.14171601494383,"lower",19904,"proportion","","mtbls79","raw","Raw","SPLIT04","MTBLS79","Residual GAM deviance"
"heldout_qc_cv_mean",17.042751453292,"lower",2488,"percent","","mtbls79","combat","ComBat","SPLIT04","MTBLS79","Held-out QC CV (%)"
"residual_run_order_gam_mean_deviance",0.141715985886593,"lower",19904,"proportion","","mtbls79","combat","ComBat","SPLIT04","MTBLS79","Residual GAM deviance"
"heldout_qc_cv_mean",153.734136030293,"lower",2488,"percent","","mtbls79","qc_rlsc","QC-RLSC","SPLIT04","MTBLS79","Held-out QC CV (%)"
"residual_run_order_gam_mean_deviance",0.0970460001723712,"lower",19904,"proportion","","mtbls79","qc_rlsc","QC-RLSC","SPLIT04","MTBLS79","Residual GAM deviance"
"heldout_qc_cv_mean",10.6809768847318,"lower",2488,"percent","","mtbls79","qc_rfsc","QC-RFSC","SPLIT04","MTBLS79","Held-out QC CV (%)"
"residual_run_order_gam_mean_deviance",0.156451413525945,"lower",19904,"proportion","","mtbls79","qc_rfsc","QC-RFSC","SPLIT04","MTBLS79","Residual GAM deviance"
"heldout_qc_cv_mean",14.3105246088768,"lower",2488,"percent","","mtbls79","tiger","TIGER","SPLIT04","MTBLS79","Held-out QC CV (%)"
"residual_run_order_gam_mean_deviance",0.140976626003874,"lower",19904,"proportion","","mtbls79","tiger","TIGER","SPLIT04","MTBLS79","Residual GAM deviance"
"heldout_qc_cv_mean",18.2963310756751,"lower",2488,"percent","","mtbls79","serrf","SERRF","SPLIT04","MTBLS79","Held-out QC CV (%)"
"residual_run_order_gam_mean_deviance",0.141716005240362,"lower",19904,"proportion","","mtbls79","serrf","SERRF","SPLIT04","MTBLS79","Residual GAM deviance"
"heldout_qc_cv_mean",16.9584989967912,"lower",2488,"percent","","mtbls79","winn_auto_qc","WiNN auto (QC)","SPLIT04","MTBLS79","Held-out QC CV (%)"
"residual_run_order_gam_mean_deviance",0.139595742802222,"lower",19904,"proportion","","mtbls79","winn_auto_qc","WiNN auto (QC)","SPLIT04","MTBLS79","Residual GAM deviance"
"heldout_qc_cv_mean",17.4698341610662,"lower",2488,"percent","","mtbls79","winn_auto_batch_qc","WiNN auto-batch (QC)","SPLIT04","MTBLS79","Held-out QC CV (%)"
"residual_run_order_gam_mean_deviance",0.137818358350966,"lower",19904,"proportion","","mtbls79","winn_auto_batch_qc","WiNN auto-batch (QC)","SPLIT04","MTBLS79","Residual GAM deviance"
"heldout_qc_cv_mean",17.543353923881,"lower",2488,"percent","","mtbls79","winn_fixed_no_qc","WiNN fixed default (no QC)","SPLIT04","MTBLS79","Held-out QC CV (%)"
"residual_run_order_gam_mean_deviance",0.140078697278888,"lower",19904,"proportion","","mtbls79","winn_fixed_no_qc","WiNN fixed default (no QC)","SPLIT04","MTBLS79","Residual GAM deviance"
"heldout_qc_cv_mean",29.5714884927215,"lower",2488,"percent","","mtbls79","raw","Raw","SPLIT05","MTBLS79","Held-out QC CV (%)"
"residual_run_order_gam_mean_deviance",0.14171601494383,"lower",19904,"proportion","","mtbls79","raw","Raw","SPLIT05","MTBLS79","Residual GAM deviance"
"heldout_qc_cv_mean",16.9702695187896,"lower",2488,"percent","","mtbls79","combat","ComBat","SPLIT05","MTBLS79","Held-out QC CV (%)"
"residual_run_order_gam_mean_deviance",0.141715985886593,"lower",19904,"proportion","","mtbls79","combat","ComBat","SPLIT05","MTBLS79","Residual GAM deviance"
"heldout_qc_cv_mean",187.850905585212,"lower",2488,"percent","","mtbls79","qc_rlsc","QC-RLSC","SPLIT05","MTBLS79","Held-out QC CV (%)"
"residual_run_order_gam_mean_deviance",0.0600551889270451,"lower",19904,"proportion","","mtbls79","qc_rlsc","QC-RLSC","SPLIT05","MTBLS79","Residual GAM deviance"
"heldout_qc_cv_mean",11.016094837435,"lower",2488,"percent","","mtbls79","qc_rfsc","QC-RFSC","SPLIT05","MTBLS79","Held-out QC CV (%)"
"residual_run_order_gam_mean_deviance",0.156451413525945,"lower",19904,"proportion","","mtbls79","qc_rfsc","QC-RFSC","SPLIT05","MTBLS79","Residual GAM deviance"
"heldout_qc_cv_mean",14.2091436569514,"lower",2488,"percent","","mtbls79","tiger","TIGER","SPLIT05","MTBLS79","Held-out QC CV (%)"
"residual_run_order_gam_mean_deviance",0.141158363935247,"lower",19904,"proportion","","mtbls79","tiger","TIGER","SPLIT05","MTBLS79","Residual GAM deviance"
"heldout_qc_cv_mean",18.2246116514788,"lower",2488,"percent","","mtbls79","serrf","SERRF","SPLIT05","MTBLS79","Held-out QC CV (%)"
"residual_run_order_gam_mean_deviance",0.141716005240362,"lower",19904,"proportion","","mtbls79","serrf","SERRF","SPLIT05","MTBLS79","Residual GAM deviance"
"heldout_qc_cv_mean",16.8685775974967,"lower",2488,"percent","","mtbls79","winn_auto_qc","WiNN auto (QC)","SPLIT05","MTBLS79","Held-out QC CV (%)"
"residual_run_order_gam_mean_deviance",0.139739146897752,"lower",19904,"proportion","","mtbls79","winn_auto_qc","WiNN auto (QC)","SPLIT05","MTBLS79","Residual GAM deviance"
"heldout_qc_cv_mean",17.9559692023668,"lower",2488,"percent","","mtbls79","winn_auto_batch_qc","WiNN auto-batch (QC)","SPLIT05","MTBLS79","Held-out QC CV (%)"
"residual_run_order_gam_mean_deviance",0.137747501780612,"lower",19904,"proportion","","mtbls79","winn_auto_batch_qc","WiNN auto-batch (QC)","SPLIT05","MTBLS79","Residual GAM deviance"
"heldout_qc_cv_mean",17.5296371111805,"lower",2488,"percent","","mtbls79","winn_fixed_no_qc","WiNN fixed default (no QC)","SPLIT05","MTBLS79","Held-out QC CV (%)"
"residual_run_order_gam_mean_deviance",0.140078697278888,"lower",19904,"proportion","","mtbls79","winn_fixed_no_qc","WiNN fixed default (no QC)","SPLIT05","MTBLS79","Residual GAM deviance"
"heldout_qc_cv_mean",28.7960525930171,"lower",2488,"percent","","mtbls79","raw","Raw","SPLIT06","MTBLS79","Held-out QC CV (%)"
"residual_run_order_gam_mean_deviance",0.14171601494383,"lower",19904,"proportion","","mtbls79","raw","Raw","SPLIT06","MTBLS79","Residual GAM deviance"
"heldout_qc_cv_mean",16.5443341817688,"lower",2488,"percent","","mtbls79","combat","ComBat","SPLIT06","MTBLS79","Held-out QC CV (%)"
"residual_run_order_gam_mean_deviance",0.141715985886593,"lower",19904,"proportion","","mtbls79","combat","ComBat","SPLIT06","MTBLS79","Residual GAM deviance"
"heldout_qc_cv_mean",38.9909028086251,"lower",2488,"percent","","mtbls79","qc_rlsc","QC-RLSC","SPLIT06","MTBLS79","Held-out QC CV (%)"
"residual_run_order_gam_mean_deviance",0.128114812247477,"lower",19904,"proportion","","mtbls79","qc_rlsc","QC-RLSC","SPLIT06","MTBLS79","Residual GAM deviance"
"heldout_qc_cv_mean",10.4501911319857,"lower",2488,"percent","","mtbls79","qc_rfsc","QC-RFSC","SPLIT06","MTBLS79","Held-out QC CV (%)"
"residual_run_order_gam_mean_deviance",0.156451413525945,"lower",19904,"proportion","","mtbls79","qc_rfsc","QC-RFSC","SPLIT06","MTBLS79","Residual GAM deviance"
"heldout_qc_cv_mean",14.2382569019325,"lower",2488,"percent","","mtbls79","tiger","TIGER","SPLIT06","MTBLS79","Held-out QC CV (%)"
"residual_run_order_gam_mean_deviance",0.14155726909464,"lower",19904,"proportion","","mtbls79","tiger","TIGER","SPLIT06","MTBLS79","Residual GAM deviance"
"heldout_qc_cv_mean",17.6456406508879,"lower",2488,"percent","","mtbls79","serrf","SERRF","SPLIT06","MTBLS79","Held-out QC CV (%)"
"residual_run_order_gam_mean_deviance",0.141716005240362,"lower",19904,"proportion","","mtbls79","serrf","SERRF","SPLIT06","MTBLS79","Residual GAM deviance"
"heldout_qc_cv_mean",16.694232264874,"lower",2488,"percent","","mtbls79","winn_auto_qc","WiNN auto (QC)","SPLIT06","MTBLS79","Held-out QC CV (%)"
"residual_run_order_gam_mean_deviance",0.139754283336972,"lower",19904,"proportion","","mtbls79","winn_auto_qc","WiNN auto (QC)","SPLIT06","MTBLS79","Residual GAM deviance"
"heldout_qc_cv_mean",16.8233705965559,"lower",2488,"percent","","mtbls79","winn_auto_batch_qc","WiNN auto-batch (QC)","SPLIT06","MTBLS79","Held-out QC CV (%)"
"residual_run_order_gam_mean_deviance",0.144053779950989,"lower",19904,"proportion","","mtbls79","winn_auto_batch_qc","WiNN auto-batch (QC)","SPLIT06","MTBLS79","Residual GAM deviance"
"heldout_qc_cv_mean",17.1152872204958,"lower",2488,"percent","","mtbls79","winn_fixed_no_qc","WiNN fixed default (no QC)","SPLIT06","MTBLS79","Held-out QC CV (%)"
"residual_run_order_gam_mean_deviance",0.140078697278888,"lower",19904,"proportion","","mtbls79","winn_fixed_no_qc","WiNN fixed default (no QC)","SPLIT06","MTBLS79","Residual GAM deviance"
"heldout_qc_cv_mean",29.4974404631797,"lower",2488,"percent","","mtbls79","raw","Raw","SPLIT07","MTBLS79","Held-out QC CV (%)"
"residual_run_order_gam_mean_deviance",0.14171601494383,"lower",19904,"proportion","","mtbls79","raw","Raw","SPLIT07","MTBLS79","Residual GAM deviance"
"heldout_qc_cv_mean",16.998467023867,"lower",2488,"percent","","mtbls79","combat","ComBat","SPLIT07","MTBLS79","Held-out QC CV (%)"
"residual_run_order_gam_mean_deviance",0.141715985886593,"lower",19904,"proportion","","mtbls79","combat","ComBat","SPLIT07","MTBLS79","Residual GAM deviance"
"heldout_qc_cv_mean",176.191757770554,"lower",2488,"percent","","mtbls79","qc_rlsc","QC-RLSC","SPLIT07","MTBLS79","Held-out QC CV (%)"
"residual_run_order_gam_mean_deviance",0.124493990464761,"lower",19904,"proportion","","mtbls79","qc_rlsc","QC-RLSC","SPLIT07","MTBLS79","Residual GAM deviance"
"heldout_qc_cv_mean",10.5087022515731,"lower",2488,"percent","","mtbls79","qc_rfsc","QC-RFSC","SPLIT07","MTBLS79","Held-out QC CV (%)"
"residual_run_order_gam_mean_deviance",0.156451413525945,"lower",19904,"proportion","","mtbls79","qc_rfsc","QC-RFSC","SPLIT07","MTBLS79","Residual GAM deviance"
"heldout_qc_cv_mean",14.0520845659875,"lower",2488,"percent","","mtbls79","tiger","TIGER","SPLIT07","MTBLS79","Held-out QC CV (%)"
"residual_run_order_gam_mean_deviance",0.141491339435333,"lower",19904,"proportion","","mtbls79","tiger","TIGER","SPLIT07","MTBLS79","Residual GAM deviance"
"heldout_qc_cv_mean",18.0593874750019,"lower",2488,"percent","","mtbls79","serrf","SERRF","SPLIT07","MTBLS79","Held-out QC CV (%)"
"residual_run_order_gam_mean_deviance",0.141716005240362,"lower",19904,"proportion","","mtbls79","serrf","SERRF","SPLIT07","MTBLS79","Residual GAM deviance"
"heldout_qc_cv_mean",17.074269575645,"lower",2488,"percent","","mtbls79","winn_auto_qc","WiNN auto (QC)","SPLIT07","MTBLS79","Held-out QC CV (%)"
"residual_run_order_gam_mean_deviance",0.139600056277506,"lower",19904,"proportion","","mtbls79","winn_auto_qc","WiNN auto (QC)","SPLIT07","MTBLS79","Residual GAM deviance"
"heldout_qc_cv_mean",17.6857750403103,"lower",2488,"percent","","mtbls79","winn_auto_batch_qc","WiNN auto-batch (QC)","SPLIT07","MTBLS79","Held-out QC CV (%)"
"residual_run_order_gam_mean_deviance",0.137822209238328,"lower",19904,"proportion","","mtbls79","winn_auto_batch_qc","WiNN auto-batch (QC)","SPLIT07","MTBLS79","Residual GAM deviance"
"heldout_qc_cv_mean",17.5668585245203,"lower",2488,"percent","","mtbls79","winn_fixed_no_qc","WiNN fixed default (no QC)","SPLIT07","MTBLS79","Held-out QC CV (%)"
"residual_run_order_gam_mean_deviance",0.140078697278888,"lower",19904,"proportion","","mtbls79","winn_fixed_no_qc","WiNN fixed default (no QC)","SPLIT07","MTBLS79","Residual GAM deviance"
"heldout_qc_cv_mean",29.891893027712,"lower",2488,"percent","","mtbls79","raw","Raw","SPLIT08","MTBLS79","Held-out QC CV (%)"
"residual_run_order_gam_mean_deviance",0.14171601494383,"lower",19904,"proportion","","mtbls79","raw","Raw","SPLIT08","MTBLS79","Residual GAM deviance"
"heldout_qc_cv_mean",16.3890598169677,"lower",2488,"percent","","mtbls79","combat","ComBat","SPLIT08","MTBLS79","Held-out QC CV (%)"
"residual_run_order_gam_mean_deviance",0.141715961877456,"lower",19904,"proportion","","mtbls79","combat","ComBat","SPLIT08","MTBLS79","Residual GAM deviance"
"heldout_qc_cv_mean",131.514265111655,"lower",2488,"percent","","mtbls79","qc_rlsc","QC-RLSC","SPLIT08","MTBLS79","Held-out QC CV (%)"
"residual_run_order_gam_mean_deviance",0.108340265796513,"lower",19904,"proportion","","mtbls79","qc_rlsc","QC-RLSC","SPLIT08","MTBLS79","Residual GAM deviance"
"heldout_qc_cv_mean",10.7481270778521,"lower",2488,"percent","","mtbls79","qc_rfsc","QC-RFSC","SPLIT08","MTBLS79","Held-out QC CV (%)"
"residual_run_order_gam_mean_deviance",0.156451413525945,"lower",19904,"proportion","","mtbls79","qc_rfsc","QC-RFSC","SPLIT08","MTBLS79","Residual GAM deviance"
"heldout_qc_cv_mean",15.2486741633455,"lower",2488,"percent","","mtbls79","tiger","TIGER","SPLIT08","MTBLS79","Held-out QC CV (%)"
"residual_run_order_gam_mean_deviance",0.141832413405741,"lower",19904,"proportion","","mtbls79","tiger","TIGER","SPLIT08","MTBLS79","Residual GAM deviance"
"heldout_qc_cv_mean",17.6339595217266,"lower",2488,"percent","","mtbls79","serrf","SERRF","SPLIT08","MTBLS79","Held-out QC CV (%)"
"residual_run_order_gam_mean_deviance",0.141716005240362,"lower",19904,"proportion","","mtbls79","serrf","SERRF","SPLIT08","MTBLS79","Residual GAM deviance"
"heldout_qc_cv_mean",16.3559341904529,"lower",2488,"percent","","mtbls79","winn_auto_qc","WiNN auto (QC)","SPLIT08","MTBLS79","Held-out QC CV (%)"
"residual_run_order_gam_mean_deviance",0.139729557550611,"lower",19904,"proportion","","mtbls79","winn_auto_qc","WiNN auto (QC)","SPLIT08","MTBLS79","Residual GAM deviance"
"heldout_qc_cv_mean",17.6874574411586,"lower",2488,"percent","","mtbls79","winn_auto_batch_qc","WiNN auto-batch (QC)","SPLIT08","MTBLS79","Held-out QC CV (%)"
"residual_run_order_gam_mean_deviance",0.137959015135418,"lower",19904,"proportion","","mtbls79","winn_auto_batch_qc","WiNN auto-batch (QC)","SPLIT08","MTBLS79","Residual GAM deviance"
"heldout_qc_cv_mean",17.0236890452916,"lower",2488,"percent","","mtbls79","winn_fixed_no_qc","WiNN fixed default (no QC)","SPLIT08","MTBLS79","Held-out QC CV (%)"
"residual_run_order_gam_mean_deviance",0.140078697278888,"lower",19904,"proportion","","mtbls79","winn_fixed_no_qc","WiNN fixed default (no QC)","SPLIT08","MTBLS79","Residual GAM deviance"
"heldout_qc_cv_mean",29.9546405903895,"lower",2488,"percent","","mtbls79","raw","Raw","SPLIT09","MTBLS79","Held-out QC CV (%)"
"residual_run_order_gam_mean_deviance",0.14171601494383,"lower",19904,"proportion","","mtbls79","raw","Raw","SPLIT09","MTBLS79","Residual GAM deviance"
"heldout_qc_cv_mean",16.8430307940274,"lower",2488,"percent","","mtbls79","combat","ComBat","SPLIT09","MTBLS79","Held-out QC CV (%)"
"residual_run_order_gam_mean_deviance",0.141715985886593,"lower",19904,"proportion","","mtbls79","combat","ComBat","SPLIT09","MTBLS79","Residual GAM deviance"
"heldout_qc_cv_mean",177.744891082922,"lower",2488,"percent","","mtbls79","qc_rlsc","QC-RLSC","SPLIT09","MTBLS79","Held-out QC CV (%)"
"residual_run_order_gam_mean_deviance",0.0630611356177882,"lower",19904,"proportion","","mtbls79","qc_rlsc","QC-RLSC","SPLIT09","MTBLS79","Residual GAM deviance"
"heldout_qc_cv_mean",10.3701976759785,"lower",2488,"percent","","mtbls79","qc_rfsc","QC-RFSC","SPLIT09","MTBLS79","Held-out QC CV (%)"
"residual_run_order_gam_mean_deviance",0.156451413525945,"lower",19904,"proportion","","mtbls79","qc_rfsc","QC-RFSC","SPLIT09","MTBLS79","Residual GAM deviance"
"heldout_qc_cv_mean",14.202031722188,"lower",2488,"percent","","mtbls79","tiger","TIGER","SPLIT09","MTBLS79","Held-out QC CV (%)"
"residual_run_order_gam_mean_deviance",0.141076821140952,"lower",19904,"proportion","","mtbls79","tiger","TIGER","SPLIT09","MTBLS79","Residual GAM deviance"
"heldout_qc_cv_mean",17.717398513385,"lower",2488,"percent","","mtbls79","serrf","SERRF","SPLIT09","MTBLS79","Held-out QC CV (%)"
"residual_run_order_gam_mean_deviance",0.141716005240362,"lower",19904,"proportion","","mtbls79","serrf","SERRF","SPLIT09","MTBLS79","Residual GAM deviance"
"heldout_qc_cv_mean",16.9003054053891,"lower",2488,"percent","","mtbls79","winn_auto_qc","WiNN auto (QC)","SPLIT09","MTBLS79","Held-out QC CV (%)"
"residual_run_order_gam_mean_deviance",0.139742687924467,"lower",19904,"proportion","","mtbls79","winn_auto_qc","WiNN auto (QC)","SPLIT09","MTBLS79","Residual GAM deviance"
"heldout_qc_cv_mean",17.6494363530881,"lower",2488,"percent","","mtbls79","winn_auto_batch_qc","WiNN auto-batch (QC)","SPLIT09","MTBLS79","Held-out QC CV (%)"
"residual_run_order_gam_mean_deviance",0.144046330221844,"lower",19904,"proportion","","mtbls79","winn_auto_batch_qc","WiNN auto-batch (QC)","SPLIT09","MTBLS79","Residual GAM deviance"
"heldout_qc_cv_mean",17.4646523699423,"lower",2488,"percent","","mtbls79","winn_fixed_no_qc","WiNN fixed default (no QC)","SPLIT09","MTBLS79","Held-out QC CV (%)"
"residual_run_order_gam_mean_deviance",0.140078697278888,"lower",19904,"proportion","","mtbls79","winn_fixed_no_qc","WiNN fixed default (no QC)","SPLIT09","MTBLS79","Residual GAM deviance"
"heldout_qc_cv_mean",28.9187098311481,"lower",2488,"percent","","mtbls79","raw","Raw","SPLIT10","MTBLS79","Held-out QC CV (%)"
"residual_run_order_gam_mean_deviance",0.14171601494383,"lower",19904,"proportion","","mtbls79","raw","Raw","SPLIT10","MTBLS79","Residual GAM deviance"
"heldout_qc_cv_mean",16.3897110857448,"lower",2488,"percent","","mtbls79","combat","ComBat","SPLIT10","MTBLS79","Held-out QC CV (%)"
"residual_run_order_gam_mean_deviance",0.141715985886593,"lower",19904,"proportion","","mtbls79","combat","ComBat","SPLIT10","MTBLS79","Residual GAM deviance"
"heldout_qc_cv_mean",132.350105894466,"lower",2488,"percent","","mtbls79","qc_rlsc","QC-RLSC","SPLIT10","MTBLS79","Held-out QC CV (%)"
"residual_run_order_gam_mean_deviance",0.105635608588954,"lower",19904,"proportion","","mtbls79","qc_rlsc","QC-RLSC","SPLIT10","MTBLS79","Residual GAM deviance"
"heldout_qc_cv_mean",10.6877241598373,"lower",2488,"percent","","mtbls79","qc_rfsc","QC-RFSC","SPLIT10","MTBLS79","Held-out QC CV (%)"
"residual_run_order_gam_mean_deviance",0.156451413525945,"lower",19904,"proportion","","mtbls79","qc_rfsc","QC-RFSC","SPLIT10","MTBLS79","Residual GAM deviance"
"heldout_qc_cv_mean",15.5303072245979,"lower",2488,"percent","","mtbls79","tiger","TIGER","SPLIT10","MTBLS79","Held-out QC CV (%)"
"residual_run_order_gam_mean_deviance",0.141094208550193,"lower",19904,"proportion","","mtbls79","tiger","TIGER","SPLIT10","MTBLS79","Residual GAM deviance"
"heldout_qc_cv_mean",17.6578215638769,"lower",2488,"percent","","mtbls79","serrf","SERRF","SPLIT10","MTBLS79","Held-out QC CV (%)"
"residual_run_order_gam_mean_deviance",0.141716005240362,"lower",19904,"proportion","","mtbls79","serrf","SERRF","SPLIT10","MTBLS79","Residual GAM deviance"
"heldout_qc_cv_mean",16.306399828043,"lower",2488,"percent","","mtbls79","winn_auto_qc","WiNN auto (QC)","SPLIT10","MTBLS79","Held-out QC CV (%)"
"residual_run_order_gam_mean_deviance",0.139716448758066,"lower",19904,"proportion","","mtbls79","winn_auto_qc","WiNN auto (QC)","SPLIT10","MTBLS79","Residual GAM deviance"
"heldout_qc_cv_mean",17.1210576912768,"lower",2488,"percent","","mtbls79","winn_auto_batch_qc","WiNN auto-batch (QC)","SPLIT10","MTBLS79","Held-out QC CV (%)"
"residual_run_order_gam_mean_deviance",0.1379534492016,"lower",19904,"proportion","","mtbls79","winn_auto_batch_qc","WiNN auto-batch (QC)","SPLIT10","MTBLS79","Residual GAM deviance"
"heldout_qc_cv_mean",16.8538993563531,"lower",2488,"percent","","mtbls79","winn_fixed_no_qc","WiNN fixed default (no QC)","SPLIT10","MTBLS79","Held-out QC CV (%)"
"residual_run_order_gam_mean_deviance",0.140078697278888,"lower",19904,"proportion","","mtbls79","winn_fixed_no_qc","WiNN fixed default (no QC)","SPLIT10","MTBLS79","Residual GAM deviance"
"heldout_qc_cv_mean",13.5015524116437,"lower",1594,"percent","","clinical_fiams","raw","Raw","SPLIT01","Clinical FIA-MS","Held-out QC CV (%)"
"residual_run_order_gam_mean_deviance",0.120300147162855,"lower",12752,"proportion","","clinical_fiams","raw","Raw","SPLIT01","Clinical FIA-MS","Residual GAM deviance"
"heldout_qc_cv_mean",11.1294398974576,"lower",1594,"percent","","clinical_fiams","combat","ComBat","SPLIT01","Clinical FIA-MS","Held-out QC CV (%)"
"residual_run_order_gam_mean_deviance",0.120300025396866,"lower",12752,"proportion","","clinical_fiams","combat","ComBat","SPLIT01","Clinical FIA-MS","Residual GAM deviance"
"heldout_qc_cv_mean",11.5240046123491,"lower",1594,"percent","","clinical_fiams","qc_rlsc","QC-RLSC","SPLIT01","Clinical FIA-MS","Held-out QC CV (%)"
"residual_run_order_gam_mean_deviance",0.14246162677037,"lower",12752,"proportion","","clinical_fiams","qc_rlsc","QC-RLSC","SPLIT01","Clinical FIA-MS","Residual GAM deviance"
"heldout_qc_cv_mean",10.9983051720692,"lower",1594,"percent","","clinical_fiams","qc_rfsc","QC-RFSC","SPLIT01","Clinical FIA-MS","Held-out QC CV (%)"
"residual_run_order_gam_mean_deviance",0.112300763952644,"lower",12752,"proportion","","clinical_fiams","qc_rfsc","QC-RFSC","SPLIT01","Clinical FIA-MS","Residual GAM deviance"
"heldout_qc_cv_mean",7.89469714773929,"lower",1594,"percent","","clinical_fiams","tiger","TIGER","SPLIT01","Clinical FIA-MS","Held-out QC CV (%)"
"residual_run_order_gam_mean_deviance",0.0909856937205993,"lower",12752,"proportion","","clinical_fiams","tiger","TIGER","SPLIT01","Clinical FIA-MS","Residual GAM deviance"
"heldout_qc_cv_mean",9.83112850553221,"lower",1594,"percent","","clinical_fiams","serrf","SERRF","SPLIT01","Clinical FIA-MS","Held-out QC CV (%)"
"residual_run_order_gam_mean_deviance",0.107936715174209,"lower",12752,"proportion","","clinical_fiams","serrf","SERRF","SPLIT01","Clinical FIA-MS","Residual GAM deviance"
"heldout_qc_cv_mean",8.98939665547064,"lower",1594,"percent","","clinical_fiams","winn_auto_qc","WiNN auto (QC)","SPLIT01","Clinical FIA-MS","Held-out QC CV (%)"
"residual_run_order_gam_mean_deviance",0.0829368694777842,"lower",12752,"proportion","","clinical_fiams","winn_auto_qc","WiNN auto (QC)","SPLIT01","Clinical FIA-MS","Residual GAM deviance"
"heldout_qc_cv_mean",9.10526241265636,"lower",1594,"percent","","clinical_fiams","winn_auto_batch_qc","WiNN auto-batch (QC)","SPLIT01","Clinical FIA-MS","Held-out QC CV (%)"
"residual_run_order_gam_mean_deviance",0.0731395454825476,"lower",12752,"proportion","","clinical_fiams","winn_auto_batch_qc","WiNN auto-batch (QC)","SPLIT01","Clinical FIA-MS","Residual GAM deviance"
"heldout_qc_cv_mean",9.71606131775635,"lower",1594,"percent","","clinical_fiams","winn_fixed_no_qc","WiNN fixed default (no QC)","SPLIT01","Clinical FIA-MS","Held-out QC CV (%)"
"residual_run_order_gam_mean_deviance",0.0727686471322973,"lower",12752,"proportion","","clinical_fiams","winn_fixed_no_qc","WiNN fixed default (no QC)","SPLIT01","Clinical FIA-MS","Residual GAM deviance"
"heldout_qc_cv_mean",10.6073087297709,"lower",1594,"percent","","clinical_fiams","raw","Raw","SPLIT02","Clinical FIA-MS","Held-out QC CV (%)"
"residual_run_order_gam_mean_deviance",0.120300147162855,"lower",12752,"proportion","","clinical_fiams","raw","Raw","SPLIT02","Clinical FIA-MS","Residual GAM deviance"
"heldout_qc_cv_mean",9.78594334889146,"lower",1594,"percent","","clinical_fiams","combat","ComBat","SPLIT02","Clinical FIA-MS","Held-out QC CV (%)"
"residual_run_order_gam_mean_deviance",0.120300025396866,"lower",12752,"proportion","","clinical_fiams","combat","ComBat","SPLIT02","Clinical FIA-MS","Residual GAM deviance"
"heldout_qc_cv_mean",10.788572036038,"lower",1594,"percent","","clinical_fiams","qc_rlsc","QC-RLSC","SPLIT02","Clinical FIA-MS","Held-out QC CV (%)"
"residual_run_order_gam_mean_deviance",0.136077694258926,"lower",12752,"proportion","","clinical_fiams","qc_rlsc","QC-RLSC","SPLIT02","Clinical FIA-MS","Residual GAM deviance"
"heldout_qc_cv_mean",10.5569053287417,"lower",1594,"percent","","clinical_fiams","qc_rfsc","QC-RFSC","SPLIT02","Clinical FIA-MS","Held-out QC CV (%)"
"residual_run_order_gam_mean_deviance",0.117184746498402,"lower",12752,"proportion","","clinical_fiams","qc_rfsc","QC-RFSC","SPLIT02","Clinical FIA-MS","Residual GAM deviance"
"heldout_qc_cv_mean",7.29716362728252,"lower",1594,"percent","","clinical_fiams","tiger","TIGER","SPLIT02","Clinical FIA-MS","Held-out QC CV (%)"
"residual_run_order_gam_mean_deviance",0.0907043611781546,"lower",12752,"proportion","","clinical_fiams","tiger","TIGER","SPLIT02","Clinical FIA-MS","Residual GAM deviance"
"heldout_qc_cv_mean",8.58034151182807,"lower",1594,"percent","","clinical_fiams","serrf","SERRF","SPLIT02","Clinical FIA-MS","Held-out QC CV (%)"
"residual_run_order_gam_mean_deviance",0.107542725328293,"lower",12752,"proportion","","clinical_fiams","serrf","SERRF","SPLIT02","Clinical FIA-MS","Residual GAM deviance"
"heldout_qc_cv_mean",8.20423845401088,"lower",1594,"percent","","clinical_fiams","winn_auto_qc","WiNN auto (QC)","SPLIT02","Clinical FIA-MS","Held-out QC CV (%)"
"residual_run_order_gam_mean_deviance",0.0829613554558994,"lower",12752,"proportion","","clinical_fiams","winn_auto_qc","WiNN auto (QC)","SPLIT02","Clinical FIA-MS","Residual GAM deviance"
"heldout_qc_cv_mean",7.9800379038955,"lower",1594,"percent","","clinical_fiams","winn_auto_batch_qc","WiNN auto-batch (QC)","SPLIT02","Clinical FIA-MS","Held-out QC CV (%)"
"residual_run_order_gam_mean_deviance",0.07524219379679,"lower",12752,"proportion","","clinical_fiams","winn_auto_batch_qc","WiNN auto-batch (QC)","SPLIT02","Clinical FIA-MS","Residual GAM deviance"
"heldout_qc_cv_mean",8.74411187905996,"lower",1594,"percent","","clinical_fiams","winn_fixed_no_qc","WiNN fixed default (no QC)","SPLIT02","Clinical FIA-MS","Held-out QC CV (%)"
"residual_run_order_gam_mean_deviance",0.0727686471322973,"lower",12752,"proportion","","clinical_fiams","winn_fixed_no_qc","WiNN fixed default (no QC)","SPLIT02","Clinical FIA-MS","Residual GAM deviance"
"heldout_qc_cv_mean",11.9730232004291,"lower",1594,"percent","","clinical_fiams","raw","Raw","SPLIT03","Clinical FIA-MS","Held-out QC CV (%)"
"residual_run_order_gam_mean_deviance",0.120300147162855,"lower",12752,"proportion","","clinical_fiams","raw","Raw","SPLIT03","Clinical FIA-MS","Residual GAM deviance"
"heldout_qc_cv_mean",11.5842308990855,"lower",1594,"percent","","clinical_fiams","combat","ComBat","SPLIT03","Clinical FIA-MS","Held-out QC CV (%)"
"residual_run_order_gam_mean_deviance",0.120300025396866,"lower",12752,"proportion","","clinical_fiams","combat","ComBat","SPLIT03","Clinical FIA-MS","Residual GAM deviance"
"heldout_qc_cv_mean",11.4599973417277,"lower",1594,"percent","","clinical_fiams","qc_rlsc","QC-RLSC","SPLIT03","Clinical FIA-MS","Held-out QC CV (%)"
"residual_run_order_gam_mean_deviance",0.126702185206129,"lower",12752,"proportion","","clinical_fiams","qc_rlsc","QC-RLSC","SPLIT03","Clinical FIA-MS","Residual GAM deviance"
"heldout_qc_cv_mean",11.0380101092574,"lower",1594,"percent","","clinical_fiams","qc_rfsc","QC-RFSC","SPLIT03","Clinical FIA-MS","Held-out QC CV (%)"
"residual_run_order_gam_mean_deviance",0.110602578203391,"lower",12752,"proportion","","clinical_fiams","qc_rfsc","QC-RFSC","SPLIT03","Clinical FIA-MS","Residual GAM deviance"
"heldout_qc_cv_mean",8.22268552310252,"lower",1594,"percent","","clinical_fiams","tiger","TIGER","SPLIT03","Clinical FIA-MS","Held-out QC CV (%)"
"residual_run_order_gam_mean_deviance",0.0905790933128493,"lower",12752,"proportion","","clinical_fiams","tiger","TIGER","SPLIT03","Clinical FIA-MS","Residual GAM deviance"
"heldout_qc_cv_mean",9.74594667390414,"lower",1594,"percent","","clinical_fiams","serrf","SERRF","SPLIT03","Clinical FIA-MS","Held-out QC CV (%)"
"residual_run_order_gam_mean_deviance",0.107358365982136,"lower",12752,"proportion","","clinical_fiams","serrf","SERRF","SPLIT03","Clinical FIA-MS","Residual GAM deviance"
"heldout_qc_cv_mean",9.32359821387024,"lower",1594,"percent","","clinical_fiams","winn_auto_qc","WiNN auto (QC)","SPLIT03","Clinical FIA-MS","Held-out QC CV (%)"
"residual_run_order_gam_mean_deviance",0.0828996051816449,"lower",12752,"proportion","","clinical_fiams","winn_auto_qc","WiNN auto (QC)","SPLIT03","Clinical FIA-MS","Residual GAM deviance"
"heldout_qc_cv_mean",9.81673213095792,"lower",1594,"percent","","clinical_fiams","winn_auto_batch_qc","WiNN auto-batch (QC)","SPLIT03","Clinical FIA-MS","Held-out QC CV (%)"
"residual_run_order_gam_mean_deviance",0.0751853625947079,"lower",12752,"proportion","","clinical_fiams","winn_auto_batch_qc","WiNN auto-batch (QC)","SPLIT03","Clinical FIA-MS","Residual GAM deviance"
"heldout_qc_cv_mean",10.4230010677436,"lower",1594,"percent","","clinical_fiams","winn_fixed_no_qc","WiNN fixed default (no QC)","SPLIT03","Clinical FIA-MS","Held-out QC CV (%)"
"residual_run_order_gam_mean_deviance",0.0727686471322973,"lower",12752,"proportion","","clinical_fiams","winn_fixed_no_qc","WiNN fixed default (no QC)","SPLIT03","Clinical FIA-MS","Residual GAM deviance"
"heldout_qc_cv_mean",12.0389445143801,"lower",1594,"percent","","clinical_fiams","raw","Raw","SPLIT04","Clinical FIA-MS","Held-out QC CV (%)"
"residual_run_order_gam_mean_deviance",0.120300147162855,"lower",12752,"proportion","","clinical_fiams","raw","Raw","SPLIT04","Clinical FIA-MS","Residual GAM deviance"
"heldout_qc_cv_mean",10.3512501472607,"lower",1594,"percent","","clinical_fiams","combat","ComBat","SPLIT04","Clinical FIA-MS","Held-out QC CV (%)"
"residual_run_order_gam_mean_deviance",0.120300025396866,"lower",12752,"proportion","","clinical_fiams","combat","ComBat","SPLIT04","Clinical FIA-MS","Residual GAM deviance"
"heldout_qc_cv_mean",10.2583097221074,"lower",1594,"percent","","clinical_fiams","qc_rlsc","QC-RLSC","SPLIT04","Clinical FIA-MS","Held-out QC CV (%)"
"residual_run_order_gam_mean_deviance",0.131961175715107,"lower",12752,"proportion","","clinical_fiams","qc_rlsc","QC-RLSC","SPLIT04","Clinical FIA-MS","Residual GAM deviance"
"heldout_qc_cv_mean",10.1295693837315,"lower",1594,"percent","","clinical_fiams","qc_rfsc","QC-RFSC","SPLIT04","Clinical FIA-MS","Held-out QC CV (%)"
"residual_run_order_gam_mean_deviance",0.116807333428487,"lower",12752,"proportion","","clinical_fiams","qc_rfsc","QC-RFSC","SPLIT04","Clinical FIA-MS","Residual GAM deviance"
"heldout_qc_cv_mean",7.58331421364171,"lower",1594,"percent","","clinical_fiams","tiger","TIGER","SPLIT04","Clinical FIA-MS","Held-out QC CV (%)"
"residual_run_order_gam_mean_deviance",0.091248824183335,"lower",12752,"proportion","","clinical_fiams","tiger","TIGER","SPLIT04","Clinical FIA-MS","Residual GAM deviance"
"heldout_qc_cv_mean",9.08710545367918,"lower",1594,"percent","","clinical_fiams","serrf","SERRF","SPLIT04","Clinical FIA-MS","Held-out QC CV (%)"
"residual_run_order_gam_mean_deviance",0.108049469059791,"lower",12752,"proportion","","clinical_fiams","serrf","SERRF","SPLIT04","Clinical FIA-MS","Residual GAM deviance"
"heldout_qc_cv_mean",8.61440925071772,"lower",1594,"percent","","clinical_fiams","winn_auto_qc","WiNN auto (QC)","SPLIT04","Clinical FIA-MS","Held-out QC CV (%)"
"residual_run_order_gam_mean_deviance",0.0829128201856648,"lower",12752,"proportion","","clinical_fiams","winn_auto_qc","WiNN auto (QC)","SPLIT04","Clinical FIA-MS","Residual GAM deviance"
"heldout_qc_cv_mean",8.59967519564862,"lower",1594,"percent","","clinical_fiams","winn_auto_batch_qc","WiNN auto-batch (QC)","SPLIT04","Clinical FIA-MS","Held-out QC CV (%)"
"residual_run_order_gam_mean_deviance",0.0751844294888213,"lower",12752,"proportion","","clinical_fiams","winn_auto_batch_qc","WiNN auto-batch (QC)","SPLIT04","Clinical FIA-MS","Residual GAM deviance"
"heldout_qc_cv_mean",9.2457994224007,"lower",1594,"percent","","clinical_fiams","winn_fixed_no_qc","WiNN fixed default (no QC)","SPLIT04","Clinical FIA-MS","Held-out QC CV (%)"
"residual_run_order_gam_mean_deviance",0.0727686471322973,"lower",12752,"proportion","","clinical_fiams","winn_fixed_no_qc","WiNN fixed default (no QC)","SPLIT04","Clinical FIA-MS","Residual GAM deviance"
"heldout_qc_cv_mean",10.9010676239609,"lower",1594,"percent","","clinical_fiams","raw","Raw","SPLIT05","Clinical FIA-MS","Held-out QC CV (%)"
"residual_run_order_gam_mean_deviance",0.120300147162855,"lower",12752,"proportion","","clinical_fiams","raw","Raw","SPLIT05","Clinical FIA-MS","Residual GAM deviance"
"heldout_qc_cv_mean",9.68950009745185,"lower",1594,"percent","","clinical_fiams","combat","ComBat","SPLIT05","Clinical FIA-MS","Held-out QC CV (%)"
"residual_run_order_gam_mean_deviance",0.120300025396866,"lower",12752,"proportion","","clinical_fiams","combat","ComBat","SPLIT05","Clinical FIA-MS","Residual GAM deviance"
"heldout_qc_cv_mean",10.3051827149439,"lower",1594,"percent","","clinical_fiams","qc_rlsc","QC-RLSC","SPLIT05","Clinical FIA-MS","Held-out QC CV (%)"
"residual_run_order_gam_mean_deviance",0.131782490101555,"lower",12752,"proportion","","clinical_fiams","qc_rlsc","QC-RLSC","SPLIT05","Clinical FIA-MS","Residual GAM deviance"
"heldout_qc_cv_mean",9.27472733342583,"lower",1594,"percent","","clinical_fiams","qc_rfsc","QC-RFSC","SPLIT05","Clinical FIA-MS","Held-out QC CV (%)"
"residual_run_order_gam_mean_deviance",0.113600719575177,"lower",12752,"proportion","","clinical_fiams","qc_rfsc","QC-RFSC","SPLIT05","Clinical FIA-MS","Residual GAM deviance"
"heldout_qc_cv_mean",7.13697872815159,"lower",1594,"percent","","clinical_fiams","tiger","TIGER","SPLIT05","Clinical FIA-MS","Held-out QC CV (%)"
"residual_run_order_gam_mean_deviance",0.0910083541831803,"lower",12752,"proportion","","clinical_fiams","tiger","TIGER","SPLIT05","Clinical FIA-MS","Residual GAM deviance"
"heldout_qc_cv_mean",8.63741082598352,"lower",1594,"percent","","clinical_fiams","serrf","SERRF","SPLIT05","Clinical FIA-MS","Held-out QC CV (%)"
"residual_run_order_gam_mean_deviance",0.107495659685688,"lower",12752,"proportion","","clinical_fiams","serrf","SERRF","SPLIT05","Clinical FIA-MS","Residual GAM deviance"
"heldout_qc_cv_mean",8.08295675211648,"lower",1594,"percent","","clinical_fiams","winn_auto_qc","WiNN auto (QC)","SPLIT05","Clinical FIA-MS","Held-out QC CV (%)"
"residual_run_order_gam_mean_deviance",0.0829093387482749,"lower",12752,"proportion","","clinical_fiams","winn_auto_qc","WiNN auto (QC)","SPLIT05","Clinical FIA-MS","Residual GAM deviance"
"heldout_qc_cv_mean",8.25244832454948,"lower",1594,"percent","","clinical_fiams","winn_auto_batch_qc","WiNN auto-batch (QC)","SPLIT05","Clinical FIA-MS","Held-out QC CV (%)"
"residual_run_order_gam_mean_deviance",0.0751989177277785,"lower",12752,"proportion","","clinical_fiams","winn_auto_batch_qc","WiNN auto-batch (QC)","SPLIT05","Clinical FIA-MS","Residual GAM deviance"
"heldout_qc_cv_mean",8.67501806580342,"lower",1594,"percent","","clinical_fiams","winn_fixed_no_qc","WiNN fixed default (no QC)","SPLIT05","Clinical FIA-MS","Held-out QC CV (%)"
"residual_run_order_gam_mean_deviance",0.0727686471322973,"lower",12752,"proportion","","clinical_fiams","winn_fixed_no_qc","WiNN fixed default (no QC)","SPLIT05","Clinical FIA-MS","Residual GAM deviance"
"heldout_qc_cv_mean",15.5536424008064,"lower",1594,"percent","","clinical_fiams","raw","Raw","SPLIT06","Clinical FIA-MS","Held-out QC CV (%)"
"residual_run_order_gam_mean_deviance",0.120300147162855,"lower",12752,"proportion","","clinical_fiams","raw","Raw","SPLIT06","Clinical FIA-MS","Residual GAM deviance"
"heldout_qc_cv_mean",12.5654867472037,"lower",1594,"percent","","clinical_fiams","combat","ComBat","SPLIT06","Clinical FIA-MS","Held-out QC CV (%)"
"residual_run_order_gam_mean_deviance",0.120300019333527,"lower",12752,"proportion","","clinical_fiams","combat","ComBat","SPLIT06","Clinical FIA-MS","Residual GAM deviance"
"heldout_qc_cv_mean",12.4525571854525,"lower",1594,"percent","","clinical_fiams","qc_rlsc","QC-RLSC","SPLIT06","Clinical FIA-MS","Held-out QC CV (%)"
"residual_run_order_gam_mean_deviance",0.139858512421633,"lower",12752,"proportion","","clinical_fiams","qc_rlsc","QC-RLSC","SPLIT06","Clinical FIA-MS","Residual GAM deviance"
"heldout_qc_cv_mean",12.840954119747,"lower",1594,"percent","","clinical_fiams","qc_rfsc","QC-RFSC","SPLIT06","Clinical FIA-MS","Held-out QC CV (%)"
"residual_run_order_gam_mean_deviance",0.112819887527865,"lower",12752,"proportion","","clinical_fiams","qc_rfsc","QC-RFSC","SPLIT06","Clinical FIA-MS","Residual GAM deviance"
"heldout_qc_cv_mean",9.59377829638498,"lower",1594,"percent","","clinical_fiams","tiger","TIGER","SPLIT06","Clinical FIA-MS","Held-out QC CV (%)"
"residual_run_order_gam_mean_deviance",0.0904093728947458,"lower",12752,"proportion","","clinical_fiams","tiger","TIGER","SPLIT06","Clinical FIA-MS","Residual GAM deviance"
"heldout_qc_cv_mean",10.6561193427528,"lower",1594,"percent","","clinical_fiams","serrf","SERRF","SPLIT06","Clinical FIA-MS","Held-out QC CV (%)"
"residual_run_order_gam_mean_deviance",0.107446958854755,"lower",12752,"proportion","","clinical_fiams","serrf","SERRF","SPLIT06","Clinical FIA-MS","Residual GAM deviance"
"heldout_qc_cv_mean",9.83237102563293,"lower",1594,"percent","","clinical_fiams","winn_auto_qc","WiNN auto (QC)","SPLIT06","Clinical FIA-MS","Held-out QC CV (%)"
"residual_run_order_gam_mean_deviance",0.0829116266689059,"lower",12752,"proportion","","clinical_fiams","winn_auto_qc","WiNN auto (QC)","SPLIT06","Clinical FIA-MS","Residual GAM deviance"
"heldout_qc_cv_mean",9.65774210841209,"lower",1594,"percent","","clinical_fiams","winn_auto_batch_qc","WiNN auto-batch (QC)","SPLIT06","Clinical FIA-MS","Held-out QC CV (%)"
"residual_run_order_gam_mean_deviance",0.0731123267131224,"lower",12752,"proportion","","clinical_fiams","winn_auto_batch_qc","WiNN auto-batch (QC)","SPLIT06","Clinical FIA-MS","Residual GAM deviance"
"heldout_qc_cv_mean",10.9921604138657,"lower",1594,"percent","","clinical_fiams","winn_fixed_no_qc","WiNN fixed default (no QC)","SPLIT06","Clinical FIA-MS","Held-out QC CV (%)"
"residual_run_order_gam_mean_deviance",0.0727686471322973,"lower",12752,"proportion","","clinical_fiams","winn_fixed_no_qc","WiNN fixed default (no QC)","SPLIT06","Clinical FIA-MS","Residual GAM deviance"
"heldout_qc_cv_mean",14.4240457099573,"lower",1594,"percent","","clinical_fiams","raw","Raw","SPLIT07","Clinical FIA-MS","Held-out QC CV (%)"
"residual_run_order_gam_mean_deviance",0.120300147162855,"lower",12752,"proportion","","clinical_fiams","raw","Raw","SPLIT07","Clinical FIA-MS","Residual GAM deviance"
"heldout_qc_cv_mean",12.5860681526229,"lower",1594,"percent","","clinical_fiams","combat","ComBat","SPLIT07","Clinical FIA-MS","Held-out QC CV (%)"
"residual_run_order_gam_mean_deviance",0.120300025396866,"lower",12752,"proportion","","clinical_fiams","combat","ComBat","SPLIT07","Clinical FIA-MS","Residual GAM deviance"
"heldout_qc_cv_mean",11.2841728473578,"lower",1594,"percent","","clinical_fiams","qc_rlsc","QC-RLSC","SPLIT07","Clinical FIA-MS","Held-out QC CV (%)"
"residual_run_order_gam_mean_deviance",0.139120787070449,"lower",12752,"proportion","","clinical_fiams","qc_rlsc","QC-RLSC","SPLIT07","Clinical FIA-MS","Residual GAM deviance"
"heldout_qc_cv_mean",10.8397883078182,"lower",1594,"percent","","clinical_fiams","qc_rfsc","QC-RFSC","SPLIT07","Clinical FIA-MS","Held-out QC CV (%)"
"residual_run_order_gam_mean_deviance",0.11201408319442,"lower",12752,"proportion","","clinical_fiams","qc_rfsc","QC-RFSC","SPLIT07","Clinical FIA-MS","Residual GAM deviance"
"heldout_qc_cv_mean",8.05621499459818,"lower",1594,"percent","","clinical_fiams","tiger","TIGER","SPLIT07","Clinical FIA-MS","Held-out QC CV (%)"
"residual_run_order_gam_mean_deviance",0.0907511274705265,"lower",12752,"proportion","","clinical_fiams","tiger","TIGER","SPLIT07","Clinical FIA-MS","Residual GAM deviance"
"heldout_qc_cv_mean",10.1889998950128,"lower",1594,"percent","","clinical_fiams","serrf","SERRF","SPLIT07","Clinical FIA-MS","Held-out QC CV (%)"
"residual_run_order_gam_mean_deviance",0.108131627938518,"lower",12752,"proportion","","clinical_fiams","serrf","SERRF","SPLIT07","Clinical FIA-MS","Residual GAM deviance"
"heldout_qc_cv_mean",9.44076864002248,"lower",1594,"percent","","clinical_fiams","winn_auto_qc","WiNN auto (QC)","SPLIT07","Clinical FIA-MS","Held-out QC CV (%)"
"residual_run_order_gam_mean_deviance",0.0828853727179484,"lower",12752,"proportion","","clinical_fiams","winn_auto_qc","WiNN auto (QC)","SPLIT07","Clinical FIA-MS","Residual GAM deviance"
"heldout_qc_cv_mean",9.65380434632891,"lower",1594,"percent","","clinical_fiams","winn_auto_batch_qc","WiNN auto-batch (QC)","SPLIT07","Clinical FIA-MS","Held-out QC CV (%)"
"residual_run_order_gam_mean_deviance",0.0749128454421344,"lower",12752,"proportion","","clinical_fiams","winn_auto_batch_qc","WiNN auto-batch (QC)","SPLIT07","Clinical FIA-MS","Residual GAM deviance"
"heldout_qc_cv_mean",10.1584939189315,"lower",1594,"percent","","clinical_fiams","winn_fixed_no_qc","WiNN fixed default (no QC)","SPLIT07","Clinical FIA-MS","Held-out QC CV (%)"
"residual_run_order_gam_mean_deviance",0.0727686471322973,"lower",12752,"proportion","","clinical_fiams","winn_fixed_no_qc","WiNN fixed default (no QC)","SPLIT07","Clinical FIA-MS","Residual GAM deviance"
"heldout_qc_cv_mean",13.1649983613127,"lower",1594,"percent","","clinical_fiams","raw","Raw","SPLIT08","Clinical FIA-MS","Held-out QC CV (%)"
"residual_run_order_gam_mean_deviance",0.120300147162855,"lower",12752,"proportion","","clinical_fiams","raw","Raw","SPLIT08","Clinical FIA-MS","Residual GAM deviance"
"heldout_qc_cv_mean",10.7455616524998,"lower",1594,"percent","","clinical_fiams","combat","ComBat","SPLIT08","Clinical FIA-MS","Held-out QC CV (%)"
"residual_run_order_gam_mean_deviance",0.120300025396866,"lower",12752,"proportion","","clinical_fiams","combat","ComBat","SPLIT08","Clinical FIA-MS","Residual GAM deviance"
"heldout_qc_cv_mean",13.1542798523359,"lower",1594,"percent","","clinical_fiams","qc_rlsc","QC-RLSC","SPLIT08","Clinical FIA-MS","Held-out QC CV (%)"
"residual_run_order_gam_mean_deviance",0.0905766400675176,"lower",12752,"proportion","","clinical_fiams","qc_rlsc","QC-RLSC","SPLIT08","Clinical FIA-MS","Residual GAM deviance"
"heldout_qc_cv_mean",11.3126056628277,"lower",1594,"percent","","clinical_fiams","qc_rfsc","QC-RFSC","SPLIT08","Clinical FIA-MS","Held-out QC CV (%)"
"residual_run_order_gam_mean_deviance",0.116591915557317,"lower",12752,"proportion","","clinical_fiams","qc_rfsc","QC-RFSC","SPLIT08","Clinical FIA-MS","Residual GAM deviance"
"heldout_qc_cv_mean",7.93561649054551,"lower",1594,"percent","","clinical_fiams","tiger","TIGER","SPLIT08","Clinical FIA-MS","Held-out QC CV (%)"
"residual_run_order_gam_mean_deviance",0.0917874632112495,"lower",12752,"proportion","","clinical_fiams","tiger","TIGER","SPLIT08","Clinical FIA-MS","Residual GAM deviance"
"heldout_qc_cv_mean",9.8085671891017,"lower",1594,"percent","","clinical_fiams","serrf","SERRF","SPLIT08","Clinical FIA-MS","Held-out QC CV (%)"
"residual_run_order_gam_mean_deviance",0.10765719308112,"lower",12752,"proportion","","clinical_fiams","serrf","SERRF","SPLIT08","Clinical FIA-MS","Residual GAM deviance"
"heldout_qc_cv_mean",8.19832015944651,"lower",1594,"percent","","clinical_fiams","winn_auto_qc","WiNN auto (QC)","SPLIT08","Clinical FIA-MS","Held-out QC CV (%)"
"residual_run_order_gam_mean_deviance",0.0828937590024592,"lower",12752,"proportion","","clinical_fiams","winn_auto_qc","WiNN auto (QC)","SPLIT08","Clinical FIA-MS","Residual GAM deviance"
"heldout_qc_cv_mean",8.12221574581586,"lower",1594,"percent","","clinical_fiams","winn_auto_batch_qc","WiNN auto-batch (QC)","SPLIT08","Clinical FIA-MS","Held-out QC CV (%)"
"residual_run_order_gam_mean_deviance",0.0752227067601451,"lower",12752,"proportion","","clinical_fiams","winn_auto_batch_qc","WiNN auto-batch (QC)","SPLIT08","Clinical FIA-MS","Residual GAM deviance"
"heldout_qc_cv_mean",9.22580365239786,"lower",1594,"percent","","clinical_fiams","winn_fixed_no_qc","WiNN fixed default (no QC)","SPLIT08","Clinical FIA-MS","Held-out QC CV (%)"
"residual_run_order_gam_mean_deviance",0.0727686471322973,"lower",12752,"proportion","","clinical_fiams","winn_fixed_no_qc","WiNN fixed default (no QC)","SPLIT08","Clinical FIA-MS","Residual GAM deviance"
"heldout_qc_cv_mean",14.018421156613,"lower",1594,"percent","","clinical_fiams","raw","Raw","SPLIT09","Clinical FIA-MS","Held-out QC CV (%)"
"residual_run_order_gam_mean_deviance",0.120300147162855,"lower",12752,"proportion","","clinical_fiams","raw","Raw","SPLIT09","Clinical FIA-MS","Residual GAM deviance"
"heldout_qc_cv_mean",13.0274627730443,"lower",1594,"percent","","clinical_fiams","combat","ComBat","SPLIT09","Clinical FIA-MS","Held-out QC CV (%)"
"residual_run_order_gam_mean_deviance",0.120300025396866,"lower",12752,"proportion","","clinical_fiams","combat","ComBat","SPLIT09","Clinical FIA-MS","Residual GAM deviance"
"heldout_qc_cv_mean",12.8787022979727,"lower",1594,"percent","","clinical_fiams","qc_rlsc","QC-RLSC","SPLIT09","Clinical FIA-MS","Held-out QC CV (%)"
"residual_run_order_gam_mean_deviance",0.129734792843487,"lower",12752,"proportion","","clinical_fiams","qc_rlsc","QC-RLSC","SPLIT09","Clinical FIA-MS","Residual GAM deviance"
"heldout_qc_cv_mean",12.0575605729538,"lower",1594,"percent","","clinical_fiams","qc_rfsc","QC-RFSC","SPLIT09","Clinical FIA-MS","Held-out QC CV (%)"
"residual_run_order_gam_mean_deviance",0.113414510919702,"lower",12752,"proportion","","clinical_fiams","qc_rfsc","QC-RFSC","SPLIT09","Clinical FIA-MS","Residual GAM deviance"
"heldout_qc_cv_mean",8.7237084373429,"lower",1594,"percent","","clinical_fiams","tiger","TIGER","SPLIT09","Clinical FIA-MS","Held-out QC CV (%)"
"residual_run_order_gam_mean_deviance",0.0907749920862476,"lower",12752,"proportion","","clinical_fiams","tiger","TIGER","SPLIT09","Clinical FIA-MS","Residual GAM deviance"
"heldout_qc_cv_mean",10.6083742703527,"lower",1594,"percent","","clinical_fiams","serrf","SERRF","SPLIT09","Clinical FIA-MS","Held-out QC CV (%)"
"residual_run_order_gam_mean_deviance",0.107455479418341,"lower",12752,"proportion","","clinical_fiams","serrf","SERRF","SPLIT09","Clinical FIA-MS","Residual GAM deviance"
"heldout_qc_cv_mean",10.0351398664109,"lower",1594,"percent","","clinical_fiams","winn_auto_qc","WiNN auto (QC)","SPLIT09","Clinical FIA-MS","Held-out QC CV (%)"
"residual_run_order_gam_mean_deviance",0.0829567862121954,"lower",12752,"proportion","","clinical_fiams","winn_auto_qc","WiNN auto (QC)","SPLIT09","Clinical FIA-MS","Residual GAM deviance"
"heldout_qc_cv_mean",10.2334392729714,"lower",1594,"percent","","clinical_fiams","winn_auto_batch_qc","WiNN auto-batch (QC)","SPLIT09","Clinical FIA-MS","Held-out QC CV (%)"
"residual_run_order_gam_mean_deviance",0.074994618267916,"lower",12752,"proportion","","clinical_fiams","winn_auto_batch_qc","WiNN auto-batch (QC)","SPLIT09","Clinical FIA-MS","Residual GAM deviance"
"heldout_qc_cv_mean",11.2113311079714,"lower",1594,"percent","","clinical_fiams","winn_fixed_no_qc","WiNN fixed default (no QC)","SPLIT09","Clinical FIA-MS","Held-out QC CV (%)"
"residual_run_order_gam_mean_deviance",0.0727686471322973,"lower",12752,"proportion","","clinical_fiams","winn_fixed_no_qc","WiNN fixed default (no QC)","SPLIT09","Clinical FIA-MS","Residual GAM deviance"
"heldout_qc_cv_mean",15.202241168653,"lower",1594,"percent","","clinical_fiams","raw","Raw","SPLIT10","Clinical FIA-MS","Held-out QC CV (%)"
"residual_run_order_gam_mean_deviance",0.120300147162855,"lower",12752,"proportion","","clinical_fiams","raw","Raw","SPLIT10","Clinical FIA-MS","Residual GAM deviance"
"heldout_qc_cv_mean",14.3905913677002,"lower",1594,"percent","","clinical_fiams","combat","ComBat","SPLIT10","Clinical FIA-MS","Held-out QC CV (%)"
"residual_run_order_gam_mean_deviance",0.120300025396866,"lower",12752,"proportion","","clinical_fiams","combat","ComBat","SPLIT10","Clinical FIA-MS","Residual GAM deviance"
"heldout_qc_cv_mean",12.9702515201833,"lower",1594,"percent","","clinical_fiams","qc_rlsc","QC-RLSC","SPLIT10","Clinical FIA-MS","Held-out QC CV (%)"
"residual_run_order_gam_mean_deviance",0.137927623512537,"lower",12752,"proportion","","clinical_fiams","qc_rlsc","QC-RLSC","SPLIT10","Clinical FIA-MS","Residual GAM deviance"
"heldout_qc_cv_mean",12.8653323699485,"lower",1594,"percent","","clinical_fiams","qc_rfsc","QC-RFSC","SPLIT10","Clinical FIA-MS","Held-out QC CV (%)"
"residual_run_order_gam_mean_deviance",0.115761421465127,"lower",12752,"proportion","","clinical_fiams","qc_rfsc","QC-RFSC","SPLIT10","Clinical FIA-MS","Residual GAM deviance"
"heldout_qc_cv_mean",9.7786492454228,"lower",1594,"percent","","clinical_fiams","tiger","TIGER","SPLIT10","Clinical FIA-MS","Held-out QC CV (%)"
"residual_run_order_gam_mean_deviance",0.0914730890995553,"lower",12752,"proportion","","clinical_fiams","tiger","TIGER","SPLIT10","Clinical FIA-MS","Residual GAM deviance"
"heldout_qc_cv_mean",11.7233061543936,"lower",1594,"percent","","clinical_fiams","serrf","SERRF","SPLIT10","Clinical FIA-MS","Held-out QC CV (%)"
"residual_run_order_gam_mean_deviance",0.108022599457436,"lower",12752,"proportion","","clinical_fiams","serrf","SERRF","SPLIT10","Clinical FIA-MS","Residual GAM deviance"
"heldout_qc_cv_mean",10.9314370697404,"lower",1594,"percent","","clinical_fiams","winn_auto_qc","WiNN auto (QC)","SPLIT10","Clinical FIA-MS","Held-out QC CV (%)"
"residual_run_order_gam_mean_deviance",0.0829429823166926,"lower",12752,"proportion","","clinical_fiams","winn_auto_qc","WiNN auto (QC)","SPLIT10","Clinical FIA-MS","Residual GAM deviance"
"heldout_qc_cv_mean",10.5454142649401,"lower",1594,"percent","","clinical_fiams","winn_auto_batch_qc","WiNN auto-batch (QC)","SPLIT10","Clinical FIA-MS","Held-out QC CV (%)"
"residual_run_order_gam_mean_deviance",0.0750251827866367,"lower",12752,"proportion","","clinical_fiams","winn_auto_batch_qc","WiNN auto-batch (QC)","SPLIT10","Clinical FIA-MS","Residual GAM deviance"
"heldout_qc_cv_mean",11.9562847439453,"lower",1594,"percent","","clinical_fiams","winn_fixed_no_qc","WiNN fixed default (no QC)","SPLIT10","Clinical FIA-MS","Held-out QC CV (%)"
"residual_run_order_gam_mean_deviance",0.0727686471322973,"lower",12752,"proportion","","clinical_fiams","winn_fixed_no_qc","WiNN fixed default (no QC)","SPLIT10","Clinical FIA-MS","Residual GAM deviance"
"heldout_qc_cv_mean",71.8545947087541,"lower",199,"percent","","batchcorr_set1","raw","Raw","SPLIT01","BatchCorr Set 1","Held-out QC CV (%)"
"residual_run_order_gam_mean_deviance",0.122438628105699,"lower",1990,"proportion","","batchcorr_set1","raw","Raw","SPLIT01","BatchCorr Set 1","Residual GAM deviance"
"heldout_qc_cv_mean",43.0509518688516,"lower",199,"percent","","batchcorr_set1","combat","ComBat","SPLIT01","BatchCorr Set 1","Held-out QC CV (%)"
"residual_run_order_gam_mean_deviance",0.122438727653694,"lower",1990,"proportion","","batchcorr_set1","combat","ComBat","SPLIT01","BatchCorr Set 1","Residual GAM deviance"
"heldout_qc_cv_mean",41.7880170388972,"lower",199,"percent","","batchcorr_set1","qc_rlsc","QC-RLSC","SPLIT01","BatchCorr Set 1","Held-out QC CV (%)"
"residual_run_order_gam_mean_deviance",0.0967444631579754,"lower",1990,"proportion","","batchcorr_set1","qc_rlsc","QC-RLSC","SPLIT01","BatchCorr Set 1","Residual GAM deviance"
"heldout_qc_cv_mean",57.6205059731146,"lower",199,"percent","","batchcorr_set1","qc_rfsc","QC-RFSC","SPLIT01","BatchCorr Set 1","Held-out QC CV (%)"
"residual_run_order_gam_mean_deviance",0.117101080955784,"lower",1990,"proportion","","batchcorr_set1","qc_rfsc","QC-RFSC","SPLIT01","BatchCorr Set 1","Residual GAM deviance"
"heldout_qc_cv_mean",44.4414909849769,"lower",199,"percent","","batchcorr_set1","tiger","TIGER","SPLIT01","BatchCorr Set 1","Held-out QC CV (%)"
"residual_run_order_gam_mean_deviance",0.0911142448443632,"lower",1990,"proportion","","batchcorr_set1","tiger","TIGER","SPLIT01","BatchCorr Set 1","Residual GAM deviance"
"heldout_qc_cv_mean",47.9008511556349,"lower",199,"percent","","batchcorr_set1","serrf","SERRF","SPLIT01","BatchCorr Set 1","Held-out QC CV (%)"
"residual_run_order_gam_mean_deviance",0.122438628681523,"lower",1990,"proportion","","batchcorr_set1","serrf","SERRF","SPLIT01","BatchCorr Set 1","Residual GAM deviance"
"heldout_qc_cv_mean",31.6533983146267,"lower",199,"percent","","batchcorr_set1","winn_auto_qc","WiNN auto (QC)","SPLIT01","BatchCorr Set 1","Held-out QC CV (%)"
"residual_run_order_gam_mean_deviance",0.0464045925849938,"lower",1990,"proportion","","batchcorr_set1","winn_auto_qc","WiNN auto (QC)","SPLIT01","BatchCorr Set 1","Residual GAM deviance"
"heldout_qc_cv_mean",34.1965784887349,"lower",199,"percent","","batchcorr_set1","winn_auto_batch_qc","WiNN auto-batch (QC)","SPLIT01","BatchCorr Set 1","Held-out QC CV (%)"
"residual_run_order_gam_mean_deviance",0.0463473880084994,"lower",1990,"proportion","","batchcorr_set1","winn_auto_batch_qc","WiNN auto-batch (QC)","SPLIT01","BatchCorr Set 1","Residual GAM deviance"
"heldout_qc_cv_mean",33.3251606047264,"lower",199,"percent","","batchcorr_set1","winn_fixed_no_qc","WiNN fixed default (no QC)","SPLIT01","BatchCorr Set 1","Held-out QC CV (%)"
"residual_run_order_gam_mean_deviance",0.043772965202549,"lower",1990,"proportion","","batchcorr_set1","winn_fixed_no_qc","WiNN fixed default (no QC)","SPLIT01","BatchCorr Set 1","Residual GAM deviance"
"heldout_qc_cv_mean",66.3757444454754,"lower",199,"percent","","batchcorr_set1","raw","Raw","SPLIT02","BatchCorr Set 1","Held-out QC CV (%)"
"residual_run_order_gam_mean_deviance",0.122438628105699,"lower",1990,"proportion","","batchcorr_set1","raw","Raw","SPLIT02","BatchCorr Set 1","Residual GAM deviance"
"heldout_qc_cv_mean",29.6826535304583,"lower",199,"percent","","batchcorr_set1","combat","ComBat","SPLIT02","BatchCorr Set 1","Held-out QC CV (%)"
"residual_run_order_gam_mean_deviance",0.122438679094458,"lower",1990,"proportion","","batchcorr_set1","combat","ComBat","SPLIT02","BatchCorr Set 1","Residual GAM deviance"
"heldout_qc_cv_mean",33.4948905654762,"lower",199,"percent","","batchcorr_set1","qc_rlsc","QC-RLSC","SPLIT02","BatchCorr Set 1","Held-out QC CV (%)"
"residual_run_order_gam_mean_deviance",0.0941089567541234,"lower",1990,"proportion","","batchcorr_set1","qc_rlsc","QC-RLSC","SPLIT02","BatchCorr Set 1","Residual GAM deviance"
"heldout_qc_cv_mean",53.9174906373932,"lower",199,"percent","","batchcorr_set1","qc_rfsc","QC-RFSC","SPLIT02","BatchCorr Set 1","Held-out QC CV (%)"
"residual_run_order_gam_mean_deviance",0.120094321359153,"lower",1990,"proportion","","batchcorr_set1","qc_rfsc","QC-RFSC","SPLIT02","BatchCorr Set 1","Residual GAM deviance"
"heldout_qc_cv_mean",24.4968107230599,"lower",199,"percent","","batchcorr_set1","tiger","TIGER","SPLIT02","BatchCorr Set 1","Held-out QC CV (%)"
"residual_run_order_gam_mean_deviance",0.082610253005868,"lower",1990,"proportion","","batchcorr_set1","tiger","TIGER","SPLIT02","BatchCorr Set 1","Residual GAM deviance"
"heldout_qc_cv_mean",29.5822078493796,"lower",199,"percent","","batchcorr_set1","serrf","SERRF","SPLIT02","BatchCorr Set 1","Held-out QC CV (%)"
"residual_run_order_gam_mean_deviance",0.122438628681523,"lower",1990,"proportion","","batchcorr_set1","serrf","SERRF","SPLIT02","BatchCorr Set 1","Residual GAM deviance"
"heldout_qc_cv_mean",23.4708592751694,"lower",199,"percent","","batchcorr_set1","winn_auto_qc","WiNN auto (QC)","SPLIT02","BatchCorr Set 1","Held-out QC CV (%)"
"residual_run_order_gam_mean_deviance",0.0464173391227119,"lower",1990,"proportion","","batchcorr_set1","winn_auto_qc","WiNN auto (QC)","SPLIT02","BatchCorr Set 1","Residual GAM deviance"
"heldout_qc_cv_mean",24.2755076724335,"lower",199,"percent","","batchcorr_set1","winn_auto_batch_qc","WiNN auto-batch (QC)","SPLIT02","BatchCorr Set 1","Held-out QC CV (%)"
"residual_run_order_gam_mean_deviance",0.0465232530262287,"lower",1990,"proportion","","batchcorr_set1","winn_auto_batch_qc","WiNN auto-batch (QC)","SPLIT02","BatchCorr Set 1","Residual GAM deviance"
"heldout_qc_cv_mean",26.0506732201358,"lower",199,"percent","","batchcorr_set1","winn_fixed_no_qc","WiNN fixed default (no QC)","SPLIT02","BatchCorr Set 1","Held-out QC CV (%)"
"residual_run_order_gam_mean_deviance",0.043772965202549,"lower",1990,"proportion","","batchcorr_set1","winn_fixed_no_qc","WiNN fixed default (no QC)","SPLIT02","BatchCorr Set 1","Residual GAM deviance"
"heldout_qc_cv_mean",65.0212017021549,"lower",199,"percent","","batchcorr_set1","raw","Raw","SPLIT03","BatchCorr Set 1","Held-out QC CV (%)"
"residual_run_order_gam_mean_deviance",0.122438628105699,"lower",1990,"proportion","","batchcorr_set1","raw","Raw","SPLIT03","BatchCorr Set 1","Residual GAM deviance"
"heldout_qc_cv_mean",43.9847166994292,"lower",199,"percent","","batchcorr_set1","combat","ComBat","SPLIT03","BatchCorr Set 1","Held-out QC CV (%)"
"residual_run_order_gam_mean_deviance",0.122438679094458,"lower",1990,"proportion","","batchcorr_set1","combat","ComBat","SPLIT03","BatchCorr Set 1","Residual GAM deviance"
"heldout_qc_cv_mean",43.489455326466,"lower",199,"percent","","batchcorr_set1","qc_rlsc","QC-RLSC","SPLIT03","BatchCorr Set 1","Held-out QC CV (%)"
"residual_run_order_gam_mean_deviance",0.098130526399266,"lower",1990,"proportion","","batchcorr_set1","qc_rlsc","QC-RLSC","SPLIT03","BatchCorr Set 1","Residual GAM deviance"
"heldout_qc_cv_mean",60.2237535609916,"lower",199,"percent","","batchcorr_set1","qc_rfsc","QC-RFSC","SPLIT03","BatchCorr Set 1","Held-out QC CV (%)"
"residual_run_order_gam_mean_deviance",0.118315916999434,"lower",1990,"proportion","","batchcorr_set1","qc_rfsc","QC-RFSC","SPLIT03","BatchCorr Set 1","Residual GAM deviance"
"heldout_qc_cv_mean",47.02342486234,"lower",199,"percent","","batchcorr_set1","tiger","TIGER","SPLIT03","BatchCorr Set 1","Held-out QC CV (%)"
"residual_run_order_gam_mean_deviance",0.0925845653611789,"lower",1990,"proportion","","batchcorr_set1","tiger","TIGER","SPLIT03","BatchCorr Set 1","Residual GAM deviance"
"heldout_qc_cv_mean",49.5610555810315,"lower",199,"percent","","batchcorr_set1","serrf","SERRF","SPLIT03","BatchCorr Set 1","Held-out QC CV (%)"
"residual_run_order_gam_mean_deviance",0.122438628681523,"lower",1990,"proportion","","batchcorr_set1","serrf","SERRF","SPLIT03","BatchCorr Set 1","Residual GAM deviance"
"heldout_qc_cv_mean",30.9666144963743,"lower",199,"percent","","batchcorr_set1","winn_auto_qc","WiNN auto (QC)","SPLIT03","BatchCorr Set 1","Held-out QC CV (%)"
"residual_run_order_gam_mean_deviance",0.0464152924974295,"lower",1990,"proportion","","batchcorr_set1","winn_auto_qc","WiNN auto (QC)","SPLIT03","BatchCorr Set 1","Residual GAM deviance"
"heldout_qc_cv_mean",30.9062297214486,"lower",199,"percent","","batchcorr_set1","winn_auto_batch_qc","WiNN auto-batch (QC)","SPLIT03","BatchCorr Set 1","Held-out QC CV (%)"
"residual_run_order_gam_mean_deviance",0.0464672549883681,"lower",1990,"proportion","","batchcorr_set1","winn_auto_batch_qc","WiNN auto-batch (QC)","SPLIT03","BatchCorr Set 1","Residual GAM deviance"
"heldout_qc_cv_mean",33.8370303319487,"lower",199,"percent","","batchcorr_set1","winn_fixed_no_qc","WiNN fixed default (no QC)","SPLIT03","BatchCorr Set 1","Held-out QC CV (%)"
"residual_run_order_gam_mean_deviance",0.043772965202549,"lower",1990,"proportion","","batchcorr_set1","winn_fixed_no_qc","WiNN fixed default (no QC)","SPLIT03","BatchCorr Set 1","Residual GAM deviance"
"heldout_qc_cv_mean",68.631876727035,"lower",199,"percent","","batchcorr_set1","raw","Raw","SPLIT04","BatchCorr Set 1","Held-out QC CV (%)"
"residual_run_order_gam_mean_deviance",0.122438628105699,"lower",1990,"proportion","","batchcorr_set1","raw","Raw","SPLIT04","BatchCorr Set 1","Residual GAM deviance"
"heldout_qc_cv_mean",37.5241778189325,"lower",199,"percent","","batchcorr_set1","combat","ComBat","SPLIT04","BatchCorr Set 1","Held-out QC CV (%)"
"residual_run_order_gam_mean_deviance",0.122438727653694,"lower",1990,"proportion","","batchcorr_set1","combat","ComBat","SPLIT04","BatchCorr Set 1","Residual GAM deviance"
"heldout_qc_cv_mean",39.3039343889408,"lower",199,"percent","","batchcorr_set1","qc_rlsc","QC-RLSC","SPLIT04","BatchCorr Set 1","Held-out QC CV (%)"
"residual_run_order_gam_mean_deviance",0.103625850455616,"lower",1990,"proportion","","batchcorr_set1","qc_rlsc","QC-RLSC","SPLIT04","BatchCorr Set 1","Residual GAM deviance"
"heldout_qc_cv_mean",60.694288465752,"lower",199,"percent","","batchcorr_set1","qc_rfsc","QC-RFSC","SPLIT04","BatchCorr Set 1","Held-out QC CV (%)"
"residual_run_order_gam_mean_deviance",0.12653331947487,"lower",1990,"proportion","","batchcorr_set1","qc_rfsc","QC-RFSC","SPLIT04","BatchCorr Set 1","Residual GAM deviance"
"heldout_qc_cv_mean",41.7881091290249,"lower",199,"percent","","batchcorr_set1","tiger","TIGER","SPLIT04","BatchCorr Set 1","Held-out QC CV (%)"
"residual_run_order_gam_mean_deviance",0.0915843296498509,"lower",1990,"proportion","","batchcorr_set1","tiger","TIGER","SPLIT04","BatchCorr Set 1","Residual GAM deviance"
"heldout_qc_cv_mean",42.0150526853123,"lower",199,"percent","","batchcorr_set1","serrf","SERRF","SPLIT04","BatchCorr Set 1","Held-out QC CV (%)"
"residual_run_order_gam_mean_deviance",0.122438628681523,"lower",1990,"proportion","","batchcorr_set1","serrf","SERRF","SPLIT04","BatchCorr Set 1","Residual GAM deviance"
"heldout_qc_cv_mean",24.782893491004,"lower",199,"percent","","batchcorr_set1","winn_auto_qc","WiNN auto (QC)","SPLIT04","BatchCorr Set 1","Held-out QC CV (%)"
"residual_run_order_gam_mean_deviance",0.0464739223695216,"lower",1990,"proportion","","batchcorr_set1","winn_auto_qc","WiNN auto (QC)","SPLIT04","BatchCorr Set 1","Residual GAM deviance"
"heldout_qc_cv_mean",25.1637611704863,"lower",199,"percent","","batchcorr_set1","winn_auto_batch_qc","WiNN auto-batch (QC)","SPLIT04","BatchCorr Set 1","Held-out QC CV (%)"
"residual_run_order_gam_mean_deviance",0.0465046841245564,"lower",1990,"proportion","","batchcorr_set1","winn_auto_batch_qc","WiNN auto-batch (QC)","SPLIT04","BatchCorr Set 1","Residual GAM deviance"
"heldout_qc_cv_mean",27.6670414450314,"lower",199,"percent","","batchcorr_set1","winn_fixed_no_qc","WiNN fixed default (no QC)","SPLIT04","BatchCorr Set 1","Held-out QC CV (%)"
"residual_run_order_gam_mean_deviance",0.043772965202549,"lower",1990,"proportion","","batchcorr_set1","winn_fixed_no_qc","WiNN fixed default (no QC)","SPLIT04","BatchCorr Set 1","Residual GAM deviance"
"heldout_qc_cv_mean",66.4030375448346,"lower",199,"percent","","batchcorr_set1","raw","Raw","SPLIT05","BatchCorr Set 1","Held-out QC CV (%)"
"residual_run_order_gam_mean_deviance",0.122438628105699,"lower",1990,"proportion","","batchcorr_set1","raw","Raw","SPLIT05","BatchCorr Set 1","Residual GAM deviance"
"heldout_qc_cv_mean",41.4750747565919,"lower",199,"percent","","batchcorr_set1","combat","ComBat","SPLIT05","BatchCorr Set 1","Held-out QC CV (%)"
"residual_run_order_gam_mean_deviance",0.122438679094458,"lower",1990,"proportion","","batchcorr_set1","combat","ComBat","SPLIT05","BatchCorr Set 1","Residual GAM deviance"
"heldout_qc_cv_mean",40.9388485502557,"lower",199,"percent","","batchcorr_set1","qc_rlsc","QC-RLSC","SPLIT05","BatchCorr Set 1","Held-out QC CV (%)"
"residual_run_order_gam_mean_deviance",0.0999643584113194,"lower",1990,"proportion","","batchcorr_set1","qc_rlsc","QC-RLSC","SPLIT05","BatchCorr Set 1","Residual GAM deviance"
"heldout_qc_cv_mean",57.7797042552907,"lower",199,"percent","","batchcorr_set1","qc_rfsc","QC-RFSC","SPLIT05","BatchCorr Set 1","Held-out QC CV (%)"
"residual_run_order_gam_mean_deviance",0.122520159803038,"lower",1990,"proportion","","batchcorr_set1","qc_rfsc","QC-RFSC","SPLIT05","BatchCorr Set 1","Residual GAM deviance"
"heldout_qc_cv_mean",46.0132375679147,"lower",199,"percent","","batchcorr_set1","tiger","TIGER","SPLIT05","BatchCorr Set 1","Held-out QC CV (%)"
"residual_run_order_gam_mean_deviance",0.0906729410779984,"lower",1990,"proportion","","batchcorr_set1","tiger","TIGER","SPLIT05","BatchCorr Set 1","Residual GAM deviance"
"heldout_qc_cv_mean",46.1341580346642,"lower",199,"percent","","batchcorr_set1","serrf","SERRF","SPLIT05","BatchCorr Set 1","Held-out QC CV (%)"
"residual_run_order_gam_mean_deviance",0.122438628681523,"lower",1990,"proportion","","batchcorr_set1","serrf","SERRF","SPLIT05","BatchCorr Set 1","Residual GAM deviance"
"heldout_qc_cv_mean",29.3859772031398,"lower",199,"percent","","batchcorr_set1","winn_auto_qc","WiNN auto (QC)","SPLIT05","BatchCorr Set 1","Held-out QC CV (%)"
"residual_run_order_gam_mean_deviance",0.0464075219237513,"lower",1990,"proportion","","batchcorr_set1","winn_auto_qc","WiNN auto (QC)","SPLIT05","BatchCorr Set 1","Residual GAM deviance"
"heldout_qc_cv_mean",29.5896471243293,"lower",199,"percent","","batchcorr_set1","winn_auto_batch_qc","WiNN auto-batch (QC)","SPLIT05","BatchCorr Set 1","Held-out QC CV (%)"
"residual_run_order_gam_mean_deviance",0.0463348907114456,"lower",1990,"proportion","","batchcorr_set1","winn_auto_batch_qc","WiNN auto-batch (QC)","SPLIT05","BatchCorr Set 1","Residual GAM deviance"
"heldout_qc_cv_mean",32.0801893173233,"lower",199,"percent","","batchcorr_set1","winn_fixed_no_qc","WiNN fixed default (no QC)","SPLIT05","BatchCorr Set 1","Held-out QC CV (%)"
"residual_run_order_gam_mean_deviance",0.043772965202549,"lower",1990,"proportion","","batchcorr_set1","winn_fixed_no_qc","WiNN fixed default (no QC)","SPLIT05","BatchCorr Set 1","Residual GAM deviance"
"heldout_qc_cv_mean",67.8402260601066,"lower",199,"percent","","batchcorr_set1","raw","Raw","SPLIT06","BatchCorr Set 1","Held-out QC CV (%)"
"residual_run_order_gam_mean_deviance",0.122438628105699,"lower",1990,"proportion","","batchcorr_set1","raw","Raw","SPLIT06","BatchCorr Set 1","Residual GAM deviance"
"heldout_qc_cv_mean",35.9916496364465,"lower",199,"percent","","batchcorr_set1","combat","ComBat","SPLIT06","BatchCorr Set 1","Held-out QC CV (%)"
"residual_run_order_gam_mean_deviance",0.122438727653694,"lower",1990,"proportion","","batchcorr_set1","combat","ComBat","SPLIT06","BatchCorr Set 1","Residual GAM deviance"
"heldout_qc_cv_mean",34.2804758522518,"lower",199,"percent","","batchcorr_set1","qc_rlsc","QC-RLSC","SPLIT06","BatchCorr Set 1","Held-out QC CV (%)"
"residual_run_order_gam_mean_deviance",0.090268101436296,"lower",1990,"proportion","","batchcorr_set1","qc_rlsc","QC-RLSC","SPLIT06","BatchCorr Set 1","Residual GAM deviance"
"heldout_qc_cv_mean",47.1686024453589,"lower",199,"percent","","batchcorr_set1","qc_rfsc","QC-RFSC","SPLIT06","BatchCorr Set 1","Held-out QC CV (%)"
"residual_run_order_gam_mean_deviance",0.118363568347186,"lower",1990,"proportion","","batchcorr_set1","qc_rfsc","QC-RFSC","SPLIT06","BatchCorr Set 1","Residual GAM deviance"
"heldout_qc_cv_mean",29.4208521119432,"lower",199,"percent","","batchcorr_set1","tiger","TIGER","SPLIT06","BatchCorr Set 1","Held-out QC CV (%)"
"residual_run_order_gam_mean_deviance",0.0831108787605945,"lower",1990,"proportion","","batchcorr_set1","tiger","TIGER","SPLIT06","BatchCorr Set 1","Residual GAM deviance"
"heldout_qc_cv_mean",35.5303981360944,"lower",199,"percent","","batchcorr_set1","serrf","SERRF","SPLIT06","BatchCorr Set 1","Held-out QC CV (%)"
"residual_run_order_gam_mean_deviance",0.122438628681523,"lower",1990,"proportion","","batchcorr_set1","serrf","SERRF","SPLIT06","BatchCorr Set 1","Residual GAM deviance"
"heldout_qc_cv_mean",30.7399828035854,"lower",199,"percent","","batchcorr_set1","winn_auto_qc","WiNN auto (QC)","SPLIT06","BatchCorr Set 1","Held-out QC CV (%)"
"residual_run_order_gam_mean_deviance",0.0466297092829419,"lower",1990,"proportion","","batchcorr_set1","winn_auto_qc","WiNN auto (QC)","SPLIT06","BatchCorr Set 1","Residual GAM deviance"
"heldout_qc_cv_mean",34.0056862986946,"lower",199,"percent","","batchcorr_set1","winn_auto_batch_qc","WiNN auto-batch (QC)","SPLIT06","BatchCorr Set 1","Held-out QC CV (%)"
"residual_run_order_gam_mean_deviance",0.0464122580336175,"lower",1990,"proportion","","batchcorr_set1","winn_auto_batch_qc","WiNN auto-batch (QC)","SPLIT06","BatchCorr Set 1","Residual GAM deviance"
"heldout_qc_cv_mean",31.0387959850517,"lower",199,"percent","","batchcorr_set1","winn_fixed_no_qc","WiNN fixed default (no QC)","SPLIT06","BatchCorr Set 1","Held-out QC CV (%)"
"residual_run_order_gam_mean_deviance",0.043772965202549,"lower",1990,"proportion","","batchcorr_set1","winn_fixed_no_qc","WiNN fixed default (no QC)","SPLIT06","BatchCorr Set 1","Residual GAM deviance"
"heldout_qc_cv_mean",71.4636599030414,"lower",199,"percent","","batchcorr_set1","raw","Raw","SPLIT07","BatchCorr Set 1","Held-out QC CV (%)"
"residual_run_order_gam_mean_deviance",0.122438628105699,"lower",1990,"proportion","","batchcorr_set1","raw","Raw","SPLIT07","BatchCorr Set 1","Residual GAM deviance"
"heldout_qc_cv_mean",50.1834000158205,"lower",199,"percent","","batchcorr_set1","combat","ComBat","SPLIT07","BatchCorr Set 1","Held-out QC CV (%)"
"residual_run_order_gam_mean_deviance",0.122438679094458,"lower",1990,"proportion","","batchcorr_set1","combat","ComBat","SPLIT07","BatchCorr Set 1","Residual GAM deviance"
"heldout_qc_cv_mean",49.3235586032174,"lower",199,"percent","","batchcorr_set1","qc_rlsc","QC-RLSC","SPLIT07","BatchCorr Set 1","Held-out QC CV (%)"
"residual_run_order_gam_mean_deviance",0.0969598351588841,"lower",1990,"proportion","","batchcorr_set1","qc_rlsc","QC-RLSC","SPLIT07","BatchCorr Set 1","Residual GAM deviance"
"heldout_qc_cv_mean",62.5210274435229,"lower",199,"percent","","batchcorr_set1","qc_rfsc","QC-RFSC","SPLIT07","BatchCorr Set 1","Held-out QC CV (%)"
"residual_run_order_gam_mean_deviance",0.116994674574121,"lower",1990,"proportion","","batchcorr_set1","qc_rfsc","QC-RFSC","SPLIT07","BatchCorr Set 1","Residual GAM deviance"
"heldout_qc_cv_mean",53.3797222757081,"lower",199,"percent","","batchcorr_set1","tiger","TIGER","SPLIT07","BatchCorr Set 1","Held-out QC CV (%)"
"residual_run_order_gam_mean_deviance",0.0927579877953109,"lower",1990,"proportion","","batchcorr_set1","tiger","TIGER","SPLIT07","BatchCorr Set 1","Residual GAM deviance"
"heldout_qc_cv_mean",55.4350928442513,"lower",199,"percent","","batchcorr_set1","serrf","SERRF","SPLIT07","BatchCorr Set 1","Held-out QC CV (%)"
"residual_run_order_gam_mean_deviance",0.122438628681523,"lower",1990,"proportion","","batchcorr_set1","serrf","SERRF","SPLIT07","BatchCorr Set 1","Residual GAM deviance"
"heldout_qc_cv_mean",36.52244387879,"lower",199,"percent","","batchcorr_set1","winn_auto_qc","WiNN auto (QC)","SPLIT07","BatchCorr Set 1","Held-out QC CV (%)"
"residual_run_order_gam_mean_deviance",0.046300921468652,"lower",1990,"proportion","","batchcorr_set1","winn_auto_qc","WiNN auto (QC)","SPLIT07","BatchCorr Set 1","Residual GAM deviance"
"heldout_qc_cv_mean",36.7858018243471,"lower",199,"percent","","batchcorr_set1","winn_auto_batch_qc","WiNN auto-batch (QC)","SPLIT07","BatchCorr Set 1","Held-out QC CV (%)"
"residual_run_order_gam_mean_deviance",0.0463377454741083,"lower",1990,"proportion","","batchcorr_set1","winn_auto_batch_qc","WiNN auto-batch (QC)","SPLIT07","BatchCorr Set 1","Residual GAM deviance"
"heldout_qc_cv_mean",39.4650537591323,"lower",199,"percent","","batchcorr_set1","winn_fixed_no_qc","WiNN fixed default (no QC)","SPLIT07","BatchCorr Set 1","Held-out QC CV (%)"
"residual_run_order_gam_mean_deviance",0.043772965202549,"lower",1990,"proportion","","batchcorr_set1","winn_fixed_no_qc","WiNN fixed default (no QC)","SPLIT07","BatchCorr Set 1","Residual GAM deviance"
"heldout_qc_cv_mean",62.4297317186145,"lower",199,"percent","","batchcorr_set1","raw","Raw","SPLIT08","BatchCorr Set 1","Held-out QC CV (%)"
"residual_run_order_gam_mean_deviance",0.122438628105699,"lower",1990,"proportion","","batchcorr_set1","raw","Raw","SPLIT08","BatchCorr Set 1","Residual GAM deviance"
"heldout_qc_cv_mean",29.9982595501364,"lower",199,"percent","","batchcorr_set1","combat","ComBat","SPLIT08","BatchCorr Set 1","Held-out QC CV (%)"
"residual_run_order_gam_mean_deviance",0.122438727653694,"lower",1990,"proportion","","batchcorr_set1","combat","ComBat","SPLIT08","BatchCorr Set 1","Residual GAM deviance"
"heldout_qc_cv_mean",28.9838773681281,"lower",199,"percent","","batchcorr_set1","qc_rlsc","QC-RLSC","SPLIT08","BatchCorr Set 1","Held-out QC CV (%)"
"residual_run_order_gam_mean_deviance",0.0857098169867236,"lower",1990,"proportion","","batchcorr_set1","qc_rlsc","QC-RLSC","SPLIT08","BatchCorr Set 1","Residual GAM deviance"
"heldout_qc_cv_mean",49.6394876500746,"lower",199,"percent","","batchcorr_set1","qc_rfsc","QC-RFSC","SPLIT08","BatchCorr Set 1","Held-out QC CV (%)"
"residual_run_order_gam_mean_deviance",0.117491483031976,"lower",1990,"proportion","","batchcorr_set1","qc_rfsc","QC-RFSC","SPLIT08","BatchCorr Set 1","Residual GAM deviance"
"heldout_qc_cv_mean",21.9023788351058,"lower",199,"percent","","batchcorr_set1","tiger","TIGER","SPLIT08","BatchCorr Set 1","Held-out QC CV (%)"
"residual_run_order_gam_mean_deviance",0.081718403385181,"lower",1990,"proportion","","batchcorr_set1","tiger","TIGER","SPLIT08","BatchCorr Set 1","Residual GAM deviance"
"heldout_qc_cv_mean",29.7509169035163,"lower",199,"percent","","batchcorr_set1","serrf","SERRF","SPLIT08","BatchCorr Set 1","Held-out QC CV (%)"
"residual_run_order_gam_mean_deviance",0.122438628681523,"lower",1990,"proportion","","batchcorr_set1","serrf","SERRF","SPLIT08","BatchCorr Set 1","Residual GAM deviance"
"heldout_qc_cv_mean",23.6740402510958,"lower",199,"percent","","batchcorr_set1","winn_auto_qc","WiNN auto (QC)","SPLIT08","BatchCorr Set 1","Held-out QC CV (%)"
"residual_run_order_gam_mean_deviance",0.0465366093775444,"lower",1990,"proportion","","batchcorr_set1","winn_auto_qc","WiNN auto (QC)","SPLIT08","BatchCorr Set 1","Residual GAM deviance"
"heldout_qc_cv_mean",27.4984834973481,"lower",199,"percent","","batchcorr_set1","winn_auto_batch_qc","WiNN auto-batch (QC)","SPLIT08","BatchCorr Set 1","Held-out QC CV (%)"
"residual_run_order_gam_mean_deviance",0.046472238004324,"lower",1990,"proportion","","batchcorr_set1","winn_auto_batch_qc","WiNN auto-batch (QC)","SPLIT08","BatchCorr Set 1","Residual GAM deviance"
"heldout_qc_cv_mean",25.9982148190841,"lower",199,"percent","","batchcorr_set1","winn_fixed_no_qc","WiNN fixed default (no QC)","SPLIT08","BatchCorr Set 1","Held-out QC CV (%)"
"residual_run_order_gam_mean_deviance",0.043772965202549,"lower",1990,"proportion","","batchcorr_set1","winn_fixed_no_qc","WiNN fixed default (no QC)","SPLIT08","BatchCorr Set 1","Residual GAM deviance"
"heldout_qc_cv_mean",73.0038489604142,"lower",199,"percent","","batchcorr_set1","raw","Raw","SPLIT09","BatchCorr Set 1","Held-out QC CV (%)"
"residual_run_order_gam_mean_deviance",0.122438628105699,"lower",1990,"proportion","","batchcorr_set1","raw","Raw","SPLIT09","BatchCorr Set 1","Residual GAM deviance"
"heldout_qc_cv_mean",44.1555341477645,"lower",199,"percent","","batchcorr_set1","combat","ComBat","SPLIT09","BatchCorr Set 1","Held-out QC CV (%)"
"residual_run_order_gam_mean_deviance",0.122438727653694,"lower",1990,"proportion","","batchcorr_set1","combat","ComBat","SPLIT09","BatchCorr Set 1","Residual GAM deviance"
"heldout_qc_cv_mean",42.756385970683,"lower",199,"percent","","batchcorr_set1","qc_rlsc","QC-RLSC","SPLIT09","BatchCorr Set 1","Held-out QC CV (%)"
"residual_run_order_gam_mean_deviance",0.0942148401885749,"lower",1990,"proportion","","batchcorr_set1","qc_rlsc","QC-RLSC","SPLIT09","BatchCorr Set 1","Residual GAM deviance"
"heldout_qc_cv_mean",59.5892683187493,"lower",199,"percent","","batchcorr_set1","qc_rfsc","QC-RFSC","SPLIT09","BatchCorr Set 1","Held-out QC CV (%)"
"residual_run_order_gam_mean_deviance",0.117503538639072,"lower",1990,"proportion","","batchcorr_set1","qc_rfsc","QC-RFSC","SPLIT09","BatchCorr Set 1","Residual GAM deviance"
"heldout_qc_cv_mean",45.8683158407968,"lower",199,"percent","","batchcorr_set1","tiger","TIGER","SPLIT09","BatchCorr Set 1","Held-out QC CV (%)"
"residual_run_order_gam_mean_deviance",0.091807540400221,"lower",1990,"proportion","","batchcorr_set1","tiger","TIGER","SPLIT09","BatchCorr Set 1","Residual GAM deviance"
"heldout_qc_cv_mean",49.0748659436653,"lower",199,"percent","","batchcorr_set1","serrf","SERRF","SPLIT09","BatchCorr Set 1","Held-out QC CV (%)"
"residual_run_order_gam_mean_deviance",0.122438628681523,"lower",1990,"proportion","","batchcorr_set1","serrf","SERRF","SPLIT09","BatchCorr Set 1","Residual GAM deviance"
"heldout_qc_cv_mean",32.2341015137208,"lower",199,"percent","","batchcorr_set1","winn_auto_qc","WiNN auto (QC)","SPLIT09","BatchCorr Set 1","Held-out QC CV (%)"
"residual_run_order_gam_mean_deviance",0.0464782752997095,"lower",1990,"proportion","","batchcorr_set1","winn_auto_qc","WiNN auto (QC)","SPLIT09","BatchCorr Set 1","Residual GAM deviance"
"heldout_qc_cv_mean",35.0704211411783,"lower",199,"percent","","batchcorr_set1","winn_auto_batch_qc","WiNN auto-batch (QC)","SPLIT09","BatchCorr Set 1","Held-out QC CV (%)"
"residual_run_order_gam_mean_deviance",0.0464976465637088,"lower",1990,"proportion","","batchcorr_set1","winn_auto_batch_qc","WiNN auto-batch (QC)","SPLIT09","BatchCorr Set 1","Residual GAM deviance"
"heldout_qc_cv_mean",33.9059385292906,"lower",199,"percent","","batchcorr_set1","winn_fixed_no_qc","WiNN fixed default (no QC)","SPLIT09","BatchCorr Set 1","Held-out QC CV (%)"
"residual_run_order_gam_mean_deviance",0.043772965202549,"lower",1990,"proportion","","batchcorr_set1","winn_fixed_no_qc","WiNN fixed default (no QC)","SPLIT09","BatchCorr Set 1","Residual GAM deviance"
"heldout_qc_cv_mean",66.0206573477335,"lower",199,"percent","","batchcorr_set1","raw","Raw","SPLIT10","BatchCorr Set 1","Held-out QC CV (%)"
"residual_run_order_gam_mean_deviance",0.122438628105699,"lower",1990,"proportion","","batchcorr_set1","raw","Raw","SPLIT10","BatchCorr Set 1","Residual GAM deviance"
"heldout_qc_cv_mean",44.3071262396493,"lower",199,"percent","","batchcorr_set1","combat","ComBat","SPLIT10","BatchCorr Set 1","Held-out QC CV (%)"
"residual_run_order_gam_mean_deviance",0.122438727653694,"lower",1990,"proportion","","batchcorr_set1","combat","ComBat","SPLIT10","BatchCorr Set 1","Residual GAM deviance"
"heldout_qc_cv_mean",39.4126455952125,"lower",199,"percent","","batchcorr_set1","qc_rlsc","QC-RLSC","SPLIT10","BatchCorr Set 1","Held-out QC CV (%)"
"residual_run_order_gam_mean_deviance",0.08712018141803,"lower",1990,"proportion","","batchcorr_set1","qc_rlsc","QC-RLSC","SPLIT10","BatchCorr Set 1","Residual GAM deviance"
"heldout_qc_cv_mean",47.2766791417918,"lower",199,"percent","","batchcorr_set1","qc_rfsc","QC-RFSC","SPLIT10","BatchCorr Set 1","Held-out QC CV (%)"
"residual_run_order_gam_mean_deviance",0.103271738825628,"lower",1990,"proportion","","batchcorr_set1","qc_rfsc","QC-RFSC","SPLIT10","BatchCorr Set 1","Residual GAM deviance"
"heldout_qc_cv_mean",36.8096053043785,"lower",199,"percent","","batchcorr_set1","tiger","TIGER","SPLIT10","BatchCorr Set 1","Held-out QC CV (%)"
"residual_run_order_gam_mean_deviance",0.0826642055158003,"lower",1990,"proportion","","batchcorr_set1","tiger","TIGER","SPLIT10","BatchCorr Set 1","Residual GAM deviance"
"heldout_qc_cv_mean",46.2421541072846,"lower",199,"percent","","batchcorr_set1","serrf","SERRF","SPLIT10","BatchCorr Set 1","Held-out QC CV (%)"
"residual_run_order_gam_mean_deviance",0.122438628681523,"lower",1990,"proportion","","batchcorr_set1","serrf","SERRF","SPLIT10","BatchCorr Set 1","Residual GAM deviance"
"heldout_qc_cv_mean",35.2271989913348,"lower",199,"percent","","batchcorr_set1","winn_auto_qc","WiNN auto (QC)","SPLIT10","BatchCorr Set 1","Held-out QC CV (%)"
"residual_run_order_gam_mean_deviance",0.0428501378357964,"lower",1990,"proportion","","batchcorr_set1","winn_auto_qc","WiNN auto (QC)","SPLIT10","BatchCorr Set 1","Residual GAM deviance"
"heldout_qc_cv_mean",37.1913699788611,"lower",199,"percent","","batchcorr_set1","winn_auto_batch_qc","WiNN auto-batch (QC)","SPLIT10","BatchCorr Set 1","Held-out QC CV (%)"
"residual_run_order_gam_mean_deviance",0.0464027905770538,"lower",1990,"proportion","","batchcorr_set1","winn_auto_batch_qc","WiNN auto-batch (QC)","SPLIT10","BatchCorr Set 1","Residual GAM deviance"
"heldout_qc_cv_mean",36.8866837426072,"lower",199,"percent","","batchcorr_set1","winn_fixed_no_qc","WiNN fixed default (no QC)","SPLIT10","BatchCorr Set 1","Held-out QC CV (%)"
"residual_run_order_gam_mean_deviance",0.043772965202549,"lower",1990,"proportion","","batchcorr_set1","winn_fixed_no_qc","WiNN fixed default (no QC)","SPLIT10","BatchCorr Set 1","Residual GAM deviance"
"heldout_qc_cv_mean",34.2692306313925,"lower",113,"percent","","sacurine","raw","Raw","SPLIT01","Sacurine","Held-out QC CV (%)"
"residual_run_order_gam_mean_deviance",0.0684058304178776,"lower",226,"proportion","","sacurine","raw","Raw","SPLIT01","Sacurine","Residual GAM deviance"
"heldout_qc_cv_mean",31.7447367594023,"lower",113,"percent","","sacurine","combat","ComBat","SPLIT01","Sacurine","Held-out QC CV (%)"
"residual_run_order_gam_mean_deviance",0.0684058359503175,"lower",226,"proportion","","sacurine","combat","ComBat","SPLIT01","Sacurine","Residual GAM deviance"
"heldout_qc_cv_mean",14.1623389820331,"lower",113,"percent","","sacurine","qc_rlsc","QC-RLSC","SPLIT01","Sacurine","Held-out QC CV (%)"
"residual_run_order_gam_mean_deviance",0.0366874022176295,"lower",226,"proportion","","sacurine","qc_rlsc","QC-RLSC","SPLIT01","Sacurine","Residual GAM deviance"
"heldout_qc_cv_mean",8.87044029974293,"lower",113,"percent","","sacurine","qc_rfsc","QC-RFSC","SPLIT01","Sacurine","Held-out QC CV (%)"
"residual_run_order_gam_mean_deviance",0.0369942064038858,"lower",226,"proportion","","sacurine","qc_rfsc","QC-RFSC","SPLIT01","Sacurine","Residual GAM deviance"
"heldout_qc_cv_mean",10.7468517903461,"lower",113,"percent","","sacurine","tiger","TIGER","SPLIT01","Sacurine","Held-out QC CV (%)"
"residual_run_order_gam_mean_deviance",0.0400634260947327,"lower",226,"proportion","","sacurine","tiger","TIGER","SPLIT01","Sacurine","Residual GAM deviance"
"heldout_qc_cv_mean",19.9398742400879,"lower",113,"percent","","sacurine","serrf","SERRF","SPLIT01","Sacurine","Held-out QC CV (%)"
"residual_run_order_gam_mean_deviance",0.0582685279600118,"lower",226,"proportion","","sacurine","serrf","SERRF","SPLIT01","Sacurine","Residual GAM deviance"
"heldout_qc_cv_mean",16.4165491778896,"lower",113,"percent","","sacurine","winn_auto_qc","WiNN auto (QC)","SPLIT01","Sacurine","Held-out QC CV (%)"
"residual_run_order_gam_mean_deviance",0.0436401862021188,"lower",226,"proportion","","sacurine","winn_auto_qc","WiNN auto (QC)","SPLIT01","Sacurine","Residual GAM deviance"
"heldout_qc_cv_mean",17.4287020379797,"lower",113,"percent","","sacurine","winn_auto_batch_qc","WiNN auto-batch (QC)","SPLIT01","Sacurine","Held-out QC CV (%)"
"residual_run_order_gam_mean_deviance",0.0397524532939503,"lower",226,"proportion","","sacurine","winn_auto_batch_qc","WiNN auto-batch (QC)","SPLIT01","Sacurine","Residual GAM deviance"
"heldout_qc_cv_mean",24.804202547968,"lower",113,"percent","","sacurine","winn_fixed_no_qc","WiNN fixed default (no QC)","SPLIT01","Sacurine","Held-out QC CV (%)"
"residual_run_order_gam_mean_deviance",0.0520147926987853,"lower",226,"proportion","","sacurine","winn_fixed_no_qc","WiNN fixed default (no QC)","SPLIT01","Sacurine","Residual GAM deviance"
"heldout_qc_cv_mean",29.333531445414,"lower",113,"percent","","sacurine","raw","Raw","SPLIT02","Sacurine","Held-out QC CV (%)"
"residual_run_order_gam_mean_deviance",0.0684058304178776,"lower",226,"proportion","","sacurine","raw","Raw","SPLIT02","Sacurine","Residual GAM deviance"
"heldout_qc_cv_mean",20.4492595574402,"lower",113,"percent","","sacurine","combat","ComBat","SPLIT02","Sacurine","Held-out QC CV (%)"
"residual_run_order_gam_mean_deviance",0.0684058359503175,"lower",226,"proportion","","sacurine","combat","ComBat","SPLIT02","Sacurine","Residual GAM deviance"
"heldout_qc_cv_mean",12.2038900837627,"lower",113,"percent","","sacurine","qc_rlsc","QC-RLSC","SPLIT02","Sacurine","Held-out QC CV (%)"
"residual_run_order_gam_mean_deviance",0.0333828341426587,"lower",226,"proportion","","sacurine","qc_rlsc","QC-RLSC","SPLIT02","Sacurine","Residual GAM deviance"
"heldout_qc_cv_mean",6.58204616243832,"lower",113,"percent","","sacurine","qc_rfsc","QC-RFSC","SPLIT02","Sacurine","Held-out QC CV (%)"
"residual_run_order_gam_mean_deviance",0.0369942064038858,"lower",226,"proportion","","sacurine","qc_rfsc","QC-RFSC","SPLIT02","Sacurine","Residual GAM deviance"
"heldout_qc_cv_mean",9.34604800277623,"lower",113,"percent","","sacurine","tiger","TIGER","SPLIT02","Sacurine","Held-out QC CV (%)"
"residual_run_order_gam_mean_deviance",0.038131289829374,"lower",226,"proportion","","sacurine","tiger","TIGER","SPLIT02","Sacurine","Residual GAM deviance"
"heldout_qc_cv_mean",14.8093708190337,"lower",113,"percent","","sacurine","serrf","SERRF","SPLIT02","Sacurine","Held-out QC CV (%)"
"residual_run_order_gam_mean_deviance",0.0562220233136455,"lower",226,"proportion","","sacurine","serrf","SERRF","SPLIT02","Sacurine","Residual GAM deviance"
"heldout_qc_cv_mean",14.335340388299,"lower",113,"percent","","sacurine","winn_auto_qc","WiNN auto (QC)","SPLIT02","Sacurine","Held-out QC CV (%)"
"residual_run_order_gam_mean_deviance",0.043490338044758,"lower",226,"proportion","","sacurine","winn_auto_qc","WiNN auto (QC)","SPLIT02","Sacurine","Residual GAM deviance"
"heldout_qc_cv_mean",14.5863239186501,"lower",113,"percent","","sacurine","winn_auto_batch_qc","WiNN auto-batch (QC)","SPLIT02","Sacurine","Held-out QC CV (%)"
"residual_run_order_gam_mean_deviance",0.0397265134792509,"lower",226,"proportion","","sacurine","winn_auto_batch_qc","WiNN auto-batch (QC)","SPLIT02","Sacurine","Residual GAM deviance"
"heldout_qc_cv_mean",18.2668573923526,"lower",113,"percent","","sacurine","winn_fixed_no_qc","WiNN fixed default (no QC)","SPLIT02","Sacurine","Held-out QC CV (%)"
"residual_run_order_gam_mean_deviance",0.0520147926987853,"lower",226,"proportion","","sacurine","winn_fixed_no_qc","WiNN fixed default (no QC)","SPLIT02","Sacurine","Residual GAM deviance"
"heldout_qc_cv_mean",38.4238186403978,"lower",113,"percent","","sacurine","raw","Raw","SPLIT03","Sacurine","Held-out QC CV (%)"
"residual_run_order_gam_mean_deviance",0.0684058304178776,"lower",226,"proportion","","sacurine","raw","Raw","SPLIT03","Sacurine","Residual GAM deviance"
"heldout_qc_cv_mean",33.0821059058741,"lower",113,"percent","","sacurine","combat","ComBat","SPLIT03","Sacurine","Held-out QC CV (%)"
"residual_run_order_gam_mean_deviance",0.0684058359503175,"lower",226,"proportion","","sacurine","combat","ComBat","SPLIT03","Sacurine","Residual GAM deviance"
"heldout_qc_cv_mean",15.0717218617399,"lower",113,"percent","","sacurine","qc_rlsc","QC-RLSC","SPLIT03","Sacurine","Held-out QC CV (%)"
"residual_run_order_gam_mean_deviance",0.0363964212471269,"lower",226,"proportion","","sacurine","qc_rlsc","QC-RLSC","SPLIT03","Sacurine","Residual GAM deviance"
"heldout_qc_cv_mean",7.26439139494135,"lower",113,"percent","","sacurine","qc_rfsc","QC-RFSC","SPLIT03","Sacurine","Held-out QC CV (%)"
"residual_run_order_gam_mean_deviance",0.0369942064038858,"lower",226,"proportion","","sacurine","qc_rfsc","QC-RFSC","SPLIT03","Sacurine","Residual GAM deviance"
"heldout_qc_cv_mean",11.0575150191765,"lower",113,"percent","","sacurine","tiger","TIGER","SPLIT03","Sacurine","Held-out QC CV (%)"
"residual_run_order_gam_mean_deviance",0.0402431358152018,"lower",226,"proportion","","sacurine","tiger","TIGER","SPLIT03","Sacurine","Residual GAM deviance"
"heldout_qc_cv_mean",21.9096460669798,"lower",113,"percent","","sacurine","serrf","SERRF","SPLIT03","Sacurine","Held-out QC CV (%)"
"residual_run_order_gam_mean_deviance",0.0583531818303884,"lower",226,"proportion","","sacurine","serrf","SERRF","SPLIT03","Sacurine","Residual GAM deviance"
"heldout_qc_cv_mean",16.807957430287,"lower",113,"percent","","sacurine","winn_auto_qc","WiNN auto (QC)","SPLIT03","Sacurine","Held-out QC CV (%)"
"residual_run_order_gam_mean_deviance",0.0435563949873959,"lower",226,"proportion","","sacurine","winn_auto_qc","WiNN auto (QC)","SPLIT03","Sacurine","Residual GAM deviance"
"heldout_qc_cv_mean",18.469683722285,"lower",113,"percent","","sacurine","winn_auto_batch_qc","WiNN auto-batch (QC)","SPLIT03","Sacurine","Held-out QC CV (%)"
"residual_run_order_gam_mean_deviance",0.03929351713476,"lower",226,"proportion","","sacurine","winn_auto_batch_qc","WiNN auto-batch (QC)","SPLIT03","Sacurine","Residual GAM deviance"
"heldout_qc_cv_mean",25.8932424035971,"lower",113,"percent","","sacurine","winn_fixed_no_qc","WiNN fixed default (no QC)","SPLIT03","Sacurine","Held-out QC CV (%)"
"residual_run_order_gam_mean_deviance",0.0520147926987853,"lower",226,"proportion","","sacurine","winn_fixed_no_qc","WiNN fixed default (no QC)","SPLIT03","Sacurine","Residual GAM deviance"
"heldout_qc_cv_mean",37.6003496789185,"lower",113,"percent","","sacurine","raw","Raw","SPLIT04","Sacurine","Held-out QC CV (%)"
"residual_run_order_gam_mean_deviance",0.0684058304178776,"lower",226,"proportion","","sacurine","raw","Raw","SPLIT04","Sacurine","Residual GAM deviance"
"heldout_qc_cv_mean",28.2830207170978,"lower",113,"percent","","sacurine","combat","ComBat","SPLIT04","Sacurine","Held-out QC CV (%)"
"residual_run_order_gam_mean_deviance",0.0684058359503175,"lower",226,"proportion","","sacurine","combat","ComBat","SPLIT04","Sacurine","Residual GAM deviance"
"heldout_qc_cv_mean",11.9851073018507,"lower",113,"percent","","sacurine","qc_rlsc","QC-RLSC","SPLIT04","Sacurine","Held-out QC CV (%)"
"residual_run_order_gam_mean_deviance",0.0337594793752441,"lower",226,"proportion","","sacurine","qc_rlsc","QC-RLSC","SPLIT04","Sacurine","Residual GAM deviance"
"heldout_qc_cv_mean",6.06749486692139,"lower",113,"percent","","sacurine","qc_rfsc","QC-RFSC","SPLIT04","Sacurine","Held-out QC CV (%)"
"residual_run_order_gam_mean_deviance",0.0369942064038858,"lower",226,"proportion","","sacurine","qc_rfsc","QC-RFSC","SPLIT04","Sacurine","Residual GAM deviance"
"heldout_qc_cv_mean",9.63353068382966,"lower",113,"percent","","sacurine","tiger","TIGER","SPLIT04","Sacurine","Held-out QC CV (%)"
"residual_run_order_gam_mean_deviance",0.0394084567447493,"lower",226,"proportion","","sacurine","tiger","TIGER","SPLIT04","Sacurine","Residual GAM deviance"
"heldout_qc_cv_mean",16.9764347185474,"lower",113,"percent","","sacurine","serrf","SERRF","SPLIT04","Sacurine","Held-out QC CV (%)"
"residual_run_order_gam_mean_deviance",0.0552015038341074,"lower",226,"proportion","","sacurine","serrf","SERRF","SPLIT04","Sacurine","Residual GAM deviance"
"heldout_qc_cv_mean",16.0664559024748,"lower",113,"percent","","sacurine","winn_auto_qc","WiNN auto (QC)","SPLIT04","Sacurine","Held-out QC CV (%)"
"residual_run_order_gam_mean_deviance",0.0438267826246937,"lower",226,"proportion","","sacurine","winn_auto_qc","WiNN auto (QC)","SPLIT04","Sacurine","Residual GAM deviance"
"heldout_qc_cv_mean",18.2868843627747,"lower",113,"percent","","sacurine","winn_auto_batch_qc","WiNN auto-batch (QC)","SPLIT04","Sacurine","Held-out QC CV (%)"
"residual_run_order_gam_mean_deviance",0.0397351864923296,"lower",226,"proportion","","sacurine","winn_auto_batch_qc","WiNN auto-batch (QC)","SPLIT04","Sacurine","Residual GAM deviance"
"heldout_qc_cv_mean",25.4884661925499,"lower",113,"percent","","sacurine","winn_fixed_no_qc","WiNN fixed default (no QC)","SPLIT04","Sacurine","Held-out QC CV (%)"
"residual_run_order_gam_mean_deviance",0.0520147926987853,"lower",226,"proportion","","sacurine","winn_fixed_no_qc","WiNN fixed default (no QC)","SPLIT04","Sacurine","Residual GAM deviance"
"heldout_qc_cv_mean",40.333269131342,"lower",113,"percent","","sacurine","raw","Raw","SPLIT05","Sacurine","Held-out QC CV (%)"
"residual_run_order_gam_mean_deviance",0.0684058304178776,"lower",226,"proportion","","sacurine","raw","Raw","SPLIT05","Sacurine","Residual GAM deviance"
"heldout_qc_cv_mean",28.1075849324261,"lower",113,"percent","","sacurine","combat","ComBat","SPLIT05","Sacurine","Held-out QC CV (%)"
"residual_run_order_gam_mean_deviance",0.0684058359503175,"lower",226,"proportion","","sacurine","combat","ComBat","SPLIT05","Sacurine","Residual GAM deviance"
"heldout_qc_cv_mean",11.2167851725345,"lower",113,"percent","","sacurine","qc_rlsc","QC-RLSC","SPLIT05","Sacurine","Held-out QC CV (%)"
"residual_run_order_gam_mean_deviance",0.0337961256738562,"lower",226,"proportion","","sacurine","qc_rlsc","QC-RLSC","SPLIT05","Sacurine","Residual GAM deviance"
"heldout_qc_cv_mean",7.66704265441398,"lower",113,"percent","","sacurine","qc_rfsc","QC-RFSC","SPLIT05","Sacurine","Held-out QC CV (%)"
"residual_run_order_gam_mean_deviance",0.0369942064038858,"lower",226,"proportion","","sacurine","qc_rfsc","QC-RFSC","SPLIT05","Sacurine","Residual GAM deviance"
"heldout_qc_cv_mean",9.64081866304485,"lower",113,"percent","","sacurine","tiger","TIGER","SPLIT05","Sacurine","Held-out QC CV (%)"
"residual_run_order_gam_mean_deviance",0.0396612757587751,"lower",226,"proportion","","sacurine","tiger","TIGER","SPLIT05","Sacurine","Residual GAM deviance"
"heldout_qc_cv_mean",16.8413919523189,"lower",113,"percent","","sacurine","serrf","SERRF","SPLIT05","Sacurine","Held-out QC CV (%)"
"residual_run_order_gam_mean_deviance",0.0582640997977271,"lower",226,"proportion","","sacurine","serrf","SERRF","SPLIT05","Sacurine","Residual GAM deviance"
"heldout_qc_cv_mean",16.0000129650302,"lower",113,"percent","","sacurine","winn_auto_qc","WiNN auto (QC)","SPLIT05","Sacurine","Held-out QC CV (%)"
"residual_run_order_gam_mean_deviance",0.0436862569941602,"lower",226,"proportion","","sacurine","winn_auto_qc","WiNN auto (QC)","SPLIT05","Sacurine","Residual GAM deviance"
"heldout_qc_cv_mean",17.2945059899744,"lower",113,"percent","","sacurine","winn_auto_batch_qc","WiNN auto-batch (QC)","SPLIT05","Sacurine","Held-out QC CV (%)"
"residual_run_order_gam_mean_deviance",0.0396645303223579,"lower",226,"proportion","","sacurine","winn_auto_batch_qc","WiNN auto-batch (QC)","SPLIT05","Sacurine","Residual GAM deviance"
"heldout_qc_cv_mean",24.3788566814087,"lower",113,"percent","","sacurine","winn_fixed_no_qc","WiNN fixed default (no QC)","SPLIT05","Sacurine","Held-out QC CV (%)"
"residual_run_order_gam_mean_deviance",0.0520147926987853,"lower",226,"proportion","","sacurine","winn_fixed_no_qc","WiNN fixed default (no QC)","SPLIT05","Sacurine","Residual GAM deviance"
"heldout_qc_cv_mean",35.3776704553745,"lower",113,"percent","","sacurine","raw","Raw","SPLIT06","Sacurine","Held-out QC CV (%)"
"residual_run_order_gam_mean_deviance",0.0684058304178776,"lower",226,"proportion","","sacurine","raw","Raw","SPLIT06","Sacurine","Residual GAM deviance"
"heldout_qc_cv_mean",19.4990118758241,"lower",113,"percent","","sacurine","combat","ComBat","SPLIT06","Sacurine","Held-out QC CV (%)"
"residual_run_order_gam_mean_deviance",0.0684058359503175,"lower",226,"proportion","","sacurine","combat","ComBat","SPLIT06","Sacurine","Residual GAM deviance"
"heldout_qc_cv_mean",17.4649661039041,"lower",113,"percent","","sacurine","qc_rlsc","QC-RLSC","SPLIT06","Sacurine","Held-out QC CV (%)"
"residual_run_order_gam_mean_deviance",0.0344595793585049,"lower",226,"proportion","","sacurine","qc_rlsc","QC-RLSC","SPLIT06","Sacurine","Residual GAM deviance"
"heldout_qc_cv_mean",5.14316558348301,"lower",113,"percent","","sacurine","qc_rfsc","QC-RFSC","SPLIT06","Sacurine","Held-out QC CV (%)"
"residual_run_order_gam_mean_deviance",0.0371804141979941,"lower",226,"proportion","","sacurine","qc_rfsc","QC-RFSC","SPLIT06","Sacurine","Residual GAM deviance"
"heldout_qc_cv_mean",11.8105502470692,"lower",113,"percent","","sacurine","tiger","TIGER","SPLIT06","Sacurine","Held-out QC CV (%)"
"residual_run_order_gam_mean_deviance",0.0385664416337758,"lower",226,"proportion","","sacurine","tiger","TIGER","SPLIT06","Sacurine","Residual GAM deviance"
"heldout_qc_cv_mean",15.8692781872775,"lower",113,"percent","","sacurine","serrf","SERRF","SPLIT06","Sacurine","Held-out QC CV (%)"
"residual_run_order_gam_mean_deviance",0.0575192109331347,"lower",226,"proportion","","sacurine","serrf","SERRF","SPLIT06","Sacurine","Residual GAM deviance"
"heldout_qc_cv_mean",14.0457643064079,"lower",113,"percent","","sacurine","winn_auto_qc","WiNN auto (QC)","SPLIT06","Sacurine","Held-out QC CV (%)"
"residual_run_order_gam_mean_deviance",0.0435902993644697,"lower",226,"proportion","","sacurine","winn_auto_qc","WiNN auto (QC)","SPLIT06","Sacurine","Residual GAM deviance"
"heldout_qc_cv_mean",15.9260615341102,"lower",113,"percent","","sacurine","winn_auto_batch_qc","WiNN auto-batch (QC)","SPLIT06","Sacurine","Held-out QC CV (%)"
"residual_run_order_gam_mean_deviance",0.0395414630367604,"lower",226,"proportion","","sacurine","winn_auto_batch_qc","WiNN auto-batch (QC)","SPLIT06","Sacurine","Residual GAM deviance"
"heldout_qc_cv_mean",19.0257412422841,"lower",113,"percent","","sacurine","winn_fixed_no_qc","WiNN fixed default (no QC)","SPLIT06","Sacurine","Held-out QC CV (%)"
"residual_run_order_gam_mean_deviance",0.0520147926987853,"lower",226,"proportion","","sacurine","winn_fixed_no_qc","WiNN fixed default (no QC)","SPLIT06","Sacurine","Residual GAM deviance"
"heldout_qc_cv_mean",38.1062429165891,"lower",113,"percent","","sacurine","raw","Raw","SPLIT07","Sacurine","Held-out QC CV (%)"
"residual_run_order_gam_mean_deviance",0.0684058304178776,"lower",226,"proportion","","sacurine","raw","Raw","SPLIT07","Sacurine","Residual GAM deviance"
"heldout_qc_cv_mean",31.2324141286819,"lower",113,"percent","","sacurine","combat","ComBat","SPLIT07","Sacurine","Held-out QC CV (%)"
"residual_run_order_gam_mean_deviance",0.0684058359503175,"lower",226,"proportion","","sacurine","combat","ComBat","SPLIT07","Sacurine","Residual GAM deviance"
"heldout_qc_cv_mean",12.7373312616151,"lower",113,"percent","","sacurine","qc_rlsc","QC-RLSC","SPLIT07","Sacurine","Held-out QC CV (%)"
"residual_run_order_gam_mean_deviance",0.034431865504766,"lower",226,"proportion","","sacurine","qc_rlsc","QC-RLSC","SPLIT07","Sacurine","Residual GAM deviance"
"heldout_qc_cv_mean",6.32373725997008,"lower",113,"percent","","sacurine","qc_rfsc","QC-RFSC","SPLIT07","Sacurine","Held-out QC CV (%)"
"residual_run_order_gam_mean_deviance",0.0369942064038858,"lower",226,"proportion","","sacurine","qc_rfsc","QC-RFSC","SPLIT07","Sacurine","Residual GAM deviance"
"heldout_qc_cv_mean",9.96528327903251,"lower",113,"percent","","sacurine","tiger","TIGER","SPLIT07","Sacurine","Held-out QC CV (%)"
"residual_run_order_gam_mean_deviance",0.039663806567108,"lower",226,"proportion","","sacurine","tiger","TIGER","SPLIT07","Sacurine","Residual GAM deviance"
"heldout_qc_cv_mean",18.5989413238274,"lower",113,"percent","","sacurine","serrf","SERRF","SPLIT07","Sacurine","Held-out QC CV (%)"
"residual_run_order_gam_mean_deviance",0.0575368905241947,"lower",226,"proportion","","sacurine","serrf","SERRF","SPLIT07","Sacurine","Residual GAM deviance"
"heldout_qc_cv_mean",17.2288628171567,"lower",113,"percent","","sacurine","winn_auto_qc","WiNN auto (QC)","SPLIT07","Sacurine","Held-out QC CV (%)"
"residual_run_order_gam_mean_deviance",0.0436045084133093,"lower",226,"proportion","","sacurine","winn_auto_qc","WiNN auto (QC)","SPLIT07","Sacurine","Residual GAM deviance"
"heldout_qc_cv_mean",18.5188686168883,"lower",113,"percent","","sacurine","winn_auto_batch_qc","WiNN auto-batch (QC)","SPLIT07","Sacurine","Held-out QC CV (%)"
"residual_run_order_gam_mean_deviance",0.0398150252362735,"lower",226,"proportion","","sacurine","winn_auto_batch_qc","WiNN auto-batch (QC)","SPLIT07","Sacurine","Residual GAM deviance"
"heldout_qc_cv_mean",25.4220549974512,"lower",113,"percent","","sacurine","winn_fixed_no_qc","WiNN fixed default (no QC)","SPLIT07","Sacurine","Held-out QC CV (%)"
"residual_run_order_gam_mean_deviance",0.0520147926987853,"lower",226,"proportion","","sacurine","winn_fixed_no_qc","WiNN fixed default (no QC)","SPLIT07","Sacurine","Residual GAM deviance"
"heldout_qc_cv_mean",36.2419851471615,"lower",113,"percent","","sacurine","raw","Raw","SPLIT08","Sacurine","Held-out QC CV (%)"
"residual_run_order_gam_mean_deviance",0.0684058304178776,"lower",226,"proportion","","sacurine","raw","Raw","SPLIT08","Sacurine","Residual GAM deviance"
"heldout_qc_cv_mean",29.1347456647581,"lower",113,"percent","","sacurine","combat","ComBat","SPLIT08","Sacurine","Held-out QC CV (%)"
"residual_run_order_gam_mean_deviance",0.0684058359503175,"lower",226,"proportion","","sacurine","combat","ComBat","SPLIT08","Sacurine","Residual GAM deviance"
"heldout_qc_cv_mean",12.3310729750087,"lower",113,"percent","","sacurine","qc_rlsc","QC-RLSC","SPLIT08","Sacurine","Held-out QC CV (%)"
"residual_run_order_gam_mean_deviance",0.0337759363941168,"lower",226,"proportion","","sacurine","qc_rlsc","QC-RLSC","SPLIT08","Sacurine","Residual GAM deviance"
"heldout_qc_cv_mean",6.39424019552961,"lower",113,"percent","","sacurine","qc_rfsc","QC-RFSC","SPLIT08","Sacurine","Held-out QC CV (%)"
"residual_run_order_gam_mean_deviance",0.0369942064038858,"lower",226,"proportion","","sacurine","qc_rfsc","QC-RFSC","SPLIT08","Sacurine","Residual GAM deviance"
"heldout_qc_cv_mean",10.7101408377659,"lower",113,"percent","","sacurine","tiger","TIGER","SPLIT08","Sacurine","Held-out QC CV (%)"
"residual_run_order_gam_mean_deviance",0.0395844649668187,"lower",226,"proportion","","sacurine","tiger","TIGER","SPLIT08","Sacurine","Residual GAM deviance"
"heldout_qc_cv_mean",18.5449990967292,"lower",113,"percent","","sacurine","serrf","SERRF","SPLIT08","Sacurine","Held-out QC CV (%)"
"residual_run_order_gam_mean_deviance",0.0556488199436169,"lower",226,"proportion","","sacurine","serrf","SERRF","SPLIT08","Sacurine","Residual GAM deviance"
"heldout_qc_cv_mean",16.5201276966177,"lower",113,"percent","","sacurine","winn_auto_qc","WiNN auto (QC)","SPLIT08","Sacurine","Held-out QC CV (%)"
"residual_run_order_gam_mean_deviance",0.0434868862019229,"lower",226,"proportion","","sacurine","winn_auto_qc","WiNN auto (QC)","SPLIT08","Sacurine","Residual GAM deviance"
"heldout_qc_cv_mean",18.2738251835968,"lower",113,"percent","","sacurine","winn_auto_batch_qc","WiNN auto-batch (QC)","SPLIT08","Sacurine","Held-out QC CV (%)"
"residual_run_order_gam_mean_deviance",0.0397029234894745,"lower",226,"proportion","","sacurine","winn_auto_batch_qc","WiNN auto-batch (QC)","SPLIT08","Sacurine","Residual GAM deviance"
"heldout_qc_cv_mean",24.2302988947969,"lower",113,"percent","","sacurine","winn_fixed_no_qc","WiNN fixed default (no QC)","SPLIT08","Sacurine","Held-out QC CV (%)"
"residual_run_order_gam_mean_deviance",0.0520147926987853,"lower",226,"proportion","","sacurine","winn_fixed_no_qc","WiNN fixed default (no QC)","SPLIT08","Sacurine","Residual GAM deviance"
"heldout_qc_cv_mean",33.7089851027059,"lower",113,"percent","","sacurine","raw","Raw","SPLIT09","Sacurine","Held-out QC CV (%)"
"residual_run_order_gam_mean_deviance",0.0684058304178776,"lower",226,"proportion","","sacurine","raw","Raw","SPLIT09","Sacurine","Residual GAM deviance"
"heldout_qc_cv_mean",26.4010132535683,"lower",113,"percent","","sacurine","combat","ComBat","SPLIT09","Sacurine","Held-out QC CV (%)"
"residual_run_order_gam_mean_deviance",0.0684058359503175,"lower",226,"proportion","","sacurine","combat","ComBat","SPLIT09","Sacurine","Residual GAM deviance"
"heldout_qc_cv_mean",19.2762274820154,"lower",113,"percent","","sacurine","qc_rlsc","QC-RLSC","SPLIT09","Sacurine","Held-out QC CV (%)"
"residual_run_order_gam_mean_deviance",0.0349678069541576,"lower",226,"proportion","","sacurine","qc_rlsc","QC-RLSC","SPLIT09","Sacurine","Residual GAM deviance"
"heldout_qc_cv_mean",6.34389377563452,"lower",113,"percent","","sacurine","qc_rfsc","QC-RFSC","SPLIT09","Sacurine","Held-out QC CV (%)"
"residual_run_order_gam_mean_deviance",0.0371804141979941,"lower",226,"proportion","","sacurine","qc_rfsc","QC-RFSC","SPLIT09","Sacurine","Residual GAM deviance"
"heldout_qc_cv_mean",10.7577151502081,"lower",113,"percent","","sacurine","tiger","TIGER","SPLIT09","Sacurine","Held-out QC CV (%)"
"residual_run_order_gam_mean_deviance",0.0385325196622842,"lower",226,"proportion","","sacurine","tiger","TIGER","SPLIT09","Sacurine","Residual GAM deviance"
"heldout_qc_cv_mean",16.9052370468886,"lower",113,"percent","","sacurine","serrf","SERRF","SPLIT09","Sacurine","Held-out QC CV (%)"
"residual_run_order_gam_mean_deviance",0.0563790694698391,"lower",226,"proportion","","sacurine","serrf","SERRF","SPLIT09","Sacurine","Residual GAM deviance"
"heldout_qc_cv_mean",15.640885228956,"lower",113,"percent","","sacurine","winn_auto_qc","WiNN auto (QC)","SPLIT09","Sacurine","Held-out QC CV (%)"
"residual_run_order_gam_mean_deviance",0.0437716375365232,"lower",226,"proportion","","sacurine","winn_auto_qc","WiNN auto (QC)","SPLIT09","Sacurine","Residual GAM deviance"
"heldout_qc_cv_mean",17.0637567185413,"lower",113,"percent","","sacurine","winn_auto_batch_qc","WiNN auto-batch (QC)","SPLIT09","Sacurine","Held-out QC CV (%)"
"residual_run_order_gam_mean_deviance",0.0399209543088014,"lower",226,"proportion","","sacurine","winn_auto_batch_qc","WiNN auto-batch (QC)","SPLIT09","Sacurine","Residual GAM deviance"
"heldout_qc_cv_mean",22.5355026694107,"lower",113,"percent","","sacurine","winn_fixed_no_qc","WiNN fixed default (no QC)","SPLIT09","Sacurine","Held-out QC CV (%)"
"residual_run_order_gam_mean_deviance",0.0520147926987853,"lower",226,"proportion","","sacurine","winn_fixed_no_qc","WiNN fixed default (no QC)","SPLIT09","Sacurine","Residual GAM deviance"
"heldout_qc_cv_mean",38.1138573075774,"lower",113,"percent","","sacurine","raw","Raw","SPLIT10","Sacurine","Held-out QC CV (%)"
"residual_run_order_gam_mean_deviance",0.0684058304178776,"lower",226,"proportion","","sacurine","raw","Raw","SPLIT10","Sacurine","Residual GAM deviance"
"heldout_qc_cv_mean",23.1218969138977,"lower",113,"percent","","sacurine","combat","ComBat","SPLIT10","Sacurine","Held-out QC CV (%)"
"residual_run_order_gam_mean_deviance",0.0684058359503175,"lower",226,"proportion","","sacurine","combat","ComBat","SPLIT10","Sacurine","Residual GAM deviance"
"heldout_qc_cv_mean",17.1854800729099,"lower",113,"percent","","sacurine","qc_rlsc","QC-RLSC","SPLIT10","Sacurine","Held-out QC CV (%)"
"residual_run_order_gam_mean_deviance",0.0381591484838572,"lower",226,"proportion","","sacurine","qc_rlsc","QC-RLSC","SPLIT10","Sacurine","Residual GAM deviance"
"heldout_qc_cv_mean",7.9549854233891,"lower",113,"percent","","sacurine","qc_rfsc","QC-RFSC","SPLIT10","Sacurine","Held-out QC CV (%)"
"residual_run_order_gam_mean_deviance",0.0369942064038858,"lower",226,"proportion","","sacurine","qc_rfsc","QC-RFSC","SPLIT10","Sacurine","Residual GAM deviance"
"heldout_qc_cv_mean",10.0686940239687,"lower",113,"percent","","sacurine","tiger","TIGER","SPLIT10","Sacurine","Held-out QC CV (%)"
"residual_run_order_gam_mean_deviance",0.0400766438393198,"lower",226,"proportion","","sacurine","tiger","TIGER","SPLIT10","Sacurine","Residual GAM deviance"
"heldout_qc_cv_mean",17.3605759609373,"lower",113,"percent","","sacurine","serrf","SERRF","SPLIT10","Sacurine","Held-out QC CV (%)"
"residual_run_order_gam_mean_deviance",0.0621450180522114,"lower",226,"proportion","","sacurine","serrf","SERRF","SPLIT10","Sacurine","Residual GAM deviance"
"heldout_qc_cv_mean",14.9837729868028,"lower",113,"percent","","sacurine","winn_auto_qc","WiNN auto (QC)","SPLIT10","Sacurine","Held-out QC CV (%)"
"residual_run_order_gam_mean_deviance",0.0435329377689669,"lower",226,"proportion","","sacurine","winn_auto_qc","WiNN auto (QC)","SPLIT10","Sacurine","Residual GAM deviance"
"heldout_qc_cv_mean",16.4872846851157,"lower",113,"percent","","sacurine","winn_auto_batch_qc","WiNN auto-batch (QC)","SPLIT10","Sacurine","Held-out QC CV (%)"
"residual_run_order_gam_mean_deviance",0.0396041018333501,"lower",226,"proportion","","sacurine","winn_auto_batch_qc","WiNN auto-batch (QC)","SPLIT10","Sacurine","Residual GAM deviance"
"heldout_qc_cv_mean",22.5072418156781,"lower",113,"percent","","sacurine","winn_fixed_no_qc","WiNN fixed default (no QC)","SPLIT10","Sacurine","Held-out QC CV (%)"
"residual_run_order_gam_mean_deviance",0.0520147926987853,"lower",226,"proportion","","sacurine","winn_fixed_no_qc","WiNN fixed default (no QC)","SPLIT10","Sacurine","Residual GAM deviance"
"heldout_qc_cv_mean",50.2621764852706,"lower",6461,"percent","","waveica","raw","Raw","SPLIT01","WaveICA","Held-out QC CV (%)"
"residual_run_order_gam_mean_deviance",0.205768293336358,"lower",19383,"proportion","","waveica","raw","Raw","SPLIT01","WaveICA","Residual GAM deviance"
"heldout_qc_cv_mean",39.2018766085786,"lower",6461,"percent","","waveica","combat","ComBat","SPLIT01","WaveICA","Held-out QC CV (%)"
"residual_run_order_gam_mean_deviance",0.207306999885326,"lower",19383,"proportion","","waveica","combat","ComBat","SPLIT01","WaveICA","Residual GAM deviance"
"heldout_qc_cv_mean",41.6995653089239,"lower",6461,"percent","","waveica","qc_rlsc","QC-RLSC","SPLIT01","WaveICA","Held-out QC CV (%)"
"residual_run_order_gam_mean_deviance",0.123869822645856,"lower",19383,"proportion","","waveica","qc_rlsc","QC-RLSC","SPLIT01","WaveICA","Residual GAM deviance"
"heldout_qc_cv_mean",16.7908141452777,"lower",6461,"percent","","waveica","qc_rfsc","QC-RFSC","SPLIT01","WaveICA","Held-out QC CV (%)"
"residual_run_order_gam_mean_deviance",0.121870047848386,"lower",19383,"proportion","","waveica","qc_rfsc","QC-RFSC","SPLIT01","WaveICA","Residual GAM deviance"
"heldout_qc_cv_mean",25.564261985711,"lower",6461,"percent","","waveica","tiger","TIGER","SPLIT01","WaveICA","Held-out QC CV (%)"
"residual_run_order_gam_mean_deviance",0.11358294608316,"lower",19383,"proportion","","waveica","tiger","TIGER","SPLIT01","WaveICA","Residual GAM deviance"
"heldout_qc_cv_mean",34.2520184037082,"lower",6461,"percent","","waveica","serrf","SERRF","SPLIT01","WaveICA","Held-out QC CV (%)"
"residual_run_order_gam_mean_deviance",0.116981472110969,"lower",19383,"proportion","","waveica","serrf","SERRF","SPLIT01","WaveICA","Residual GAM deviance"
"heldout_qc_cv_mean",38.9352870626393,"lower",6461,"percent","","waveica","winn_auto_qc","WiNN auto (QC)","SPLIT01","WaveICA","Held-out QC CV (%)"
"residual_run_order_gam_mean_deviance",0.0183269721573339,"lower",19383,"proportion","","waveica","winn_auto_qc","WiNN auto (QC)","SPLIT01","WaveICA","Residual GAM deviance"
"heldout_qc_cv_mean",41.4731890739093,"lower",6461,"percent","","waveica","winn_auto_batch_qc","WiNN auto-batch (QC)","SPLIT01","WaveICA","Held-out QC CV (%)"
"residual_run_order_gam_mean_deviance",0.211971425912485,"lower",19383,"proportion","","waveica","winn_auto_batch_qc","WiNN auto-batch (QC)","SPLIT01","WaveICA","Residual GAM deviance"
"heldout_qc_cv_mean",39.1213407199101,"lower",6461,"percent","","waveica","winn_fixed_no_qc","WiNN fixed default (no QC)","SPLIT01","WaveICA","Held-out QC CV (%)"
"residual_run_order_gam_mean_deviance",0.0141634445598343,"lower",19383,"proportion","","waveica","winn_fixed_no_qc","WiNN fixed default (no QC)","SPLIT01","WaveICA","Residual GAM deviance"
"heldout_qc_cv_mean",51.9068528852617,"lower",6461,"percent","","waveica","raw","Raw","SPLIT02","WaveICA","Held-out QC CV (%)"
"residual_run_order_gam_mean_deviance",0.205768293336358,"lower",19383,"proportion","","waveica","raw","Raw","SPLIT02","WaveICA","Residual GAM deviance"
"heldout_qc_cv_mean",42.4842572015363,"lower",6461,"percent","","waveica","combat","ComBat","SPLIT02","WaveICA","Held-out QC CV (%)"
"residual_run_order_gam_mean_deviance",0.207306999885326,"lower",19383,"proportion","","waveica","combat","ComBat","SPLIT02","WaveICA","Residual GAM deviance"
"heldout_qc_cv_mean",42.238741571233,"lower",6461,"percent","","waveica","qc_rlsc","QC-RLSC","SPLIT02","WaveICA","Held-out QC CV (%)"
"residual_run_order_gam_mean_deviance",0.124587345858977,"lower",19383,"proportion","","waveica","qc_rlsc","QC-RLSC","SPLIT02","WaveICA","Residual GAM deviance"
"heldout_qc_cv_mean",17.3963372628392,"lower",6461,"percent","","waveica","qc_rfsc","QC-RFSC","SPLIT02","WaveICA","Held-out QC CV (%)"
"residual_run_order_gam_mean_deviance",0.121690745649194,"lower",19383,"proportion","","waveica","qc_rfsc","QC-RFSC","SPLIT02","WaveICA","Residual GAM deviance"
"heldout_qc_cv_mean",26.2038841679234,"lower",6461,"percent","","waveica","tiger","TIGER","SPLIT02","WaveICA","Held-out QC CV (%)"
"residual_run_order_gam_mean_deviance",0.115941901672086,"lower",19383,"proportion","","waveica","tiger","TIGER","SPLIT02","WaveICA","Residual GAM deviance"
"heldout_qc_cv_mean",34.4700061124981,"lower",6461,"percent","","waveica","serrf","SERRF","SPLIT02","WaveICA","Held-out QC CV (%)"
"residual_run_order_gam_mean_deviance",0.118084098661614,"lower",19383,"proportion","","waveica","serrf","SERRF","SPLIT02","WaveICA","Residual GAM deviance"
"heldout_qc_cv_mean",40.2637475751824,"lower",6461,"percent","","waveica","winn_auto_qc","WiNN auto (QC)","SPLIT02","WaveICA","Held-out QC CV (%)"
"residual_run_order_gam_mean_deviance",0.0926027840041854,"lower",19383,"proportion","","waveica","winn_auto_qc","WiNN auto (QC)","SPLIT02","WaveICA","Residual GAM deviance"
"heldout_qc_cv_mean",44.1375171257227,"lower",6461,"percent","","waveica","winn_auto_batch_qc","WiNN auto-batch (QC)","SPLIT02","WaveICA","Held-out QC CV (%)"
"residual_run_order_gam_mean_deviance",0.211984922968941,"lower",19383,"proportion","","waveica","winn_auto_batch_qc","WiNN auto-batch (QC)","SPLIT02","WaveICA","Residual GAM deviance"
"heldout_qc_cv_mean",39.901540358371,"lower",6461,"percent","","waveica","winn_fixed_no_qc","WiNN fixed default (no QC)","SPLIT02","WaveICA","Held-out QC CV (%)"
"residual_run_order_gam_mean_deviance",0.0141634445598343,"lower",19383,"proportion","","waveica","winn_fixed_no_qc","WiNN fixed default (no QC)","SPLIT02","WaveICA","Residual GAM deviance"
"heldout_qc_cv_mean",49.122555207139,"lower",6461,"percent","","waveica","raw","Raw","SPLIT03","WaveICA","Held-out QC CV (%)"
"residual_run_order_gam_mean_deviance",0.205768293336358,"lower",19383,"proportion","","waveica","raw","Raw","SPLIT03","WaveICA","Residual GAM deviance"
"heldout_qc_cv_mean",42.023633057022,"lower",6461,"percent","","waveica","combat","ComBat","SPLIT03","WaveICA","Held-out QC CV (%)"
"residual_run_order_gam_mean_deviance",0.207306999885326,"lower",19383,"proportion","","waveica","combat","ComBat","SPLIT03","WaveICA","Residual GAM deviance"
"heldout_qc_cv_mean",43.4063486450603,"lower",6461,"percent","","waveica","qc_rlsc","QC-RLSC","SPLIT03","WaveICA","Held-out QC CV (%)"
"residual_run_order_gam_mean_deviance",0.124198021431347,"lower",19383,"proportion","","waveica","qc_rlsc","QC-RLSC","SPLIT03","WaveICA","Residual GAM deviance"
"heldout_qc_cv_mean",17.1521496545522,"lower",6461,"percent","","waveica","qc_rfsc","QC-RFSC","SPLIT03","WaveICA","Held-out QC CV (%)"
"residual_run_order_gam_mean_deviance",0.122218600594406,"lower",19383,"proportion","","waveica","qc_rfsc","QC-RFSC","SPLIT03","WaveICA","Residual GAM deviance"
"heldout_qc_cv_mean",26.6065327354618,"lower",6461,"percent","","waveica","tiger","TIGER","SPLIT03","WaveICA","Held-out QC CV (%)"
"residual_run_order_gam_mean_deviance",0.114999645720555,"lower",19383,"proportion","","waveica","tiger","TIGER","SPLIT03","WaveICA","Residual GAM deviance"
"heldout_qc_cv_mean",34.741727378664,"lower",6461,"percent","","waveica","serrf","SERRF","SPLIT03","WaveICA","Held-out QC CV (%)"
"residual_run_order_gam_mean_deviance",0.118808179139245,"lower",19383,"proportion","","waveica","serrf","SERRF","SPLIT03","WaveICA","Residual GAM deviance"
"heldout_qc_cv_mean",40.4512940987779,"lower",6461,"percent","","waveica","winn_auto_qc","WiNN auto (QC)","SPLIT03","WaveICA","Held-out QC CV (%)"
"residual_run_order_gam_mean_deviance",0.0960173426866028,"lower",19383,"proportion","","waveica","winn_auto_qc","WiNN auto (QC)","SPLIT03","WaveICA","Residual GAM deviance"
"heldout_qc_cv_mean",42.5390850370179,"lower",6461,"percent","","waveica","winn_auto_batch_qc","WiNN auto-batch (QC)","SPLIT03","WaveICA","Held-out QC CV (%)"
"residual_run_order_gam_mean_deviance",0.210814973282598,"lower",19383,"proportion","","waveica","winn_auto_batch_qc","WiNN auto-batch (QC)","SPLIT03","WaveICA","Residual GAM deviance"
"heldout_qc_cv_mean",39.6288211089439,"lower",6461,"percent","","waveica","winn_fixed_no_qc","WiNN fixed default (no QC)","SPLIT03","WaveICA","Held-out QC CV (%)"
"residual_run_order_gam_mean_deviance",0.0141634445598343,"lower",19383,"proportion","","waveica","winn_fixed_no_qc","WiNN fixed default (no QC)","SPLIT03","WaveICA","Residual GAM deviance"
"heldout_qc_cv_mean",50.5339068590698,"lower",6461,"percent","","waveica","raw","Raw","SPLIT04","WaveICA","Held-out QC CV (%)"
"residual_run_order_gam_mean_deviance",0.205768293336358,"lower",19383,"proportion","","waveica","raw","Raw","SPLIT04","WaveICA","Residual GAM deviance"
"heldout_qc_cv_mean",39.948990684096,"lower",6461,"percent","","waveica","combat","ComBat","SPLIT04","WaveICA","Held-out QC CV (%)"
"residual_run_order_gam_mean_deviance",0.207306999885326,"lower",19383,"proportion","","waveica","combat","ComBat","SPLIT04","WaveICA","Residual GAM deviance"
"heldout_qc_cv_mean",43.0770562251366,"lower",6461,"percent","","waveica","qc_rlsc","QC-RLSC","SPLIT04","WaveICA","Held-out QC CV (%)"
"residual_run_order_gam_mean_deviance",0.127113631895467,"lower",19383,"proportion","","waveica","qc_rlsc","QC-RLSC","SPLIT04","WaveICA","Residual GAM deviance"
"heldout_qc_cv_mean",16.7722445853436,"lower",6461,"percent","","waveica","qc_rfsc","QC-RFSC","SPLIT04","WaveICA","Held-out QC CV (%)"
"residual_run_order_gam_mean_deviance",0.121517751770557,"lower",19383,"proportion","","waveica","qc_rfsc","QC-RFSC","SPLIT04","WaveICA","Residual GAM deviance"
"heldout_qc_cv_mean",25.2272096620226,"lower",6461,"percent","","waveica","tiger","TIGER","SPLIT04","WaveICA","Held-out QC CV (%)"
"residual_run_order_gam_mean_deviance",0.114320750780484,"lower",19383,"proportion","","waveica","tiger","TIGER","SPLIT04","WaveICA","Residual GAM deviance"
"heldout_qc_cv_mean",33.943902391579,"lower",6461,"percent","","waveica","serrf","SERRF","SPLIT04","WaveICA","Held-out QC CV (%)"
"residual_run_order_gam_mean_deviance",0.116071433600758,"lower",19383,"proportion","","waveica","serrf","SERRF","SPLIT04","WaveICA","Residual GAM deviance"
"heldout_qc_cv_mean",39.5468018234515,"lower",6461,"percent","","waveica","winn_auto_qc","WiNN auto (QC)","SPLIT04","WaveICA","Held-out QC CV (%)"
"residual_run_order_gam_mean_deviance",0.0968684684155476,"lower",19383,"proportion","","waveica","winn_auto_qc","WiNN auto (QC)","SPLIT04","WaveICA","Residual GAM deviance"
"heldout_qc_cv_mean",43.009643388891,"lower",6461,"percent","","waveica","winn_auto_batch_qc","WiNN auto-batch (QC)","SPLIT04","WaveICA","Held-out QC CV (%)"
"residual_run_order_gam_mean_deviance",0.211985383537772,"lower",19383,"proportion","","waveica","winn_auto_batch_qc","WiNN auto-batch (QC)","SPLIT04","WaveICA","Residual GAM deviance"
"heldout_qc_cv_mean",38.8625731675437,"lower",6461,"percent","","waveica","winn_fixed_no_qc","WiNN fixed default (no QC)","SPLIT04","WaveICA","Held-out QC CV (%)"
"residual_run_order_gam_mean_deviance",0.0141634445598343,"lower",19383,"proportion","","waveica","winn_fixed_no_qc","WiNN fixed default (no QC)","SPLIT04","WaveICA","Residual GAM deviance"
"heldout_qc_cv_mean",49.1930266636205,"lower",6461,"percent","","waveica","raw","Raw","SPLIT05","WaveICA","Held-out QC CV (%)"
"residual_run_order_gam_mean_deviance",0.205768293336358,"lower",19383,"proportion","","waveica","raw","Raw","SPLIT05","WaveICA","Residual GAM deviance"
"heldout_qc_cv_mean",39.7687057831819,"lower",6461,"percent","","waveica","combat","ComBat","SPLIT05","WaveICA","Held-out QC CV (%)"
"residual_run_order_gam_mean_deviance",0.207306999885326,"lower",19383,"proportion","","waveica","combat","ComBat","SPLIT05","WaveICA","Residual GAM deviance"
"heldout_qc_cv_mean",40.9254323462496,"lower",6461,"percent","","waveica","qc_rlsc","QC-RLSC","SPLIT05","WaveICA","Held-out QC CV (%)"
"residual_run_order_gam_mean_deviance",0.125423274580894,"lower",19383,"proportion","","waveica","qc_rlsc","QC-RLSC","SPLIT05","WaveICA","Residual GAM deviance"
"heldout_qc_cv_mean",17.0540811979105,"lower",6461,"percent","","waveica","qc_rfsc","QC-RFSC","SPLIT05","WaveICA","Held-out QC CV (%)"
"residual_run_order_gam_mean_deviance",0.122002678387116,"lower",19383,"proportion","","waveica","qc_rfsc","QC-RFSC","SPLIT05","WaveICA","Residual GAM deviance"
"heldout_qc_cv_mean",25.6407706982382,"lower",6461,"percent","","waveica","tiger","TIGER","SPLIT05","WaveICA","Held-out QC CV (%)"
"residual_run_order_gam_mean_deviance",0.114188378677627,"lower",19383,"proportion","","waveica","tiger","TIGER","SPLIT05","WaveICA","Residual GAM deviance"
"heldout_qc_cv_mean",33.9544302825771,"lower",6461,"percent","","waveica","serrf","SERRF","SPLIT05","WaveICA","Held-out QC CV (%)"
"residual_run_order_gam_mean_deviance",0.116923111750737,"lower",19383,"proportion","","waveica","serrf","SERRF","SPLIT05","WaveICA","Residual GAM deviance"
"heldout_qc_cv_mean",39.5392298157996,"lower",6461,"percent","","waveica","winn_auto_qc","WiNN auto (QC)","SPLIT05","WaveICA","Held-out QC CV (%)"
"residual_run_order_gam_mean_deviance",0.0968391115260384,"lower",19383,"proportion","","waveica","winn_auto_qc","WiNN auto (QC)","SPLIT05","WaveICA","Residual GAM deviance"
"heldout_qc_cv_mean",41.8031125211462,"lower",6461,"percent","","waveica","winn_auto_batch_qc","WiNN auto-batch (QC)","SPLIT05","WaveICA","Held-out QC CV (%)"
"residual_run_order_gam_mean_deviance",0.210895112841702,"lower",19383,"proportion","","waveica","winn_auto_batch_qc","WiNN auto-batch (QC)","SPLIT05","WaveICA","Residual GAM deviance"
"heldout_qc_cv_mean",39.0160264162903,"lower",6461,"percent","","waveica","winn_fixed_no_qc","WiNN fixed default (no QC)","SPLIT05","WaveICA","Held-out QC CV (%)"
"residual_run_order_gam_mean_deviance",0.0141634445598343,"lower",19383,"proportion","","waveica","winn_fixed_no_qc","WiNN fixed default (no QC)","SPLIT05","WaveICA","Residual GAM deviance"
"heldout_qc_cv_mean",49.227588589972,"lower",6461,"percent","","waveica","raw","Raw","SPLIT06","WaveICA","Held-out QC CV (%)"
"residual_run_order_gam_mean_deviance",0.205768293336358,"lower",19383,"proportion","","waveica","raw","Raw","SPLIT06","WaveICA","Residual GAM deviance"
"heldout_qc_cv_mean",41.0796529916698,"lower",6461,"percent","","waveica","combat","ComBat","SPLIT06","WaveICA","Held-out QC CV (%)"
"residual_run_order_gam_mean_deviance",0.207306999885326,"lower",19383,"proportion","","waveica","combat","ComBat","SPLIT06","WaveICA","Residual GAM deviance"
"heldout_qc_cv_mean",43.1415145821068,"lower",6461,"percent","","waveica","qc_rlsc","QC-RLSC","SPLIT06","WaveICA","Held-out QC CV (%)"
"residual_run_order_gam_mean_deviance",0.126289755936025,"lower",19383,"proportion","","waveica","qc_rlsc","QC-RLSC","SPLIT06","WaveICA","Residual GAM deviance"
"heldout_qc_cv_mean",17.2865943480177,"lower",6461,"percent","","waveica","qc_rfsc","QC-RFSC","SPLIT06","WaveICA","Held-out QC CV (%)"
"residual_run_order_gam_mean_deviance",0.12182915529191,"lower",19383,"proportion","","waveica","qc_rfsc","QC-RFSC","SPLIT06","WaveICA","Residual GAM deviance"
"heldout_qc_cv_mean",26.3960882183357,"lower",6461,"percent","","waveica","tiger","TIGER","SPLIT06","WaveICA","Held-out QC CV (%)"
"residual_run_order_gam_mean_deviance",0.11490512588988,"lower",19383,"proportion","","waveica","tiger","TIGER","SPLIT06","WaveICA","Residual GAM deviance"
"heldout_qc_cv_mean",34.5822059152346,"lower",6461,"percent","","waveica","serrf","SERRF","SPLIT06","WaveICA","Held-out QC CV (%)"
"residual_run_order_gam_mean_deviance",0.117682031530854,"lower",19383,"proportion","","waveica","serrf","SERRF","SPLIT06","WaveICA","Residual GAM deviance"
"heldout_qc_cv_mean",41.9047415621245,"lower",6461,"percent","","waveica","winn_auto_qc","WiNN auto (QC)","SPLIT06","WaveICA","Held-out QC CV (%)"
"residual_run_order_gam_mean_deviance",0.0935189699656723,"lower",19383,"proportion","","waveica","winn_auto_qc","WiNN auto (QC)","SPLIT06","WaveICA","Residual GAM deviance"
"heldout_qc_cv_mean",42.7256671954106,"lower",6461,"percent","","waveica","winn_auto_batch_qc","WiNN auto-batch (QC)","SPLIT06","WaveICA","Held-out QC CV (%)"
"residual_run_order_gam_mean_deviance",0.211993206173756,"lower",19383,"proportion","","waveica","winn_auto_batch_qc","WiNN auto-batch (QC)","SPLIT06","WaveICA","Residual GAM deviance"
"heldout_qc_cv_mean",39.9434363451706,"lower",6461,"percent","","waveica","winn_fixed_no_qc","WiNN fixed default (no QC)","SPLIT06","WaveICA","Held-out QC CV (%)"
"residual_run_order_gam_mean_deviance",0.0141634445598343,"lower",19383,"proportion","","waveica","winn_fixed_no_qc","WiNN fixed default (no QC)","SPLIT06","WaveICA","Residual GAM deviance"
"heldout_qc_cv_mean",47.3345193090441,"lower",6461,"percent","","waveica","raw","Raw","SPLIT07","WaveICA","Held-out QC CV (%)"
"residual_run_order_gam_mean_deviance",0.205768293336358,"lower",19383,"proportion","","waveica","raw","Raw","SPLIT07","WaveICA","Residual GAM deviance"
"heldout_qc_cv_mean",38.4919766651504,"lower",6461,"percent","","waveica","combat","ComBat","SPLIT07","WaveICA","Held-out QC CV (%)"
"residual_run_order_gam_mean_deviance",0.207306999885326,"lower",19383,"proportion","","waveica","combat","ComBat","SPLIT07","WaveICA","Residual GAM deviance"
"heldout_qc_cv_mean",38.1787959536601,"lower",6461,"percent","","waveica","qc_rlsc","QC-RLSC","SPLIT07","WaveICA","Held-out QC CV (%)"
"residual_run_order_gam_mean_deviance",0.125365766799461,"lower",19383,"proportion","","waveica","qc_rlsc","QC-RLSC","SPLIT07","WaveICA","Residual GAM deviance"
"heldout_qc_cv_mean",16.0537933730823,"lower",6461,"percent","","waveica","qc_rfsc","QC-RFSC","SPLIT07","WaveICA","Held-out QC CV (%)"
"residual_run_order_gam_mean_deviance",0.123516833597149,"lower",19383,"proportion","","waveica","qc_rfsc","QC-RFSC","SPLIT07","WaveICA","Residual GAM deviance"
"heldout_qc_cv_mean",24.1770210794309,"lower",6461,"percent","","waveica","tiger","TIGER","SPLIT07","WaveICA","Held-out QC CV (%)"
"residual_run_order_gam_mean_deviance",0.114166379819103,"lower",19383,"proportion","","waveica","tiger","TIGER","SPLIT07","WaveICA","Residual GAM deviance"
"heldout_qc_cv_mean",32.7453793438783,"lower",6461,"percent","","waveica","serrf","SERRF","SPLIT07","WaveICA","Held-out QC CV (%)"
"residual_run_order_gam_mean_deviance",0.118510548990111,"lower",19383,"proportion","","waveica","serrf","SERRF","SPLIT07","WaveICA","Residual GAM deviance"
"heldout_qc_cv_mean",37.4244651497356,"lower",6461,"percent","","waveica","winn_auto_qc","WiNN auto (QC)","SPLIT07","WaveICA","Held-out QC CV (%)"
"residual_run_order_gam_mean_deviance",0.0968522192033454,"lower",19383,"proportion","","waveica","winn_auto_qc","WiNN auto (QC)","SPLIT07","WaveICA","Residual GAM deviance"
"heldout_qc_cv_mean",40.1150722230751,"lower",6461,"percent","","waveica","winn_auto_batch_qc","WiNN auto-batch (QC)","SPLIT07","WaveICA","Held-out QC CV (%)"
"residual_run_order_gam_mean_deviance",0.210743912281422,"lower",19383,"proportion","","waveica","winn_auto_batch_qc","WiNN auto-batch (QC)","SPLIT07","WaveICA","Residual GAM deviance"
"heldout_qc_cv_mean",36.3782117251536,"lower",6461,"percent","","waveica","winn_fixed_no_qc","WiNN fixed default (no QC)","SPLIT07","WaveICA","Held-out QC CV (%)"
"residual_run_order_gam_mean_deviance",0.0141634445598343,"lower",19383,"proportion","","waveica","winn_fixed_no_qc","WiNN fixed default (no QC)","SPLIT07","WaveICA","Residual GAM deviance"
"heldout_qc_cv_mean",52.1773611197173,"lower",6461,"percent","","waveica","raw","Raw","SPLIT08","WaveICA","Held-out QC CV (%)"
"residual_run_order_gam_mean_deviance",0.205768293336358,"lower",19383,"proportion","","waveica","raw","Raw","SPLIT08","WaveICA","Residual GAM deviance"
"heldout_qc_cv_mean",43.1326717926442,"lower",6461,"percent","","waveica","combat","ComBat","SPLIT08","WaveICA","Held-out QC CV (%)"
"residual_run_order_gam_mean_deviance",0.207306999885326,"lower",19383,"proportion","","waveica","combat","ComBat","SPLIT08","WaveICA","Residual GAM deviance"
"heldout_qc_cv_mean",42.7870267393888,"lower",6461,"percent","","waveica","qc_rlsc","QC-RLSC","SPLIT08","WaveICA","Held-out QC CV (%)"
"residual_run_order_gam_mean_deviance",0.127872725255348,"lower",19383,"proportion","","waveica","qc_rlsc","QC-RLSC","SPLIT08","WaveICA","Residual GAM deviance"
"heldout_qc_cv_mean",17.1514793297499,"lower",6461,"percent","","waveica","qc_rfsc","QC-RFSC","SPLIT08","WaveICA","Held-out QC CV (%)"
"residual_run_order_gam_mean_deviance",0.121730164187171,"lower",19383,"proportion","","waveica","qc_rfsc","QC-RFSC","SPLIT08","WaveICA","Residual GAM deviance"
"heldout_qc_cv_mean",26.022871555182,"lower",6461,"percent","","waveica","tiger","TIGER","SPLIT08","WaveICA","Held-out QC CV (%)"
"residual_run_order_gam_mean_deviance",0.117115014199813,"lower",19383,"proportion","","waveica","tiger","TIGER","SPLIT08","WaveICA","Residual GAM deviance"
"heldout_qc_cv_mean",34.6026330660121,"lower",6461,"percent","","waveica","serrf","SERRF","SPLIT08","WaveICA","Held-out QC CV (%)"
"residual_run_order_gam_mean_deviance",0.120217790984844,"lower",19383,"proportion","","waveica","serrf","SERRF","SPLIT08","WaveICA","Residual GAM deviance"
"heldout_qc_cv_mean",40.7786487617556,"lower",6461,"percent","","waveica","winn_auto_qc","WiNN auto (QC)","SPLIT08","WaveICA","Held-out QC CV (%)"
"residual_run_order_gam_mean_deviance",0.0926038014623559,"lower",19383,"proportion","","waveica","winn_auto_qc","WiNN auto (QC)","SPLIT08","WaveICA","Residual GAM deviance"
"heldout_qc_cv_mean",43.8928761693292,"lower",6461,"percent","","waveica","winn_auto_batch_qc","WiNN auto-batch (QC)","SPLIT08","WaveICA","Held-out QC CV (%)"
"residual_run_order_gam_mean_deviance",0.211983829571599,"lower",19383,"proportion","","waveica","winn_auto_batch_qc","WiNN auto-batch (QC)","SPLIT08","WaveICA","Residual GAM deviance"
"heldout_qc_cv_mean",40.326964795574,"lower",6461,"percent","","waveica","winn_fixed_no_qc","WiNN fixed default (no QC)","SPLIT08","WaveICA","Held-out QC CV (%)"
"residual_run_order_gam_mean_deviance",0.0141634445598343,"lower",19383,"proportion","","waveica","winn_fixed_no_qc","WiNN fixed default (no QC)","SPLIT08","WaveICA","Residual GAM deviance"
"heldout_qc_cv_mean",51.2093468915116,"lower",6461,"percent","","waveica","raw","Raw","SPLIT09","WaveICA","Held-out QC CV (%)"
"residual_run_order_gam_mean_deviance",0.205768293336358,"lower",19383,"proportion","","waveica","raw","Raw","SPLIT09","WaveICA","Residual GAM deviance"
"heldout_qc_cv_mean",43.1244178523339,"lower",6461,"percent","","waveica","combat","ComBat","SPLIT09","WaveICA","Held-out QC CV (%)"
"residual_run_order_gam_mean_deviance",0.207306999885326,"lower",19383,"proportion","","waveica","combat","ComBat","SPLIT09","WaveICA","Residual GAM deviance"
"heldout_qc_cv_mean",42.7975477189439,"lower",6461,"percent","","waveica","qc_rlsc","QC-RLSC","SPLIT09","WaveICA","Held-out QC CV (%)"
"residual_run_order_gam_mean_deviance",0.126819899636919,"lower",19383,"proportion","","waveica","qc_rlsc","QC-RLSC","SPLIT09","WaveICA","Residual GAM deviance"
"heldout_qc_cv_mean",17.1504002568018,"lower",6461,"percent","","waveica","qc_rfsc","QC-RFSC","SPLIT09","WaveICA","Held-out QC CV (%)"
"residual_run_order_gam_mean_deviance",0.121900210629188,"lower",19383,"proportion","","waveica","qc_rfsc","QC-RFSC","SPLIT09","WaveICA","Residual GAM deviance"
"heldout_qc_cv_mean",25.9356332894506,"lower",6461,"percent","","waveica","tiger","TIGER","SPLIT09","WaveICA","Held-out QC CV (%)"
"residual_run_order_gam_mean_deviance",0.116408119343195,"lower",19383,"proportion","","waveica","tiger","TIGER","SPLIT09","WaveICA","Residual GAM deviance"
"heldout_qc_cv_mean",34.5219019097713,"lower",6461,"percent","","waveica","serrf","SERRF","SPLIT09","WaveICA","Held-out QC CV (%)"
"residual_run_order_gam_mean_deviance",0.11856236576414,"lower",19383,"proportion","","waveica","serrf","SERRF","SPLIT09","WaveICA","Residual GAM deviance"
"heldout_qc_cv_mean",40.8522598807197,"lower",6461,"percent","","waveica","winn_auto_qc","WiNN auto (QC)","SPLIT09","WaveICA","Held-out QC CV (%)"
"residual_run_order_gam_mean_deviance",0.0960017615548337,"lower",19383,"proportion","","waveica","winn_auto_qc","WiNN auto (QC)","SPLIT09","WaveICA","Residual GAM deviance"
"heldout_qc_cv_mean",44.2461282505019,"lower",6461,"percent","","waveica","winn_auto_batch_qc","WiNN auto-batch (QC)","SPLIT09","WaveICA","Held-out QC CV (%)"
"residual_run_order_gam_mean_deviance",0.211979678333838,"lower",19383,"proportion","","waveica","winn_auto_batch_qc","WiNN auto-batch (QC)","SPLIT09","WaveICA","Residual GAM deviance"
"heldout_qc_cv_mean",40.6870947243656,"lower",6461,"percent","","waveica","winn_fixed_no_qc","WiNN fixed default (no QC)","SPLIT09","WaveICA","Held-out QC CV (%)"
"residual_run_order_gam_mean_deviance",0.0141634445598343,"lower",19383,"proportion","","waveica","winn_fixed_no_qc","WiNN fixed default (no QC)","SPLIT09","WaveICA","Residual GAM deviance"
"heldout_qc_cv_mean",49.6379430997798,"lower",6461,"percent","","waveica","raw","Raw","SPLIT10","WaveICA","Held-out QC CV (%)"
"residual_run_order_gam_mean_deviance",0.205768293336358,"lower",19383,"proportion","","waveica","raw","Raw","SPLIT10","WaveICA","Residual GAM deviance"
"heldout_qc_cv_mean",40.5219758814271,"lower",6461,"percent","","waveica","combat","ComBat","SPLIT10","WaveICA","Held-out QC CV (%)"
"residual_run_order_gam_mean_deviance",0.207306999885326,"lower",19383,"proportion","","waveica","combat","ComBat","SPLIT10","WaveICA","Residual GAM deviance"
"heldout_qc_cv_mean",42.2670394590515,"lower",6461,"percent","","waveica","qc_rlsc","QC-RLSC","SPLIT10","WaveICA","Held-out QC CV (%)"
"residual_run_order_gam_mean_deviance",0.126415911288178,"lower",19383,"proportion","","waveica","qc_rlsc","QC-RLSC","SPLIT10","WaveICA","Residual GAM deviance"
"heldout_qc_cv_mean",16.6671945747369,"lower",6461,"percent","","waveica","qc_rfsc","QC-RFSC","SPLIT10","WaveICA","Held-out QC CV (%)"
"residual_run_order_gam_mean_deviance",0.12234682201274,"lower",19383,"proportion","","waveica","qc_rfsc","QC-RFSC","SPLIT10","WaveICA","Residual GAM deviance"
"heldout_qc_cv_mean",25.0926486195259,"lower",6461,"percent","","waveica","tiger","TIGER","SPLIT10","WaveICA","Held-out QC CV (%)"
"residual_run_order_gam_mean_deviance",0.114558983860395,"lower",19383,"proportion","","waveica","tiger","TIGER","SPLIT10","WaveICA","Residual GAM deviance"
"heldout_qc_cv_mean",33.7711772138881,"lower",6461,"percent","","waveica","serrf","SERRF","SPLIT10","WaveICA","Held-out QC CV (%)"
"residual_run_order_gam_mean_deviance",0.116536955010776,"lower",19383,"proportion","","waveica","serrf","SERRF","SPLIT10","WaveICA","Residual GAM deviance"
"heldout_qc_cv_mean",39.88000183532,"lower",6461,"percent","","waveica","winn_auto_qc","WiNN auto (QC)","SPLIT10","WaveICA","Held-out QC CV (%)"
"residual_run_order_gam_mean_deviance",0.0960115401494289,"lower",19383,"proportion","","waveica","winn_auto_qc","WiNN auto (QC)","SPLIT10","WaveICA","Residual GAM deviance"
"heldout_qc_cv_mean",42.6302081984726,"lower",6461,"percent","","waveica","winn_auto_batch_qc","WiNN auto-batch (QC)","SPLIT10","WaveICA","Held-out QC CV (%)"
"residual_run_order_gam_mean_deviance",0.211983286389546,"lower",19383,"proportion","","waveica","winn_auto_batch_qc","WiNN auto-batch (QC)","SPLIT10","WaveICA","Residual GAM deviance"
"heldout_qc_cv_mean",39.3282987838234,"lower",6461,"percent","","waveica","winn_fixed_no_qc","WiNN fixed default (no QC)","SPLIT10","WaveICA","Held-out QC CV (%)"
"residual_run_order_gam_mean_deviance",0.0141634445598343,"lower",19383,"proportion","","waveica","winn_fixed_no_qc","WiNN fixed default (no QC)","SPLIT10","WaveICA","Residual GAM deviance"
