"seed_id","scenario_id","scenario_index","confounding_axis","nominal_strength","n_study","n_case","n_control","cramers_v_phenotype_batch","abs_cor_phenotype_within_batch_order","weighted_mean_abs_within_plate_cor","max_abs_within_plate_cor","design_formula","design_nrow","design_ncol","design_rank","design_full_rank","design_condition_number","design_min_singular_value","target_case_count_P1","ideal_case_count_P1","realized_case_fraction_P1","target_case_count_P2","ideal_case_count_P2","realized_case_fraction_P2","target_case_count_P3","ideal_case_count_P3","realized_case_fraction_P3","target_case_count_P4","ideal_case_count_P4","realized_case_fraction_P4","target_case_count_P5","ideal_case_count_P5","realized_case_fraction_P5","n_qc","n_responsive_features","effect_magnitude_log","phenotype_supplied_to_correction","correction_input_fields","config_sha256","scenario_config_sha256","clean_baseline_log_sha256","batch_artifact_log_sha256","drift_artifact_log_sha256","technical_artifact_log_sha256","metadata_sha256","responsive_feature_truth_sha256","allocation_priority_sha256","method_rng_policy_sha256","phenotype_allocation_sha256","clean_ground_truth_sha256","raw_intensity_sha256","bundle_relative_path","bundle_sha256","validation_passed"
"CONF01","CONF01_none_0p00",1,"none",0,450,225,225,0,0.0115477182279074,0.0650949153439817,0.101363304444965,"~ phenotype + plate + within_plate_position_scaled",450,7,7,TRUE,7.20616225665631,3.85935715290474,45,45,0.5,45,45,0.5,45,45,0.5,45,45,0.5,45,45,0.5,50,100,0.35,FALSE,"sample_id;plate;order_in_plate;run_order;sample_type","e2452e8cba452fa669bc0202c76b7fc52f8d16e63ff273bbdac6c9ce5adfc3e7","4db9fa3fd81b347422c7b4d5555da8c22da5001057c2c926469dc6df364084f4","e450ddb1959dc0bdf9dad2df066436c8f6eb59cc3ca6a471f8ab11b13e880053","6ea04b24df48d15d8a224b8e0f251b0e852da8befe88462a587fb141d81a3519","4471d0863ca9f2f1d555c379aee62d58b7e15a9a5817524058dbc968494e1f28","36b2dbb113d830a60d469f10220c4355ef45a508ac7a979ebf19cd594319df90","b7d59407a3cef323480a5495fa633bc3f13c9a57381758413f92c01659087947","457643f4daba550689aa168282213b7ecda641ba553dba9bc8fad8afd3d30a45","3c468b96a0a95a3cdb3dd5a1b634dcf67efe21d4360d937de7b855fb31e34519","3d92ce152e5cae2d34fd973cecf1d8c01d3f9c03aefdf8b238bc1b855ccabcbd","56050237fd784fc49890bce8de9d76a340f5f9de468a84ca6d0a731c7f154824","64bd5dfad269cb1bbd0973c6f42080c62b9b4f2c529b6b92c1aa2caed22540df","44c3f9a34315778630d4b084f1b1c6892cc31a711d66f174b135b75beb637781","bundles/CONF01_none_0p00.rds","116eb65463e9e6ff9083f8690705e173ea52cd064fd8788de61b6e21910e4c70",TRUE
"CONF01","CONF01_batch_0p25",2,"batch",0.25,450,225,225,0.218637757799979,0.0341299227624818,0.0629955813578189,0.136732939271861,"~ phenotype + plate + within_plate_position_scaled",450,7,7,TRUE,7.33853314713442,3.78891128063528,56,56.25,0.622222222222222,56,56.25,0.622222222222222,45,45,0.5,34,33.75,0.377777777777778,34,33.75,0.377777777777778,50,100,0.35,FALSE,"sample_id;plate;order_in_plate;run_order;sample_type","e2452e8cba452fa669bc0202c76b7fc52f8d16e63ff273bbdac6c9ce5adfc3e7","d2d405b81f768d1aee07d8cf0e099ad30156331225a9d671d1b9be403404dbfe","e450ddb1959dc0bdf9dad2df066436c8f6eb59cc3ca6a471f8ab11b13e880053","6ea04b24df48d15d8a224b8e0f251b0e852da8befe88462a587fb141d81a3519","4471d0863ca9f2f1d555c379aee62d58b7e15a9a5817524058dbc968494e1f28","36b2dbb113d830a60d469f10220c4355ef45a508ac7a979ebf19cd594319df90","b7d59407a3cef323480a5495fa633bc3f13c9a57381758413f92c01659087947","457643f4daba550689aa168282213b7ecda641ba553dba9bc8fad8afd3d30a45","3c468b96a0a95a3cdb3dd5a1b634dcf67efe21d4360d937de7b855fb31e34519","3d92ce152e5cae2d34fd973cecf1d8c01d3f9c03aefdf8b238bc1b855ccabcbd","68dad1deb3aa07bdfd592de9bf43cad547bfcb9d5a223fd4ef9001c08c643c2a","9e330a4a0faa6186f01c82944396c7fd521b78f2eb33623f254472dfc8246906","8d5082cbd29bfae25a515ecd6700a60a2352b97b1285316ede90c00317daf42a","bundles/CONF01_batch_0p25.rds","12fbccb04bcea05d8029fa346bd557812345f43680cb85cc439d97a6a2014c03",TRUE
"CONF01","CONF01_run_order_0p25",3,"run_order",0.25,450,225,225,0,0.385864866119187,0.385864866119187,0.436674826321979,"~ phenotype + plate + within_plate_position_scaled",450,7,7,TRUE,7.32486212518418,3.77646192632765,45,45,0.5,45,45,0.5,45,45,0.5,45,45,0.5,45,45,0.5,50,100,0.35,FALSE,"sample_id;plate;order_in_plate;run_order;sample_type","e2452e8cba452fa669bc0202c76b7fc52f8d16e63ff273bbdac6c9ce5adfc3e7","fa1995e760318cd6f8d82da6f3a212efd787b82056a2dc06e5083f95110169b7","e450ddb1959dc0bdf9dad2df066436c8f6eb59cc3ca6a471f8ab11b13e880053","6ea04b24df48d15d8a224b8e0f251b0e852da8befe88462a587fb141d81a3519","4471d0863ca9f2f1d555c379aee62d58b7e15a9a5817524058dbc968494e1f28","36b2dbb113d830a60d469f10220c4355ef45a508ac7a979ebf19cd594319df90","b7d59407a3cef323480a5495fa633bc3f13c9a57381758413f92c01659087947","457643f4daba550689aa168282213b7ecda641ba553dba9bc8fad8afd3d30a45","3c468b96a0a95a3cdb3dd5a1b634dcf67efe21d4360d937de7b855fb31e34519","3d92ce152e5cae2d34fd973cecf1d8c01d3f9c03aefdf8b238bc1b855ccabcbd","d90219bd1235ddc4e221c007beaaf0fb977c2a73ad644722bf59c8d6d6eb76d5","ee282bd9a92ada1018c65692125643a507afe5c990341ca91a55abccf6f3e26e","3d3c17b624c98b2a46b282aff174ece18991a91adb42bdd8619146c62b060693","bundles/CONF01_run_order_0p25.rds","32beb3339b27c352bcd1f6d7941179f4706268b094fdc712ede2c6d74212535f",TRUE
"CONF01","CONF01_joint_0p25",4,"joint",0.25,450,225,225,0.218637757799979,0.340016147821718,0.348494178318603,0.449013329608887,"~ phenotype + plate + within_plate_position_scaled",450,7,7,TRUE,7.58674263150127,3.6452194227561,56,56.25,0.622222222222222,56,56.25,0.622222222222222,45,45,0.5,34,33.75,0.377777777777778,34,33.75,0.377777777777778,50,100,0.35,FALSE,"sample_id;plate;order_in_plate;run_order;sample_type","e2452e8cba452fa669bc0202c76b7fc52f8d16e63ff273bbdac6c9ce5adfc3e7","aea31be520980df11c6dc05495b203cc617a7e2721405bee23bf982069102a66","e450ddb1959dc0bdf9dad2df066436c8f6eb59cc3ca6a471f8ab11b13e880053","6ea04b24df48d15d8a224b8e0f251b0e852da8befe88462a587fb141d81a3519","4471d0863ca9f2f1d555c379aee62d58b7e15a9a5817524058dbc968494e1f28","36b2dbb113d830a60d469f10220c4355ef45a508ac7a979ebf19cd594319df90","b7d59407a3cef323480a5495fa633bc3f13c9a57381758413f92c01659087947","457643f4daba550689aa168282213b7ecda641ba553dba9bc8fad8afd3d30a45","3c468b96a0a95a3cdb3dd5a1b634dcf67efe21d4360d937de7b855fb31e34519","3d92ce152e5cae2d34fd973cecf1d8c01d3f9c03aefdf8b238bc1b855ccabcbd","7057f7ddb28fe5b57a84901d72b971b22904c9cedc4a176a0159e648e1efaf06","bf825246a081908576d220c5599aef88a5b9024e824dbddf82e47383081dc5a8","1d23763d9a7f109122cd80ac976db550d7acc804db7c84cc7245915013861433","bundles/CONF01_joint_0p25.rds","8f3692f44df9a161acb4c3167bd219f9971abbe27c6670c7400772012bb081fa",TRUE
"CONF01","CONF01_batch_0p50",5,"batch",0.5,450,225,225,0.457151675399957,0.0151403416765897,0.0237236947919188,0.0688586160997441,"~ phenotype + plate + within_plate_position_scaled",450,7,7,TRUE,7.74254358630913,3.58725536974497,68,67.5,0.755555555555556,68,67.5,0.755555555555556,45,45,0.5,22,22.5,0.244444444444444,22,22.5,0.244444444444444,50,100,0.35,FALSE,"sample_id;plate;order_in_plate;run_order;sample_type","e2452e8cba452fa669bc0202c76b7fc52f8d16e63ff273bbdac6c9ce5adfc3e7","8c27bc80cb5c319354fd02d92c70c79c9c438403d58b56b153e5d21cac4259d0","e450ddb1959dc0bdf9dad2df066436c8f6eb59cc3ca6a471f8ab11b13e880053","6ea04b24df48d15d8a224b8e0f251b0e852da8befe88462a587fb141d81a3519","4471d0863ca9f2f1d555c379aee62d58b7e15a9a5817524058dbc968494e1f28","36b2dbb113d830a60d469f10220c4355ef45a508ac7a979ebf19cd594319df90","b7d59407a3cef323480a5495fa633bc3f13c9a57381758413f92c01659087947","457643f4daba550689aa168282213b7ecda641ba553dba9bc8fad8afd3d30a45","3c468b96a0a95a3cdb3dd5a1b634dcf67efe21d4360d937de7b855fb31e34519","3d92ce152e5cae2d34fd973cecf1d8c01d3f9c03aefdf8b238bc1b855ccabcbd","90caed708c422bf47082c30320de1a89ca792e46f3fbd8f477f97c849a9f122c","c14c2ea82b9b544446d488f2bba25c56b4e5da6ace7a876f547e95404e986ee8","b4a370ce13c437a9f34982cf9f3ebeb7f020a2291dcc8caa5046fa71db0175fb","bundles/CONF01_batch_0p50.rds","1cffce2ea8423d74d8144307ae13c645bb80f5bb767b7f9123466533c54ee0c2",TRUE
"CONF01","CONF01_run_order_0p50",6,"run_order",0.5,450,225,225,0,0.643849445195992,0.643849445195992,0.677893829304934,"~ phenotype + plate + within_plate_position_scaled",450,7,7,TRUE,8.07995116335479,3.41124894634961,45,45,0.5,45,45,0.5,45,45,0.5,45,45,0.5,45,45,0.5,50,100,0.35,FALSE,"sample_id;plate;order_in_plate;run_order;sample_type","e2452e8cba452fa669bc0202c76b7fc52f8d16e63ff273bbdac6c9ce5adfc3e7","45649c0e640f9278b6ef9ec0aec63a052ddc5ac97e3a79e7f9aa30148d18191f","e450ddb1959dc0bdf9dad2df066436c8f6eb59cc3ca6a471f8ab11b13e880053","6ea04b24df48d15d8a224b8e0f251b0e852da8befe88462a587fb141d81a3519","4471d0863ca9f2f1d555c379aee62d58b7e15a9a5817524058dbc968494e1f28","36b2dbb113d830a60d469f10220c4355ef45a508ac7a979ebf19cd594319df90","b7d59407a3cef323480a5495fa633bc3f13c9a57381758413f92c01659087947","457643f4daba550689aa168282213b7ecda641ba553dba9bc8fad8afd3d30a45","3c468b96a0a95a3cdb3dd5a1b634dcf67efe21d4360d937de7b855fb31e34519","3d92ce152e5cae2d34fd973cecf1d8c01d3f9c03aefdf8b238bc1b855ccabcbd","b23abe34a786ca12409ebdb5ad3b46a80ad6678f8140431ef897dcf67097635b","af831134b4c99241c752f1a530a4418407b87b2ae0d47f6286cd22e5f327c2cb","256ee591da8a0a4aeaa0ccbc0d6569b45145b7b191573367c4570a7036551e0d","bundles/CONF01_run_order_0p50.rds","d32ce9e486f6f6fada10af6e8f47935028e3914285aacabae28a43b300952524",TRUE
"CONF01","CONF01_joint_0p50",7,"joint",0.5,450,225,225,0.457151675399957,0.500999893784101,0.562041211260432,0.637690662141108,"~ phenotype + plate + within_plate_position_scaled",450,7,7,TRUE,9.03341918521289,3.05198533229326,68,67.5,0.755555555555556,68,67.5,0.755555555555556,45,45,0.5,22,22.5,0.244444444444444,22,22.5,0.244444444444444,50,100,0.35,FALSE,"sample_id;plate;order_in_plate;run_order;sample_type","e2452e8cba452fa669bc0202c76b7fc52f8d16e63ff273bbdac6c9ce5adfc3e7","b81d0f36b05bc75b4f402910f5aed52438a9062bfbbae6309e02da9927ad4bd6","e450ddb1959dc0bdf9dad2df066436c8f6eb59cc3ca6a471f8ab11b13e880053","6ea04b24df48d15d8a224b8e0f251b0e852da8befe88462a587fb141d81a3519","4471d0863ca9f2f1d555c379aee62d58b7e15a9a5817524058dbc968494e1f28","36b2dbb113d830a60d469f10220c4355ef45a508ac7a979ebf19cd594319df90","b7d59407a3cef323480a5495fa633bc3f13c9a57381758413f92c01659087947","457643f4daba550689aa168282213b7ecda641ba553dba9bc8fad8afd3d30a45","3c468b96a0a95a3cdb3dd5a1b634dcf67efe21d4360d937de7b855fb31e34519","3d92ce152e5cae2d34fd973cecf1d8c01d3f9c03aefdf8b238bc1b855ccabcbd","a2aca7a3cf7e02104dc6c1695ba16e54d62689bda12e96ade260a59a7f7e2ceb","f1832ac6e62264367c0c22b4c8e92c1ab50b15e86ba0363caef983806dcc7c1d","436ed60bef520fdd0399f5df2a14331bbffed930e18cd0bb138940938833ebc6","bundles/CONF01_joint_0p50.rds","9d68175e0d52bd7eb68a5b751d0e3e28a0fa5ab5acc57943b095b7d17f218a59",TRUE
"CONF01","CONF01_batch_0p75",8,"batch",0.75,450,225,225,0.675789433199936,0.0209569701173134,0.066785783661925,0.169096572099407,"~ phenotype + plate + within_plate_position_scaled",450,7,7,TRUE,8.7966509463441,3.15377133952704,79,78.75,0.877777777777778,79,78.75,0.877777777777778,45,45,0.5,11,11.25,0.122222222222222,11,11.25,0.122222222222222,50,100,0.35,FALSE,"sample_id;plate;order_in_plate;run_order;sample_type","e2452e8cba452fa669bc0202c76b7fc52f8d16e63ff273bbdac6c9ce5adfc3e7","92b5f570bda209548821c037e54a6ca06c2b6704f102b2c8aef9209bbd2ba642","e450ddb1959dc0bdf9dad2df066436c8f6eb59cc3ca6a471f8ab11b13e880053","6ea04b24df48d15d8a224b8e0f251b0e852da8befe88462a587fb141d81a3519","4471d0863ca9f2f1d555c379aee62d58b7e15a9a5817524058dbc968494e1f28","36b2dbb113d830a60d469f10220c4355ef45a508ac7a979ebf19cd594319df90","b7d59407a3cef323480a5495fa633bc3f13c9a57381758413f92c01659087947","457643f4daba550689aa168282213b7ecda641ba553dba9bc8fad8afd3d30a45","3c468b96a0a95a3cdb3dd5a1b634dcf67efe21d4360d937de7b855fb31e34519","3d92ce152e5cae2d34fd973cecf1d8c01d3f9c03aefdf8b238bc1b855ccabcbd","0728226313df768077c34e7d434ad4de70148130c3a3e4c744509bec1586806c","87212d7677a40f91af29f0c976e5c063dd3398d02fafd7a38a91019f61fef69b","04b114df7b80f34173800a22845a752bcd9cec93237a85df74478e679327e80d","bundles/CONF01_batch_0p75.rds","e692652d8f8ddbcd5d19927bd2c5662834f8e3ce7240f539b3a3c251d3977cbf",TRUE
"CONF01","CONF01_run_order_0p75",9,"run_order",0.75,450,225,225,0,0.799700871945972,0.799700871945972,0.820743380716825,"~ phenotype + plate + within_plate_position_scaled",450,7,7,TRUE,10.16813006242,2.70492636009759,45,45,0.5,45,45,0.5,45,45,0.5,45,45,0.5,45,45,0.5,50,100,0.35,FALSE,"sample_id;plate;order_in_plate;run_order;sample_type","e2452e8cba452fa669bc0202c76b7fc52f8d16e63ff273bbdac6c9ce5adfc3e7","a600a388b239ba29d375c4952467c075227ac63aa2778f048f10cf7bebee7139","e450ddb1959dc0bdf9dad2df066436c8f6eb59cc3ca6a471f8ab11b13e880053","6ea04b24df48d15d8a224b8e0f251b0e852da8befe88462a587fb141d81a3519","4471d0863ca9f2f1d555c379aee62d58b7e15a9a5817524058dbc968494e1f28","36b2dbb113d830a60d469f10220c4355ef45a508ac7a979ebf19cd594319df90","b7d59407a3cef323480a5495fa633bc3f13c9a57381758413f92c01659087947","457643f4daba550689aa168282213b7ecda641ba553dba9bc8fad8afd3d30a45","3c468b96a0a95a3cdb3dd5a1b634dcf67efe21d4360d937de7b855fb31e34519","3d92ce152e5cae2d34fd973cecf1d8c01d3f9c03aefdf8b238bc1b855ccabcbd","7c1cccde12959d8d2b86d467c288ff5795f9759d55b6b1acf4879d478dc804df","e4b4fa869c30b6fda6d1af56784522e878c622b83c9eda4930df17c959b3a897","5cfa0aee07a3ca35b67e0ca95a9d18ee14e8b31ad37b95384ea2869ebf462806","bundles/CONF01_run_order_0p75.rds","edc34e50d41f9094937ac31e92138ebadffff040fa760330c3432bd51bc509f2",TRUE
"CONF01","CONF01_joint_0p75",10,"joint",0.75,450,225,225,0.675789433199936,0.443004686683944,0.5933410300227,0.787383305836204,"~ phenotype + plate + within_plate_position_scaled",450,7,7,TRUE,11.0197918653016,2.50231387102205,79,78.75,0.877777777777778,79,78.75,0.877777777777778,45,45,0.5,11,11.25,0.122222222222222,11,11.25,0.122222222222222,50,100,0.35,FALSE,"sample_id;plate;order_in_plate;run_order;sample_type","e2452e8cba452fa669bc0202c76b7fc52f8d16e63ff273bbdac6c9ce5adfc3e7","87134a075b1eb4a4be9e2c95ba0328d04cfda3a0200a645d6ce5a79f8c1f276c","e450ddb1959dc0bdf9dad2df066436c8f6eb59cc3ca6a471f8ab11b13e880053","6ea04b24df48d15d8a224b8e0f251b0e852da8befe88462a587fb141d81a3519","4471d0863ca9f2f1d555c379aee62d58b7e15a9a5817524058dbc968494e1f28","36b2dbb113d830a60d469f10220c4355ef45a508ac7a979ebf19cd594319df90","b7d59407a3cef323480a5495fa633bc3f13c9a57381758413f92c01659087947","457643f4daba550689aa168282213b7ecda641ba553dba9bc8fad8afd3d30a45","3c468b96a0a95a3cdb3dd5a1b634dcf67efe21d4360d937de7b855fb31e34519","3d92ce152e5cae2d34fd973cecf1d8c01d3f9c03aefdf8b238bc1b855ccabcbd","99ddbaf5e6aadc33f82e2641e89a4647963f035bd1cef2500ef850d272eb1151","ca0ebdede404f679dbe9c7eae528dd5f04157f6d271280cceac85480caa46274","e68a54e9047100b550a95f593c1f904edac11b4f35e998ae43c82405e95ae005","bundles/CONF01_joint_0p75.rds","73d09886127309828aea15eab2786f8ee0793dd536948b98a45f839736f2bbe2",TRUE
"CONF01","CONF01_batch_0p90",11,"batch",0.9,450,225,225,0.814922551799923,0.0159957282119902,0.133313081365915,0.251119866938575,"~ phenotype + plate + within_plate_position_scaled",450,7,7,TRUE,10.6483575096326,2.60468211082177,86,85.5,0.955555555555556,86,85.5,0.955555555555556,45,45,0.5,4,4.5,0.0444444444444444,4,4.5,0.0444444444444444,50,100,0.35,FALSE,"sample_id;plate;order_in_plate;run_order;sample_type","e2452e8cba452fa669bc0202c76b7fc52f8d16e63ff273bbdac6c9ce5adfc3e7","8ae3404051cf2d191ea1738e3604f7cfb02f66e104d0169654117cac1a1f3367","e450ddb1959dc0bdf9dad2df066436c8f6eb59cc3ca6a471f8ab11b13e880053","6ea04b24df48d15d8a224b8e0f251b0e852da8befe88462a587fb141d81a3519","4471d0863ca9f2f1d555c379aee62d58b7e15a9a5817524058dbc968494e1f28","36b2dbb113d830a60d469f10220c4355ef45a508ac7a979ebf19cd594319df90","b7d59407a3cef323480a5495fa633bc3f13c9a57381758413f92c01659087947","457643f4daba550689aa168282213b7ecda641ba553dba9bc8fad8afd3d30a45","3c468b96a0a95a3cdb3dd5a1b634dcf67efe21d4360d937de7b855fb31e34519","3d92ce152e5cae2d34fd973cecf1d8c01d3f9c03aefdf8b238bc1b855ccabcbd","d978d584a0e5b9fcefe896cbac5157bc455fe11ca9ef91cff648bad09ae6c047","1468da917e0881b22dd8cd4f401a24433b428d004f5d6ecd5a4f1df9d6163e84","b7c4c7f7e9439d43a4de5e3fc495994c030b8743eda3025ffa85282d6eed78bb","bundles/CONF01_batch_0p90.rds","a9bedb701bfb7061ae36d17eed929c05bee12c5b94e427af7a3896e9c46b1b18",TRUE
"CONF01","CONF01_run_order_0p90",12,"run_order",0.9,450,225,225,0,0.856498537896568,0.856498537896568,0.86009116134525,"~ phenotype + plate + within_plate_position_scaled",450,7,7,TRUE,11.8629195964656,2.31670656376757,45,45,0.5,45,45,0.5,45,45,0.5,45,45,0.5,45,45,0.5,50,100,0.35,FALSE,"sample_id;plate;order_in_plate;run_order;sample_type","e2452e8cba452fa669bc0202c76b7fc52f8d16e63ff273bbdac6c9ce5adfc3e7","869d6f7ce41e0f71ba63c4bcca019fb5f469c9196bc47b128e3db8dbdae89b76","e450ddb1959dc0bdf9dad2df066436c8f6eb59cc3ca6a471f8ab11b13e880053","6ea04b24df48d15d8a224b8e0f251b0e852da8befe88462a587fb141d81a3519","4471d0863ca9f2f1d555c379aee62d58b7e15a9a5817524058dbc968494e1f28","36b2dbb113d830a60d469f10220c4355ef45a508ac7a979ebf19cd594319df90","b7d59407a3cef323480a5495fa633bc3f13c9a57381758413f92c01659087947","457643f4daba550689aa168282213b7ecda641ba553dba9bc8fad8afd3d30a45","3c468b96a0a95a3cdb3dd5a1b634dcf67efe21d4360d937de7b855fb31e34519","3d92ce152e5cae2d34fd973cecf1d8c01d3f9c03aefdf8b238bc1b855ccabcbd","4b92895f4dd3bc96f6e66116c93896811c64dac8398a20687d28ef240c40e979","6e4e584cf7bc731ac097f0125bc2b451aad251415cd08f491970eddfe02f0fdb","b4168f76659912ad16a63d99f05c1a6b1744ff56c9a009c69999848e79b02c89","bundles/CONF01_run_order_0p90.rds","c68379e2db1911ce318575c34526226c5e3856b59db31f6a0a94cf926557a3d8",TRUE
"CONF01","CONF01_joint_0p90",13,"joint",0.9,450,225,225,0.814922551799923,0.288692955697685,0.456562790664156,0.854958842132847,"~ phenotype + plate + within_plate_position_scaled",450,7,7,TRUE,12.5553410775708,2.20035811594303,86,85.5,0.955555555555556,86,85.5,0.955555555555556,45,45,0.5,4,4.5,0.0444444444444444,4,4.5,0.0444444444444444,50,100,0.35,FALSE,"sample_id;plate;order_in_plate;run_order;sample_type","e2452e8cba452fa669bc0202c76b7fc52f8d16e63ff273bbdac6c9ce5adfc3e7","8759b28482b928fa030c7e71641f058817d407e271c538dc09471234314d38d9","e450ddb1959dc0bdf9dad2df066436c8f6eb59cc3ca6a471f8ab11b13e880053","6ea04b24df48d15d8a224b8e0f251b0e852da8befe88462a587fb141d81a3519","4471d0863ca9f2f1d555c379aee62d58b7e15a9a5817524058dbc968494e1f28","36b2dbb113d830a60d469f10220c4355ef45a508ac7a979ebf19cd594319df90","b7d59407a3cef323480a5495fa633bc3f13c9a57381758413f92c01659087947","457643f4daba550689aa168282213b7ecda641ba553dba9bc8fad8afd3d30a45","3c468b96a0a95a3cdb3dd5a1b634dcf67efe21d4360d937de7b855fb31e34519","3d92ce152e5cae2d34fd973cecf1d8c01d3f9c03aefdf8b238bc1b855ccabcbd","192c0495c8d433c1a6f346063dec226738a2a45362d5ec06aae786972ed2826c","9277a94c107eb6c67609c642dbba3c1214fab305eb103e608c00e89e1baadf0b","69ff0bc2f5caec424e09387312cddd6f9168ce60ac51d1dbebfb25d871b50b71","bundles/CONF01_joint_0p90.rds","6dc9137bc3e2671e9a5683710fbcf1470cbc3ae302f6f61509eb5d4e2aca01ca",TRUE
"CONF01","CONF01_batch_1p00",14,"batch",1,450,225,225,0.894427190999916,0.0137717232199488,0.0688586160997441,0.0688586160997441,"~ phenotype + plate + within_plate_position_scaled",450,7,7,TRUE,13.366165229348,2.07562937211073,90,90,1,90,90,1,45,45,0.5,0,0,0,0,0,0,50,100,0.35,FALSE,"sample_id;plate;order_in_plate;run_order;sample_type","e2452e8cba452fa669bc0202c76b7fc52f8d16e63ff273bbdac6c9ce5adfc3e7","658834c151c3ef0df71be210fd5bd4a342abc962f59924860e6ca965614a71c4","e450ddb1959dc0bdf9dad2df066436c8f6eb59cc3ca6a471f8ab11b13e880053","6ea04b24df48d15d8a224b8e0f251b0e852da8befe88462a587fb141d81a3519","4471d0863ca9f2f1d555c379aee62d58b7e15a9a5817524058dbc968494e1f28","36b2dbb113d830a60d469f10220c4355ef45a508ac7a979ebf19cd594319df90","b7d59407a3cef323480a5495fa633bc3f13c9a57381758413f92c01659087947","457643f4daba550689aa168282213b7ecda641ba553dba9bc8fad8afd3d30a45","3c468b96a0a95a3cdb3dd5a1b634dcf67efe21d4360d937de7b855fb31e34519","3d92ce152e5cae2d34fd973cecf1d8c01d3f9c03aefdf8b238bc1b855ccabcbd","572f21a2cbed7afb4871db24ada9eb2193576b02664fad901685cbfc73b308d5","0444bcea2d197181291b6d57f1341c476bb0ea67e2e2c30409399757a632256d","6920b04424471202b2cf21e9713bb6cac86a1153699de94086116e282533c4df","bundles/CONF01_batch_1p00.rds","167f5f55334f3f96cf442ba34012c159fac2d2e7c83c01ab0244ed25f2f91908",TRUE
"CONF01","CONF01_run_order_1p00",15,"run_order",1,450,225,225,0,0.866078867093054,0.866078867093054,0.866078867093054,"~ phenotype + plate + within_plate_position_scaled",450,7,7,TRUE,12.2571850578752,2.24189736854381,45,45,0.5,45,45,0.5,45,45,0.5,45,45,0.5,45,45,0.5,50,100,0.35,FALSE,"sample_id;plate;order_in_plate;run_order;sample_type","e2452e8cba452fa669bc0202c76b7fc52f8d16e63ff273bbdac6c9ce5adfc3e7","cfdb08f0da58c814a4d4ee32bb2adb9dfbb3f1fb2cdfe07a402399b45fa84a7a","e450ddb1959dc0bdf9dad2df066436c8f6eb59cc3ca6a471f8ab11b13e880053","6ea04b24df48d15d8a224b8e0f251b0e852da8befe88462a587fb141d81a3519","4471d0863ca9f2f1d555c379aee62d58b7e15a9a5817524058dbc968494e1f28","36b2dbb113d830a60d469f10220c4355ef45a508ac7a979ebf19cd594319df90","b7d59407a3cef323480a5495fa633bc3f13c9a57381758413f92c01659087947","457643f4daba550689aa168282213b7ecda641ba553dba9bc8fad8afd3d30a45","3c468b96a0a95a3cdb3dd5a1b634dcf67efe21d4360d937de7b855fb31e34519","3d92ce152e5cae2d34fd973cecf1d8c01d3f9c03aefdf8b238bc1b855ccabcbd","151e736f4ffff3859ba33d8926cb6489fe36679c09345d5c02f9e25a780677da","f2c1769f54673f8d2f7c1b16c8500708974208e505decf7c5f49e847bdb736d3","ca669acde58dfd82e2531e03345636fd8aaf58e47dbce2e091fbd7d6c3247802","bundles/CONF01_run_order_1p00.rds","c58644adfef2096a6bc5fc974db5078c2297f3b6b011fe2418d47cdbe33cafc7",TRUE
"CONF01","CONF01_joint_1p00",16,"joint",1,450,225,225,0.894427190999916,0.173215773418611,0.866078867093054,0.866078867093054,"~ phenotype + plate + within_plate_position_scaled",450,7,7,TRUE,14.8598036973637,1.86190902773352,90,90,1,90,90,1,45,45,0.5,0,0,0,0,0,0,50,100,0.35,FALSE,"sample_id;plate;order_in_plate;run_order;sample_type","e2452e8cba452fa669bc0202c76b7fc52f8d16e63ff273bbdac6c9ce5adfc3e7","649408b727cf6b189837492c2020cc4e4b72224e38e864799d77f9a4305d7123","e450ddb1959dc0bdf9dad2df066436c8f6eb59cc3ca6a471f8ab11b13e880053","6ea04b24df48d15d8a224b8e0f251b0e852da8befe88462a587fb141d81a3519","4471d0863ca9f2f1d555c379aee62d58b7e15a9a5817524058dbc968494e1f28","36b2dbb113d830a60d469f10220c4355ef45a508ac7a979ebf19cd594319df90","b7d59407a3cef323480a5495fa633bc3f13c9a57381758413f92c01659087947","457643f4daba550689aa168282213b7ecda641ba553dba9bc8fad8afd3d30a45","3c468b96a0a95a3cdb3dd5a1b634dcf67efe21d4360d937de7b855fb31e34519","3d92ce152e5cae2d34fd973cecf1d8c01d3f9c03aefdf8b238bc1b855ccabcbd","1d24f34bcf9828bd8786043a3008e63388610c609ccf0d91446d58b3aee28761","74efdaeee3c4b17f497fa76d3eb15071b7777d7e75fd45fb8baab463db44285d","a2b22769e068c5355a869e654710bf2ebfc9049af7987fbb2f5049af3591b76d","bundles/CONF01_joint_1p00.rds","af0860c62e4500c6fe00a941cfecf71058436b0b9f49e11efb66d2be27afd8f0",TRUE
"CONF02","CONF02_none_0p00",1,"none",0,450,225,225,0,0.0204437381960731,0.0308794539279598,0.0628709103519402,"~ phenotype + plate + within_plate_position_scaled",450,7,7,TRUE,7.20674017991891,3.85854643545552,45,45,0.5,45,45,0.5,45,45,0.5,45,45,0.5,45,45,0.5,50,100,0.35,FALSE,"sample_id;plate;order_in_plate;run_order;sample_type","e2452e8cba452fa669bc0202c76b7fc52f8d16e63ff273bbdac6c9ce5adfc3e7","11381c08c6dab01dbb3bdb42f86d1086b379fa1bc88820a9f861f8700c0c5d9c","92dee66c244acb260a92bff66101939427aac521f7ba9eb954bc377e46beb418","7aaea902d171dbb3efcbec4f2c649d7c6fa2fdd95ffcd65b36ba1ee0731bf602","6ac04c87a15c51ac00820bfe45890c5e5e4b5fd8063e7cc4251d4d3cfbcc7416","92e19d844da004649607414969975eb7e85cabbc9cd26f274383cd99dfc8d395","b7d59407a3cef323480a5495fa633bc3f13c9a57381758413f92c01659087947","ed96822a85112b741d88ca033c4657893f85f15248ba32e6e1ba060deac24977","3a9a7d76375632a26755301225bafe151d08be052aee32e656d698c93a796ff7","1d9993bdd5238443e2a18cea6867a99f719ca45d934ade9c991fb64f706a5069","35c40a175dc3fccf4b7b3aeb2deafc43f0e29573fea6cef0c9fb35dec0fd2966","1fe22f106c8bee44272026f315531134edfb35f5256bc90b6e7e287a94da1f2d","3876fead0bfdbb831fac978c63ffee23376d17ae0f3f1bad539072cdd990df1b","bundles/CONF02_none_0p00.rds","b90753b8284730395ee9b57319961fd9f5ebd1ef581481a8fcf6800f4a3f0f68",TRUE
"CONF02","CONF02_batch_0p25",2,"batch",0.25,450,225,225,0.218637757799979,0.0100080224641864,0.0438559400601855,0.103211315450373,"~ phenotype + plate + within_plate_position_scaled",450,7,7,TRUE,7.35142393544481,3.77982271739689,56,56.25,0.622222222222222,56,56.25,0.622222222222222,45,45,0.5,34,33.75,0.377777777777778,34,33.75,0.377777777777778,50,100,0.35,FALSE,"sample_id;plate;order_in_plate;run_order;sample_type","e2452e8cba452fa669bc0202c76b7fc52f8d16e63ff273bbdac6c9ce5adfc3e7","f5775b717e464dad6b95f2b902a3d5198ffedf871bc65b4d4f6b0bac236a95d9","92dee66c244acb260a92bff66101939427aac521f7ba9eb954bc377e46beb418","7aaea902d171dbb3efcbec4f2c649d7c6fa2fdd95ffcd65b36ba1ee0731bf602","6ac04c87a15c51ac00820bfe45890c5e5e4b5fd8063e7cc4251d4d3cfbcc7416","92e19d844da004649607414969975eb7e85cabbc9cd26f274383cd99dfc8d395","b7d59407a3cef323480a5495fa633bc3f13c9a57381758413f92c01659087947","ed96822a85112b741d88ca033c4657893f85f15248ba32e6e1ba060deac24977","3a9a7d76375632a26755301225bafe151d08be052aee32e656d698c93a796ff7","1d9993bdd5238443e2a18cea6867a99f719ca45d934ade9c991fb64f706a5069","fc3bb791d71c2ace0c04a161a33d678a0f41996eaa9d56d3b1267f586980e78e","1bb77638cca73255e1f0d6542b5919fb6681fdd4c3d5d0c96cc1fa83b1cc7ee2","bd8daecd16e2d4817121846949f9f56ae7c115270d0b8fd9c15d4f80ebf417f9","bundles/CONF02_batch_0p25.rds","f8572d8b606ab81b5ff55b6bbf5bd4dedc86a77479d30375ab6fcdf208a5d134",TRUE
"CONF02","CONF02_run_order_0p25",3,"run_order",0.25,450,225,225,0,0.393905499551952,0.393905499551952,0.447794851282187,"~ phenotype + plate + within_plate_position_scaled",450,7,7,TRUE,7.33204637440606,3.77233362363009,45,45,0.5,45,45,0.5,45,45,0.5,45,45,0.5,45,45,0.5,50,100,0.35,FALSE,"sample_id;plate;order_in_plate;run_order;sample_type","e2452e8cba452fa669bc0202c76b7fc52f8d16e63ff273bbdac6c9ce5adfc3e7","16f9f1e76c7768516fbdae7ab764db45f3626ac9c98fdaa28984dfe4539d3de3","92dee66c244acb260a92bff66101939427aac521f7ba9eb954bc377e46beb418","7aaea902d171dbb3efcbec4f2c649d7c6fa2fdd95ffcd65b36ba1ee0731bf602","6ac04c87a15c51ac00820bfe45890c5e5e4b5fd8063e7cc4251d4d3cfbcc7416","92e19d844da004649607414969975eb7e85cabbc9cd26f274383cd99dfc8d395","b7d59407a3cef323480a5495fa633bc3f13c9a57381758413f92c01659087947","ed96822a85112b741d88ca033c4657893f85f15248ba32e6e1ba060deac24977","3a9a7d76375632a26755301225bafe151d08be052aee32e656d698c93a796ff7","1d9993bdd5238443e2a18cea6867a99f719ca45d934ade9c991fb64f706a5069","256bc0bfb01ce40a6d9f2889fc3f03ce9992713888e48e07075dcd36a1f0a5f3","3f7bd89a65057c6720537d9f930b62dd7bc2f1956e116e68d81ad76e3f4c2755","84749d6037d591019bccecd8b8e78d2a71e872663be770bb7c5631ea75dd4e83","bundles/CONF02_run_order_0p25.rds","5c875606112a29e6d133d3e525dd935bbf8824357a3d0b5d41dfd393f11cde2b",TRUE
"CONF02","CONF02_joint_0p25",4,"joint",0.25,450,225,225,0.218637757799979,0.373718377316499,0.383047422238261,0.454306217580701,"~ phenotype + plate + within_plate_position_scaled",450,7,7,TRUE,7.63896094810649,3.61857423315484,56,56.25,0.622222222222222,56,56.25,0.622222222222222,45,45,0.5,34,33.75,0.377777777777778,34,33.75,0.377777777777778,50,100,0.35,FALSE,"sample_id;plate;order_in_plate;run_order;sample_type","e2452e8cba452fa669bc0202c76b7fc52f8d16e63ff273bbdac6c9ce5adfc3e7","8ac9891c64e67e88fa7f2ebe2c232cb54b384e733ee415ef83d55bd8165b7d40","92dee66c244acb260a92bff66101939427aac521f7ba9eb954bc377e46beb418","7aaea902d171dbb3efcbec4f2c649d7c6fa2fdd95ffcd65b36ba1ee0731bf602","6ac04c87a15c51ac00820bfe45890c5e5e4b5fd8063e7cc4251d4d3cfbcc7416","92e19d844da004649607414969975eb7e85cabbc9cd26f274383cd99dfc8d395","b7d59407a3cef323480a5495fa633bc3f13c9a57381758413f92c01659087947","ed96822a85112b741d88ca033c4657893f85f15248ba32e6e1ba060deac24977","3a9a7d76375632a26755301225bafe151d08be052aee32e656d698c93a796ff7","1d9993bdd5238443e2a18cea6867a99f719ca45d934ade9c991fb64f706a5069","2589d706dd8a1044b72545a7dac7f0cebda848fba0e5729e0fac24c7540b1f24","d47895cf08207536f565f907fd9c381b93269a0c638e852640fe5c6484c86b21","5142bbb0530ffc2d6f83bbb21ee7b897b2890b0cc8837b00f5b0c921b8a0b268","bundles/CONF02_joint_0p25.rds","11b10b23c85529371aef59810ff54649a0e006cd9f13b829770e84dfe303fe41",TRUE
"CONF02","CONF02_batch_0p50",5,"batch",0.5,450,225,225,0.457151675399957,0.026602521250957,0.0645316084348846,0.175154699666672,"~ phenotype + plate + within_plate_position_scaled",450,7,7,TRUE,7.77124496770113,3.57182280737395,68,67.5,0.755555555555556,68,67.5,0.755555555555556,45,45,0.5,22,22.5,0.244444444444444,22,22.5,0.244444444444444,50,100,0.35,FALSE,"sample_id;plate;order_in_plate;run_order;sample_type","e2452e8cba452fa669bc0202c76b7fc52f8d16e63ff273bbdac6c9ce5adfc3e7","c061296f4591ff96d3156b34f187247172dbbb36d8e78ee0565396d4c5668b13","92dee66c244acb260a92bff66101939427aac521f7ba9eb954bc377e46beb418","7aaea902d171dbb3efcbec4f2c649d7c6fa2fdd95ffcd65b36ba1ee0731bf602","6ac04c87a15c51ac00820bfe45890c5e5e4b5fd8063e7cc4251d4d3cfbcc7416","92e19d844da004649607414969975eb7e85cabbc9cd26f274383cd99dfc8d395","b7d59407a3cef323480a5495fa633bc3f13c9a57381758413f92c01659087947","ed96822a85112b741d88ca033c4657893f85f15248ba32e6e1ba060deac24977","3a9a7d76375632a26755301225bafe151d08be052aee32e656d698c93a796ff7","1d9993bdd5238443e2a18cea6867a99f719ca45d934ade9c991fb64f706a5069","d41d3c9a656690f51e5a7abc4c4375358211048e5ec4dbe24a64214d97248b3d","7e180d0793a1f7aab4dedff67844a337597664164b3124ce3fdbf2f68f78123e","23feaebcca62d902bf0cdadbad24ecd1a384ec77198dba352c0ffab8f346c824","bundles/CONF02_batch_0p50.rds","08b7b42a2986222de0c37f441fb66e81dc953f76545a323df5a08d0a727f1192",TRUE
"CONF02","CONF02_run_order_0p50",6,"run_order",0.5,450,225,225,0,0.639230357904829,0.639230357904829,0.668484577415528,"~ phenotype + plate + within_plate_position_scaled",450,7,7,TRUE,8.04773094238341,3.42512435892889,45,45,0.5,45,45,0.5,45,45,0.5,45,45,0.5,45,45,0.5,50,100,0.35,FALSE,"sample_id;plate;order_in_plate;run_order;sample_type","e2452e8cba452fa669bc0202c76b7fc52f8d16e63ff273bbdac6c9ce5adfc3e7","f55ded8bb7fb645570aa3a5fb4f0d551a8e0815072d09003aeecdebe15524d4c","92dee66c244acb260a92bff66101939427aac521f7ba9eb954bc377e46beb418","7aaea902d171dbb3efcbec4f2c649d7c6fa2fdd95ffcd65b36ba1ee0731bf602","6ac04c87a15c51ac00820bfe45890c5e5e4b5fd8063e7cc4251d4d3cfbcc7416","92e19d844da004649607414969975eb7e85cabbc9cd26f274383cd99dfc8d395","b7d59407a3cef323480a5495fa633bc3f13c9a57381758413f92c01659087947","ed96822a85112b741d88ca033c4657893f85f15248ba32e6e1ba060deac24977","3a9a7d76375632a26755301225bafe151d08be052aee32e656d698c93a796ff7","1d9993bdd5238443e2a18cea6867a99f719ca45d934ade9c991fb64f706a5069","7c9eeba7d5cadbf818736f15ea04daf47aa58cc6f839adecab53e4b5bb7195be","698419cc02770441bae3d16310057adba8d066bfedb692e1cf3d2709d151be48","d5a4b72a8b68106a96bbad70350fc85d657c7eff8891ec9bdc4037945ff624e0","bundles/CONF02_run_order_0p50.rds","b20f7eb21240ed6db918066afbe82fe47980c973ad54155fca0f53582972c98e",TRUE
"CONF02","CONF02_joint_0p50",7,"joint",0.5,450,225,225,0.457151675399957,0.5001445072487,0.561465445968625,0.6248598641101,"~ phenotype + plate + within_plate_position_scaled",450,7,7,TRUE,9.02749102796321,3.05402603658622,68,67.5,0.755555555555556,68,67.5,0.755555555555556,45,45,0.5,22,22.5,0.244444444444444,22,22.5,0.244444444444444,50,100,0.35,FALSE,"sample_id;plate;order_in_plate;run_order;sample_type","e2452e8cba452fa669bc0202c76b7fc52f8d16e63ff273bbdac6c9ce5adfc3e7","28a46141906e71b357caac3170ac6cc7d1d200b71fb1949c90ac16cb5f27feed","92dee66c244acb260a92bff66101939427aac521f7ba9eb954bc377e46beb418","7aaea902d171dbb3efcbec4f2c649d7c6fa2fdd95ffcd65b36ba1ee0731bf602","6ac04c87a15c51ac00820bfe45890c5e5e4b5fd8063e7cc4251d4d3cfbcc7416","92e19d844da004649607414969975eb7e85cabbc9cd26f274383cd99dfc8d395","b7d59407a3cef323480a5495fa633bc3f13c9a57381758413f92c01659087947","ed96822a85112b741d88ca033c4657893f85f15248ba32e6e1ba060deac24977","3a9a7d76375632a26755301225bafe151d08be052aee32e656d698c93a796ff7","1d9993bdd5238443e2a18cea6867a99f719ca45d934ade9c991fb64f706a5069","3bbaf50221c02262703ef113d1e81521bbd998cab20753a1036c70cb8548db13","f2cf7de8e1be277261402ae060bcfb45b30c087ab41f93921e3ba84fd64d4239","0abe260a87b217efa7b8845152f4d53bed0f79d3b9713a163f25258738c2f2cd","bundles/CONF02_joint_0p50.rds","5283b58780b49b691ba6ecc33861683f1ac06a88a00e66de46dff739423e514b",TRUE
"CONF02","CONF02_batch_0p75",8,"batch",0.75,450,225,225,0.675789433199936,0.0248917481801559,0.115163273856446,0.178236927348023,"~ phenotype + plate + within_plate_position_scaled",450,7,7,TRUE,8.80219806215423,3.15160227024819,79,78.75,0.877777777777778,79,78.75,0.877777777777778,45,45,0.5,11,11.25,0.122222222222222,11,11.25,0.122222222222222,50,100,0.35,FALSE,"sample_id;plate;order_in_plate;run_order;sample_type","e2452e8cba452fa669bc0202c76b7fc52f8d16e63ff273bbdac6c9ce5adfc3e7","dd2aa3210a2d72c775b780f718901b013dbf28db26760e8232b1bde9246a00c0","92dee66c244acb260a92bff66101939427aac521f7ba9eb954bc377e46beb418","7aaea902d171dbb3efcbec4f2c649d7c6fa2fdd95ffcd65b36ba1ee0731bf602","6ac04c87a15c51ac00820bfe45890c5e5e4b5fd8063e7cc4251d4d3cfbcc7416","92e19d844da004649607414969975eb7e85cabbc9cd26f274383cd99dfc8d395","b7d59407a3cef323480a5495fa633bc3f13c9a57381758413f92c01659087947","ed96822a85112b741d88ca033c4657893f85f15248ba32e6e1ba060deac24977","3a9a7d76375632a26755301225bafe151d08be052aee32e656d698c93a796ff7","1d9993bdd5238443e2a18cea6867a99f719ca45d934ade9c991fb64f706a5069","3a10520d19aa5c3ced99036d777a09e496089e95b98d99fffcda2ffd46f811d7","cfc62cb8d0ab6ccf36dd4011f387dfe7c95097709e95ea71f3ee3e9ae5330864","0f084da1bd3336ffbd4d2762ddc5a5eb3e040a37c4be0cc6c5a11d8878a4903b","bundles/CONF02_batch_0p75.rds","a3295b9e5f9e064108f926518be0d120aa541ca7929609ace806c582c3fbedf5",TRUE
"CONF02","CONF02_run_order_0p75",9,"run_order",0.75,450,225,225,0,0.806030732307936,0.806030732307936,0.825020313393828,"~ phenotype + plate + within_plate_position_scaled",450,7,7,TRUE,10.3166415388678,2.66575906049798,45,45,0.5,45,45,0.5,45,45,0.5,45,45,0.5,45,45,0.5,50,100,0.35,FALSE,"sample_id;plate;order_in_plate;run_order;sample_type","e2452e8cba452fa669bc0202c76b7fc52f8d16e63ff273bbdac6c9ce5adfc3e7","c2a9a2575bbef1dd3009ac27317366c6ffe17f6d3da8c2f6e31d67488bdf0520","92dee66c244acb260a92bff66101939427aac521f7ba9eb954bc377e46beb418","7aaea902d171dbb3efcbec4f2c649d7c6fa2fdd95ffcd65b36ba1ee0731bf602","6ac04c87a15c51ac00820bfe45890c5e5e4b5fd8063e7cc4251d4d3cfbcc7416","92e19d844da004649607414969975eb7e85cabbc9cd26f274383cd99dfc8d395","b7d59407a3cef323480a5495fa633bc3f13c9a57381758413f92c01659087947","ed96822a85112b741d88ca033c4657893f85f15248ba32e6e1ba060deac24977","3a9a7d76375632a26755301225bafe151d08be052aee32e656d698c93a796ff7","1d9993bdd5238443e2a18cea6867a99f719ca45d934ade9c991fb64f706a5069","3560770612dfdb44df51aaa365739f0a9911f53610d3dc48975d8db2a6ee80bc","a618269812adb6a52adbbb07d591226ea9aaeda1b59f480bdc09f7148a0b6625","1209808f6ad4c3973bbee20b907a853bb6f62d83b5203aa6d4afcaffcd31e705","bundles/CONF02_run_order_0p75.rds","dbee25dd8993de074e7f47186db574b57debbcad544ad26fb5c61d77808a1246",TRUE
"CONF02","CONF02_joint_0p75",10,"joint",0.75,450,225,225,0.675789433199936,0.43753021285738,0.584984133795394,0.787383305836204,"~ phenotype + plate + within_plate_position_scaled",450,7,7,TRUE,10.9475756237912,2.51901472121333,79,78.75,0.877777777777778,79,78.75,0.877777777777778,45,45,0.5,11,11.25,0.122222222222222,11,11.25,0.122222222222222,50,100,0.35,FALSE,"sample_id;plate;order_in_plate;run_order;sample_type","e2452e8cba452fa669bc0202c76b7fc52f8d16e63ff273bbdac6c9ce5adfc3e7","6d9d8cec8b638823e5eb2de5069b27be15bb7663d9d8db293af15531b673559a","92dee66c244acb260a92bff66101939427aac521f7ba9eb954bc377e46beb418","7aaea902d171dbb3efcbec4f2c649d7c6fa2fdd95ffcd65b36ba1ee0731bf602","6ac04c87a15c51ac00820bfe45890c5e5e4b5fd8063e7cc4251d4d3cfbcc7416","92e19d844da004649607414969975eb7e85cabbc9cd26f274383cd99dfc8d395","b7d59407a3cef323480a5495fa633bc3f13c9a57381758413f92c01659087947","ed96822a85112b741d88ca033c4657893f85f15248ba32e6e1ba060deac24977","3a9a7d76375632a26755301225bafe151d08be052aee32e656d698c93a796ff7","1d9993bdd5238443e2a18cea6867a99f719ca45d934ade9c991fb64f706a5069","4f68b25849492fe671835516ca41574da1af6291695ba6b91e0d409e228b15f9","8ef25f874edafb7fa6c44ad464abb87bef478df355ca32924ae2b4935f32da2e","8c2e1d6619dca51d1286fafbb0967d6dfe6ee4d7ebd48a375f10c3fe7f37d4af","bundles/CONF02_joint_0p75.rds","616ca41ae0629c5e8829b1fb058d1e37f6033050a018fffa82ce26acc5b1073e",TRUE
"CONF02","CONF02_batch_0p90",11,"batch",0.9,450,225,225,0.814922551799923,0.010863408999587,0.0645734627786975,0.159803551688184,"~ phenotype + plate + within_plate_position_scaled",450,7,7,TRUE,10.6002678007991,2.61753095551754,86,85.5,0.955555555555556,86,85.5,0.955555555555556,45,45,0.5,4,4.5,0.0444444444444444,4,4.5,0.0444444444444444,50,100,0.35,FALSE,"sample_id;plate;order_in_plate;run_order;sample_type","e2452e8cba452fa669bc0202c76b7fc52f8d16e63ff273bbdac6c9ce5adfc3e7","9c3146addb368be053423c8da62502e3b3d3aa7a5b9df941158e316546cff4ca","92dee66c244acb260a92bff66101939427aac521f7ba9eb954bc377e46beb418","7aaea902d171dbb3efcbec4f2c649d7c6fa2fdd95ffcd65b36ba1ee0731bf602","6ac04c87a15c51ac00820bfe45890c5e5e4b5fd8063e7cc4251d4d3cfbcc7416","92e19d844da004649607414969975eb7e85cabbc9cd26f274383cd99dfc8d395","b7d59407a3cef323480a5495fa633bc3f13c9a57381758413f92c01659087947","ed96822a85112b741d88ca033c4657893f85f15248ba32e6e1ba060deac24977","3a9a7d76375632a26755301225bafe151d08be052aee32e656d698c93a796ff7","1d9993bdd5238443e2a18cea6867a99f719ca45d934ade9c991fb64f706a5069","ceeaca73bca91a7ee656d18cda7aadca7fd7e891e80cb7c9e30f4735ed6b7fb9","a7ab76510bb3847ef853a73dadc1162432a3847387047678c7b83fb0ee97c510","2ae22cb73cfe58916cd04705d0a12cf644361469bef3c0f52382f7d2eda31b06","bundles/CONF02_batch_0p90.rds","b4b810ffd1cc996e5be7c570fd7aec238cfc0d4b3ad71cf3a319c50568f8a8bd",TRUE
"CONF02","CONF02_run_order_0p90",12,"run_order",0.9,450,225,225,0,0.858380388274449,0.858380388274449,0.86009116134525,"~ phenotype + plate + within_plate_position_scaled",450,7,7,TRUE,11.9370694865814,2.30225731422775,45,45,0.5,45,45,0.5,45,45,0.5,45,45,0.5,45,45,0.5,50,100,0.35,FALSE,"sample_id;plate;order_in_plate;run_order;sample_type","e2452e8cba452fa669bc0202c76b7fc52f8d16e63ff273bbdac6c9ce5adfc3e7","1d456a94aafa63f0585399e913d8e85006523e4da5aa3ad4d0428e577e084538","92dee66c244acb260a92bff66101939427aac521f7ba9eb954bc377e46beb418","7aaea902d171dbb3efcbec4f2c649d7c6fa2fdd95ffcd65b36ba1ee0731bf602","6ac04c87a15c51ac00820bfe45890c5e5e4b5fd8063e7cc4251d4d3cfbcc7416","92e19d844da004649607414969975eb7e85cabbc9cd26f274383cd99dfc8d395","b7d59407a3cef323480a5495fa633bc3f13c9a57381758413f92c01659087947","ed96822a85112b741d88ca033c4657893f85f15248ba32e6e1ba060deac24977","3a9a7d76375632a26755301225bafe151d08be052aee32e656d698c93a796ff7","1d9993bdd5238443e2a18cea6867a99f719ca45d934ade9c991fb64f706a5069","5c054ebe97c6bb28eb35010fa8b5237a6cf96bb39c3d94afc25d32c2598dc65a","debb691550b8607e012164f927ef4256517dc153c8bca792b0dda3aaef08a7c5","5347df702feb61f29c16e1f9afc4ac5830e39fb25a24f8595d7b4438b20ed5f7","bundles/CONF02_run_order_0p90.rds","dc340c86019b13413cef098acda7ab385f62a5742a454e938c2887bf86431c83",TRUE
"CONF02","CONF02_joint_0p90",13,"joint",0.9,450,225,225,0.814922551799923,0.289719419540165,0.457589254506636,0.86009116134525,"~ phenotype + plate + within_plate_position_scaled",450,7,7,TRUE,12.5704912076543,2.19767395226525,86,85.5,0.955555555555556,86,85.5,0.955555555555556,45,45,0.5,4,4.5,0.0444444444444444,4,4.5,0.0444444444444444,50,100,0.35,FALSE,"sample_id;plate;order_in_plate;run_order;sample_type","e2452e8cba452fa669bc0202c76b7fc52f8d16e63ff273bbdac6c9ce5adfc3e7","5a92592017b7af01cddba5bab0291cc704b6175ae119cb4316834f3e19ffdb06","92dee66c244acb260a92bff66101939427aac521f7ba9eb954bc377e46beb418","7aaea902d171dbb3efcbec4f2c649d7c6fa2fdd95ffcd65b36ba1ee0731bf602","6ac04c87a15c51ac00820bfe45890c5e5e4b5fd8063e7cc4251d4d3cfbcc7416","92e19d844da004649607414969975eb7e85cabbc9cd26f274383cd99dfc8d395","b7d59407a3cef323480a5495fa633bc3f13c9a57381758413f92c01659087947","ed96822a85112b741d88ca033c4657893f85f15248ba32e6e1ba060deac24977","3a9a7d76375632a26755301225bafe151d08be052aee32e656d698c93a796ff7","1d9993bdd5238443e2a18cea6867a99f719ca45d934ade9c991fb64f706a5069","3acaa3ec1238d5afc68459849ff6c1b45f228890ce880b6d4b55cbd49e7fa7bf","4c43339e136fd62a875995d382004230898652443574b257d4f538f6ddf86150","2829de4976719530934dbd33784fde37730fd3aebf95822f844675ecb093586f","bundles/CONF02_joint_0p90.rds","5094bcc1fa0d9ac6889687df95aa03852a949ed668d083858ea90451f560c74c",TRUE
"CONF02","CONF02_batch_1p00",14,"batch",1,450,225,225,0.894427190999916,0.00521785786594334,0.0260892893297167,0.0260892893297167,"~ phenotype + plate + within_plate_position_scaled",450,7,7,TRUE,13.3807524976903,2.07310565164041,90,90,1,90,90,1,45,45,0.5,0,0,0,0,0,0,50,100,0.35,FALSE,"sample_id;plate;order_in_plate;run_order;sample_type","e2452e8cba452fa669bc0202c76b7fc52f8d16e63ff273bbdac6c9ce5adfc3e7","195147ae62fd333d00199bd6888aae0e310f394c022e30908dd3e06d1b6e7153","92dee66c244acb260a92bff66101939427aac521f7ba9eb954bc377e46beb418","7aaea902d171dbb3efcbec4f2c649d7c6fa2fdd95ffcd65b36ba1ee0731bf602","6ac04c87a15c51ac00820bfe45890c5e5e4b5fd8063e7cc4251d4d3cfbcc7416","92e19d844da004649607414969975eb7e85cabbc9cd26f274383cd99dfc8d395","b7d59407a3cef323480a5495fa633bc3f13c9a57381758413f92c01659087947","ed96822a85112b741d88ca033c4657893f85f15248ba32e6e1ba060deac24977","3a9a7d76375632a26755301225bafe151d08be052aee32e656d698c93a796ff7","1d9993bdd5238443e2a18cea6867a99f719ca45d934ade9c991fb64f706a5069","0ccbc07d2f1ae030b2aec0cd219b3aa527d1f1b9e70ec26705a2697651a6e21f","cff8d47380e0fc87697503266db4c154566a5b5fe2e583873a61ca8aa7c85fc5","6873fcb7595fc88838be29c5edc5341fd996705f0a660b8b22eb2e7f40d3efe6","bundles/CONF02_batch_1p00.rds","70250ed7505545c4c872dce338b2f097f51cabcd3649084e37163ceef2462de1",TRUE
"CONF02","CONF02_run_order_1p00",15,"run_order",1,450,225,225,0,0.866078867093054,0.866078867093054,0.866078867093054,"~ phenotype + plate + within_plate_position_scaled",450,7,7,TRUE,12.2571850578752,2.24189736854381,45,45,0.5,45,45,0.5,45,45,0.5,45,45,0.5,45,45,0.5,50,100,0.35,FALSE,"sample_id;plate;order_in_plate;run_order;sample_type","e2452e8cba452fa669bc0202c76b7fc52f8d16e63ff273bbdac6c9ce5adfc3e7","c1197c1b460f2e099f9d076ffc2a2919e1f752055567f6414fd67170730ad938","92dee66c244acb260a92bff66101939427aac521f7ba9eb954bc377e46beb418","7aaea902d171dbb3efcbec4f2c649d7c6fa2fdd95ffcd65b36ba1ee0731bf602","6ac04c87a15c51ac00820bfe45890c5e5e4b5fd8063e7cc4251d4d3cfbcc7416","92e19d844da004649607414969975eb7e85cabbc9cd26f274383cd99dfc8d395","b7d59407a3cef323480a5495fa633bc3f13c9a57381758413f92c01659087947","ed96822a85112b741d88ca033c4657893f85f15248ba32e6e1ba060deac24977","3a9a7d76375632a26755301225bafe151d08be052aee32e656d698c93a796ff7","1d9993bdd5238443e2a18cea6867a99f719ca45d934ade9c991fb64f706a5069","151e736f4ffff3859ba33d8926cb6489fe36679c09345d5c02f9e25a780677da","3a38b094a76d65d8df08758f6e4cef31d2e6558701a9d94ee4423ee7dacca104","12fa29a129210bfb7e6215be773bd601d3a7b37cd0ea6985510104561a9b3093","bundles/CONF02_run_order_1p00.rds","32f3dcd3b709ecbfc4f8bac70e7e84bed10bd29d21c432dbd1de7503978b14ba",TRUE
"CONF02","CONF02_joint_1p00",16,"joint",1,450,225,225,0.894427190999916,0.173215773418611,0.866078867093054,0.866078867093054,"~ phenotype + plate + within_plate_position_scaled",450,7,7,TRUE,14.8598036973637,1.86190902773352,90,90,1,90,90,1,45,45,0.5,0,0,0,0,0,0,50,100,0.35,FALSE,"sample_id;plate;order_in_plate;run_order;sample_type","e2452e8cba452fa669bc0202c76b7fc52f8d16e63ff273bbdac6c9ce5adfc3e7","eb4b72156acc7ce55f7bb1cd295a1df62a21bd6ba99a8994c4e55c28a2827055","92dee66c244acb260a92bff66101939427aac521f7ba9eb954bc377e46beb418","7aaea902d171dbb3efcbec4f2c649d7c6fa2fdd95ffcd65b36ba1ee0731bf602","6ac04c87a15c51ac00820bfe45890c5e5e4b5fd8063e7cc4251d4d3cfbcc7416","92e19d844da004649607414969975eb7e85cabbc9cd26f274383cd99dfc8d395","b7d59407a3cef323480a5495fa633bc3f13c9a57381758413f92c01659087947","ed96822a85112b741d88ca033c4657893f85f15248ba32e6e1ba060deac24977","3a9a7d76375632a26755301225bafe151d08be052aee32e656d698c93a796ff7","1d9993bdd5238443e2a18cea6867a99f719ca45d934ade9c991fb64f706a5069","1d24f34bcf9828bd8786043a3008e63388610c609ccf0d91446d58b3aee28761","82d677fd5b95591e447bd95363419b8635d9ef14ed95330079637de9772abb03","9ad1b342379faeb53abdb7db8bd38aaf42e99aaf6caa54fc35d7d18a12ef80ed","bundles/CONF02_joint_1p00.rds","c10fdbae59ae70bcb7898a4acc2edf28f5092118aa3031bda5a53c2fe5b5871a",TRUE
"CONF03","CONF03_none_0p00",1,"none",0,450,225,225,0,0.00727078555090465,0.0638973741944209,0.141566471608791,"~ phenotype + plate + within_plate_position_scaled",450,7,7,TRUE,7.20510456433199,3.86098577301268,45,45,0.5,45,45,0.5,45,45,0.5,45,45,0.5,45,45,0.5,50,100,0.35,FALSE,"sample_id;plate;order_in_plate;run_order;sample_type","e2452e8cba452fa669bc0202c76b7fc52f8d16e63ff273bbdac6c9ce5adfc3e7","daa2237c46159c5c4e3eebd139ffd0c774700946e30a72f95afa78aac1eab17f","7e9787e9512e370dbb07563c015f86707bba0e3420d4ce875008e2c1ff6b50a7","3ee7feb16bd032f22a07eaf9ef2d8af6cebf17cda8f18e52cde15e952f4fc5fe","2b72212dc2b3acdaa4317bf79f6d278afa6dde6ee05c59bf7dc860cc2e1e916e","371a863dcf925f699b7d84c5ca97d133e407d8ffcdb98ac2b4662434aa09301e","b7d59407a3cef323480a5495fa633bc3f13c9a57381758413f92c01659087947","c0d1db2049c9eac448650476cd00d6d17dd3ec8e3bca6eeaf0d5d33fbd785ea1","6dd8289058ddbd9fed72f9ebba41b048895b52bcbf7f9cecd9aa6bff7b82cfe2","23afb5328ead6ffc370a8b571dfdb24f4f3e12c00d8d81dc32fc7f88f5f16dad","8985259cd7d0bec5e3e41c3eae386b843230d7dcea001771072e45c5e273e12f","0eb6555f459a0271296653c814e915125556d1d541e4022fb5e2e48562b0fa72","04447052d09a23e9f8ed6eb0bdde3d7a73cc24a86340ad5ef6de584712753851","bundles/CONF03_none_0p00.rds","ea8edc3d03cff5d14c815f92f8c3957f1d6f2d0cc23feb0c5705615767c8dbb6",TRUE
"CONF03","CONF03_batch_0p25",2,"batch",0.25,450,225,225,0.218637757799979,0.0127452593774682,0.0684060237169095,0.0996827234691635,"~ phenotype + plate + within_plate_position_scaled",450,7,7,TRUE,7.34448734303137,3.78465262483824,56,56.25,0.622222222222222,56,56.25,0.622222222222222,45,45,0.5,34,33.75,0.377777777777778,34,33.75,0.377777777777778,50,100,0.35,FALSE,"sample_id;plate;order_in_plate;run_order;sample_type","e2452e8cba452fa669bc0202c76b7fc52f8d16e63ff273bbdac6c9ce5adfc3e7","8a5df289c20305dc63b6b8218d178d990aae45d4ce80bbb731069c58a6dda01a","7e9787e9512e370dbb07563c015f86707bba0e3420d4ce875008e2c1ff6b50a7","3ee7feb16bd032f22a07eaf9ef2d8af6cebf17cda8f18e52cde15e952f4fc5fe","2b72212dc2b3acdaa4317bf79f6d278afa6dde6ee05c59bf7dc860cc2e1e916e","371a863dcf925f699b7d84c5ca97d133e407d8ffcdb98ac2b4662434aa09301e","b7d59407a3cef323480a5495fa633bc3f13c9a57381758413f92c01659087947","c0d1db2049c9eac448650476cd00d6d17dd3ec8e3bca6eeaf0d5d33fbd785ea1","6dd8289058ddbd9fed72f9ebba41b048895b52bcbf7f9cecd9aa6bff7b82cfe2","23afb5328ead6ffc370a8b571dfdb24f4f3e12c00d8d81dc32fc7f88f5f16dad","b91a8501e9dbddbf7f2945c8c81948fd4fec17fa320282a0f7a4e8ad54d4be51","58d646db2e01d7e0977cebb151e15c1b681fd3311127e28bcf3a515e04470dc8","172780f7ae2d7cc7700c98de2af7fddee73c13b915f1862804e454f24d826920","bundles/CONF03_batch_0p25.rds","000dbc0d08cef7b2d9cfd61d2e015094a4782a26615b93655b8bd3e1e84f4528",TRUE
"CONF03","CONF03_run_order_0p25",3,"run_order",0.25,450,225,225,0,0.382272242670505,0.382272242670505,0.479444153092007,"~ phenotype + plate + within_plate_position_scaled",450,7,7,TRUE,7.32178443815732,3.7782409551399,45,45,0.5,45,45,0.5,45,45,0.5,45,45,0.5,45,45,0.5,50,100,0.35,FALSE,"sample_id;plate;order_in_plate;run_order;sample_type","e2452e8cba452fa669bc0202c76b7fc52f8d16e63ff273bbdac6c9ce5adfc3e7","5673ee84d16c44e75988719f7c06d3578e0021304a5d792d449557422204a215","7e9787e9512e370dbb07563c015f86707bba0e3420d4ce875008e2c1ff6b50a7","3ee7feb16bd032f22a07eaf9ef2d8af6cebf17cda8f18e52cde15e952f4fc5fe","2b72212dc2b3acdaa4317bf79f6d278afa6dde6ee05c59bf7dc860cc2e1e916e","371a863dcf925f699b7d84c5ca97d133e407d8ffcdb98ac2b4662434aa09301e","b7d59407a3cef323480a5495fa633bc3f13c9a57381758413f92c01659087947","c0d1db2049c9eac448650476cd00d6d17dd3ec8e3bca6eeaf0d5d33fbd785ea1","6dd8289058ddbd9fed72f9ebba41b048895b52bcbf7f9cecd9aa6bff7b82cfe2","23afb5328ead6ffc370a8b571dfdb24f4f3e12c00d8d81dc32fc7f88f5f16dad","e53382fa59af2d599e8b6eb4007e57c8f5366e487ab3459d5f2dbc14a7a1411c","2d4b85a14865ea78516e434bd8dc7e57ed4d85d40d8446075a08d7801b924c93","3b8abfa54144a1b246ddaf2707d699d691fb0f0adab65bfe555c24e68b4d0fbb","bundles/CONF03_run_order_0p25.rds","4412acc5335f3462cbc162b992a6f9dc2bd4867ec3787932ff3c411a0d59f3d6",TRUE
"CONF03","CONF03_joint_0p25",4,"joint",0.25,450,225,225,0.218637757799979,0.363966970812933,0.373290663442715,0.426959629726329,"~ phenotype + plate + within_plate_position_scaled",450,7,7,TRUE,7.62287162516209,3.62671200008341,56,56.25,0.622222222222222,56,56.25,0.622222222222222,45,45,0.5,34,33.75,0.377777777777778,34,33.75,0.377777777777778,50,100,0.35,FALSE,"sample_id;plate;order_in_plate;run_order;sample_type","e2452e8cba452fa669bc0202c76b7fc52f8d16e63ff273bbdac6c9ce5adfc3e7","b7c07123d2541759864a23bce42931233fa387a1889e623bd36fe030fa68dd81","7e9787e9512e370dbb07563c015f86707bba0e3420d4ce875008e2c1ff6b50a7","3ee7feb16bd032f22a07eaf9ef2d8af6cebf17cda8f18e52cde15e952f4fc5fe","2b72212dc2b3acdaa4317bf79f6d278afa6dde6ee05c59bf7dc860cc2e1e916e","371a863dcf925f699b7d84c5ca97d133e407d8ffcdb98ac2b4662434aa09301e","b7d59407a3cef323480a5495fa633bc3f13c9a57381758413f92c01659087947","c0d1db2049c9eac448650476cd00d6d17dd3ec8e3bca6eeaf0d5d33fbd785ea1","6dd8289058ddbd9fed72f9ebba41b048895b52bcbf7f9cecd9aa6bff7b82cfe2","23afb5328ead6ffc370a8b571dfdb24f4f3e12c00d8d81dc32fc7f88f5f16dad","39fcf40cc83fe0f14d4bad73ea0459dbc2a6ba8f6813db1363f0cf1e7ede5eb0","a2aba36a98575875a236792b951cb3fc0493f4308a32c1df1f028ef2bf862592","8ede24a0dc66ff90031a607f81c5f67ae203d9daac7aa29251264b013c0d0de8","bundles/CONF03_joint_0p25.rds","28d1ae77288dc9efb168d530b1bb7e2df417902f60e6e6d6acb1a26bf61dd1a2",TRUE
"CONF03","CONF03_batch_0p50",5,"batch",0.5,450,225,225,0.457151675399957,0.0324191496916808,0.127115655203894,0.221928966054931,"~ phenotype + plate + within_plate_position_scaled",450,7,7,TRUE,7.73227552886697,3.59293041539025,68,67.5,0.755555555555556,68,67.5,0.755555555555556,45,45,0.5,22,22.5,0.244444444444444,22,22.5,0.244444444444444,50,100,0.35,FALSE,"sample_id;plate;order_in_plate;run_order;sample_type","e2452e8cba452fa669bc0202c76b7fc52f8d16e63ff273bbdac6c9ce5adfc3e7","17d06691701953ef01455c36074fc9915e1fc604a1523a5259980491bf477683","7e9787e9512e370dbb07563c015f86707bba0e3420d4ce875008e2c1ff6b50a7","3ee7feb16bd032f22a07eaf9ef2d8af6cebf17cda8f18e52cde15e952f4fc5fe","2b72212dc2b3acdaa4317bf79f6d278afa6dde6ee05c59bf7dc860cc2e1e916e","371a863dcf925f699b7d84c5ca97d133e407d8ffcdb98ac2b4662434aa09301e","b7d59407a3cef323480a5495fa633bc3f13c9a57381758413f92c01659087947","c0d1db2049c9eac448650476cd00d6d17dd3ec8e3bca6eeaf0d5d33fbd785ea1","6dd8289058ddbd9fed72f9ebba41b048895b52bcbf7f9cecd9aa6bff7b82cfe2","23afb5328ead6ffc370a8b571dfdb24f4f3e12c00d8d81dc32fc7f88f5f16dad","ea4feedd1724096483f8c9fdf372982f30ba45aa2fe1bf5dc32fc528d0eeeb47","d8e98339526e5fd928c879a9ddd662d52f9eb26174fcaacad3522a7e2ea5ea75","8e5188aaf2e4c8c0eae9803e7ae2fc8a6fde07b61da3114a76b6f4d6fc7610e5","bundles/CONF03_batch_0p50.rds","5af08842f41073420ce7eccd94ef178eb36cb46b5010502e3112141a556e02aa",TRUE
"CONF03","CONF03_run_order_0p50",6,"run_order",0.5,450,225,225,0,0.639059280597749,0.639059280597749,0.690724627335942,"~ phenotype + plate + within_plate_position_scaled",450,7,7,TRUE,8.04655996231529,3.42563087932085,45,45,0.5,45,45,0.5,45,45,0.5,45,45,0.5,45,45,0.5,50,100,0.35,FALSE,"sample_id;plate;order_in_plate;run_order;sample_type","e2452e8cba452fa669bc0202c76b7fc52f8d16e63ff273bbdac6c9ce5adfc3e7","af1b8b7f7235cadb72632b5e7520aafd1a825dfe1526ccbaa5d3eb09dff0b98e","7e9787e9512e370dbb07563c015f86707bba0e3420d4ce875008e2c1ff6b50a7","3ee7feb16bd032f22a07eaf9ef2d8af6cebf17cda8f18e52cde15e952f4fc5fe","2b72212dc2b3acdaa4317bf79f6d278afa6dde6ee05c59bf7dc860cc2e1e916e","371a863dcf925f699b7d84c5ca97d133e407d8ffcdb98ac2b4662434aa09301e","b7d59407a3cef323480a5495fa633bc3f13c9a57381758413f92c01659087947","c0d1db2049c9eac448650476cd00d6d17dd3ec8e3bca6eeaf0d5d33fbd785ea1","6dd8289058ddbd9fed72f9ebba41b048895b52bcbf7f9cecd9aa6bff7b82cfe2","23afb5328ead6ffc370a8b571dfdb24f4f3e12c00d8d81dc32fc7f88f5f16dad","705aae9117c5c42a43e104c7d703a2cabdd1fdc7f5bd60bcd451d2c2e1fbea0f","61987373dba0a17152c6c402eca27be02d20e17387f5846d2d05040839f15347","6efcffc1059060cc0074e0d50c2cd260224792816fdcb87c99122e9883439899","bundles/CONF03_run_order_0p50.rds","63e3fa6288055f65d17ba9e10d356873df8b628cc445cb08dcb3587f524af9e0",TRUE
"CONF03","CONF03_joint_0p50",7,"joint",0.5,450,225,225,0.457151675399957,0.489366636902653,0.550072408886674,0.654839729435627,"~ phenotype + plate + within_plate_position_scaled",450,7,7,TRUE,8.95516315947878,3.07915669874384,68,67.5,0.755555555555556,68,67.5,0.755555555555556,45,45,0.5,22,22.5,0.244444444444444,22,22.5,0.244444444444444,50,100,0.35,FALSE,"sample_id;plate;order_in_plate;run_order;sample_type","e2452e8cba452fa669bc0202c76b7fc52f8d16e63ff273bbdac6c9ce5adfc3e7","9729ccaa2e196bc799b4587f3a8d6428aa401b3adfad9fc7a33b21c1df6b3357","7e9787e9512e370dbb07563c015f86707bba0e3420d4ce875008e2c1ff6b50a7","3ee7feb16bd032f22a07eaf9ef2d8af6cebf17cda8f18e52cde15e952f4fc5fe","2b72212dc2b3acdaa4317bf79f6d278afa6dde6ee05c59bf7dc860cc2e1e916e","371a863dcf925f699b7d84c5ca97d133e407d8ffcdb98ac2b4662434aa09301e","b7d59407a3cef323480a5495fa633bc3f13c9a57381758413f92c01659087947","c0d1db2049c9eac448650476cd00d6d17dd3ec8e3bca6eeaf0d5d33fbd785ea1","6dd8289058ddbd9fed72f9ebba41b048895b52bcbf7f9cecd9aa6bff7b82cfe2","23afb5328ead6ffc370a8b571dfdb24f4f3e12c00d8d81dc32fc7f88f5f16dad","4e5fd23e46edd1b8e24ae02c5a747cbd2e34edd1804e1c8c0a2b9b996220970d","3bf5dcce7aa00e4e6a283246864290aa63559ad5ec2b05f5bacd70129c51b60d","d21173c6bd96ece36f195366d44aec1ddf0d745c42b256d0f933b72af8f3b229","bundles/CONF03_joint_0p50.rds","bbc3730ea1317cb89dbcc473bb0f6c944ea3736dc68bf1104e187fcdca12748c",TRUE
"CONF03","CONF03_batch_0p75",8,"batch",0.75,450,225,225,0.675789433199936,0.0385779327465647,0.127427060638056,0.299673075651072,"~ phenotype + plate + within_plate_position_scaled",450,7,7,TRUE,8.73083509747041,3.18032457675946,79,78.75,0.877777777777778,79,78.75,0.877777777777778,45,45,0.5,11,11.25,0.122222222222222,11,11.25,0.122222222222222,50,100,0.35,FALSE,"sample_id;plate;order_in_plate;run_order;sample_type","e2452e8cba452fa669bc0202c76b7fc52f8d16e63ff273bbdac6c9ce5adfc3e7","1f7dcad55d43467b5286aa5a30835dd7cd7fe82db2872a109d425129332a1880","7e9787e9512e370dbb07563c015f86707bba0e3420d4ce875008e2c1ff6b50a7","3ee7feb16bd032f22a07eaf9ef2d8af6cebf17cda8f18e52cde15e952f4fc5fe","2b72212dc2b3acdaa4317bf79f6d278afa6dde6ee05c59bf7dc860cc2e1e916e","371a863dcf925f699b7d84c5ca97d133e407d8ffcdb98ac2b4662434aa09301e","b7d59407a3cef323480a5495fa633bc3f13c9a57381758413f92c01659087947","c0d1db2049c9eac448650476cd00d6d17dd3ec8e3bca6eeaf0d5d33fbd785ea1","6dd8289058ddbd9fed72f9ebba41b048895b52bcbf7f9cecd9aa6bff7b82cfe2","23afb5328ead6ffc370a8b571dfdb24f4f3e12c00d8d81dc32fc7f88f5f16dad","a967cbea8713d542b01aeca628a9d9bf06d1042574c67201567266c8d8a3292c","b5e4ef72eca993a4cb3e62118a25ee13b62f8d2bc62542f8bfc3984587cdfc56","3b5f1632c6e4692a319915784029e28c3e184648aab1525a9bca8339f3ff1dd1","bundles/CONF03_batch_0p75.rds","3cfc43b643158f9f5933890204115204ba023c5ad6f7041ae212ea2bef306630",TRUE
"CONF03","CONF03_run_order_0p75",9,"run_order",0.75,450,225,225,0,0.791147006591966,0.791147006591966,0.814755674969021,"~ phenotype + plate + within_plate_position_scaled",450,7,7,TRUE,9.97940377146759,2.75640095026838,45,45,0.5,45,45,0.5,45,45,0.5,45,45,0.5,45,45,0.5,50,100,0.35,FALSE,"sample_id;plate;order_in_plate;run_order;sample_type","e2452e8cba452fa669bc0202c76b7fc52f8d16e63ff273bbdac6c9ce5adfc3e7","3607cb13c63605b74bd42e7df47723427febcfdae681cbc59f74ba8ab6837b54","7e9787e9512e370dbb07563c015f86707bba0e3420d4ce875008e2c1ff6b50a7","3ee7feb16bd032f22a07eaf9ef2d8af6cebf17cda8f18e52cde15e952f4fc5fe","2b72212dc2b3acdaa4317bf79f6d278afa6dde6ee05c59bf7dc860cc2e1e916e","371a863dcf925f699b7d84c5ca97d133e407d8ffcdb98ac2b4662434aa09301e","b7d59407a3cef323480a5495fa633bc3f13c9a57381758413f92c01659087947","c0d1db2049c9eac448650476cd00d6d17dd3ec8e3bca6eeaf0d5d33fbd785ea1","6dd8289058ddbd9fed72f9ebba41b048895b52bcbf7f9cecd9aa6bff7b82cfe2","23afb5328ead6ffc370a8b571dfdb24f4f3e12c00d8d81dc32fc7f88f5f16dad","c2991f281f410655beb92309c37c94d6479ee4bf665430532217795ea6ad8c72","d11d302563113096409a7ee43825d8ba811bdb92cf56b36e03a1b8f7c1183da4","7e4a2bd161548b54d31f4ad38cd694983b111a7db395a3224e8b3c28b3063700","bundles/CONF03_run_order_0p75.rds","24241db29706fc076c357031c8de0b8ae88602d96cc47371936b6b9580e3a9ed",TRUE
"CONF03","CONF03_joint_0p75",10,"joint",0.75,450,225,225,0.675789433199936,0.426239110590093,0.569639625027061,0.769420188592792,"~ phenotype + plate + within_plate_position_scaled",450,7,7,TRUE,10.8060949168002,2.55240153624289,79,78.75,0.877777777777778,79,78.75,0.877777777777778,45,45,0.5,11,11.25,0.122222222222222,11,11.25,0.122222222222222,50,100,0.35,FALSE,"sample_id;plate;order_in_plate;run_order;sample_type","e2452e8cba452fa669bc0202c76b7fc52f8d16e63ff273bbdac6c9ce5adfc3e7","164c60d066627798c52457d3ddb3ce3681098004f5c161c534759f16aadd8cb8","7e9787e9512e370dbb07563c015f86707bba0e3420d4ce875008e2c1ff6b50a7","3ee7feb16bd032f22a07eaf9ef2d8af6cebf17cda8f18e52cde15e952f4fc5fe","2b72212dc2b3acdaa4317bf79f6d278afa6dde6ee05c59bf7dc860cc2e1e916e","371a863dcf925f699b7d84c5ca97d133e407d8ffcdb98ac2b4662434aa09301e","b7d59407a3cef323480a5495fa633bc3f13c9a57381758413f92c01659087947","c0d1db2049c9eac448650476cd00d6d17dd3ec8e3bca6eeaf0d5d33fbd785ea1","6dd8289058ddbd9fed72f9ebba41b048895b52bcbf7f9cecd9aa6bff7b82cfe2","23afb5328ead6ffc370a8b571dfdb24f4f3e12c00d8d81dc32fc7f88f5f16dad","ab34f81db3096c893a61f48c78d1aebc1dda6699c5a202f470f03121d5e402e8","f313cd4019be4422d8389403642be78fae33d216eafeca185c188542e9be584a","b199317b097f3c141fd1e611d65210ed0def51f046e2651753650404c5d91fb0","bundles/CONF03_joint_0p75.rds","12b38e14d9f04d226f59d86c5ff9cb507706a2ec8ea390cb53a965d0e8da65f7",TRUE
"CONF03","CONF03_batch_0p90",11,"batch",0.9,450,225,225,0.814922551799923,0.00367816210222235,0.141421044147232,0.305079507768352,"~ phenotype + plate + within_plate_position_scaled",450,7,7,TRUE,10.6240252556724,2.61111961951714,86,85.5,0.955555555555556,86,85.5,0.955555555555556,45,45,0.5,4,4.5,0.0444444444444444,4,4.5,0.0444444444444444,50,100,0.35,FALSE,"sample_id;plate;order_in_plate;run_order;sample_type","e2452e8cba452fa669bc0202c76b7fc52f8d16e63ff273bbdac6c9ce5adfc3e7","49f45f799328bd13e76a6cb0eb243f6de3887596734fb3857249ac9493d8d939","7e9787e9512e370dbb07563c015f86707bba0e3420d4ce875008e2c1ff6b50a7","3ee7feb16bd032f22a07eaf9ef2d8af6cebf17cda8f18e52cde15e952f4fc5fe","2b72212dc2b3acdaa4317bf79f6d278afa6dde6ee05c59bf7dc860cc2e1e916e","371a863dcf925f699b7d84c5ca97d133e407d8ffcdb98ac2b4662434aa09301e","b7d59407a3cef323480a5495fa633bc3f13c9a57381758413f92c01659087947","c0d1db2049c9eac448650476cd00d6d17dd3ec8e3bca6eeaf0d5d33fbd785ea1","6dd8289058ddbd9fed72f9ebba41b048895b52bcbf7f9cecd9aa6bff7b82cfe2","23afb5328ead6ffc370a8b571dfdb24f4f3e12c00d8d81dc32fc7f88f5f16dad","d21116571cff4079d113c82c6682b6206d8bc1a002df35253efc1109cc32c54f","6a29cd5eeed07b93ea7f8e829ba14883d37bd7967b73a14bf089e78eb7ba5119","7218d6e2950b07cfd59737cdab75293bfa1a345992102e5b2b9d37f41875f949","bundles/CONF03_batch_0p90.rds","44d25ea749411e7fb542c7632bbdc11ff6693715c9c6fc932f1fb7249d43b0a7",TRUE
"CONF03","CONF03_run_order_0p90",12,"run_order",0.9,450,225,225,0,0.852734837140806,0.852734837140806,0.86009116134525,"~ phenotype + plate + within_plate_position_scaled",450,7,7,TRUE,11.7190899976416,2.34525892779656,45,45,0.5,45,45,0.5,45,45,0.5,45,45,0.5,45,45,0.5,50,100,0.35,FALSE,"sample_id;plate;order_in_plate;run_order;sample_type","e2452e8cba452fa669bc0202c76b7fc52f8d16e63ff273bbdac6c9ce5adfc3e7","471222f0b3f5c9bfecf1ac847a78530b96852a93af30118ee2dd491d502af279","7e9787e9512e370dbb07563c015f86707bba0e3420d4ce875008e2c1ff6b50a7","3ee7feb16bd032f22a07eaf9ef2d8af6cebf17cda8f18e52cde15e952f4fc5fe","2b72212dc2b3acdaa4317bf79f6d278afa6dde6ee05c59bf7dc860cc2e1e916e","371a863dcf925f699b7d84c5ca97d133e407d8ffcdb98ac2b4662434aa09301e","b7d59407a3cef323480a5495fa633bc3f13c9a57381758413f92c01659087947","c0d1db2049c9eac448650476cd00d6d17dd3ec8e3bca6eeaf0d5d33fbd785ea1","6dd8289058ddbd9fed72f9ebba41b048895b52bcbf7f9cecd9aa6bff7b82cfe2","23afb5328ead6ffc370a8b571dfdb24f4f3e12c00d8d81dc32fc7f88f5f16dad","bf877fd76c7d612448c752fb2b34d025fb25231ac6f2e946f16e4a878b7f9601","57a0219752e52553012b382697e877ffbd1d96532e225b68b4c314639107cdc8","d4b62a1a04c87e885f10a2e50a96885174e01cabaa58bc23ff9f9e364217640a","bundles/CONF03_run_order_0p90.rds","7cf0ecfadf8f714121372bd0c336251375cde338f2b4dbbf62d63da80bd3ac61",TRUE
"CONF03","CONF03_joint_0p90",13,"joint",0.9,450,225,225,0.814922551799923,0.287495414548124,0.455365249514595,0.848971136385043,"~ phenotype + plate + within_plate_position_scaled",450,7,7,TRUE,12.5377943568024,2.20347527196425,86,85.5,0.955555555555556,86,85.5,0.955555555555556,45,45,0.5,4,4.5,0.0444444444444444,4,4.5,0.0444444444444444,50,100,0.35,FALSE,"sample_id;plate;order_in_plate;run_order;sample_type","e2452e8cba452fa669bc0202c76b7fc52f8d16e63ff273bbdac6c9ce5adfc3e7","0e609e2ff8a1fb852c544148265db750824cf584dd224e21ce710df665c18796","7e9787e9512e370dbb07563c015f86707bba0e3420d4ce875008e2c1ff6b50a7","3ee7feb16bd032f22a07eaf9ef2d8af6cebf17cda8f18e52cde15e952f4fc5fe","2b72212dc2b3acdaa4317bf79f6d278afa6dde6ee05c59bf7dc860cc2e1e916e","371a863dcf925f699b7d84c5ca97d133e407d8ffcdb98ac2b4662434aa09301e","b7d59407a3cef323480a5495fa633bc3f13c9a57381758413f92c01659087947","c0d1db2049c9eac448650476cd00d6d17dd3ec8e3bca6eeaf0d5d33fbd785ea1","6dd8289058ddbd9fed72f9ebba41b048895b52bcbf7f9cecd9aa6bff7b82cfe2","23afb5328ead6ffc370a8b571dfdb24f4f3e12c00d8d81dc32fc7f88f5f16dad","c3ea6bb6ea75e451679663088b472b0ac4d5e2923cea8437779a61a5c243526a","16c85bfd1095fd4fac694bdf062b01bf58a36f138925be5e163ec5a72f16e63e","a133797b69434cfe1c8c5dba0acbbb9719cf9b552f8321dbf47a26b09bffdd53","bundles/CONF03_joint_0p90.rds","1c1831ccb4e6f5f1e0f9777fd329195fc7132846cc097b0bb092fbe8d832d860",TRUE
"CONF03","CONF03_batch_1p00",14,"batch",1,450,225,225,0.894427190999916,0.01565357359783,0.0782678679891501,0.0782678679891501,"~ phenotype + plate + within_plate_position_scaled",450,7,7,TRUE,13.363553423864,2.07609254983093,90,90,1,90,90,1,45,45,0.5,0,0,0,0,0,0,50,100,0.35,FALSE,"sample_id;plate;order_in_plate;run_order;sample_type","e2452e8cba452fa669bc0202c76b7fc52f8d16e63ff273bbdac6c9ce5adfc3e7","de408d57cddd80260174a48274ca0550798a7ae65a2c9eb04c85ebed03c27245","7e9787e9512e370dbb07563c015f86707bba0e3420d4ce875008e2c1ff6b50a7","3ee7feb16bd032f22a07eaf9ef2d8af6cebf17cda8f18e52cde15e952f4fc5fe","2b72212dc2b3acdaa4317bf79f6d278afa6dde6ee05c59bf7dc860cc2e1e916e","371a863dcf925f699b7d84c5ca97d133e407d8ffcdb98ac2b4662434aa09301e","b7d59407a3cef323480a5495fa633bc3f13c9a57381758413f92c01659087947","c0d1db2049c9eac448650476cd00d6d17dd3ec8e3bca6eeaf0d5d33fbd785ea1","6dd8289058ddbd9fed72f9ebba41b048895b52bcbf7f9cecd9aa6bff7b82cfe2","23afb5328ead6ffc370a8b571dfdb24f4f3e12c00d8d81dc32fc7f88f5f16dad","6d46a89c22ff322f4ffa666a124a791eeab015d6a667d3dacc06f704443c492a","c4141d589bcd1e7513d45b612bbd8e2896372149842ac71a5e5a71887209768e","b2565f01039f9abc70e443c1c584fd88fdad4d38451b894566e03abb5e85459f","bundles/CONF03_batch_1p00.rds","57cfa5638ca896260aea2a7319b5610cc0d7ddd434f2a53f08b0275d747fdda0",TRUE
"CONF03","CONF03_run_order_1p00",15,"run_order",1,450,225,225,0,0.866078867093054,0.866078867093054,0.866078867093054,"~ phenotype + plate + within_plate_position_scaled",450,7,7,TRUE,12.2571850578752,2.24189736854381,45,45,0.5,45,45,0.5,45,45,0.5,45,45,0.5,45,45,0.5,50,100,0.35,FALSE,"sample_id;plate;order_in_plate;run_order;sample_type","e2452e8cba452fa669bc0202c76b7fc52f8d16e63ff273bbdac6c9ce5adfc3e7","3e2868b840d7bd1a5421a105f5f634a3200ba9f59a46d97eec4a11d9caf28ffa","7e9787e9512e370dbb07563c015f86707bba0e3420d4ce875008e2c1ff6b50a7","3ee7feb16bd032f22a07eaf9ef2d8af6cebf17cda8f18e52cde15e952f4fc5fe","2b72212dc2b3acdaa4317bf79f6d278afa6dde6ee05c59bf7dc860cc2e1e916e","371a863dcf925f699b7d84c5ca97d133e407d8ffcdb98ac2b4662434aa09301e","b7d59407a3cef323480a5495fa633bc3f13c9a57381758413f92c01659087947","c0d1db2049c9eac448650476cd00d6d17dd3ec8e3bca6eeaf0d5d33fbd785ea1","6dd8289058ddbd9fed72f9ebba41b048895b52bcbf7f9cecd9aa6bff7b82cfe2","23afb5328ead6ffc370a8b571dfdb24f4f3e12c00d8d81dc32fc7f88f5f16dad","151e736f4ffff3859ba33d8926cb6489fe36679c09345d5c02f9e25a780677da","e4c7c2935e83a1b88256b8fd7a6c45ec028d5351f860f805ff9143b3e61bd28c","44c59a023bb41fd233b3a12ef18ae9b83e0ff309eade0ec197cc6bd8a8c939ff","bundles/CONF03_run_order_1p00.rds","c9aa5a21f48933bf049004fc153a0acc6314c0f935f12ca7678704ca323ad969",TRUE
"CONF03","CONF03_joint_1p00",16,"joint",1,450,225,225,0.894427190999916,0.173215773418611,0.866078867093054,0.866078867093054,"~ phenotype + plate + within_plate_position_scaled",450,7,7,TRUE,14.8598036973637,1.86190902773352,90,90,1,90,90,1,45,45,0.5,0,0,0,0,0,0,50,100,0.35,FALSE,"sample_id;plate;order_in_plate;run_order;sample_type","e2452e8cba452fa669bc0202c76b7fc52f8d16e63ff273bbdac6c9ce5adfc3e7","db705dfb796c2cc600e54a194c13bde7e67f57f0b9fed66438bbd5209116301c","7e9787e9512e370dbb07563c015f86707bba0e3420d4ce875008e2c1ff6b50a7","3ee7feb16bd032f22a07eaf9ef2d8af6cebf17cda8f18e52cde15e952f4fc5fe","2b72212dc2b3acdaa4317bf79f6d278afa6dde6ee05c59bf7dc860cc2e1e916e","371a863dcf925f699b7d84c5ca97d133e407d8ffcdb98ac2b4662434aa09301e","b7d59407a3cef323480a5495fa633bc3f13c9a57381758413f92c01659087947","c0d1db2049c9eac448650476cd00d6d17dd3ec8e3bca6eeaf0d5d33fbd785ea1","6dd8289058ddbd9fed72f9ebba41b048895b52bcbf7f9cecd9aa6bff7b82cfe2","23afb5328ead6ffc370a8b571dfdb24f4f3e12c00d8d81dc32fc7f88f5f16dad","1d24f34bcf9828bd8786043a3008e63388610c609ccf0d91446d58b3aee28761","b8d9def8be82738532b3f6df60c76aedc42ab44046bf8058c9e3de935ca2f639","9a190432fb7d9c0a7392a6f6ba1901285e49e78972a9e2dd39488c31fd93ace8","bundles/CONF03_joint_1p00.rds","6305bfd65b79770be6741656ade1da802b60470b57ac5f7be16faa37e20dde6f",TRUE
"CONF04","CONF04_none_0p00",1,"none",0,450,225,225,0,0.0909275887130782,0.102731922901606,0.240791309715254,"~ phenotype + plate + within_plate_position_scaled",450,7,7,TRUE,7.20278875596439,3.8669755275443,45,45,0.5,45,45,0.5,45,45,0.5,45,45,0.5,45,45,0.5,50,100,0.35,FALSE,"sample_id;plate;order_in_plate;run_order;sample_type","e2452e8cba452fa669bc0202c76b7fc52f8d16e63ff273bbdac6c9ce5adfc3e7","59b66c6e3d1720afa0a77bd0495c32d97c99ee641eb45e54cac1c21b9ce7af96","f80d79c21049a2082f4c25d47f3a58782d83a5d02c3a272f90ed1e9d4de3294e","39cc7d821c21d003b646aa5614d04a6b770a18489673dd84d8371e7cfb57a8b7","c591a766d5a0bf7e3ff96a6c2966153dc0816aaa6137b5b6ac7c2ac65d03c269","41d0384a93e1b10b105bb506bdab48c5a47a933a6f76492a8aa46f0ee2455e4b","b7d59407a3cef323480a5495fa633bc3f13c9a57381758413f92c01659087947","bb38d548b1882a911c5a792767298823f4bedba8438eb8761278071baf84c5e5","259f58ecd5de47877227ee0760c63d4e60a539313f52b3dc04c20071094727de","de6d25e4bd9f954e84a031a0e52c7534135f108f338e103577e3fbe7010ed35c","4dac7629ffd437ad823d2575e230984b934e3e743d77c47e460e5b3d8372abc6","1c903086bf8a4d760753b100a0da3b403ac0ee733591a56a27b0632633d9b1d4","faad0ff33455cc1665cc02687e6d6a6582b0c3aee3bf88980fc32be8bd675f5e","bundles/CONF04_none_0p00.rds","2f854fbb0d350635a9f6f26a977345dec48237ea82680e84d4b37e67fef58157",TRUE
"CONF04","CONF04_batch_0p25",2,"batch",0.25,450,225,225,0.218637757799979,0.0816894141307523,0.100265241131712,0.209951222881955,"~ phenotype + plate + within_plate_position_scaled",450,7,7,TRUE,7.32703423257013,3.79751326938757,56,56.25,0.622222222222222,56,56.25,0.622222222222222,45,45,0.5,34,33.75,0.377777777777778,34,33.75,0.377777777777778,50,100,0.35,FALSE,"sample_id;plate;order_in_plate;run_order;sample_type","e2452e8cba452fa669bc0202c76b7fc52f8d16e63ff273bbdac6c9ce5adfc3e7","0e53fcbadc02555efa0a9ed6810195dd5668ff7420aae7a0029623d4331cdb77","f80d79c21049a2082f4c25d47f3a58782d83a5d02c3a272f90ed1e9d4de3294e","39cc7d821c21d003b646aa5614d04a6b770a18489673dd84d8371e7cfb57a8b7","c591a766d5a0bf7e3ff96a6c2966153dc0816aaa6137b5b6ac7c2ac65d03c269","41d0384a93e1b10b105bb506bdab48c5a47a933a6f76492a8aa46f0ee2455e4b","b7d59407a3cef323480a5495fa633bc3f13c9a57381758413f92c01659087947","bb38d548b1882a911c5a792767298823f4bedba8438eb8761278071baf84c5e5","259f58ecd5de47877227ee0760c63d4e60a539313f52b3dc04c20071094727de","de6d25e4bd9f954e84a031a0e52c7534135f108f338e103577e3fbe7010ed35c","2d3911ced2e04b68ab0c44f0cf8a27fe8caf8958523e0b3d173881b72e78c840","776b50393de962935ea2dc4c9c6c1d350fc0b5c8cb3b76734a06ae793eddf8f7","d392be81846d91bc2ec88928d4e568c017cae02652ecbe669846e9f0e746415d","bundles/CONF04_batch_0p25.rds","2105e5f7868b963617e4ca4a0c35851f7867fe486777cdb3d404eafb1161800a",TRUE
"CONF04","CONF04_run_order_0p25",3,"run_order",0.25,450,225,225,0,0.325816731334069,0.325816731334069,0.427265574432573,"~ phenotype + plate + within_plate_position_scaled",450,7,7,TRUE,7.28234805216826,3.80173841233986,45,45,0.5,45,45,0.5,45,45,0.5,45,45,0.5,45,45,0.5,50,100,0.35,FALSE,"sample_id;plate;order_in_plate;run_order;sample_type","e2452e8cba452fa669bc0202c76b7fc52f8d16e63ff273bbdac6c9ce5adfc3e7","44b0a5764de3500ad82c9112909cc31bd231f5bdbbf4e0a74fb902eec88b8bd0","f80d79c21049a2082f4c25d47f3a58782d83a5d02c3a272f90ed1e9d4de3294e","39cc7d821c21d003b646aa5614d04a6b770a18489673dd84d8371e7cfb57a8b7","c591a766d5a0bf7e3ff96a6c2966153dc0816aaa6137b5b6ac7c2ac65d03c269","41d0384a93e1b10b105bb506bdab48c5a47a933a6f76492a8aa46f0ee2455e4b","b7d59407a3cef323480a5495fa633bc3f13c9a57381758413f92c01659087947","bb38d548b1882a911c5a792767298823f4bedba8438eb8761278071baf84c5e5","259f58ecd5de47877227ee0760c63d4e60a539313f52b3dc04c20071094727de","de6d25e4bd9f954e84a031a0e52c7534135f108f338e103577e3fbe7010ed35c","9200bc02543ce793e7a902f5ae5ec88c06e40f46d7af15a92c23e2c6ca9a98a7","e49fcd4f3cc0a21a47d9760e6b4f640a99eab22e3d1b12b5ec8103ad929b1def","54412d6c99c99f0cbe2def227532e61122321502d8ead3b8938df763d1060537","bundles/CONF04_run_order_0p25.rds","0708618f2ba722c145910a214e16d31e0124b1b9b30f6abc568faf3e57763a55",TRUE
"CONF04","CONF04_joint_0p25",4,"joint",0.25,450,225,225,0.218637757799979,0.307511459476497,0.314828042613645,0.392555857909538,"~ phenotype + plate + within_plate_position_scaled",450,7,7,TRUE,7.54440800955171,3.66736692253963,56,56.25,0.622222222222222,56,56.25,0.622222222222222,45,45,0.5,34,33.75,0.377777777777778,34,33.75,0.377777777777778,50,100,0.35,FALSE,"sample_id;plate;order_in_plate;run_order;sample_type","e2452e8cba452fa669bc0202c76b7fc52f8d16e63ff273bbdac6c9ce5adfc3e7","236eb0e04960f5be6daea52d2396b8ec4e16d5df321e9ea13b62d80c3516cf8b","f80d79c21049a2082f4c25d47f3a58782d83a5d02c3a272f90ed1e9d4de3294e","39cc7d821c21d003b646aa5614d04a6b770a18489673dd84d8371e7cfb57a8b7","c591a766d5a0bf7e3ff96a6c2966153dc0816aaa6137b5b6ac7c2ac65d03c269","41d0384a93e1b10b105bb506bdab48c5a47a933a6f76492a8aa46f0ee2455e4b","b7d59407a3cef323480a5495fa633bc3f13c9a57381758413f92c01659087947","bb38d548b1882a911c5a792767298823f4bedba8438eb8761278071baf84c5e5","259f58ecd5de47877227ee0760c63d4e60a539313f52b3dc04c20071094727de","de6d25e4bd9f954e84a031a0e52c7534135f108f338e103577e3fbe7010ed35c","b92cbb8abc118b02d808783bed0b856e0ba9979cbf14b53914ef058ffcb1133b","63fe2c9dc02a5fca8aac365a0fc4d9ed67f53030e9eac987adc0f9239fde44bd","4bf659d8103493062df8357c8d90ebc2d47e6ec06735cd4b03f7ebd3a69feab5","bundles/CONF04_joint_0p25.rds","ae9c06dd504e150377c46347de3bca60183ba2d67319d34e5002b83556d8853a",TRUE
"CONF04","CONF04_batch_0p50",5,"batch",0.5,450,225,225,0.457151675399957,0.0745041672333877,0.10786958480088,0.197049037125006,"~ phenotype + plate + within_plate_position_scaled",450,7,7,TRUE,7.7109074315187,3.60511986079986,68,67.5,0.755555555555556,68,67.5,0.755555555555556,45,45,0.5,22,22.5,0.244444444444444,22,22.5,0.244444444444444,50,100,0.35,FALSE,"sample_id;plate;order_in_plate;run_order;sample_type","e2452e8cba452fa669bc0202c76b7fc52f8d16e63ff273bbdac6c9ce5adfc3e7","f238d1489ecd791fbddb040723d24f761a4576577c3b4341f8df6c65575a23d0","f80d79c21049a2082f4c25d47f3a58782d83a5d02c3a272f90ed1e9d4de3294e","39cc7d821c21d003b646aa5614d04a6b770a18489673dd84d8371e7cfb57a8b7","c591a766d5a0bf7e3ff96a6c2966153dc0816aaa6137b5b6ac7c2ac65d03c269","41d0384a93e1b10b105bb506bdab48c5a47a933a6f76492a8aa46f0ee2455e4b","b7d59407a3cef323480a5495fa633bc3f13c9a57381758413f92c01659087947","bb38d548b1882a911c5a792767298823f4bedba8438eb8761278071baf84c5e5","259f58ecd5de47877227ee0760c63d4e60a539313f52b3dc04c20071094727de","de6d25e4bd9f954e84a031a0e52c7534135f108f338e103577e3fbe7010ed35c","1dee4e11773cac0a5493f5519d42086a8b3e307aa45d869a9cc5b27b79d68eb0","025169fceba2acc3620b7a4a3e56d101fc6b2883a0a0ffc3ac1ca77e05c20ab3","f930d9bb8ee0532e12ff068c0fb30dec09b712c929c4f886b10a8a6e9729d936","bundles/CONF04_batch_0p50.rds","26808eecd182cd86cc8f997debc2cf8c2477289872dafcc095c3582669580af7",TRUE
"CONF04","CONF04_run_order_0p50",6,"run_order",0.5,450,225,225,0,0.627083869102141,0.627083869102141,0.664207644738525,"~ phenotype + plate + within_plate_position_scaled",450,7,7,TRUE,7.96842558669816,3.45979222334342,45,45,0.5,45,45,0.5,45,45,0.5,45,45,0.5,45,45,0.5,50,100,0.35,FALSE,"sample_id;plate;order_in_plate;run_order;sample_type","e2452e8cba452fa669bc0202c76b7fc52f8d16e63ff273bbdac6c9ce5adfc3e7","997f6414da43646e265e9d83e692ebc52d89a5f32c76336ca08ccd1e4839ed9b","f80d79c21049a2082f4c25d47f3a58782d83a5d02c3a272f90ed1e9d4de3294e","39cc7d821c21d003b646aa5614d04a6b770a18489673dd84d8371e7cfb57a8b7","c591a766d5a0bf7e3ff96a6c2966153dc0816aaa6137b5b6ac7c2ac65d03c269","41d0384a93e1b10b105bb506bdab48c5a47a933a6f76492a8aa46f0ee2455e4b","b7d59407a3cef323480a5495fa633bc3f13c9a57381758413f92c01659087947","bb38d548b1882a911c5a792767298823f4bedba8438eb8761278071baf84c5e5","259f58ecd5de47877227ee0760c63d4e60a539313f52b3dc04c20071094727de","de6d25e4bd9f954e84a031a0e52c7534135f108f338e103577e3fbe7010ed35c","3d426773b626ab122edf93c99dafee038c9dead322e3be354cad93d31a6fe59e","856bfde8ebb2fdfb77fbf0ecf08edb96d974c24f0f823772b28164b18c0c82ac","ba3afaa2b38f5745784260f33493dd11c622b7e59e8428301c795231af16d86a","bundles/CONF04_run_order_0p50.rds","c7d08addfb9c9d327c6ac7847158f1f3047f562d9fadc4ac774cdde27a672de6",TRUE
"CONF04","CONF04_joint_0p50",7,"joint",0.5,450,225,225,0.457151675399957,0.482010312698209,0.539416554007833,0.653943006313718,"~ phenotype + plate + within_plate_position_scaled",450,7,7,TRUE,8.90821051783719,3.09570495203094,68,67.5,0.755555555555556,68,67.5,0.755555555555556,45,45,0.5,22,22.5,0.244444444444444,22,22.5,0.244444444444444,50,100,0.35,FALSE,"sample_id;plate;order_in_plate;run_order;sample_type","e2452e8cba452fa669bc0202c76b7fc52f8d16e63ff273bbdac6c9ce5adfc3e7","73262b55b5f2504493cf4af9bc57f0efc64b820497efc6f51da6a6a3d9ecfded","f80d79c21049a2082f4c25d47f3a58782d83a5d02c3a272f90ed1e9d4de3294e","39cc7d821c21d003b646aa5614d04a6b770a18489673dd84d8371e7cfb57a8b7","c591a766d5a0bf7e3ff96a6c2966153dc0816aaa6137b5b6ac7c2ac65d03c269","41d0384a93e1b10b105bb506bdab48c5a47a933a6f76492a8aa46f0ee2455e4b","b7d59407a3cef323480a5495fa633bc3f13c9a57381758413f92c01659087947","bb38d548b1882a911c5a792767298823f4bedba8438eb8761278071baf84c5e5","259f58ecd5de47877227ee0760c63d4e60a539313f52b3dc04c20071094727de","de6d25e4bd9f954e84a031a0e52c7534135f108f338e103577e3fbe7010ed35c","a97c2873d90e136575b9fe28240ebb36cfd7e9d84dff0c5a588ceefce643d002","f06a8eb96456c87f3036efb4eb2294255e954fb74ab3371ae204aa2381b826a9","d272e48b9afc951973d4240c27b917cc7bfede2b919143c2a700272569cffcda","bundles/CONF04_joint_0p50.rds","aad1eb5a2e023afdd1ddbcd6a43f18759371a8908fd5c175d25bea9055d20eeb",TRUE
"CONF04","CONF04_batch_0p75",8,"batch",0.75,450,225,225,0.675789433199936,0.0510665761634127,0.074396182469427,0.109031380465641,"~ phenotype + plate + within_plate_position_scaled",450,7,7,TRUE,8.72122239949914,3.18441583710842,79,78.75,0.877777777777778,79,78.75,0.877777777777778,45,45,0.5,11,11.25,0.122222222222222,11,11.25,0.122222222222222,50,100,0.35,FALSE,"sample_id;plate;order_in_plate;run_order;sample_type","e2452e8cba452fa669bc0202c76b7fc52f8d16e63ff273bbdac6c9ce5adfc3e7","c355094b3f7b32699147ce7f31b0343887c2b32cc239256a63241b45a2cf77c7","f80d79c21049a2082f4c25d47f3a58782d83a5d02c3a272f90ed1e9d4de3294e","39cc7d821c21d003b646aa5614d04a6b770a18489673dd84d8371e7cfb57a8b7","c591a766d5a0bf7e3ff96a6c2966153dc0816aaa6137b5b6ac7c2ac65d03c269","41d0384a93e1b10b105bb506bdab48c5a47a933a6f76492a8aa46f0ee2455e4b","b7d59407a3cef323480a5495fa633bc3f13c9a57381758413f92c01659087947","bb38d548b1882a911c5a792767298823f4bedba8438eb8761278071baf84c5e5","259f58ecd5de47877227ee0760c63d4e60a539313f52b3dc04c20071094727de","de6d25e4bd9f954e84a031a0e52c7534135f108f338e103577e3fbe7010ed35c","c00ed5e2985aa96fbd0c96df68b1b3bc648a76dac4e901f16da704dc41458136","4b140c611ae44bd78e54820d28cde8739ac88083e1f4551b0bc229bb1715a9a3","f776265daafd8c9edd72a1ebe66adc6ae8166d396a920d9bf373c42c927c475c","bundles/CONF04_batch_0p75.rds","4e790d3c117bdc90f7e6129ab16766a509d208d34d629fa85abe930c5df5f885",TRUE
"CONF04","CONF04_run_order_0p75",9,"run_order",0.75,450,225,225,0,0.801924876938013,0.801924876938013,0.815611061504422,"~ phenotype + plate + within_plate_position_scaled",450,7,7,TRUE,10.2194149301899,2.69127078355279,45,45,0.5,45,45,0.5,45,45,0.5,45,45,0.5,45,45,0.5,50,100,0.35,FALSE,"sample_id;plate;order_in_plate;run_order;sample_type","e2452e8cba452fa669bc0202c76b7fc52f8d16e63ff273bbdac6c9ce5adfc3e7","2c65b8a90cea30a686b86f6510fd40fd249a00ba86a27fb27e77c4e05e090107","f80d79c21049a2082f4c25d47f3a58782d83a5d02c3a272f90ed1e9d4de3294e","39cc7d821c21d003b646aa5614d04a6b770a18489673dd84d8371e7cfb57a8b7","c591a766d5a0bf7e3ff96a6c2966153dc0816aaa6137b5b6ac7c2ac65d03c269","41d0384a93e1b10b105bb506bdab48c5a47a933a6f76492a8aa46f0ee2455e4b","b7d59407a3cef323480a5495fa633bc3f13c9a57381758413f92c01659087947","bb38d548b1882a911c5a792767298823f4bedba8438eb8761278071baf84c5e5","259f58ecd5de47877227ee0760c63d4e60a539313f52b3dc04c20071094727de","de6d25e4bd9f954e84a031a0e52c7534135f108f338e103577e3fbe7010ed35c","ddb4f124c4033b22129ed5d8409c04af49cfabdfc4a3ac6e3ab976821d6919af","ea4f3458e51751b8ef17d6ede8448148f2d9bd65c9a278545b2d73b79127757c","6de6a9b7adf8b71a96f0514e7483933fe04303df9a68e3622374dd351f32c36c","bundles/CONF04_run_order_0p75.rds","f7a9b03c3cd3151d29282541eb23996e2906ab0aa42d7d65e4a17efd37b1815d",TRUE
"CONF04","CONF04_joint_0p75",10,"joint",0.75,450,225,225,0.675789433199936,0.428805270196294,0.570584422032845,0.79764794426101,"~ phenotype + plate + within_plate_position_scaled",450,7,7,TRUE,10.8374008517341,2.54493634100346,79,78.75,0.877777777777778,79,78.75,0.877777777777778,45,45,0.5,11,11.25,0.122222222222222,11,11.25,0.122222222222222,50,100,0.35,FALSE,"sample_id;plate;order_in_plate;run_order;sample_type","e2452e8cba452fa669bc0202c76b7fc52f8d16e63ff273bbdac6c9ce5adfc3e7","c3c6e0d7a8c386ddeb85abb68be51a00f8a45554addef9a41ae3a099d260bb9a","f80d79c21049a2082f4c25d47f3a58782d83a5d02c3a272f90ed1e9d4de3294e","39cc7d821c21d003b646aa5614d04a6b770a18489673dd84d8371e7cfb57a8b7","c591a766d5a0bf7e3ff96a6c2966153dc0816aaa6137b5b6ac7c2ac65d03c269","41d0384a93e1b10b105bb506bdab48c5a47a933a6f76492a8aa46f0ee2455e4b","b7d59407a3cef323480a5495fa633bc3f13c9a57381758413f92c01659087947","bb38d548b1882a911c5a792767298823f4bedba8438eb8761278071baf84c5e5","259f58ecd5de47877227ee0760c63d4e60a539313f52b3dc04c20071094727de","de6d25e4bd9f954e84a031a0e52c7534135f108f338e103577e3fbe7010ed35c","4d8a78ecc88c351d5ec19a32dd81a0cba9e4ea36057c725ca274533a50c683c0","3903ddf305cb1f14437b9319d272b0e4a46eaccf6b8f666428f21a737f0b36df","2bee41cd03cdde17d30fb6b6148e940cc4aefdcd00f9c124e9e6dcc6c24104ad","bundles/CONF04_joint_0p75.rds","7c7394123ad85fcc6201bf0645b5b27dec8d9ba827c60d4d9fb3feef5a2a6549",TRUE
"CONF04","CONF04_batch_0p90",11,"batch",0.9,450,225,225,0.814922551799923,0.0291686808571587,0.105130129603949,0.16602966409162,"~ phenotype + plate + within_plate_position_scaled",450,7,7,TRUE,10.5779485918733,2.62376061058927,86,85.5,0.955555555555556,86,85.5,0.955555555555556,45,45,0.5,4,4.5,0.0444444444444444,4,4.5,0.0444444444444444,50,100,0.35,FALSE,"sample_id;plate;order_in_plate;run_order;sample_type","e2452e8cba452fa669bc0202c76b7fc52f8d16e63ff273bbdac6c9ce5adfc3e7","7edd82207ef3bc41f3260343216018cdf72acc1a2b7e564f81726c099ce5614f","f80d79c21049a2082f4c25d47f3a58782d83a5d02c3a272f90ed1e9d4de3294e","39cc7d821c21d003b646aa5614d04a6b770a18489673dd84d8371e7cfb57a8b7","c591a766d5a0bf7e3ff96a6c2966153dc0816aaa6137b5b6ac7c2ac65d03c269","41d0384a93e1b10b105bb506bdab48c5a47a933a6f76492a8aa46f0ee2455e4b","b7d59407a3cef323480a5495fa633bc3f13c9a57381758413f92c01659087947","bb38d548b1882a911c5a792767298823f4bedba8438eb8761278071baf84c5e5","259f58ecd5de47877227ee0760c63d4e60a539313f52b3dc04c20071094727de","de6d25e4bd9f954e84a031a0e52c7534135f108f338e103577e3fbe7010ed35c","d653930e2a1d6af0eeb4407dd8839f470da72d8114bf56c8d07f36b6ea0c7c1f","07caf8e4b1a46487afe1ef5f21c9ec0e5bf18978fe6132f39d9ff7709f69fcd0","2755eb12f51f6a421690c1f25801f8dc48c080c0304699aca804cf2110280c4e","bundles/CONF04_batch_0p90.rds","d2a0097538f525b3406d52ede800a18f14a4354672a0324b7abb7ff449e4b15a",TRUE
"CONF04","CONF04_run_order_0p90",12,"run_order",0.9,450,225,225,0,0.854274532904527,0.854274532904527,0.860946547880651,"~ phenotype + plate + within_plate_position_scaled",450,7,7,TRUE,11.7772256739479,2.33363355149653,45,45,0.5,45,45,0.5,45,45,0.5,45,45,0.5,45,45,0.5,50,100,0.35,FALSE,"sample_id;plate;order_in_plate;run_order;sample_type","e2452e8cba452fa669bc0202c76b7fc52f8d16e63ff273bbdac6c9ce5adfc3e7","ea8d587f89b22b6d8932b399971bdb9157978de04a87894879e8d8ec249a0e11","f80d79c21049a2082f4c25d47f3a58782d83a5d02c3a272f90ed1e9d4de3294e","39cc7d821c21d003b646aa5614d04a6b770a18489673dd84d8371e7cfb57a8b7","c591a766d5a0bf7e3ff96a6c2966153dc0816aaa6137b5b6ac7c2ac65d03c269","41d0384a93e1b10b105bb506bdab48c5a47a933a6f76492a8aa46f0ee2455e4b","b7d59407a3cef323480a5495fa633bc3f13c9a57381758413f92c01659087947","bb38d548b1882a911c5a792767298823f4bedba8438eb8761278071baf84c5e5","259f58ecd5de47877227ee0760c63d4e60a539313f52b3dc04c20071094727de","de6d25e4bd9f954e84a031a0e52c7534135f108f338e103577e3fbe7010ed35c","916d6c3eb908f09baac7fcac6df1e5938316dcbae27eb2dccdc4cee19b60b5d6","2b712178d0f86162a89625cb799e72857e57df62ada27ae2e440a6f633d99ce7","f15c860f38ab4f0714b3251104c50c1dc035c33b07944ce02ffc939881d74f36","bundles/CONF04_run_order_0p90.rds","1c37b22b7736ea68fdb06d7fbddb122069cac5c9f9673f8897f6733b76468ab7",TRUE
"CONF04","CONF04_joint_0p90",13,"joint",0.9,450,225,225,0.814922551799923,0.289035110311845,0.456904945278316,0.856669615203648,"~ phenotype + plate + within_plate_position_scaled",450,7,7,TRUE,12.5603797815812,2.19946466050147,86,85.5,0.955555555555556,86,85.5,0.955555555555556,45,45,0.5,4,4.5,0.0444444444444444,4,4.5,0.0444444444444444,50,100,0.35,FALSE,"sample_id;plate;order_in_plate;run_order;sample_type","e2452e8cba452fa669bc0202c76b7fc52f8d16e63ff273bbdac6c9ce5adfc3e7","144ae0cf1f476495faa49636445b40e7387c99cbae3f006d1b9b8e625542b3c9","f80d79c21049a2082f4c25d47f3a58782d83a5d02c3a272f90ed1e9d4de3294e","39cc7d821c21d003b646aa5614d04a6b770a18489673dd84d8371e7cfb57a8b7","c591a766d5a0bf7e3ff96a6c2966153dc0816aaa6137b5b6ac7c2ac65d03c269","41d0384a93e1b10b105bb506bdab48c5a47a933a6f76492a8aa46f0ee2455e4b","b7d59407a3cef323480a5495fa633bc3f13c9a57381758413f92c01659087947","bb38d548b1882a911c5a792767298823f4bedba8438eb8761278071baf84c5e5","259f58ecd5de47877227ee0760c63d4e60a539313f52b3dc04c20071094727de","de6d25e4bd9f954e84a031a0e52c7534135f108f338e103577e3fbe7010ed35c","295a4152d87d16051b017bc8541991b1e8a9cae541a7b29413fab8c21384ec43","3a6278d17c779f616c8ddf440e35f4e53f94a6492b436efbe0e6bb4946b5c5d4","eaeb61d574ae14ca4e180f89997d03909a640f2082c5bc73f0945968b0d3e326","bundles/CONF04_joint_0p90.rds","1ac980a84fdc7d2a2bdc2911297b77dee928a377914063e5d8f39d6430256ac4",TRUE
"CONF04","CONF04_batch_1p00",14,"batch",1,450,225,225,0.894427190999916,0.00675755362966432,0.0337877681483216,0.0337877681483216,"~ phenotype + plate + within_plate_position_scaled",450,7,7,TRUE,13.3777982558977,2.07361042034011,90,90,1,90,90,1,45,45,0.5,0,0,0,0,0,0,50,100,0.35,FALSE,"sample_id;plate;order_in_plate;run_order;sample_type","e2452e8cba452fa669bc0202c76b7fc52f8d16e63ff273bbdac6c9ce5adfc3e7","36d8b87359a0a3f9c3cc805d62bd7150091340281427a90367cb5b90da83b2e1","f80d79c21049a2082f4c25d47f3a58782d83a5d02c3a272f90ed1e9d4de3294e","39cc7d821c21d003b646aa5614d04a6b770a18489673dd84d8371e7cfb57a8b7","c591a766d5a0bf7e3ff96a6c2966153dc0816aaa6137b5b6ac7c2ac65d03c269","41d0384a93e1b10b105bb506bdab48c5a47a933a6f76492a8aa46f0ee2455e4b","b7d59407a3cef323480a5495fa633bc3f13c9a57381758413f92c01659087947","bb38d548b1882a911c5a792767298823f4bedba8438eb8761278071baf84c5e5","259f58ecd5de47877227ee0760c63d4e60a539313f52b3dc04c20071094727de","de6d25e4bd9f954e84a031a0e52c7534135f108f338e103577e3fbe7010ed35c","5f47360377115eb77fc358c292fb129e716a7937883ed6379fd1f228fcb7bd57","792d63bb87b67dfa9dcda709ca52c00abfdd242441cb09f716575ea0d8772cb2","2a36b6cc73e00ddf483454e69b24c7987ef6d9af102e9b7d31eff8a7433ddca6","bundles/CONF04_batch_1p00.rds","f048a96ae0d4d25adb4bf09d40b0e93a08847a0c374b0dc74eca5deddabed9fb",TRUE
"CONF04","CONF04_run_order_1p00",15,"run_order",1,450,225,225,0,0.866078867093054,0.866078867093054,0.866078867093054,"~ phenotype + plate + within_plate_position_scaled",450,7,7,TRUE,12.2571850578752,2.24189736854381,45,45,0.5,45,45,0.5,45,45,0.5,45,45,0.5,45,45,0.5,50,100,0.35,FALSE,"sample_id;plate;order_in_plate;run_order;sample_type","e2452e8cba452fa669bc0202c76b7fc52f8d16e63ff273bbdac6c9ce5adfc3e7","2a5e9d5646a581006d9fa805af51c76a532cb54291d4991f12ac5effdc2ee246","f80d79c21049a2082f4c25d47f3a58782d83a5d02c3a272f90ed1e9d4de3294e","39cc7d821c21d003b646aa5614d04a6b770a18489673dd84d8371e7cfb57a8b7","c591a766d5a0bf7e3ff96a6c2966153dc0816aaa6137b5b6ac7c2ac65d03c269","41d0384a93e1b10b105bb506bdab48c5a47a933a6f76492a8aa46f0ee2455e4b","b7d59407a3cef323480a5495fa633bc3f13c9a57381758413f92c01659087947","bb38d548b1882a911c5a792767298823f4bedba8438eb8761278071baf84c5e5","259f58ecd5de47877227ee0760c63d4e60a539313f52b3dc04c20071094727de","de6d25e4bd9f954e84a031a0e52c7534135f108f338e103577e3fbe7010ed35c","151e736f4ffff3859ba33d8926cb6489fe36679c09345d5c02f9e25a780677da","450598abce3ffc6da26ab50fe5abf742eebd99cc6b2ad5244b18ca60a57e67e0","cf2a99ab4a31cc22098a466d5e4542f5616c14a22976f58266bd3b0dcc4eb497","bundles/CONF04_run_order_1p00.rds","d070a3ff7a34a44fa8ad9978aae52fd8e527d706d42454a1679e8d5d4c7fa607",TRUE
"CONF04","CONF04_joint_1p00",16,"joint",1,450,225,225,0.894427190999916,0.173215773418611,0.866078867093054,0.866078867093054,"~ phenotype + plate + within_plate_position_scaled",450,7,7,TRUE,14.8598036973637,1.86190902773352,90,90,1,90,90,1,45,45,0.5,0,0,0,0,0,0,50,100,0.35,FALSE,"sample_id;plate;order_in_plate;run_order;sample_type","e2452e8cba452fa669bc0202c76b7fc52f8d16e63ff273bbdac6c9ce5adfc3e7","b8d0f79e319cd7c23f0404b0c4998e2058a56baa2cb7ffab8630401650e4a387","f80d79c21049a2082f4c25d47f3a58782d83a5d02c3a272f90ed1e9d4de3294e","39cc7d821c21d003b646aa5614d04a6b770a18489673dd84d8371e7cfb57a8b7","c591a766d5a0bf7e3ff96a6c2966153dc0816aaa6137b5b6ac7c2ac65d03c269","41d0384a93e1b10b105bb506bdab48c5a47a933a6f76492a8aa46f0ee2455e4b","b7d59407a3cef323480a5495fa633bc3f13c9a57381758413f92c01659087947","bb38d548b1882a911c5a792767298823f4bedba8438eb8761278071baf84c5e5","259f58ecd5de47877227ee0760c63d4e60a539313f52b3dc04c20071094727de","de6d25e4bd9f954e84a031a0e52c7534135f108f338e103577e3fbe7010ed35c","1d24f34bcf9828bd8786043a3008e63388610c609ccf0d91446d58b3aee28761","121581a2b5f46af5ed2950898857be318a8771b940b60ba32054a7ac200c1521","9de6cde1e2b0bd10a83bf29c863c98aa9e8703006f8412726a07594c5a1047a6","bundles/CONF04_joint_1p00.rds","03c88bd8da9a53ea3176562df0ef10b4167fcc1ae8fc7797fe8ff087415a0f70",TRUE
"CONF05","CONF05_none_0p00",1,"none",0,450,225,225,0,0.0151403416765897,0.0514087307775729,0.121892581294578,"~ phenotype + plate + within_plate_position_scaled",450,7,7,TRUE,7.20472575816574,3.86163356068456,45,45,0.5,45,45,0.5,45,45,0.5,45,45,0.5,45,45,0.5,50,100,0.35,FALSE,"sample_id;plate;order_in_plate;run_order;sample_type","e2452e8cba452fa669bc0202c76b7fc52f8d16e63ff273bbdac6c9ce5adfc3e7","25823427c3f16fd50dc2e2bfda5fb555b1b12a1c98ab2086e520c83c82871885","b63133d0763e03e4b7e88d837e3c295803ef0332dd2d046cdcffbae54a19f124","51f7f801b3b27f2a7fdaabe4e14619e13cdaec69790cc0c4af618691fbab26b6","d17b0f013c33bf6536228b0f855a3d9598765791eb0f4911b3ef9a7ae242cc57","12087f85ee3a43593534a55aaced9dcecead5eb58cfc716cabe83ce0abaaeedb","b7d59407a3cef323480a5495fa633bc3f13c9a57381758413f92c01659087947","443c2b3a53bc751b573ff29e40de8b98835acdbab0f32664cb12143bba8b82e7","635c0e9b93570fac5e10e2e15403361f70bc06d1ed8440bcf2d0174e25ae7fed","2666f0ae87ffe9558831fe5b5536bb1d3d0dd60b1492bfc7c421039641925c83","3c3b22ee0bee33c57076c48b016a5aebe53ceca57dab8d8ef5b216c6712ce2cf","11bca732de8f66afa97bc782f7150496f4a003b110aa91f781b72548287cf0b0","19a94f6e8cad105defa848c62bbf39fc5c6acc173b7cd33979b976c312de91a9","bundles/CONF05_none_0p00.rds","b482ed64fdd5f40df483f7f6b112d6bac972699a5f9ca6f669593a29c777044b",TRUE
"CONF05","CONF05_batch_0p25",2,"batch",0.25,450,225,225,0.218637757799979,0.0669767657218629,0.068973170630536,0.224947738802095,"~ phenotype + plate + within_plate_position_scaled",450,7,7,TRUE,7.33035177151794,3.79497200074431,56,56.25,0.622222222222222,56,56.25,0.622222222222222,45,45,0.5,34,33.75,0.377777777777778,34,33.75,0.377777777777778,50,100,0.35,FALSE,"sample_id;plate;order_in_plate;run_order;sample_type","e2452e8cba452fa669bc0202c76b7fc52f8d16e63ff273bbdac6c9ce5adfc3e7","fe3ce0a7ec5fd22c3e05fec869881f020b5bc769c2b4753704e880fcabdbadfe","b63133d0763e03e4b7e88d837e3c295803ef0332dd2d046cdcffbae54a19f124","51f7f801b3b27f2a7fdaabe4e14619e13cdaec69790cc0c4af618691fbab26b6","d17b0f013c33bf6536228b0f855a3d9598765791eb0f4911b3ef9a7ae242cc57","12087f85ee3a43593534a55aaced9dcecead5eb58cfc716cabe83ce0abaaeedb","b7d59407a3cef323480a5495fa633bc3f13c9a57381758413f92c01659087947","443c2b3a53bc751b573ff29e40de8b98835acdbab0f32664cb12143bba8b82e7","635c0e9b93570fac5e10e2e15403361f70bc06d1ed8440bcf2d0174e25ae7fed","2666f0ae87ffe9558831fe5b5536bb1d3d0dd60b1492bfc7c421039641925c83","586eb84f5b5dc42973df49e1589389f9ad3712d1a11a8fcba94e45e1380dda19","84cebf79881fb5e75dc0b9e4f1a52765e198733e0a5dc0d7dfaa520a7cfa2364","c409e38e8442b2a1c9bce3cf8535fb02ceb84707733f860cb5c8c8c5361e4d0f","bundles/CONF05_batch_0p25.rds","256b43eb6b850253520c5e25b3db15109e71f6173b34a522cef693e973e85bb8",TRUE
"CONF05","CONF05_run_order_0p25",3,"run_order",0.25,450,225,225,0,0.389286412260789,0.389286412260789,0.449505624352988,"~ phenotype + plate + within_plate_position_scaled",450,7,7,TRUE,7.32786821456332,3.77473045778111,45,45,0.5,45,45,0.5,45,45,0.5,45,45,0.5,45,45,0.5,50,100,0.35,FALSE,"sample_id;plate;order_in_plate;run_order;sample_type","e2452e8cba452fa669bc0202c76b7fc52f8d16e63ff273bbdac6c9ce5adfc3e7","499d07916d3937c67bbef07576dfa0fbe02ac3f9060be207f4f0d4467b7b48a4","b63133d0763e03e4b7e88d837e3c295803ef0332dd2d046cdcffbae54a19f124","51f7f801b3b27f2a7fdaabe4e14619e13cdaec69790cc0c4af618691fbab26b6","d17b0f013c33bf6536228b0f855a3d9598765791eb0f4911b3ef9a7ae242cc57","12087f85ee3a43593534a55aaced9dcecead5eb58cfc716cabe83ce0abaaeedb","b7d59407a3cef323480a5495fa633bc3f13c9a57381758413f92c01659087947","443c2b3a53bc751b573ff29e40de8b98835acdbab0f32664cb12143bba8b82e7","635c0e9b93570fac5e10e2e15403361f70bc06d1ed8440bcf2d0174e25ae7fed","2666f0ae87ffe9558831fe5b5536bb1d3d0dd60b1492bfc7c421039641925c83","888ebc5a113b1d1c33675e14a25b67a0a00b71564bdf1558358507a558508400","69b2e8024e635ac63ceab476dc66501159ec925fe726be4f70e968b66f661f32","fe25bb35967bf10a0e047bec958a5b75400bf63ded182829593835152f7235ed","bundles/CONF05_run_order_0p25.rds","2076e514ab8746b7de5119e8458ebef05314bdb77444dc728daa7f891a336d88",TRUE
"CONF05","CONF05_joint_0p25",4,"joint",0.25,450,225,225,0.218637757799979,0.317433943287143,0.324905742891721,0.393050113016552,"~ phenotype + plate + within_plate_position_scaled",450,7,7,TRUE,7.55659118199948,3.66093765650575,56,56.25,0.622222222222222,56,56.25,0.622222222222222,45,45,0.5,34,33.75,0.377777777777778,34,33.75,0.377777777777778,50,100,0.35,FALSE,"sample_id;plate;order_in_plate;run_order;sample_type","e2452e8cba452fa669bc0202c76b7fc52f8d16e63ff273bbdac6c9ce5adfc3e7","a97db3dd5022fd38f529df3a2526ac797664c49c5b17954a6369405778527178","b63133d0763e03e4b7e88d837e3c295803ef0332dd2d046cdcffbae54a19f124","51f7f801b3b27f2a7fdaabe4e14619e13cdaec69790cc0c4af618691fbab26b6","d17b0f013c33bf6536228b0f855a3d9598765791eb0f4911b3ef9a7ae242cc57","12087f85ee3a43593534a55aaced9dcecead5eb58cfc716cabe83ce0abaaeedb","b7d59407a3cef323480a5495fa633bc3f13c9a57381758413f92c01659087947","443c2b3a53bc751b573ff29e40de8b98835acdbab0f32664cb12143bba8b82e7","635c0e9b93570fac5e10e2e15403361f70bc06d1ed8440bcf2d0174e25ae7fed","2666f0ae87ffe9558831fe5b5536bb1d3d0dd60b1492bfc7c421039641925c83","b85fdb4a7e304fbba8ceb14aedcf048219ccb2600258e500c65ef6f79dc912f6","6c8272cc08b204f3a19cc8c10735e7c0064fa0a2460511d1df5dab2488d2ee86","3b43144393790089d84d699c85c8ae72d4fd5bee400af44e2298feb2b02ab0e2","bundles/CONF05_joint_0p25.rds","1b94507a3a2f1acc968c5935554b4451a0b0e108b29e17a05144a63dddbbe7b2",TRUE
"CONF05","CONF05_batch_0p50",5,"batch",0.5,450,225,225,0.457151675399957,0.0303662220067194,0.0618815624556051,0.181125882609854,"~ phenotype + plate + within_plate_position_scaled",450,7,7,TRUE,7.73344846903888,3.59227712096174,68,67.5,0.755555555555556,68,67.5,0.755555555555556,45,45,0.5,22,22.5,0.244444444444444,22,22.5,0.244444444444444,50,100,0.35,FALSE,"sample_id;plate;order_in_plate;run_order;sample_type","e2452e8cba452fa669bc0202c76b7fc52f8d16e63ff273bbdac6c9ce5adfc3e7","e3393206e6442f37c64be38fa2db95da101463495431cd21d57ac24631bde691","b63133d0763e03e4b7e88d837e3c295803ef0332dd2d046cdcffbae54a19f124","51f7f801b3b27f2a7fdaabe4e14619e13cdaec69790cc0c4af618691fbab26b6","d17b0f013c33bf6536228b0f855a3d9598765791eb0f4911b3ef9a7ae242cc57","12087f85ee3a43593534a55aaced9dcecead5eb58cfc716cabe83ce0abaaeedb","b7d59407a3cef323480a5495fa633bc3f13c9a57381758413f92c01659087947","443c2b3a53bc751b573ff29e40de8b98835acdbab0f32664cb12143bba8b82e7","635c0e9b93570fac5e10e2e15403361f70bc06d1ed8440bcf2d0174e25ae7fed","2666f0ae87ffe9558831fe5b5536bb1d3d0dd60b1492bfc7c421039641925c83","ecc84d7a3de9a4a6fb38dca9b0f30096fdb008630019ab3532c9d88ceba211ad","0ab348fbc68aad59c2ccb9739d9aa7bf3de1ebed9e3790656a71a4b7e8119c64","80ef081724e077d18847e75884367a92c07b1f317a85550b5211680faa42bffe","bundles/CONF05_batch_0p50.rds","1adb58f3a2743f4f1abaa9ec2f7524350aa725d63ff5a76ca889078120a45400",TRUE
"CONF05","CONF05_run_order_0p50",6,"run_order",0.5,450,225,225,0,0.654627315542039,0.654627315542039,0.68730308119434,"~ phenotype + plate + within_plate_position_scaled",450,7,7,TRUE,8.15980652200708,3.37736374615107,45,45,0.5,45,45,0.5,45,45,0.5,45,45,0.5,45,45,0.5,50,100,0.35,FALSE,"sample_id;plate;order_in_plate;run_order;sample_type","e2452e8cba452fa669bc0202c76b7fc52f8d16e63ff273bbdac6c9ce5adfc3e7","e508225d4774905b2503204e001ae950831025d3cb03c957cdebb5df141b87a4","b63133d0763e03e4b7e88d837e3c295803ef0332dd2d046cdcffbae54a19f124","51f7f801b3b27f2a7fdaabe4e14619e13cdaec69790cc0c4af618691fbab26b6","d17b0f013c33bf6536228b0f855a3d9598765791eb0f4911b3ef9a7ae242cc57","12087f85ee3a43593534a55aaced9dcecead5eb58cfc716cabe83ce0abaaeedb","b7d59407a3cef323480a5495fa633bc3f13c9a57381758413f92c01659087947","443c2b3a53bc751b573ff29e40de8b98835acdbab0f32664cb12143bba8b82e7","635c0e9b93570fac5e10e2e15403361f70bc06d1ed8440bcf2d0174e25ae7fed","2666f0ae87ffe9558831fe5b5536bb1d3d0dd60b1492bfc7c421039641925c83","5c81eb89fc6c0c808cc9a2af78f8b5ee35b88251d693dd1ad9ba994c8a9c0d65","e53b00a13e5e387b7874e3afafbebd104c0cea00b92073fd776ff9f251dac301","3999ff8fc81890399f6652cfe4eefed65e28b18931684ce6e4d3c1a1affe8571","bundles/CONF05_run_order_0p50.rds","0dc6528cda50d3101b4b608de1daa13d702efc0be23081fc6411e2b786370e56",TRUE
"CONF05","CONF05_joint_0p50",7,"joint",0.5,450,225,225,0.457151675399957,0.496038651878777,0.55545816614227,0.662496871667724,"~ phenotype + plate + within_plate_position_scaled",450,7,7,TRUE,8.99942617289707,3.06372601278559,68,67.5,0.755555555555556,68,67.5,0.755555555555556,45,45,0.5,22,22.5,0.244444444444444,22,22.5,0.244444444444444,50,100,0.35,FALSE,"sample_id;plate;order_in_plate;run_order;sample_type","e2452e8cba452fa669bc0202c76b7fc52f8d16e63ff273bbdac6c9ce5adfc3e7","9aa2dac3f206669452636fc5a85c2f4a4548d50e0b50eb776a1a1152728e4c07","b63133d0763e03e4b7e88d837e3c295803ef0332dd2d046cdcffbae54a19f124","51f7f801b3b27f2a7fdaabe4e14619e13cdaec69790cc0c4af618691fbab26b6","d17b0f013c33bf6536228b0f855a3d9598765791eb0f4911b3ef9a7ae242cc57","12087f85ee3a43593534a55aaced9dcecead5eb58cfc716cabe83ce0abaaeedb","b7d59407a3cef323480a5495fa633bc3f13c9a57381758413f92c01659087947","443c2b3a53bc751b573ff29e40de8b98835acdbab0f32664cb12143bba8b82e7","635c0e9b93570fac5e10e2e15403361f70bc06d1ed8440bcf2d0174e25ae7fed","2666f0ae87ffe9558831fe5b5536bb1d3d0dd60b1492bfc7c421039641925c83","5f5fb977e65e5a84bdaa3a884708dd3243543e521e29f242f6196b0a77629634","75aaf27682c352ab1f48db67bfa14c9bf44016814e0e3b6d11a185e0c0fcb805","f9bc7ccd97cf2155fe04b17272c442af8017ccf62ed72e9bc9918a928d33c6b9","bundles/CONF05_joint_0p50.rds","a85839f838833ae56aa32606e421363633db535f2445d2e0c26100c056ae45fe",TRUE
"CONF05","CONF05_batch_0p75",8,"batch",0.75,450,225,225,0.675789433199936,0.0303662220067194,0.0715870180420548,0.101196790252541,"~ phenotype + plate + within_plate_position_scaled",450,7,7,TRUE,8.73793797022693,3.1773553073468,79,78.75,0.877777777777778,79,78.75,0.877777777777778,45,45,0.5,11,11.25,0.122222222222222,11,11.25,0.122222222222222,50,100,0.35,FALSE,"sample_id;plate;order_in_plate;run_order;sample_type","e2452e8cba452fa669bc0202c76b7fc52f8d16e63ff273bbdac6c9ce5adfc3e7","301fbe63b8a77821de603d9e383a1082c03bee13bc59013c810f8a1693312a22","b63133d0763e03e4b7e88d837e3c295803ef0332dd2d046cdcffbae54a19f124","51f7f801b3b27f2a7fdaabe4e14619e13cdaec69790cc0c4af618691fbab26b6","d17b0f013c33bf6536228b0f855a3d9598765791eb0f4911b3ef9a7ae242cc57","12087f85ee3a43593534a55aaced9dcecead5eb58cfc716cabe83ce0abaaeedb","b7d59407a3cef323480a5495fa633bc3f13c9a57381758413f92c01659087947","443c2b3a53bc751b573ff29e40de8b98835acdbab0f32664cb12143bba8b82e7","635c0e9b93570fac5e10e2e15403361f70bc06d1ed8440bcf2d0174e25ae7fed","2666f0ae87ffe9558831fe5b5536bb1d3d0dd60b1492bfc7c421039641925c83","e5746e6bb0694c2dd07ef1fc4376733ed290ed63c9b6ded38fcfbbf0b9136ae7","348a22257059fc8cfd6dd0d70c5e528f0f84d136fa2b7b31cf5904385f27746e","c6555bef8f8c2afd7b0255ceacf2642f570d0d256d6aac0416cb5a4ff0607fb5","bundles/CONF05_batch_0p75.rds","633fc7678f322f3d3547d551e25179330f52147509e2db4fccddf687bcfd2f80",TRUE
"CONF05","CONF05_run_order_0p75",9,"run_order",0.75,450,225,225,0,0.808083659992897,0.808083659992897,0.818177221110624,"~ phenotype + plate + within_plate_position_scaled",450,7,7,TRUE,10.3665364672184,2.65285468440551,45,45,0.5,45,45,0.5,45,45,0.5,45,45,0.5,45,45,0.5,50,100,0.35,FALSE,"sample_id;plate;order_in_plate;run_order;sample_type","e2452e8cba452fa669bc0202c76b7fc52f8d16e63ff273bbdac6c9ce5adfc3e7","6cd23064dd2096807413e6201285844dcef8ce50759309fa03c8f204e1b182df","b63133d0763e03e4b7e88d837e3c295803ef0332dd2d046cdcffbae54a19f124","51f7f801b3b27f2a7fdaabe4e14619e13cdaec69790cc0c4af618691fbab26b6","d17b0f013c33bf6536228b0f855a3d9598765791eb0f4911b3ef9a7ae242cc57","12087f85ee3a43593534a55aaced9dcecead5eb58cfc716cabe83ce0abaaeedb","b7d59407a3cef323480a5495fa633bc3f13c9a57381758413f92c01659087947","443c2b3a53bc751b573ff29e40de8b98835acdbab0f32664cb12143bba8b82e7","635c0e9b93570fac5e10e2e15403361f70bc06d1ed8440bcf2d0174e25ae7fed","2666f0ae87ffe9558831fe5b5536bb1d3d0dd60b1492bfc7c421039641925c83","c5a42b9454c2e9df66b96581ba44885614284e4c2bd1abeb3a11624800dbcd2a","8c8dce3e5e866000e21db9b411bde32f290df1a7708e9b716b6be2d40380f35a","f33c11e291bff8e941efa1b3f91b4fe8fb2ab199820bc9f93956ed8b51abc9f8","bundles/CONF05_run_order_0p75.rds","1225c9f528370e193408bc9038ab96b7f36425b9269be0590037b6b2a071309c",TRUE
"CONF05","CONF05_joint_0p75",10,"joint",0.75,450,225,225,0.675789433199936,0.431713584416656,0.572952282053068,0.817321834575223,"~ phenotype + plate + within_plate_position_scaled",450,7,7,TRUE,10.8734748442033,2.53638923504171,79,78.75,0.877777777777778,79,78.75,0.877777777777778,45,45,0.5,11,11.25,0.122222222222222,11,11.25,0.122222222222222,50,100,0.35,FALSE,"sample_id;plate;order_in_plate;run_order;sample_type","e2452e8cba452fa669bc0202c76b7fc52f8d16e63ff273bbdac6c9ce5adfc3e7","d0280055857490a5b53c1bf5805e76cc717bac9fe534f11db6065c9b7830893f","b63133d0763e03e4b7e88d837e3c295803ef0332dd2d046cdcffbae54a19f124","51f7f801b3b27f2a7fdaabe4e14619e13cdaec69790cc0c4af618691fbab26b6","d17b0f013c33bf6536228b0f855a3d9598765791eb0f4911b3ef9a7ae242cc57","12087f85ee3a43593534a55aaced9dcecead5eb58cfc716cabe83ce0abaaeedb","b7d59407a3cef323480a5495fa633bc3f13c9a57381758413f92c01659087947","443c2b3a53bc751b573ff29e40de8b98835acdbab0f32664cb12143bba8b82e7","635c0e9b93570fac5e10e2e15403361f70bc06d1ed8440bcf2d0174e25ae7fed","2666f0ae87ffe9558831fe5b5536bb1d3d0dd60b1492bfc7c421039641925c83","a51e94e0164f638b539016176d33731dfaf6ea1b06d0f2c87270dfb56d96b20e","4fe04899cae9d20ca23ec48101443cb19efb867b774b0144ddf24ce9a467295c","5e56dc4da8c48ec2679a6e6dada03de50c3151f288aa3d347e4976c14b34bc98","bundles/CONF05_joint_0p75.rds","35c75c40a7bae23474942d14031d6bd9f3c61f9576f433ce9dc8cb576f1bf204",TRUE
"CONF05","CONF05_batch_0p90",11,"batch",0.9,450,225,225,0.814922551799923,0.00590216709426378,0.0401065304413675,0.109994652460698,"~ phenotype + plate + within_plate_position_scaled",450,7,7,TRUE,10.6281317355305,2.61002550562851,86,85.5,0.955555555555556,86,85.5,0.955555555555556,45,45,0.5,4,4.5,0.0444444444444444,4,4.5,0.0444444444444444,50,100,0.35,FALSE,"sample_id;plate;order_in_plate;run_order;sample_type","e2452e8cba452fa669bc0202c76b7fc52f8d16e63ff273bbdac6c9ce5adfc3e7","2b4a9c57310ce1e5b77d5ba5db5ec9c31968db7db4bc4838e323481ff691825f","b63133d0763e03e4b7e88d837e3c295803ef0332dd2d046cdcffbae54a19f124","51f7f801b3b27f2a7fdaabe4e14619e13cdaec69790cc0c4af618691fbab26b6","d17b0f013c33bf6536228b0f855a3d9598765791eb0f4911b3ef9a7ae242cc57","12087f85ee3a43593534a55aaced9dcecead5eb58cfc716cabe83ce0abaaeedb","b7d59407a3cef323480a5495fa633bc3f13c9a57381758413f92c01659087947","443c2b3a53bc751b573ff29e40de8b98835acdbab0f32664cb12143bba8b82e7","635c0e9b93570fac5e10e2e15403361f70bc06d1ed8440bcf2d0174e25ae7fed","2666f0ae87ffe9558831fe5b5536bb1d3d0dd60b1492bfc7c421039641925c83","eab44a18882c49730f3b37a11e44f5538182be17968942be93bc0807a30e9e7c","c3f268ab6566032c090dbe4d8bbf33af2f1d5e6ca0ba94a234a4a8fd9ccae8f5","d1411d725ae9ef6d8c0a32eee3a1fc7e44d509cff9a2b9161688791537ca95dc","bundles/CONF05_batch_0p90.rds","43a9b899e4d8690bda5ae3e0a4d5dad56739558dfe37c7689280d9f4dd7556de",TRUE
"CONF05","CONF05_run_order_0p90",12,"run_order",0.9,450,225,225,0,0.860262238652331,0.860262238652331,0.861801934416051,"~ phenotype + plate + within_plate_position_scaled",450,7,7,TRUE,12.012775131208,2.28769016490075,45,45,0.5,45,45,0.5,45,45,0.5,45,45,0.5,45,45,0.5,50,100,0.35,FALSE,"sample_id;plate;order_in_plate;run_order;sample_type","e2452e8cba452fa669bc0202c76b7fc52f8d16e63ff273bbdac6c9ce5adfc3e7","0a8c580ad79a1085ec0ea7427092cc649eaa6e5875648cfaf8b0d4a5e2722799","b63133d0763e03e4b7e88d837e3c295803ef0332dd2d046cdcffbae54a19f124","51f7f801b3b27f2a7fdaabe4e14619e13cdaec69790cc0c4af618691fbab26b6","d17b0f013c33bf6536228b0f855a3d9598765791eb0f4911b3ef9a7ae242cc57","12087f85ee3a43593534a55aaced9dcecead5eb58cfc716cabe83ce0abaaeedb","b7d59407a3cef323480a5495fa633bc3f13c9a57381758413f92c01659087947","443c2b3a53bc751b573ff29e40de8b98835acdbab0f32664cb12143bba8b82e7","635c0e9b93570fac5e10e2e15403361f70bc06d1ed8440bcf2d0174e25ae7fed","2666f0ae87ffe9558831fe5b5536bb1d3d0dd60b1492bfc7c421039641925c83","87d781e80f3f83e5b1aa095bed5aa3af53ffd333eaec9563398a8056f5d566b5","88087f4187fa2fc0c7747bdeb8b62c622a45bae4544a443b93766110e8976c5a","189db9a55ee09d949662eca90b9537a04d98c4de79789d2511d412e5f5dcb2cb","bundles/CONF05_run_order_0p90.rds","bbe841c98f79b70a62ea736e5825745177086903a22afdcf1a08c787402acb56",TRUE
"CONF05","CONF05_joint_0p90",13,"joint",0.9,450,225,225,0.814922551799923,0.290061574154326,0.457931409120796,0.861801934416051,"~ phenotype + plate + within_plate_position_scaled",450,7,7,TRUE,12.5755639951805,2.19677669593231,86,85.5,0.955555555555556,86,85.5,0.955555555555556,45,45,0.5,4,4.5,0.0444444444444444,4,4.5,0.0444444444444444,50,100,0.35,FALSE,"sample_id;plate;order_in_plate;run_order;sample_type","e2452e8cba452fa669bc0202c76b7fc52f8d16e63ff273bbdac6c9ce5adfc3e7","c612aa59674a121df8d4b8f676b25c20d3c31749ff7110ff0d8de7badfb8b893","b63133d0763e03e4b7e88d837e3c295803ef0332dd2d046cdcffbae54a19f124","51f7f801b3b27f2a7fdaabe4e14619e13cdaec69790cc0c4af618691fbab26b6","d17b0f013c33bf6536228b0f855a3d9598765791eb0f4911b3ef9a7ae242cc57","12087f85ee3a43593534a55aaced9dcecead5eb58cfc716cabe83ce0abaaeedb","b7d59407a3cef323480a5495fa633bc3f13c9a57381758413f92c01659087947","443c2b3a53bc751b573ff29e40de8b98835acdbab0f32664cb12143bba8b82e7","635c0e9b93570fac5e10e2e15403361f70bc06d1ed8440bcf2d0174e25ae7fed","2666f0ae87ffe9558831fe5b5536bb1d3d0dd60b1492bfc7c421039641925c83","fb1020447382d956a2dab5ae94625f2b60d1f9d841817cc0049f6678207b06f8","64ab16f77ed6591f7ff36aa929d3d29ff2de63afcc3d1b64fc1e0867bf2ab179","0d711162f66abdfe7c348990838c3eb873dafd08f189eed0cd2f11078ef3a79c","bundles/CONF05_joint_0p90.rds","531a2c71a98b782d19d2a7a02951db35be7a6af58094dc1f128e4754444501d9",TRUE
"CONF05","CONF05_batch_1p00",14,"batch",1,450,225,225,0.894427190999916,0.00316493018098203,0.0158246509049101,0.0158246509049101,"~ phenotype + plate + within_plate_position_scaled",450,7,7,TRUE,13.3849159813026,2.07239822601127,90,90,1,90,90,1,45,45,0.5,0,0,0,0,0,0,50,100,0.35,FALSE,"sample_id;plate;order_in_plate;run_order;sample_type","e2452e8cba452fa669bc0202c76b7fc52f8d16e63ff273bbdac6c9ce5adfc3e7","72f4f1fba50c36a5f7b2b2a17bcfc259d4dc5dfa1d35613067ea317a1cdc2a68","b63133d0763e03e4b7e88d837e3c295803ef0332dd2d046cdcffbae54a19f124","51f7f801b3b27f2a7fdaabe4e14619e13cdaec69790cc0c4af618691fbab26b6","d17b0f013c33bf6536228b0f855a3d9598765791eb0f4911b3ef9a7ae242cc57","12087f85ee3a43593534a55aaced9dcecead5eb58cfc716cabe83ce0abaaeedb","b7d59407a3cef323480a5495fa633bc3f13c9a57381758413f92c01659087947","443c2b3a53bc751b573ff29e40de8b98835acdbab0f32664cb12143bba8b82e7","635c0e9b93570fac5e10e2e15403361f70bc06d1ed8440bcf2d0174e25ae7fed","2666f0ae87ffe9558831fe5b5536bb1d3d0dd60b1492bfc7c421039641925c83","c4ab14cea5e43e87577ff09e9016256137a012fc3ded1d70b8a8b5ce0a1de60c","02f4cbc2e1b4f349a277e04d6fa4bdd51e2d5310a2e544db13303e97b9dde63b","39410e5e43a41d562133826251503203b523c80d80fe63aac8756ce3c35cd697","bundles/CONF05_batch_1p00.rds","488051f1bf523b653cdb747f662b23f905b9ef0e7b3836f5ff856555c00da738",TRUE
"CONF05","CONF05_run_order_1p00",15,"run_order",1,450,225,225,0,0.866078867093054,0.866078867093054,0.866078867093054,"~ phenotype + plate + within_plate_position_scaled",450,7,7,TRUE,12.2571850578752,2.24189736854381,45,45,0.5,45,45,0.5,45,45,0.5,45,45,0.5,45,45,0.5,50,100,0.35,FALSE,"sample_id;plate;order_in_plate;run_order;sample_type","e2452e8cba452fa669bc0202c76b7fc52f8d16e63ff273bbdac6c9ce5adfc3e7","6c26b26cb1e6c4ae48162cc690a62223afdc173ac5fc8a7f599080a9214cab60","b63133d0763e03e4b7e88d837e3c295803ef0332dd2d046cdcffbae54a19f124","51f7f801b3b27f2a7fdaabe4e14619e13cdaec69790cc0c4af618691fbab26b6","d17b0f013c33bf6536228b0f855a3d9598765791eb0f4911b3ef9a7ae242cc57","12087f85ee3a43593534a55aaced9dcecead5eb58cfc716cabe83ce0abaaeedb","b7d59407a3cef323480a5495fa633bc3f13c9a57381758413f92c01659087947","443c2b3a53bc751b573ff29e40de8b98835acdbab0f32664cb12143bba8b82e7","635c0e9b93570fac5e10e2e15403361f70bc06d1ed8440bcf2d0174e25ae7fed","2666f0ae87ffe9558831fe5b5536bb1d3d0dd60b1492bfc7c421039641925c83","151e736f4ffff3859ba33d8926cb6489fe36679c09345d5c02f9e25a780677da","076b9c78012b87f752b3673daec6e64e788737bfc7978d9b6b8bfde1e90e0dd3","e39f3a3cf62cc977cff97c32bd23da9d034ad8de7b24ed0fb239c3d4e5e30e33","bundles/CONF05_run_order_1p00.rds","01c2815b35c0e6209fcf0629e7df1c60edd22f7422a78ec8811b09dcbd83765e",TRUE
"CONF05","CONF05_joint_1p00",16,"joint",1,450,225,225,0.894427190999916,0.173215773418611,0.866078867093054,0.866078867093054,"~ phenotype + plate + within_plate_position_scaled",450,7,7,TRUE,14.8598036973637,1.86190902773352,90,90,1,90,90,1,45,45,0.5,0,0,0,0,0,0,50,100,0.35,FALSE,"sample_id;plate;order_in_plate;run_order;sample_type","e2452e8cba452fa669bc0202c76b7fc52f8d16e63ff273bbdac6c9ce5adfc3e7","70e6c59855bb5f0605855c2e0f661324043b7adfc4bee41ee9d7c1a2e7a12609","b63133d0763e03e4b7e88d837e3c295803ef0332dd2d046cdcffbae54a19f124","51f7f801b3b27f2a7fdaabe4e14619e13cdaec69790cc0c4af618691fbab26b6","d17b0f013c33bf6536228b0f855a3d9598765791eb0f4911b3ef9a7ae242cc57","12087f85ee3a43593534a55aaced9dcecead5eb58cfc716cabe83ce0abaaeedb","b7d59407a3cef323480a5495fa633bc3f13c9a57381758413f92c01659087947","443c2b3a53bc751b573ff29e40de8b98835acdbab0f32664cb12143bba8b82e7","635c0e9b93570fac5e10e2e15403361f70bc06d1ed8440bcf2d0174e25ae7fed","2666f0ae87ffe9558831fe5b5536bb1d3d0dd60b1492bfc7c421039641925c83","1d24f34bcf9828bd8786043a3008e63388610c609ccf0d91446d58b3aee28761","7165bf7b6064bb1bce0d1e67b014c4abc4386049a0d4395f35e757f1d00ef34f","386c6055860550e4cd4c3eb98984a95a2b0f09501313aaf6f9c261fcdf7b0147","bundles/CONF05_joint_1p00.rds","c6a23b1b641c5df44a1187cab622f5822e01e209367343bb81e8e8932c2ca52d",TRUE
"CONF06","CONF06_none_0p00",1,"none",0,450,225,225,0,0.101192227137885,0.111627942869771,0.309222232547298,"~ phenotype + plate + within_plate_position_scaled",450,7,7,TRUE,7.21464718892649,3.84979436275805,45,45,0.5,45,45,0.5,45,45,0.5,45,45,0.5,45,45,0.5,50,100,0.35,FALSE,"sample_id;plate;order_in_plate;run_order;sample_type","e2452e8cba452fa669bc0202c76b7fc52f8d16e63ff273bbdac6c9ce5adfc3e7","9291284ba5092a421d4931363e31857edc7f020e5ca6c386dddcdb5db54b8e52","0c43df7259eb9cbda66d8dee517ae064b7dec15b3279351a455f148a8b13d4c7","72d46bfd4b8c8d4d6293075a766925492f9f842f9db4374078e87f81aa999d1d","38c774270c62107085cafa3b8135070d08e0fd24e88550311c7e9f209c0befea","bb1d8ee1e6075dc44984058bec980304b3e7433edc4e1f7e67eb3aaea4bcf22a","b7d59407a3cef323480a5495fa633bc3f13c9a57381758413f92c01659087947","bb636caf96429cb4ac32d32ae81c77ac91ba70e6a7a8c57cae78c5101bab76e0","71c6ea06e05482bf651f49c9c86acf6ba49ccec9a9950842fa98269130e71469","696688c44b84a50c78fe743ae9b5d8ef313df848df2c3d23cf8fb1da4f75eab3","25478c0ed38470f1cb5fabbefd4ee3a7c001bd67ef216008b73bb03bcbfa48b4","2aaf1e5865d965860de68452e5de765d6f8fa3f9fb30a4157a3ee2afba78c510","84bc46c4d39b385868bd239b075b7e48cb7834b7823c7860e329abe5a063569a","bundles/CONF06_none_0p00.rds","b9d84799645621efeaf375ad7d56495c7b0fa522d0d4b854bb7273655442bc3c",TRUE
"CONF06","CONF06_batch_0p25",2,"batch",0.25,450,225,225,0.218637757799979,0.116589184775095,0.119393785772802,0.342273422177305,"~ phenotype + plate + within_plate_position_scaled",450,7,7,TRUE,7.39419439002618,3.75213642191775,56,56.25,0.622222222222222,56,56.25,0.622222222222222,45,45,0.5,34,33.75,0.377777777777778,34,33.75,0.377777777777778,50,100,0.35,FALSE,"sample_id;plate;order_in_plate;run_order;sample_type","e2452e8cba452fa669bc0202c76b7fc52f8d16e63ff273bbdac6c9ce5adfc3e7","fd2f69492596fbb2e83508bc3d986988a2d6649b106ee207abdb0957a71e1386","0c43df7259eb9cbda66d8dee517ae064b7dec15b3279351a455f148a8b13d4c7","72d46bfd4b8c8d4d6293075a766925492f9f842f9db4374078e87f81aa999d1d","38c774270c62107085cafa3b8135070d08e0fd24e88550311c7e9f209c0befea","bb1d8ee1e6075dc44984058bec980304b3e7433edc4e1f7e67eb3aaea4bcf22a","b7d59407a3cef323480a5495fa633bc3f13c9a57381758413f92c01659087947","bb636caf96429cb4ac32d32ae81c77ac91ba70e6a7a8c57cae78c5101bab76e0","71c6ea06e05482bf651f49c9c86acf6ba49ccec9a9950842fa98269130e71469","696688c44b84a50c78fe743ae9b5d8ef313df848df2c3d23cf8fb1da4f75eab3","e1c73aedbb9a0f9b2db28c0d17a7258fed2bfb62e4280aa812f59d203a064fc9","c05f6fdba19dd3c86d75a4e2df97d876a0b9b6882741d7e61e914c7cc8c15b90","a760af8f9c854569603cc31096de5279ed6dba7ff50364913f7cd4ef62b6ff5d","bundles/CONF06_batch_0p25.rds","95a6777d037f94d7f8577c69d26dd57e3c53330ba4d2699ae2d5e5b3a3a90834",TRUE
"CONF06","CONF06_run_order_0p25",3,"run_order",0.25,450,225,225,0,0.425725878668852,0.425725878668852,0.565838193167462,"~ phenotype + plate + within_plate_position_scaled",450,7,7,TRUE,7.36504542467781,3.75374923542381,45,45,0.5,45,45,0.5,45,45,0.5,45,45,0.5,45,45,0.5,50,100,0.35,FALSE,"sample_id;plate;order_in_plate;run_order;sample_type","e2452e8cba452fa669bc0202c76b7fc52f8d16e63ff273bbdac6c9ce5adfc3e7","560beed860e5a3176ef54865cc6c9f82669cff3feef96fb9bd961f74e4fdbf88","0c43df7259eb9cbda66d8dee517ae064b7dec15b3279351a455f148a8b13d4c7","72d46bfd4b8c8d4d6293075a766925492f9f842f9db4374078e87f81aa999d1d","38c774270c62107085cafa3b8135070d08e0fd24e88550311c7e9f209c0befea","bb1d8ee1e6075dc44984058bec980304b3e7433edc4e1f7e67eb3aaea4bcf22a","b7d59407a3cef323480a5495fa633bc3f13c9a57381758413f92c01659087947","bb636caf96429cb4ac32d32ae81c77ac91ba70e6a7a8c57cae78c5101bab76e0","71c6ea06e05482bf651f49c9c86acf6ba49ccec9a9950842fa98269130e71469","696688c44b84a50c78fe743ae9b5d8ef313df848df2c3d23cf8fb1da4f75eab3","e95e01e2b102fe74bc4e8ba6493f83b4dcb1b6d59b6a4faf94203527da7564fe","d90182ba874311dd5b45640fc5ae82e06c112aa76bad58375ea1efe93e9da101","f743f644029a444388ebdaedc0249be00c4990d8b99bf623384ffe0a44c93adc","bundles/CONF06_run_order_0p25.rds","0c0cc61cfbe189c7bea880150f0162fa6adad66da8ed206cb17449607829cadf",TRUE
"CONF06","CONF06_joint_0p25",4,"joint",0.25,450,225,225,0.218637757799979,0.419909250228129,0.430265935210119,0.576924788927725,"~ phenotype + plate + within_plate_position_scaled",450,7,7,TRUE,7.72812717916893,3.57449359644609,56,56.25,0.622222222222222,56,56.25,0.622222222222222,45,45,0.5,34,33.75,0.377777777777778,34,33.75,0.377777777777778,50,100,0.35,FALSE,"sample_id;plate;order_in_plate;run_order;sample_type","e2452e8cba452fa669bc0202c76b7fc52f8d16e63ff273bbdac6c9ce5adfc3e7","231fe9d7f24c065118edf0f898283e8f2f255bb8b54ab54590a51d2b7397bef0","0c43df7259eb9cbda66d8dee517ae064b7dec15b3279351a455f148a8b13d4c7","72d46bfd4b8c8d4d6293075a766925492f9f842f9db4374078e87f81aa999d1d","38c774270c62107085cafa3b8135070d08e0fd24e88550311c7e9f209c0befea","bb1d8ee1e6075dc44984058bec980304b3e7433edc4e1f7e67eb3aaea4bcf22a","b7d59407a3cef323480a5495fa633bc3f13c9a57381758413f92c01659087947","bb636caf96429cb4ac32d32ae81c77ac91ba70e6a7a8c57cae78c5101bab76e0","71c6ea06e05482bf651f49c9c86acf6ba49ccec9a9950842fa98269130e71469","696688c44b84a50c78fe743ae9b5d8ef313df848df2c3d23cf8fb1da4f75eab3","a36dff911b6e063b6edc713a8bed5e5c3ccc7222d397cf910cdc287c7ae5dd88","77b5ceaad995adccbeb24fb5dbde476c8956b60162000556e0d488bd5a414d08","574cf68b12f5d1180d988eaaa343376a6747d3414945aba27689e33bcf438071","bundles/CONF06_joint_0p25.rds","5c5315b01996c6daa4f2a2d8a3dac376251d6a7e81a690bf32727b351c0642f9",TRUE
"CONF06","CONF06_batch_0p50",5,"batch",0.5,450,225,225,0.457151675399957,0.0863085014219152,0.0960113585745891,0.163212333780308,"~ phenotype + plate + within_plate_position_scaled",450,7,7,TRUE,7.82309682958148,3.54506236077401,68,67.5,0.755555555555556,68,67.5,0.755555555555556,45,45,0.5,22,22.5,0.244444444444444,22,22.5,0.244444444444444,50,100,0.35,FALSE,"sample_id;plate;order_in_plate;run_order;sample_type","e2452e8cba452fa669bc0202c76b7fc52f8d16e63ff273bbdac6c9ce5adfc3e7","3cfeef12087efec31a0410c5ff313a66c04fb10491f1cf9c2d9aa86eff5320da","0c43df7259eb9cbda66d8dee517ae064b7dec15b3279351a455f148a8b13d4c7","72d46bfd4b8c8d4d6293075a766925492f9f842f9db4374078e87f81aa999d1d","38c774270c62107085cafa3b8135070d08e0fd24e88550311c7e9f209c0befea","bb1d8ee1e6075dc44984058bec980304b3e7433edc4e1f7e67eb3aaea4bcf22a","b7d59407a3cef323480a5495fa633bc3f13c9a57381758413f92c01659087947","bb636caf96429cb4ac32d32ae81c77ac91ba70e6a7a8c57cae78c5101bab76e0","71c6ea06e05482bf651f49c9c86acf6ba49ccec9a9950842fa98269130e71469","696688c44b84a50c78fe743ae9b5d8ef313df848df2c3d23cf8fb1da4f75eab3","9985cd7a4b55d67fc77a321e87131031ffc5a478100b0e00c91192a1ba7aaf49","8adeff8e59ce0b6d9c34f152255a3c48caca4e9862ee945cc88fd43f1904d47f","cc4342be8ebdabb30b3ec12c405d68b9e468268dc4de779c870b497990795fe8","bundles/CONF06_batch_0p50.rds","ada7f57cde1c1618f962b46df28bae185e9b60b012eab77cfbeff2dd4dfb60a0",TRUE
"CONF06","CONF06_run_order_0p50",6,"run_order",0.5,450,225,225,0,0.659246402833202,0.659246402833202,0.738626273318373,"~ phenotype + plate + within_plate_position_scaled",450,7,7,TRUE,8.19611634575343,3.36218790615312,45,45,0.5,45,45,0.5,45,45,0.5,45,45,0.5,45,45,0.5,50,100,0.35,FALSE,"sample_id;plate;order_in_plate;run_order;sample_type","e2452e8cba452fa669bc0202c76b7fc52f8d16e63ff273bbdac6c9ce5adfc3e7","cfc74d62158d15c541ed62f18df62b0f73d78df49983b61e38ca4723e4ad97ad","0c43df7259eb9cbda66d8dee517ae064b7dec15b3279351a455f148a8b13d4c7","72d46bfd4b8c8d4d6293075a766925492f9f842f9db4374078e87f81aa999d1d","38c774270c62107085cafa3b8135070d08e0fd24e88550311c7e9f209c0befea","bb1d8ee1e6075dc44984058bec980304b3e7433edc4e1f7e67eb3aaea4bcf22a","b7d59407a3cef323480a5495fa633bc3f13c9a57381758413f92c01659087947","bb636caf96429cb4ac32d32ae81c77ac91ba70e6a7a8c57cae78c5101bab76e0","71c6ea06e05482bf651f49c9c86acf6ba49ccec9a9950842fa98269130e71469","696688c44b84a50c78fe743ae9b5d8ef313df848df2c3d23cf8fb1da4f75eab3","44a9d6f94ff3e45140c6c2c3ccc9045390f5afc14f820deabb13e1eecc901beb","3958c493b7a9923abbba9ec0de57d89f1cda5791a9a23e58831626ad0c0e85d5","23d0c057b06191080824da542175d352743ea72242f755825f7cb302bf39febf","bundles/CONF06_run_order_0p50.rds","ddcf80a75687157dda2e7a02ad70fa98bb94e5c16ae6a88d1563e7375b151476",TRUE
"CONF06","CONF06_joint_0p50",7,"joint",0.5,450,225,225,0.457151675399957,0.541545215562087,0.608262844283354,0.666773804344727,"~ phenotype + plate + within_plate_position_scaled",450,7,7,TRUE,9.35020491109748,2.94691572182524,68,67.5,0.755555555555556,68,67.5,0.755555555555556,45,45,0.5,22,22.5,0.244444444444444,22,22.5,0.244444444444444,50,100,0.35,FALSE,"sample_id;plate;order_in_plate;run_order;sample_type","e2452e8cba452fa669bc0202c76b7fc52f8d16e63ff273bbdac6c9ce5adfc3e7","849afed9f142518c082485b09fa1d1ae964b7ef4802f2756789f99fcb92795e8","0c43df7259eb9cbda66d8dee517ae064b7dec15b3279351a455f148a8b13d4c7","72d46bfd4b8c8d4d6293075a766925492f9f842f9db4374078e87f81aa999d1d","38c774270c62107085cafa3b8135070d08e0fd24e88550311c7e9f209c0befea","bb1d8ee1e6075dc44984058bec980304b3e7433edc4e1f7e67eb3aaea4bcf22a","b7d59407a3cef323480a5495fa633bc3f13c9a57381758413f92c01659087947","bb636caf96429cb4ac32d32ae81c77ac91ba70e6a7a8c57cae78c5101bab76e0","71c6ea06e05482bf651f49c9c86acf6ba49ccec9a9950842fa98269130e71469","696688c44b84a50c78fe743ae9b5d8ef313df848df2c3d23cf8fb1da4f75eab3","efa186ee123d2051cd89877fc5d0faaecc249219860bd131a5b0d075108c6227","46f4f1b824f05b2e492c2107aef176026395b8ef5f17d5e0536e79232efd3f2a","d4ee555669c6535ad21ed4381182e4cf1ad30294654b5a4aee7b147d71bea476","bundles/CONF06_joint_0p50.rds","79418621237baf5190045347c2e128fbeacfa368545e5ced3fd11c9815d57bad",TRUE
"CONF06","CONF06_batch_0p75",8,"batch",0.75,450,225,225,0.675789433199936,0.0575675138324568,0.0736910641366135,0.134723379325586,"~ phenotype + plate + within_plate_position_scaled",450,7,7,TRUE,8.85432373919139,3.1315526368403,79,78.75,0.877777777777778,79,78.75,0.877777777777778,45,45,0.5,11,11.25,0.122222222222222,11,11.25,0.122222222222222,50,100,0.35,FALSE,"sample_id;plate;order_in_plate;run_order;sample_type","e2452e8cba452fa669bc0202c76b7fc52f8d16e63ff273bbdac6c9ce5adfc3e7","52ed0926e074dde1d0fc103b94ae991974bb8b17c24fdea51bae9d53a068f347","0c43df7259eb9cbda66d8dee517ae064b7dec15b3279351a455f148a8b13d4c7","72d46bfd4b8c8d4d6293075a766925492f9f842f9db4374078e87f81aa999d1d","38c774270c62107085cafa3b8135070d08e0fd24e88550311c7e9f209c0befea","bb1d8ee1e6075dc44984058bec980304b3e7433edc4e1f7e67eb3aaea4bcf22a","b7d59407a3cef323480a5495fa633bc3f13c9a57381758413f92c01659087947","bb636caf96429cb4ac32d32ae81c77ac91ba70e6a7a8c57cae78c5101bab76e0","71c6ea06e05482bf651f49c9c86acf6ba49ccec9a9950842fa98269130e71469","696688c44b84a50c78fe743ae9b5d8ef313df848df2c3d23cf8fb1da4f75eab3","812a35cedcdcd770e72cf363a683f19d22ef4820724a6efc1996e5af5d2fb79b","2e34093e7297aeb7c8faf8b858b4b1c752d7710d9af29d3f2eb6254b35eb5785","565cd99cb22e57144e819a081a2f0f9839b842019e068e0917369f8e90f0b706","bundles/CONF06_batch_0p75.rds","b0efcbbd5896a641daa682a86fc733299c76e11b81625320e9b4b43407f60317",TRUE
"CONF06","CONF06_run_order_0p75",9,"run_order",0.75,450,225,225,0,0.804833191158375,0.804833191158375,0.831863405677032,"~ phenotype + plate + within_plate_position_scaled",450,7,7,TRUE,10.287935397315,2.67324068496019,45,45,0.5,45,45,0.5,45,45,0.5,45,45,0.5,45,45,0.5,50,100,0.35,FALSE,"sample_id;plate;order_in_plate;run_order;sample_type","e2452e8cba452fa669bc0202c76b7fc52f8d16e63ff273bbdac6c9ce5adfc3e7","0c1a7594b708c73349af3136fe66f1ec21adb69c81c02a351e84935bfe1c72e6","0c43df7259eb9cbda66d8dee517ae064b7dec15b3279351a455f148a8b13d4c7","72d46bfd4b8c8d4d6293075a766925492f9f842f9db4374078e87f81aa999d1d","38c774270c62107085cafa3b8135070d08e0fd24e88550311c7e9f209c0befea","bb1d8ee1e6075dc44984058bec980304b3e7433edc4e1f7e67eb3aaea4bcf22a","b7d59407a3cef323480a5495fa633bc3f13c9a57381758413f92c01659087947","bb636caf96429cb4ac32d32ae81c77ac91ba70e6a7a8c57cae78c5101bab76e0","71c6ea06e05482bf651f49c9c86acf6ba49ccec9a9950842fa98269130e71469","696688c44b84a50c78fe743ae9b5d8ef313df848df2c3d23cf8fb1da4f75eab3","eb9b8239117330e88c8601c939eb913a3369f2a055cd6738197b603bc789a71c","d45593ba5137d65a7df7dc13d8259bb97895ea092fb30b795613a801670115c4","c10d13ff5109d3aee7e8e522561fbab2e7600839d616c31ad3691c7b573ab65c","bundles/CONF06_run_order_0p75.rds","35d1d918113c78b13866c694972c55be7cc2a8c87d552bdba1a2e56b7bacb06d",TRUE
"CONF06","CONF06_joint_0p75",10,"joint",0.75,450,225,225,0.675789433199936,0.444886537061825,0.593691593500187,0.811334128827419,"~ phenotype + plate + within_plate_position_scaled",450,7,7,TRUE,11.0451912059852,2.49649344813431,79,78.75,0.877777777777778,79,78.75,0.877777777777778,45,45,0.5,11,11.25,0.122222222222222,11,11.25,0.122222222222222,50,100,0.35,FALSE,"sample_id;plate;order_in_plate;run_order;sample_type","e2452e8cba452fa669bc0202c76b7fc52f8d16e63ff273bbdac6c9ce5adfc3e7","4c69736f91ec5ffdd8d58814879016d259ce33453a711b4fb7a351662631d606","0c43df7259eb9cbda66d8dee517ae064b7dec15b3279351a455f148a8b13d4c7","72d46bfd4b8c8d4d6293075a766925492f9f842f9db4374078e87f81aa999d1d","38c774270c62107085cafa3b8135070d08e0fd24e88550311c7e9f209c0befea","bb1d8ee1e6075dc44984058bec980304b3e7433edc4e1f7e67eb3aaea4bcf22a","b7d59407a3cef323480a5495fa633bc3f13c9a57381758413f92c01659087947","bb636caf96429cb4ac32d32ae81c77ac91ba70e6a7a8c57cae78c5101bab76e0","71c6ea06e05482bf651f49c9c86acf6ba49ccec9a9950842fa98269130e71469","696688c44b84a50c78fe743ae9b5d8ef313df848df2c3d23cf8fb1da4f75eab3","3163faa35876aed5bb798bf1ef2a5655f8218dbcbe9f35ed8df9fec30955b190","1d8581f6590c4d4a5d31c87be1536a0e3aebe8993977fd856bc4fdfd52706432","c3aff9e4c8f97840ab21edc0e7704c0cfa1d9affe272343f7305fbf10eae714c","bundles/CONF06_joint_0p75.rds","5a86045816bd244c645d64667c7cd368811e8530625fa742da227fd9ee1ab5bd",TRUE
"CONF06","CONF06_batch_0p90",11,"batch",0.9,450,225,225,0.814922551799923,0.0389200873607249,0.0701123885289384,0.174331147296201,"~ phenotype + plate + within_plate_position_scaled",450,7,7,TRUE,10.7041047107392,2.59024664583013,86,85.5,0.955555555555556,86,85.5,0.955555555555556,45,45,0.5,4,4.5,0.0444444444444444,4,4.5,0.0444444444444444,50,100,0.35,FALSE,"sample_id;plate;order_in_plate;run_order;sample_type","e2452e8cba452fa669bc0202c76b7fc52f8d16e63ff273bbdac6c9ce5adfc3e7","adbb513ba84149071e981590ee7035955899acc9d9cd819013236272d06f17c5","0c43df7259eb9cbda66d8dee517ae064b7dec15b3279351a455f148a8b13d4c7","72d46bfd4b8c8d4d6293075a766925492f9f842f9db4374078e87f81aa999d1d","38c774270c62107085cafa3b8135070d08e0fd24e88550311c7e9f209c0befea","bb1d8ee1e6075dc44984058bec980304b3e7433edc4e1f7e67eb3aaea4bcf22a","b7d59407a3cef323480a5495fa633bc3f13c9a57381758413f92c01659087947","bb636caf96429cb4ac32d32ae81c77ac91ba70e6a7a8c57cae78c5101bab76e0","71c6ea06e05482bf651f49c9c86acf6ba49ccec9a9950842fa98269130e71469","696688c44b84a50c78fe743ae9b5d8ef313df848df2c3d23cf8fb1da4f75eab3","b01491dc5bafe0c5615e2ff8c8be72ef0ebb500a0b575ab176005740c15697d9","db9cc4dc08257003e268701424b66b7379a541a97b843dba5249503e00ce1e5c","de110fbc82af960e16ac7a878d726e8f3663c05b3f382d37a1b748d189d58702","bundles/CONF06_batch_0p90.rds","3111f3513f334e95cba2e54015c0c285ba0e29bc0d8cd4b355c22983d816f346",TRUE
"CONF06","CONF06_run_order_0p90",12,"run_order",0.9,450,225,225,0,0.852905914447886,0.852905914447886,0.863512707486852,"~ phenotype + plate + within_plate_position_scaled",450,7,7,TRUE,11.7255023667467,2.34397095168875,45,45,0.5,45,45,0.5,45,45,0.5,45,45,0.5,45,45,0.5,50,100,0.35,FALSE,"sample_id;plate;order_in_plate;run_order;sample_type","e2452e8cba452fa669bc0202c76b7fc52f8d16e63ff273bbdac6c9ce5adfc3e7","05416685cebfc75d456e4631c390e1f4ae187ecf405c36776b051c8160397ccf","0c43df7259eb9cbda66d8dee517ae064b7dec15b3279351a455f148a8b13d4c7","72d46bfd4b8c8d4d6293075a766925492f9f842f9db4374078e87f81aa999d1d","38c774270c62107085cafa3b8135070d08e0fd24e88550311c7e9f209c0befea","bb1d8ee1e6075dc44984058bec980304b3e7433edc4e1f7e67eb3aaea4bcf22a","b7d59407a3cef323480a5495fa633bc3f13c9a57381758413f92c01659087947","bb636caf96429cb4ac32d32ae81c77ac91ba70e6a7a8c57cae78c5101bab76e0","71c6ea06e05482bf651f49c9c86acf6ba49ccec9a9950842fa98269130e71469","696688c44b84a50c78fe743ae9b5d8ef313df848df2c3d23cf8fb1da4f75eab3","7a9489504a3c60d9baca7d2096d0301a4fde4976704f175360c4208a90a4a3ed","93be4594a98ab08ac470f316d20d7743a1c04f10dcd9cff5c23bfb5f00ff0b7c","7e3320e9204f4fefc65283e476c43b98334efd34b036ce250aa9b5e8cf34c4bd","bundles/CONF06_run_order_0p90.rds","aa586cb93d571a911eec760c5934df334351374ff2546b478ead1419eed7e8b0",TRUE
"CONF06","CONF06_joint_0p90",13,"joint",0.9,450,225,225,0.814922551799923,0.288350801083525,0.456220636049995,0.853248069062046,"~ phenotype + plate + within_plate_position_scaled",450,7,7,TRUE,12.5503136694969,2.20125030795082,86,85.5,0.955555555555556,86,85.5,0.955555555555556,45,45,0.5,4,4.5,0.0444444444444444,4,4.5,0.0444444444444444,50,100,0.35,FALSE,"sample_id;plate;order_in_plate;run_order;sample_type","e2452e8cba452fa669bc0202c76b7fc52f8d16e63ff273bbdac6c9ce5adfc3e7","59aeab20738a03b9fea582682346f7fe2882edd9b46ef4b5e2f6fab5afdcd571","0c43df7259eb9cbda66d8dee517ae064b7dec15b3279351a455f148a8b13d4c7","72d46bfd4b8c8d4d6293075a766925492f9f842f9db4374078e87f81aa999d1d","38c774270c62107085cafa3b8135070d08e0fd24e88550311c7e9f209c0befea","bb1d8ee1e6075dc44984058bec980304b3e7433edc4e1f7e67eb3aaea4bcf22a","b7d59407a3cef323480a5495fa633bc3f13c9a57381758413f92c01659087947","bb636caf96429cb4ac32d32ae81c77ac91ba70e6a7a8c57cae78c5101bab76e0","71c6ea06e05482bf651f49c9c86acf6ba49ccec9a9950842fa98269130e71469","696688c44b84a50c78fe743ae9b5d8ef313df848df2c3d23cf8fb1da4f75eab3","158b0b6933c031c723fcb9c9c95c008ad1912e8c9223c0a0a0063967baedad11","c871e5e6d4133611cc6fc93070db8ece9b3af8a4f04db347bb59560589ba1677","1b31af82ef38514dfabd64e558d9d4e4e9618a273dec3046f1a3260527bf4b14","bundles/CONF06_joint_0p90.rds","ffc8fd7aaab5fdf4c56f6275b33d488e82847db6e73ed32d3cc85d2e3478f7ab",TRUE
"CONF06","CONF06_batch_1p00",14,"batch",1,450,225,225,0.894427190999916,0.0269446758651172,0.134723379325586,0.134723379325586,"~ phenotype + plate + within_plate_position_scaled",450,7,7,TRUE,13.4756759511134,2.0575304748893,90,90,1,90,90,1,45,45,0.5,0,0,0,0,0,0,50,100,0.35,FALSE,"sample_id;plate;order_in_plate;run_order;sample_type","e2452e8cba452fa669bc0202c76b7fc52f8d16e63ff273bbdac6c9ce5adfc3e7","c57b3c46e340639252dbbb190e8d4dcb34594fe5d1a98ccf23d33fb4dcee9fca","0c43df7259eb9cbda66d8dee517ae064b7dec15b3279351a455f148a8b13d4c7","72d46bfd4b8c8d4d6293075a766925492f9f842f9db4374078e87f81aa999d1d","38c774270c62107085cafa3b8135070d08e0fd24e88550311c7e9f209c0befea","bb1d8ee1e6075dc44984058bec980304b3e7433edc4e1f7e67eb3aaea4bcf22a","b7d59407a3cef323480a5495fa633bc3f13c9a57381758413f92c01659087947","bb636caf96429cb4ac32d32ae81c77ac91ba70e6a7a8c57cae78c5101bab76e0","71c6ea06e05482bf651f49c9c86acf6ba49ccec9a9950842fa98269130e71469","696688c44b84a50c78fe743ae9b5d8ef313df848df2c3d23cf8fb1da4f75eab3","8f589fb621a6a80c0f60ab626f954eb1b391ba5dde8bb87dd6524ecfa9cdeacd","5652ac589bc331645714133e736550a58964fc5bfcc51502de040d126b4bafb8","82813651178245fd79a9563f26609550d72ab49a40eac5a3016e77c898d2887c","bundles/CONF06_batch_1p00.rds","e3a93e2913d3bd39187edc61f698e381549a5cbeab195cbf6082716a280a14a0",TRUE
"CONF06","CONF06_run_order_1p00",15,"run_order",1,450,225,225,0,0.866078867093054,0.866078867093054,0.866078867093054,"~ phenotype + plate + within_plate_position_scaled",450,7,7,TRUE,12.2571850578752,2.24189736854381,45,45,0.5,45,45,0.5,45,45,0.5,45,45,0.5,45,45,0.5,50,100,0.35,FALSE,"sample_id;plate;order_in_plate;run_order;sample_type","e2452e8cba452fa669bc0202c76b7fc52f8d16e63ff273bbdac6c9ce5adfc3e7","ad3225757f7d657adaee49f98da06d8f9018523bdaf9b5cd50834565637f13cc","0c43df7259eb9cbda66d8dee517ae064b7dec15b3279351a455f148a8b13d4c7","72d46bfd4b8c8d4d6293075a766925492f9f842f9db4374078e87f81aa999d1d","38c774270c62107085cafa3b8135070d08e0fd24e88550311c7e9f209c0befea","bb1d8ee1e6075dc44984058bec980304b3e7433edc4e1f7e67eb3aaea4bcf22a","b7d59407a3cef323480a5495fa633bc3f13c9a57381758413f92c01659087947","bb636caf96429cb4ac32d32ae81c77ac91ba70e6a7a8c57cae78c5101bab76e0","71c6ea06e05482bf651f49c9c86acf6ba49ccec9a9950842fa98269130e71469","696688c44b84a50c78fe743ae9b5d8ef313df848df2c3d23cf8fb1da4f75eab3","151e736f4ffff3859ba33d8926cb6489fe36679c09345d5c02f9e25a780677da","0639eab6e681288e73190d94773cefe97aa2cf89c094a54ba06122ce8bbeaf9f","60bcaffe21fe4c01df0c6ecd1d74c0ff65b243af580d8e9372c7e93abe74e3e4","bundles/CONF06_run_order_1p00.rds","5c819b39fd8aaa5783c48a952880aaa24319cc819a14d56f6e2ade282bdf76d1",TRUE
"CONF06","CONF06_joint_1p00",16,"joint",1,450,225,225,0.894427190999916,0.173215773418611,0.866078867093054,0.866078867093054,"~ phenotype + plate + within_plate_position_scaled",450,7,7,TRUE,14.8598036973637,1.86190902773352,90,90,1,90,90,1,45,45,0.5,0,0,0,0,0,0,50,100,0.35,FALSE,"sample_id;plate;order_in_plate;run_order;sample_type","e2452e8cba452fa669bc0202c76b7fc52f8d16e63ff273bbdac6c9ce5adfc3e7","c419b008db0062fd251fff9c7c7986ea59293602eaaa4759888010c067c13e6a","0c43df7259eb9cbda66d8dee517ae064b7dec15b3279351a455f148a8b13d4c7","72d46bfd4b8c8d4d6293075a766925492f9f842f9db4374078e87f81aa999d1d","38c774270c62107085cafa3b8135070d08e0fd24e88550311c7e9f209c0befea","bb1d8ee1e6075dc44984058bec980304b3e7433edc4e1f7e67eb3aaea4bcf22a","b7d59407a3cef323480a5495fa633bc3f13c9a57381758413f92c01659087947","bb636caf96429cb4ac32d32ae81c77ac91ba70e6a7a8c57cae78c5101bab76e0","71c6ea06e05482bf651f49c9c86acf6ba49ccec9a9950842fa98269130e71469","696688c44b84a50c78fe743ae9b5d8ef313df848df2c3d23cf8fb1da4f75eab3","1d24f34bcf9828bd8786043a3008e63388610c609ccf0d91446d58b3aee28761","11197afc95dddf13108441edf7f070b45796cc73408fe95988d12634733cfa42","641b4b1b1e727a71cf96b815ac338cfb9cb06a246942292a0a9a12c1a5bd5822","bundles/CONF06_joint_1p00.rds","d0ccc3c02cce7a575751ee60d34d5d0cc27e1f0ae6e65e5b903e35a3ff227ccf",TRUE
"CONF07","CONF07_none_0p00",1,"none",0,450,225,225,0,0.00795509477922509,0.131301833183984,0.209997394440834,"~ phenotype + plate + within_plate_position_scaled",450,7,7,TRUE,7.20507017310267,3.86104286294797,45,45,0.5,45,45,0.5,45,45,0.5,45,45,0.5,45,45,0.5,50,100,0.35,FALSE,"sample_id;plate;order_in_plate;run_order;sample_type","e2452e8cba452fa669bc0202c76b7fc52f8d16e63ff273bbdac6c9ce5adfc3e7","089ed813dd2d3ccd74f20d6538282de7ada8cb45247a59f274d3e9fbb9db5598","a3ff0708176f320551c34f18eab7f54ba25c4622ecd97b5c1fd2e9aae53cc9ec","ffca47326069753cec15abe27ca4702218fd70b8b58c2b8c6ca3453c5b4dc063","59ee8df50cfe27754cbfe0b924d5aed414026f8471af0d37b56310e7d84600a7","6ada17e18f31a305a00d77c630ec0e841a9901f21d5ccc89bdd8101f62aa4c0a","b7d59407a3cef323480a5495fa633bc3f13c9a57381758413f92c01659087947","4803aca2ea26b14ffe9a1322027caf936df0df6a06f72707c0ea53158bdff9c9","acd893c1ce05ba018a2ec1deb9c775901a99dd32448ae0c03f1835fb4ce704d7","fab4125ba5a26795b4eb9afc1a5322564ed0563a8bafa36b9f8e3a6170baefd5","66aa077e233ccecc497aaa0171e2a267ae1ec5e7f3757541e6d2505297d6baa3","77ab71d4e70d7e25fcb68a0a76062ed8cfdfd198a30d77e80b1f06b31b380fd5","110c362637e15bba0c8b862f8e10c6afb25d960530def77a8c4ef01eb6c23ca6","bundles/CONF07_none_0p00.rds","9a34c9cd42e8025c199017d82d583e0ea366e4c0280e444b4c13993248b12f56",TRUE
"CONF07","CONF07_batch_0p25",2,"batch",0.25,450,225,225,0.218637757799979,0.000427693267700272,0.126178983025679,0.194954706961815,"~ phenotype + plate + within_plate_position_scaled",450,7,7,TRUE,7.34842413407291,3.78189560748747,56,56.25,0.622222222222222,56,56.25,0.622222222222222,45,45,0.5,34,33.75,0.377777777777778,34,33.75,0.377777777777778,50,100,0.35,FALSE,"sample_id;plate;order_in_plate;run_order;sample_type","e2452e8cba452fa669bc0202c76b7fc52f8d16e63ff273bbdac6c9ce5adfc3e7","1ea6b5173ac6cc4c8b210849012741d479ce0df20bfc643fff76370d920a0e36","a3ff0708176f320551c34f18eab7f54ba25c4622ecd97b5c1fd2e9aae53cc9ec","ffca47326069753cec15abe27ca4702218fd70b8b58c2b8c6ca3453c5b4dc063","59ee8df50cfe27754cbfe0b924d5aed414026f8471af0d37b56310e7d84600a7","6ada17e18f31a305a00d77c630ec0e841a9901f21d5ccc89bdd8101f62aa4c0a","b7d59407a3cef323480a5495fa633bc3f13c9a57381758413f92c01659087947","4803aca2ea26b14ffe9a1322027caf936df0df6a06f72707c0ea53158bdff9c9","acd893c1ce05ba018a2ec1deb9c775901a99dd32448ae0c03f1835fb4ce704d7","fab4125ba5a26795b4eb9afc1a5322564ed0563a8bafa36b9f8e3a6170baefd5","90442d37d5fdf62019cd8ac10c937fde23205dc70fb152f95b19d4dd4fe47a7e","d8454adceab089d5ff416ff1bc1b4275fb28dc0efee41fb23bfdd1214353d697","2469ee1fe544de400c406791c101de2845371a5dac8368794f24a3a24b8867bf","bundles/CONF07_batch_0p25.rds","cd0dc224c4c2c0de405dcd74b38c3fdc4d782364f87339035a1cab470ae77442",TRUE
"CONF07","CONF07_run_order_0p25",3,"run_order",0.25,450,225,225,0,0.35917680621469,0.35917680621469,0.53162273175144,"~ phenotype + plate + within_plate_position_scaled",450,7,7,TRUE,7.30376949008535,3.78879664631085,45,45,0.5,45,45,0.5,45,45,0.5,45,45,0.5,45,45,0.5,50,100,0.35,FALSE,"sample_id;plate;order_in_plate;run_order;sample_type","e2452e8cba452fa669bc0202c76b7fc52f8d16e63ff273bbdac6c9ce5adfc3e7","5fba11a99393be76bbf749e3c4cd3e3aafebc76b5a5a18641de9e811eb217577","a3ff0708176f320551c34f18eab7f54ba25c4622ecd97b5c1fd2e9aae53cc9ec","ffca47326069753cec15abe27ca4702218fd70b8b58c2b8c6ca3453c5b4dc063","59ee8df50cfe27754cbfe0b924d5aed414026f8471af0d37b56310e7d84600a7","6ada17e18f31a305a00d77c630ec0e841a9901f21d5ccc89bdd8101f62aa4c0a","b7d59407a3cef323480a5495fa633bc3f13c9a57381758413f92c01659087947","4803aca2ea26b14ffe9a1322027caf936df0df6a06f72707c0ea53158bdff9c9","acd893c1ce05ba018a2ec1deb9c775901a99dd32448ae0c03f1835fb4ce704d7","fab4125ba5a26795b4eb9afc1a5322564ed0563a8bafa36b9f8e3a6170baefd5","f1e91802d1454587b16b601621cf95eb187f1ce7dd04fa0602d28d16ebd812b1","07cb742b38d1643a0a551acd8a8163fec62d8ad1ff56ac34f606891b42f7993a","24b474787f726da7da23911fc404a7c7f0112f0e02cd90a65f98c741d472557b","bundles/CONF07_run_order_0p25.rds","1e2624ba0fa783f781a701e15d2cb22cefd09cf715c29da1f6fede3ec628ad57",TRUE
"CONF07","CONF07_joint_0p25",4,"joint",0.25,450,225,225,0.218637757799979,0.356439569301408,0.365029997929881,0.470184881496143,"~ phenotype + plate + within_plate_position_scaled",450,7,7,TRUE,7.61101711938976,3.63274782690312,56,56.25,0.622222222222222,56,56.25,0.622222222222222,45,45,0.5,34,33.75,0.377777777777778,34,33.75,0.377777777777778,50,100,0.35,FALSE,"sample_id;plate;order_in_plate;run_order;sample_type","e2452e8cba452fa669bc0202c76b7fc52f8d16e63ff273bbdac6c9ce5adfc3e7","53abe4d9917ed18c1f82646b6d535d83f3efb3a394ea14e5b2e47db722b0ff64","a3ff0708176f320551c34f18eab7f54ba25c4622ecd97b5c1fd2e9aae53cc9ec","ffca47326069753cec15abe27ca4702218fd70b8b58c2b8c6ca3453c5b4dc063","59ee8df50cfe27754cbfe0b924d5aed414026f8471af0d37b56310e7d84600a7","6ada17e18f31a305a00d77c630ec0e841a9901f21d5ccc89bdd8101f62aa4c0a","b7d59407a3cef323480a5495fa633bc3f13c9a57381758413f92c01659087947","4803aca2ea26b14ffe9a1322027caf936df0df6a06f72707c0ea53158bdff9c9","acd893c1ce05ba018a2ec1deb9c775901a99dd32448ae0c03f1835fb4ce704d7","fab4125ba5a26795b4eb9afc1a5322564ed0563a8bafa36b9f8e3a6170baefd5","42715b30d1535df953540d995c74ce11288a3667e81819c996771dfc190e9fea","3dfc5e168ca58d188e5aa2a40aaada65648351f0280def78cc429c4fcfaa453a","ff4e47912f9b976afb57bc339dacefb25a233984ea5bbb2b8a5b2324995351c8","bundles/CONF07_joint_0p25.rds","985ad3fb837339a5514b0c81ec5c609ba024b5afc97fa5edbaeba15c3d183007",TRUE
"CONF07","CONF07_batch_0p50",5,"batch",0.5,450,225,225,0.457151675399957,0.000769847881860494,0.105767341989049,0.182121079767051,"~ phenotype + plate + within_plate_position_scaled",450,7,7,TRUE,7.75178466913603,3.58222413040898,68,67.5,0.755555555555556,68,67.5,0.755555555555556,45,45,0.5,22,22.5,0.244444444444444,22,22.5,0.244444444444444,50,100,0.35,FALSE,"sample_id;plate;order_in_plate;run_order;sample_type","e2452e8cba452fa669bc0202c76b7fc52f8d16e63ff273bbdac6c9ce5adfc3e7","8bf972275fe832066965238d0a17a49a5eb76d414b4f661db9bc51a0f98b1dee","a3ff0708176f320551c34f18eab7f54ba25c4622ecd97b5c1fd2e9aae53cc9ec","ffca47326069753cec15abe27ca4702218fd70b8b58c2b8c6ca3453c5b4dc063","59ee8df50cfe27754cbfe0b924d5aed414026f8471af0d37b56310e7d84600a7","6ada17e18f31a305a00d77c630ec0e841a9901f21d5ccc89bdd8101f62aa4c0a","b7d59407a3cef323480a5495fa633bc3f13c9a57381758413f92c01659087947","4803aca2ea26b14ffe9a1322027caf936df0df6a06f72707c0ea53158bdff9c9","acd893c1ce05ba018a2ec1deb9c775901a99dd32448ae0c03f1835fb4ce704d7","fab4125ba5a26795b4eb9afc1a5322564ed0563a8bafa36b9f8e3a6170baefd5","8f304c2f9cbedc6f10579413ae244816fc61dc1c22f231c8ba6a46fcc1b91579","e97df27f7cdd5e8ed97d653ff8409d22fc61a708f6002f6d8eb0a01534e7819b","f3cd3dda25431ca3979df74a366ccad6551a280f9f90a364f0f4207ced7ba14a","bundles/CONF07_batch_0p50.rds","86d60a1b1f13fa6916733a1d62e4cf459b61e4459f8b87b8163cbe85faf1c48d",TRUE
"CONF07","CONF07_run_order_0p50",6,"run_order",0.5,450,225,225,0,0.626228482566741,0.626228482566741,0.719807769539561,"~ phenotype + plate + within_plate_position_scaled",450,7,7,TRUE,7.96312608089222,3.46213559958466,45,45,0.5,45,45,0.5,45,45,0.5,45,45,0.5,45,45,0.5,50,100,0.35,FALSE,"sample_id;plate;order_in_plate;run_order;sample_type","e2452e8cba452fa669bc0202c76b7fc52f8d16e63ff273bbdac6c9ce5adfc3e7","c83cca76f8c240481404e5f294b39857fb4c6f0eb5d804b2dc2df7953f67bab5","a3ff0708176f320551c34f18eab7f54ba25c4622ecd97b5c1fd2e9aae53cc9ec","ffca47326069753cec15abe27ca4702218fd70b8b58c2b8c6ca3453c5b4dc063","59ee8df50cfe27754cbfe0b924d5aed414026f8471af0d37b56310e7d84600a7","6ada17e18f31a305a00d77c630ec0e841a9901f21d5ccc89bdd8101f62aa4c0a","b7d59407a3cef323480a5495fa633bc3f13c9a57381758413f92c01659087947","4803aca2ea26b14ffe9a1322027caf936df0df6a06f72707c0ea53158bdff9c9","acd893c1ce05ba018a2ec1deb9c775901a99dd32448ae0c03f1835fb4ce704d7","fab4125ba5a26795b4eb9afc1a5322564ed0563a8bafa36b9f8e3a6170baefd5","71905e4f7a2bebd19ec1e4d195e8d19d13c65a29512cf80b744b2f0de125258a","f8237dc73db9797057ff45880509c4fc75b8aa235ce35f98081bfa98aebaf7a0","0a4316b4ee26b558b09653bfd30550288e3684576747e151fbbb866dd5ef1901","bundles/CONF07_run_order_0p50.rds","4ec4fbb51e924970ad9a43dcea0d3080949295aea652e2390388e67260aa2848",TRUE
"CONF07","CONF07_joint_0p50",7,"joint",0.5,450,225,225,0.457151675399957,0.503908208004462,0.565201184600028,0.644533754424312,"~ phenotype + plate + within_plate_position_scaled",450,7,7,TRUE,9.05378841277601,3.04499514869559,68,67.5,0.755555555555556,68,67.5,0.755555555555556,45,45,0.5,22,22.5,0.244444444444444,22,22.5,0.244444444444444,50,100,0.35,FALSE,"sample_id;plate;order_in_plate;run_order;sample_type","e2452e8cba452fa669bc0202c76b7fc52f8d16e63ff273bbdac6c9ce5adfc3e7","09e8de4b0598e9e5256c93695d75d96603f559534a1d70d2b08c48b49f693c9b","a3ff0708176f320551c34f18eab7f54ba25c4622ecd97b5c1fd2e9aae53cc9ec","ffca47326069753cec15abe27ca4702218fd70b8b58c2b8c6ca3453c5b4dc063","59ee8df50cfe27754cbfe0b924d5aed414026f8471af0d37b56310e7d84600a7","6ada17e18f31a305a00d77c630ec0e841a9901f21d5ccc89bdd8101f62aa4c0a","b7d59407a3cef323480a5495fa633bc3f13c9a57381758413f92c01659087947","4803aca2ea26b14ffe9a1322027caf936df0df6a06f72707c0ea53158bdff9c9","acd893c1ce05ba018a2ec1deb9c775901a99dd32448ae0c03f1835fb4ce704d7","fab4125ba5a26795b4eb9afc1a5322564ed0563a8bafa36b9f8e3a6170baefd5","79e763adee570ccd6fed33585973a9d0c932163f84b719644d456ac58d7f37a0","b8f8f2b96d91bfb47b523dd9c4ba3b84bebaa0eb6d0b0c84b616839827631cf1","5a42490f62851926cd5f65fcbcb9ef4d8919a70b2088208647cd3e8a3ab5f17c","bundles/CONF07_joint_0p50.rds","a948aeeaf1bda3045a458424511b9adff3ef660a15a7b40b837ab5db55faac6b",TRUE
"CONF07","CONF07_batch_0p75",8,"batch",0.75,450,225,225,0.675789433199936,0.0262603666367968,0.12156572696214,0.212186818271456,"~ phenotype + plate + within_plate_position_scaled",450,7,7,TRUE,8.74172301319167,3.17578773805232,79,78.75,0.877777777777778,79,78.75,0.877777777777778,45,45,0.5,11,11.25,0.122222222222222,11,11.25,0.122222222222222,50,100,0.35,FALSE,"sample_id;plate;order_in_plate;run_order;sample_type","e2452e8cba452fa669bc0202c76b7fc52f8d16e63ff273bbdac6c9ce5adfc3e7","3f145ffbcd4eec5ffa12bab581d57a90d49107ae1031258e40f10210a0adc4bd","a3ff0708176f320551c34f18eab7f54ba25c4622ecd97b5c1fd2e9aae53cc9ec","ffca47326069753cec15abe27ca4702218fd70b8b58c2b8c6ca3453c5b4dc063","59ee8df50cfe27754cbfe0b924d5aed414026f8471af0d37b56310e7d84600a7","6ada17e18f31a305a00d77c630ec0e841a9901f21d5ccc89bdd8101f62aa4c0a","b7d59407a3cef323480a5495fa633bc3f13c9a57381758413f92c01659087947","4803aca2ea26b14ffe9a1322027caf936df0df6a06f72707c0ea53158bdff9c9","acd893c1ce05ba018a2ec1deb9c775901a99dd32448ae0c03f1835fb4ce704d7","fab4125ba5a26795b4eb9afc1a5322564ed0563a8bafa36b9f8e3a6170baefd5","fa478df38d5e1600ef2539538e16fcdeac0a2f4c27cc76295a0a521c6c725f24","37655374bdd63d9c80cc0b83af4baaac229c17396f25110ecbd06d77e8581f6a","44724e8a48283c39b876b6aca85aa9794e988b275dd4907750b04e08cde76dc5","bundles/CONF07_batch_0p75.rds","6e68d45b60e7b055d1adbbc0b0df2ba3d9ebde3aa6d7d8454a27a47cba92955a",TRUE
"CONF07","CONF07_run_order_0p75",9,"run_order",0.75,450,225,225,0,0.802951340780494,0.802951340780494,0.831863405677032,"~ phenotype + plate + within_plate_position_scaled",450,7,7,TRUE,10.2434077957251,2.68492969021219,45,45,0.5,45,45,0.5,45,45,0.5,45,45,0.5,45,45,0.5,50,100,0.35,FALSE,"sample_id;plate;order_in_plate;run_order;sample_type","e2452e8cba452fa669bc0202c76b7fc52f8d16e63ff273bbdac6c9ce5adfc3e7","fc5e76ae16c114c10e2b51e90e8163f33758a13c2a7b23e1aee12def303817c8","a3ff0708176f320551c34f18eab7f54ba25c4622ecd97b5c1fd2e9aae53cc9ec","ffca47326069753cec15abe27ca4702218fd70b8b58c2b8c6ca3453c5b4dc063","59ee8df50cfe27754cbfe0b924d5aed414026f8471af0d37b56310e7d84600a7","6ada17e18f31a305a00d77c630ec0e841a9901f21d5ccc89bdd8101f62aa4c0a","b7d59407a3cef323480a5495fa633bc3f13c9a57381758413f92c01659087947","4803aca2ea26b14ffe9a1322027caf936df0df6a06f72707c0ea53158bdff9c9","acd893c1ce05ba018a2ec1deb9c775901a99dd32448ae0c03f1835fb4ce704d7","fab4125ba5a26795b4eb9afc1a5322564ed0563a8bafa36b9f8e3a6170baefd5","816643a49ef18a837324469eec07b3e97180a46032d4793bc5aefd11f6581da4","d06838cb10bd4e4795a79a58144a177f728f8e0bc4c3ba2e8effeebcd2149358","d537df120c478f92f6d2797497dd16d35fe8eca732b1dfd809af99a73cb4a314","bundles/CONF07_run_order_0p75.rds","563dfbe5d15d62ab24396c7e71576a9604047fcd6f1b21fa258260930171c123",TRUE
"CONF07","CONF07_joint_0p75",10,"joint",0.75,450,225,225,0.675789433199936,0.432055739030817,0.574015042267414,0.81218951536282,"~ phenotype + plate + within_plate_position_scaled",450,7,7,TRUE,10.8777609940225,2.53537759785367,79,78.75,0.877777777777778,79,78.75,0.877777777777778,45,45,0.5,11,11.25,0.122222222222222,11,11.25,0.122222222222222,50,100,0.35,FALSE,"sample_id;plate;order_in_plate;run_order;sample_type","e2452e8cba452fa669bc0202c76b7fc52f8d16e63ff273bbdac6c9ce5adfc3e7","70bea75a8414aa50d924e695acb34d52d4189368fb4cabbbc279a8b5a1a03881","a3ff0708176f320551c34f18eab7f54ba25c4622ecd97b5c1fd2e9aae53cc9ec","ffca47326069753cec15abe27ca4702218fd70b8b58c2b8c6ca3453c5b4dc063","59ee8df50cfe27754cbfe0b924d5aed414026f8471af0d37b56310e7d84600a7","6ada17e18f31a305a00d77c630ec0e841a9901f21d5ccc89bdd8101f62aa4c0a","b7d59407a3cef323480a5495fa633bc3f13c9a57381758413f92c01659087947","4803aca2ea26b14ffe9a1322027caf936df0df6a06f72707c0ea53158bdff9c9","acd893c1ce05ba018a2ec1deb9c775901a99dd32448ae0c03f1835fb4ce704d7","fab4125ba5a26795b4eb9afc1a5322564ed0563a8bafa36b9f8e3a6170baefd5","77e2a6e9161afa7cd0714fac78ed76fa64c0f534a742c9dc3881914bd0d8e36d","181535c9d0afac1f287cf09560d69a371e0232faceef24ef5b148d62a5799c2d","bbffdeeba7608f76bcc399d451cc524667d9aca58c90719dfd0f65c50b12119f","bundles/CONF07_joint_0p75.rds","8058a394e68819d3c255b718ccb647d8dd67b1a1defeb4a94e5be76fdfc6b732",TRUE
"CONF07","CONF07_batch_0p90",11,"batch",0.9,450,225,225,0.814922551799923,0.000940925188940603,0.0966828073072305,0.16602966409162,"~ phenotype + plate + within_plate_position_scaled",450,7,7,TRUE,10.6158982759484,2.61329584956298,86,85.5,0.955555555555556,86,85.5,0.955555555555556,45,45,0.5,4,4.5,0.0444444444444444,4,4.5,0.0444444444444444,50,100,0.35,FALSE,"sample_id;plate;order_in_plate;run_order;sample_type","e2452e8cba452fa669bc0202c76b7fc52f8d16e63ff273bbdac6c9ce5adfc3e7","305559ff7228f28b1039a08b73ced404baca230cf8fcac2bab5fe951d3b18beb","a3ff0708176f320551c34f18eab7f54ba25c4622ecd97b5c1fd2e9aae53cc9ec","ffca47326069753cec15abe27ca4702218fd70b8b58c2b8c6ca3453c5b4dc063","59ee8df50cfe27754cbfe0b924d5aed414026f8471af0d37b56310e7d84600a7","6ada17e18f31a305a00d77c630ec0e841a9901f21d5ccc89bdd8101f62aa4c0a","b7d59407a3cef323480a5495fa633bc3f13c9a57381758413f92c01659087947","4803aca2ea26b14ffe9a1322027caf936df0df6a06f72707c0ea53158bdff9c9","acd893c1ce05ba018a2ec1deb9c775901a99dd32448ae0c03f1835fb4ce704d7","fab4125ba5a26795b4eb9afc1a5322564ed0563a8bafa36b9f8e3a6170baefd5","35eaee42a2a6e27a344bedb2e11e83b08ba333e8b888d9fca727e93b50f4681c","b2f1e60d0916cc0c9f87123f4c0201fc1da9cb61a24dfe06565d245ab7cb382f","2d90c22e41ce0644ec15fe75b02f490973786b86dfae0ed0333dc3a1327ed909","bundles/CONF07_batch_0p90.rds","f4f15c217a023341f151af1a017c717528fe726a65f65682a7594e4841aefc7e",TRUE
"CONF07","CONF07_run_order_0p90",12,"run_order",0.9,450,225,225,0,0.848457904463803,0.848457904463803,0.860946547880651,"~ phenotype + plate + within_plate_position_scaled",450,7,7,TRUE,11.5624906242731,2.37715983923871,45,45,0.5,45,45,0.5,45,45,0.5,45,45,0.5,45,45,0.5,50,100,0.35,FALSE,"sample_id;plate;order_in_plate;run_order;sample_type","e2452e8cba452fa669bc0202c76b7fc52f8d16e63ff273bbdac6c9ce5adfc3e7","f8c28ea91497cc2120ddaff63a93c22508432f79ea78c15965860ea5dad5f6d4","a3ff0708176f320551c34f18eab7f54ba25c4622ecd97b5c1fd2e9aae53cc9ec","ffca47326069753cec15abe27ca4702218fd70b8b58c2b8c6ca3453c5b4dc063","59ee8df50cfe27754cbfe0b924d5aed414026f8471af0d37b56310e7d84600a7","6ada17e18f31a305a00d77c630ec0e841a9901f21d5ccc89bdd8101f62aa4c0a","b7d59407a3cef323480a5495fa633bc3f13c9a57381758413f92c01659087947","4803aca2ea26b14ffe9a1322027caf936df0df6a06f72707c0ea53158bdff9c9","acd893c1ce05ba018a2ec1deb9c775901a99dd32448ae0c03f1835fb4ce704d7","fab4125ba5a26795b4eb9afc1a5322564ed0563a8bafa36b9f8e3a6170baefd5","bbc8a39709a6a4a31fda3673d25e7c56ffd2615f27dcb5059a68215f2add5b98","646d685c5502de6c85c0e9e5efd2a44e254ffb24adcf190d1fc9ef5b9646cb7e","06f41a3d76f83e391506aefb4d7acc3140138b2d68dbe79833d245242db53d1b","bundles/CONF07_run_order_0p90.rds","d36efbd7f76ffcf1ab685f9ab7bc4e1eaf761197e75530397342e27ae1863681",TRUE
"CONF07","CONF07_joint_0p90",13,"joint",0.9,450,225,225,0.814922551799923,0.288008646469364,0.455878481435835,0.851537295991245,"~ phenotype + plate + within_plate_position_scaled",450,7,7,TRUE,12.5452975249687,2.20214123828161,86,85.5,0.955555555555556,86,85.5,0.955555555555556,45,45,0.5,4,4.5,0.0444444444444444,4,4.5,0.0444444444444444,50,100,0.35,FALSE,"sample_id;plate;order_in_plate;run_order;sample_type","e2452e8cba452fa669bc0202c76b7fc52f8d16e63ff273bbdac6c9ce5adfc3e7","ef6b819ea6edc24c3b99ebd2d79cd38f9b0b9309fd69e96b575f343ca91e140c","a3ff0708176f320551c34f18eab7f54ba25c4622ecd97b5c1fd2e9aae53cc9ec","ffca47326069753cec15abe27ca4702218fd70b8b58c2b8c6ca3453c5b4dc063","59ee8df50cfe27754cbfe0b924d5aed414026f8471af0d37b56310e7d84600a7","6ada17e18f31a305a00d77c630ec0e841a9901f21d5ccc89bdd8101f62aa4c0a","b7d59407a3cef323480a5495fa633bc3f13c9a57381758413f92c01659087947","4803aca2ea26b14ffe9a1322027caf936df0df6a06f72707c0ea53158bdff9c9","acd893c1ce05ba018a2ec1deb9c775901a99dd32448ae0c03f1835fb4ce704d7","fab4125ba5a26795b4eb9afc1a5322564ed0563a8bafa36b9f8e3a6170baefd5","fcb1681a38c9f8c7879de849efd719b009b265075587fec6286fa50a677f6e9f","908525998bdccb6645f38b95c120be6788ee3b379682be8a858502c52073145d","c50f806f7e3bbbea18b083c017d0159142e483087a07a8e1897cd10f1edd3375","bundles/CONF07_joint_0p90.rds","a8f694d748e924cb67b6903b54ec6fdb159733a68b10e2f627677393d1be7cca",TRUE
"CONF07","CONF07_batch_1p00",14,"batch",1,450,225,225,0.894427190999916,0.00744186285798476,0.0372093142899238,0.0372093142899238,"~ phenotype + plate + within_plate_position_scaled",450,7,7,TRUE,13.410522712398,2.06811864130323,90,90,1,90,90,1,45,45,0.5,0,0,0,0,0,0,50,100,0.35,FALSE,"sample_id;plate;order_in_plate;run_order;sample_type","e2452e8cba452fa669bc0202c76b7fc52f8d16e63ff273bbdac6c9ce5adfc3e7","070b499f8c780f0dc4d1bf4efeb8576c8087c7363c52ac49d1530db179384dcb","a3ff0708176f320551c34f18eab7f54ba25c4622ecd97b5c1fd2e9aae53cc9ec","ffca47326069753cec15abe27ca4702218fd70b8b58c2b8c6ca3453c5b4dc063","59ee8df50cfe27754cbfe0b924d5aed414026f8471af0d37b56310e7d84600a7","6ada17e18f31a305a00d77c630ec0e841a9901f21d5ccc89bdd8101f62aa4c0a","b7d59407a3cef323480a5495fa633bc3f13c9a57381758413f92c01659087947","4803aca2ea26b14ffe9a1322027caf936df0df6a06f72707c0ea53158bdff9c9","acd893c1ce05ba018a2ec1deb9c775901a99dd32448ae0c03f1835fb4ce704d7","fab4125ba5a26795b4eb9afc1a5322564ed0563a8bafa36b9f8e3a6170baefd5","e5441e80e73c04272ccd17c849390a29fbc1c9c57688cd7f2bdf25ab9a888912","8ef144777874d495f6aed82ef1f646608d0c66a1c9bbe014256ed9ae9b4a6440","805b398d21fa77bc7692e498a3e1d0d3c32db81ad489ec2d81a7316748c3c1c5","bundles/CONF07_batch_1p00.rds","a9e1a30a40163dfc33641bd800276bc2a30222373800ec14748a118aa8113bc4",TRUE
"CONF07","CONF07_run_order_1p00",15,"run_order",1,450,225,225,0,0.866078867093054,0.866078867093054,0.866078867093054,"~ phenotype + plate + within_plate_position_scaled",450,7,7,TRUE,12.2571850578752,2.24189736854381,45,45,0.5,45,45,0.5,45,45,0.5,45,45,0.5,45,45,0.5,50,100,0.35,FALSE,"sample_id;plate;order_in_plate;run_order;sample_type","e2452e8cba452fa669bc0202c76b7fc52f8d16e63ff273bbdac6c9ce5adfc3e7","6cbdc48992c55d306656d0a04ee643b7fcfb7709aaeaa0d538aa691e6261ba9d","a3ff0708176f320551c34f18eab7f54ba25c4622ecd97b5c1fd2e9aae53cc9ec","ffca47326069753cec15abe27ca4702218fd70b8b58c2b8c6ca3453c5b4dc063","59ee8df50cfe27754cbfe0b924d5aed414026f8471af0d37b56310e7d84600a7","6ada17e18f31a305a00d77c630ec0e841a9901f21d5ccc89bdd8101f62aa4c0a","b7d59407a3cef323480a5495fa633bc3f13c9a57381758413f92c01659087947","4803aca2ea26b14ffe9a1322027caf936df0df6a06f72707c0ea53158bdff9c9","acd893c1ce05ba018a2ec1deb9c775901a99dd32448ae0c03f1835fb4ce704d7","fab4125ba5a26795b4eb9afc1a5322564ed0563a8bafa36b9f8e3a6170baefd5","151e736f4ffff3859ba33d8926cb6489fe36679c09345d5c02f9e25a780677da","190d0aa3dc1b4621c753fe4e13e37eaddd065d6df95cac08225dbcfec70e9ccd","06c3906090eac1f7d065a5372594044d17d511cd35dd96266fdbaf18a7f57c02","bundles/CONF07_run_order_1p00.rds","f2a3cf11dccf9e2605e14e5838050a870b812f9c8faf3873c8416ab86fca662b",TRUE
"CONF07","CONF07_joint_1p00",16,"joint",1,450,225,225,0.894427190999916,0.173215773418611,0.866078867093054,0.866078867093054,"~ phenotype + plate + within_plate_position_scaled",450,7,7,TRUE,14.8598036973637,1.86190902773352,90,90,1,90,90,1,45,45,0.5,0,0,0,0,0,0,50,100,0.35,FALSE,"sample_id;plate;order_in_plate;run_order;sample_type","e2452e8cba452fa669bc0202c76b7fc52f8d16e63ff273bbdac6c9ce5adfc3e7","6067f531787dfb3d04c0a746dfc5168c0d8715212dba05f7b01415d3ac41c92b","a3ff0708176f320551c34f18eab7f54ba25c4622ecd97b5c1fd2e9aae53cc9ec","ffca47326069753cec15abe27ca4702218fd70b8b58c2b8c6ca3453c5b4dc063","59ee8df50cfe27754cbfe0b924d5aed414026f8471af0d37b56310e7d84600a7","6ada17e18f31a305a00d77c630ec0e841a9901f21d5ccc89bdd8101f62aa4c0a","b7d59407a3cef323480a5495fa633bc3f13c9a57381758413f92c01659087947","4803aca2ea26b14ffe9a1322027caf936df0df6a06f72707c0ea53158bdff9c9","acd893c1ce05ba018a2ec1deb9c775901a99dd32448ae0c03f1835fb4ce704d7","fab4125ba5a26795b4eb9afc1a5322564ed0563a8bafa36b9f8e3a6170baefd5","1d24f34bcf9828bd8786043a3008e63388610c609ccf0d91446d58b3aee28761","c023f169c59886e7e5228484f017c7713f178018e6fb1a041563b5df5ccbcb1a","ee70d96c6a8b53e28612477e28cab72a50dc7864192a5b1dea9569b8295ea577","bundles/CONF07_joint_1p00.rds","d1b7811bcf79dd4425d32807c35679448f8a214bf61099b397187c6e2d98fccf",TRUE
"CONF08","CONF08_none_0p00",1,"none",0,450,225,225,0,0.0416573242740067,0.130275369341503,0.190323504126622,"~ phenotype + plate + within_plate_position_scaled",450,7,7,TRUE,7.20833348205477,3.85650047660053,45,45,0.5,45,45,0.5,45,45,0.5,45,45,0.5,45,45,0.5,50,100,0.35,FALSE,"sample_id;plate;order_in_plate;run_order;sample_type","e2452e8cba452fa669bc0202c76b7fc52f8d16e63ff273bbdac6c9ce5adfc3e7","db5a5323d3bacdf7d89d09de842958ce95fd61f838cba43e0e005e4fb1dd8505","edfb0a5ecc85888b1bad420fdda8c11fce5a800a057322fe7ac78bbc8637747d","0350ca92db68e426448eea5c4b3647a7c7da6b8ae02c4658563b23f978fed94f","ff4845693075b51cf8a8fb01384af6e210b19e53e832d0529c2fedcfa054d921","18651319d0772c69127de354b2182fdd83329fa6068cd146bb48f4771d708ad6","b7d59407a3cef323480a5495fa633bc3f13c9a57381758413f92c01659087947","6ed8815d65b874fbe99637117179aeb6644116b774ba54782824978525e396df","f52d74ab68ea2197a2bc903ca5325eb7a27584102260f1adb2bebcfde1c92adc","b79c02e01cc02aad59a27aa568e886dfc223b0350f109ffae2a4e13e7ad717fc","5079a623ee32e4d236bfd4ba4b1ed4c08707411b32d75ef68eb6403b9d5855f9","771d2c51678f1268174eb29fa20868ca818dbebd19a3dba00ef94599ffba9bf5","97552ca6a9f04e02e22d2b6004de3c8ca5ffd5928a9ce8133abaff7f22f46e4b","bundles/CONF08_none_0p00.rds","79bd216cca64c270d7a916cc310af386c25daa934fb897e37a94f5742eb699ab",TRUE
"CONF08","CONF08_batch_0p25",2,"batch",0.25,450,225,225,0.218637757799979,0.00333600748806214,0.152942171054192,0.258469362623583,"~ phenotype + plate + within_plate_position_scaled",450,7,7,TRUE,7.349322352469,3.78127249996734,56,56.25,0.622222222222222,56,56.25,0.622222222222222,45,45,0.5,34,33.75,0.377777777777778,34,33.75,0.377777777777778,50,100,0.35,FALSE,"sample_id;plate;order_in_plate;run_order;sample_type","e2452e8cba452fa669bc0202c76b7fc52f8d16e63ff273bbdac6c9ce5adfc3e7","de4aeba4f74290287b3b46d0f523695dbc44ca7519687339397bc6d481ae67c0","edfb0a5ecc85888b1bad420fdda8c11fce5a800a057322fe7ac78bbc8637747d","0350ca92db68e426448eea5c4b3647a7c7da6b8ae02c4658563b23f978fed94f","ff4845693075b51cf8a8fb01384af6e210b19e53e832d0529c2fedcfa054d921","18651319d0772c69127de354b2182fdd83329fa6068cd146bb48f4771d708ad6","b7d59407a3cef323480a5495fa633bc3f13c9a57381758413f92c01659087947","6ed8815d65b874fbe99637117179aeb6644116b774ba54782824978525e396df","f52d74ab68ea2197a2bc903ca5325eb7a27584102260f1adb2bebcfde1c92adc","b79c02e01cc02aad59a27aa568e886dfc223b0350f109ffae2a4e13e7ad717fc","62b87647b1345f0629220f10f55b613d9b9064d3cb90f34004c21e72b451f990","5c418d96c02869dbe9b1c3fb5f3fab8f0fb4d0d96a9f43963541b778091bded3","6f393333adaaf6fa3da83d10f4caf7988f173253c972885ba1646ed95f6916e5","bundles/CONF08_batch_0p25.rds","71fecb7ec43951dd90c2162a2e5e79209d0aea5a230166788acabbc077b8ee32",TRUE
"CONF08","CONF08_run_order_0p25",3,"run_order",0.25,450,225,225,0,0.396813813772314,0.396813813772314,0.505105749154023,"~ phenotype + plate + within_plate_position_scaled",450,7,7,TRUE,7.3347500305587,3.77078845858353,45,45,0.5,45,45,0.5,45,45,0.5,45,45,0.5,45,45,0.5,50,100,0.35,FALSE,"sample_id;plate;order_in_plate;run_order;sample_type","e2452e8cba452fa669bc0202c76b7fc52f8d16e63ff273bbdac6c9ce5adfc3e7","1a6f3ae9668fbb702ca2e3227369bbfc5895cd4f2169d96032a38e5e35999cf7","edfb0a5ecc85888b1bad420fdda8c11fce5a800a057322fe7ac78bbc8637747d","0350ca92db68e426448eea5c4b3647a7c7da6b8ae02c4658563b23f978fed94f","ff4845693075b51cf8a8fb01384af6e210b19e53e832d0529c2fedcfa054d921","18651319d0772c69127de354b2182fdd83329fa6068cd146bb48f4771d708ad6","b7d59407a3cef323480a5495fa633bc3f13c9a57381758413f92c01659087947","6ed8815d65b874fbe99637117179aeb6644116b774ba54782824978525e396df","f52d74ab68ea2197a2bc903ca5325eb7a27584102260f1adb2bebcfde1c92adc","b79c02e01cc02aad59a27aa568e886dfc223b0350f109ffae2a4e13e7ad717fc","1eb44edf6834d2cf0c811199ea1ebfa3390b93cabc7e3dffe8a30384c3ac8869","f8ad3f53aff977abb876a8ab6abfdfad608f86335ea804408edaa37c938a58c9","d21eb749e37378f58932bf3539e641472979361aa8de71580b210c07b821c239","bundles/CONF08_run_order_0p25.rds","b2e7b8673972cf160e21775ce4e95a6cfc4267ad7bb4612b3ff01fdee6f5f336",TRUE
"CONF08","CONF08_joint_0p25",4,"joint",0.25,450,225,225,0.218637757799979,0.347030317412002,0.35510157371838,0.527524501190795,"~ phenotype + plate + within_plate_position_scaled",450,7,7,TRUE,7.59685271851627,3.64000628343425,56,56.25,0.622222222222222,56,56.25,0.622222222222222,45,45,0.5,34,33.75,0.377777777777778,34,33.75,0.377777777777778,50,100,0.35,FALSE,"sample_id;plate;order_in_plate;run_order;sample_type","e2452e8cba452fa669bc0202c76b7fc52f8d16e63ff273bbdac6c9ce5adfc3e7","691ef982b486744a41c8350bd322d95354d0b7a92ba5a06043235d091bc5cfc9","edfb0a5ecc85888b1bad420fdda8c11fce5a800a057322fe7ac78bbc8637747d","0350ca92db68e426448eea5c4b3647a7c7da6b8ae02c4658563b23f978fed94f","ff4845693075b51cf8a8fb01384af6e210b19e53e832d0529c2fedcfa054d921","18651319d0772c69127de354b2182fdd83329fa6068cd146bb48f4771d708ad6","b7d59407a3cef323480a5495fa633bc3f13c9a57381758413f92c01659087947","6ed8815d65b874fbe99637117179aeb6644116b774ba54782824978525e396df","f52d74ab68ea2197a2bc903ca5325eb7a27584102260f1adb2bebcfde1c92adc","b79c02e01cc02aad59a27aa568e886dfc223b0350f109ffae2a4e13e7ad717fc","c68a8ee6a6e5bd433a18fa349c30a713e6451731c3838f5e8ee3388b47395f4d","9bfa999b97e9a86b604f83b334ac5fc488828531846e0383bae45148e63520eb","c5bbc6473d110d69373283539c788ab79bd289cc557ecd0e380adf73215f27d9","bundles/CONF08_joint_0p25.rds","c1e3a7304c207d78d7c02daaf8e4b732afeaecd0982b49b1fbec1177b2a9ab0a",TRUE
"CONF08","CONF08_batch_0p50",5,"batch",0.5,450,225,225,0.457151675399957,0.0177065012827913,0.0945588537448704,0.220933768897734,"~ phenotype + plate + within_plate_position_scaled",450,7,7,TRUE,7.74096124239326,3.58812374028952,68,67.5,0.755555555555556,68,67.5,0.755555555555556,45,45,0.5,22,22.5,0.244444444444444,22,22.5,0.244444444444444,50,100,0.35,FALSE,"sample_id;plate;order_in_plate;run_order;sample_type","e2452e8cba452fa669bc0202c76b7fc52f8d16e63ff273bbdac6c9ce5adfc3e7","c40e3a4bc0e1ccdfc3e0718b46dfd13ea02d1c6880e661fe15121368a1744a6b","edfb0a5ecc85888b1bad420fdda8c11fce5a800a057322fe7ac78bbc8637747d","0350ca92db68e426448eea5c4b3647a7c7da6b8ae02c4658563b23f978fed94f","ff4845693075b51cf8a8fb01384af6e210b19e53e832d0529c2fedcfa054d921","18651319d0772c69127de354b2182fdd83329fa6068cd146bb48f4771d708ad6","b7d59407a3cef323480a5495fa633bc3f13c9a57381758413f92c01659087947","6ed8815d65b874fbe99637117179aeb6644116b774ba54782824978525e396df","f52d74ab68ea2197a2bc903ca5325eb7a27584102260f1adb2bebcfde1c92adc","b79c02e01cc02aad59a27aa568e886dfc223b0350f109ffae2a4e13e7ad717fc","26434b422bf478fb8203432b816c1f903bbafc648b241b728a12062513ecf23c","59d1319471ba1bc2412f471b30f01da53257eb19077f8ddb24cdc9297719461c","c423550954c9a7299293c84a8d9dec0e32a294b30b69c5d39014774152f1e6e7","bundles/CONF08_batch_0p50.rds","5005bf536656c683fef49acd46d0342895c7d10669e1bee5302db5f98483e484",TRUE
"CONF08","CONF08_run_order_0p50",6,"run_order",0.5,450,225,225,0,0.6558248566916,0.6558248566916,0.724084702216563,"~ phenotype + plate + within_plate_position_scaled",450,7,7,TRUE,8.16909709064244,3.37346713459009,45,45,0.5,45,45,0.5,45,45,0.5,45,45,0.5,45,45,0.5,50,100,0.35,FALSE,"sample_id;plate;order_in_plate;run_order;sample_type","e2452e8cba452fa669bc0202c76b7fc52f8d16e63ff273bbdac6c9ce5adfc3e7","a875922d204b4932fb0918eebeddb32bf876c3b8f0f884cf84c66f11b6a11b37","edfb0a5ecc85888b1bad420fdda8c11fce5a800a057322fe7ac78bbc8637747d","0350ca92db68e426448eea5c4b3647a7c7da6b8ae02c4658563b23f978fed94f","ff4845693075b51cf8a8fb01384af6e210b19e53e832d0529c2fedcfa054d921","18651319d0772c69127de354b2182fdd83329fa6068cd146bb48f4771d708ad6","b7d59407a3cef323480a5495fa633bc3f13c9a57381758413f92c01659087947","6ed8815d65b874fbe99637117179aeb6644116b774ba54782824978525e396df","f52d74ab68ea2197a2bc903ca5325eb7a27584102260f1adb2bebcfde1c92adc","b79c02e01cc02aad59a27aa568e886dfc223b0350f109ffae2a4e13e7ad717fc","059f611ddd89137e4ca51ff54828c494afc53d0863ee402b38d1c89d39387edb","6d4b3c52cc34134b9e9a352b11bc0c493415d1d4017b820c48cc84266c9a202e","fa9212e8ef033677829d51035663ee62574c786290ff2732e30648e4f8a643a1","bundles/CONF08_run_order_0p50.rds","b368bd28beabd5f7f661246f91ee37966f992289b39f22aebb38e354004d728e",TRUE
"CONF08","CONF08_joint_0p50",7,"joint",0.5,450,225,225,0.457151675399957,0.485260781532731,0.54286275771287,0.664207644738525,"~ phenotype + plate + within_plate_position_scaled",450,7,7,TRUE,8.92872344448083,3.08845223801154,68,67.5,0.755555555555556,68,67.5,0.755555555555556,45,45,0.5,22,22.5,0.244444444444444,22,22.5,0.244444444444444,50,100,0.35,FALSE,"sample_id;plate;order_in_plate;run_order;sample_type","e2452e8cba452fa669bc0202c76b7fc52f8d16e63ff273bbdac6c9ce5adfc3e7","17f911f3d9485dacfa808e7c450ec31af25cda09582ae03e9385d88150bac684","edfb0a5ecc85888b1bad420fdda8c11fce5a800a057322fe7ac78bbc8637747d","0350ca92db68e426448eea5c4b3647a7c7da6b8ae02c4658563b23f978fed94f","ff4845693075b51cf8a8fb01384af6e210b19e53e832d0529c2fedcfa054d921","18651319d0772c69127de354b2182fdd83329fa6068cd146bb48f4771d708ad6","b7d59407a3cef323480a5495fa633bc3f13c9a57381758413f92c01659087947","6ed8815d65b874fbe99637117179aeb6644116b774ba54782824978525e396df","f52d74ab68ea2197a2bc903ca5325eb7a27584102260f1adb2bebcfde1c92adc","b79c02e01cc02aad59a27aa568e886dfc223b0350f109ffae2a4e13e7ad717fc","1390f1b25609a59d9c33f36d680e7f05c5ae705f74c91af8d2cf0d4f161ac2b9","cae6e2f1a875bdb975a29ee46af84448c7dbffd33bc8c289896c4f0b8a85982e","8c801ef1517772c8652b2e1706f23002fa76ccf3c7f07091cd1790621325f537","bundles/CONF08_joint_0p50.rds","2e0a166a21d882b4ff718394f881734c52fb5385c23ca672c8da3c7077bb6780",TRUE
"CONF08","CONF08_batch_0p75",8,"batch",0.75,450,225,225,0.675789433199936,0.0149692643695096,0.0887660110345161,0.13253515110494,"~ phenotype + plate + within_plate_position_scaled",450,7,7,TRUE,8.75293929982545,3.17119178878724,79,78.75,0.877777777777778,79,78.75,0.877777777777778,45,45,0.5,11,11.25,0.122222222222222,11,11.25,0.122222222222222,50,100,0.35,FALSE,"sample_id;plate;order_in_plate;run_order;sample_type","e2452e8cba452fa669bc0202c76b7fc52f8d16e63ff273bbdac6c9ce5adfc3e7","39a5f639c2973d4a5a82fafe762f2aabd867fc0f2101fd0705441da5f0fb2af9","edfb0a5ecc85888b1bad420fdda8c11fce5a800a057322fe7ac78bbc8637747d","0350ca92db68e426448eea5c4b3647a7c7da6b8ae02c4658563b23f978fed94f","ff4845693075b51cf8a8fb01384af6e210b19e53e832d0529c2fedcfa054d921","18651319d0772c69127de354b2182fdd83329fa6068cd146bb48f4771d708ad6","b7d59407a3cef323480a5495fa633bc3f13c9a57381758413f92c01659087947","6ed8815d65b874fbe99637117179aeb6644116b774ba54782824978525e396df","f52d74ab68ea2197a2bc903ca5325eb7a27584102260f1adb2bebcfde1c92adc","b79c02e01cc02aad59a27aa568e886dfc223b0350f109ffae2a4e13e7ad717fc","3de149e59ea91618ccff7b19fae489dd338c1efa93b5993bcefab60c0bf6abf0","b6593070186b8c432891e839030006ee54df0b087b6872f8b5be5f3f10e9d534","d109a310d84fb171778f62d86d0502d86105263f4eb2570b9a7adad39abafcc0","bundles/CONF08_batch_0p75.rds","5b5467230cac011282dfc8df6b86902ae1470b187a9dfcca9dc96bedf481a8ec",TRUE
"CONF08","CONF08_run_order_0p75",9,"run_order",0.75,450,225,225,0,0.814755674969021,0.814755674969021,0.838706497960237,"~ phenotype + plate + within_plate_position_scaled",450,7,7,TRUE,10.5349179078375,2.61021749875032,45,45,0.5,45,45,0.5,45,45,0.5,45,45,0.5,45,45,0.5,50,100,0.35,FALSE,"sample_id;plate;order_in_plate;run_order;sample_type","e2452e8cba452fa669bc0202c76b7fc52f8d16e63ff273bbdac6c9ce5adfc3e7","77e6c448a34f7e5a90c5320ac68408005dd40e819c375d05008d77b2219f1b59","edfb0a5ecc85888b1bad420fdda8c11fce5a800a057322fe7ac78bbc8637747d","0350ca92db68e426448eea5c4b3647a7c7da6b8ae02c4658563b23f978fed94f","ff4845693075b51cf8a8fb01384af6e210b19e53e832d0529c2fedcfa054d921","18651319d0772c69127de354b2182fdd83329fa6068cd146bb48f4771d708ad6","b7d59407a3cef323480a5495fa633bc3f13c9a57381758413f92c01659087947","6ed8815d65b874fbe99637117179aeb6644116b774ba54782824978525e396df","f52d74ab68ea2197a2bc903ca5325eb7a27584102260f1adb2bebcfde1c92adc","b79c02e01cc02aad59a27aa568e886dfc223b0350f109ffae2a4e13e7ad717fc","c3c9d5be86b738d1d2da830661e35d3bf18f64bd61e6a7fcb01519fff1270239","ea239bad43909f32ed0ed8db11df404fe7285ef5cda73f492b57e80f90d00f7e","387b8cca4b94038cd354d7b8b68b81da3a6de6dec59a4c24e90cad8af5f029de","bundles/CONF08_run_order_0p75.rds","b96b146fc9fc9882ff506c3507084647b7511ea50002a1a00e1d674900b99860",TRUE
"CONF08","CONF08_joint_0p75",10,"joint",0.75,450,225,225,0.675789433199936,0.426923419818413,0.566000300654267,0.813900288433621,"~ phenotype + plate + within_plate_position_scaled",450,7,7,TRUE,10.8143957503167,2.55041777123507,79,78.75,0.877777777777778,79,78.75,0.877777777777778,45,45,0.5,11,11.25,0.122222222222222,11,11.25,0.122222222222222,50,100,0.35,FALSE,"sample_id;plate;order_in_plate;run_order;sample_type","e2452e8cba452fa669bc0202c76b7fc52f8d16e63ff273bbdac6c9ce5adfc3e7","8800d85bcc5100286048dbc143c911f386e07157b2e192aeaef21ab485dfd16a","edfb0a5ecc85888b1bad420fdda8c11fce5a800a057322fe7ac78bbc8637747d","0350ca92db68e426448eea5c4b3647a7c7da6b8ae02c4658563b23f978fed94f","ff4845693075b51cf8a8fb01384af6e210b19e53e832d0529c2fedcfa054d921","18651319d0772c69127de354b2182fdd83329fa6068cd146bb48f4771d708ad6","b7d59407a3cef323480a5495fa633bc3f13c9a57381758413f92c01659087947","6ed8815d65b874fbe99637117179aeb6644116b774ba54782824978525e396df","f52d74ab68ea2197a2bc903ca5325eb7a27584102260f1adb2bebcfde1c92adc","b79c02e01cc02aad59a27aa568e886dfc223b0350f109ffae2a4e13e7ad717fc","41a0f2e605e1c9b4e42de3b34162af6037cacc645aee1707d4067bef45eca936","234608855a02445ad7052c97db369c9f9b407c9c307e60eda2188b7f37c6c2e5","37e98a3f9c7cdf04dcb718320cd16bdb72c53c944233be229a4a877c1e56d91f","bundles/CONF08_joint_0p75.rds","2ae7494b9fd240b40e48b61f7858da53984b09882a021dc4e7f6a73c3a6923c3",TRUE
"CONF08","CONF08_batch_0p90",11,"batch",0.9,450,225,225,0.814922551799923,0.00128307980310082,0.0862750425629289,0.130446446648583,"~ phenotype + plate + within_plate_position_scaled",450,7,7,TRUE,10.6197436258525,2.61226424663776,86,85.5,0.955555555555556,86,85.5,0.955555555555556,45,45,0.5,4,4.5,0.0444444444444444,4,4.5,0.0444444444444444,50,100,0.35,FALSE,"sample_id;plate;order_in_plate;run_order;sample_type","e2452e8cba452fa669bc0202c76b7fc52f8d16e63ff273bbdac6c9ce5adfc3e7","000d372d29cf5c7406ed2c882c438d090ff444155f70e213e2a2f5aa0438d100","edfb0a5ecc85888b1bad420fdda8c11fce5a800a057322fe7ac78bbc8637747d","0350ca92db68e426448eea5c4b3647a7c7da6b8ae02c4658563b23f978fed94f","ff4845693075b51cf8a8fb01384af6e210b19e53e832d0529c2fedcfa054d921","18651319d0772c69127de354b2182fdd83329fa6068cd146bb48f4771d708ad6","b7d59407a3cef323480a5495fa633bc3f13c9a57381758413f92c01659087947","6ed8815d65b874fbe99637117179aeb6644116b774ba54782824978525e396df","f52d74ab68ea2197a2bc903ca5325eb7a27584102260f1adb2bebcfde1c92adc","b79c02e01cc02aad59a27aa568e886dfc223b0350f109ffae2a4e13e7ad717fc","88ea6b7ed69d465f51304f25f6ee61648e2addc4045b3a9034e32a133db0c9dc","7b8a8d8ebc33e7a5aac2938eae7823b35e557eeca8322c448ec0d4a7b46f6823","2e34989676a72bef129a6178b08060767a17d4e1722f8cb19f846ef45ac40fae","bundles/CONF08_batch_0p90.rds","e8bfc26585e89162d4af4d8425413a02acc35cb170aece8d7f173a7e3bf6053e",TRUE
"CONF08","CONF08_run_order_0p90",12,"run_order",0.9,450,225,225,0,0.853248069062046,0.853248069062046,0.862657320951452,"~ phenotype + plate + within_plate_position_scaled",450,7,7,TRUE,11.7383622648427,2.34139220813392,45,45,0.5,45,45,0.5,45,45,0.5,45,45,0.5,45,45,0.5,50,100,0.35,FALSE,"sample_id;plate;order_in_plate;run_order;sample_type","e2452e8cba452fa669bc0202c76b7fc52f8d16e63ff273bbdac6c9ce5adfc3e7","23513a3c2821db691b366d0574062df8afe5741727f2b014b2e21155abd2879b","edfb0a5ecc85888b1bad420fdda8c11fce5a800a057322fe7ac78bbc8637747d","0350ca92db68e426448eea5c4b3647a7c7da6b8ae02c4658563b23f978fed94f","ff4845693075b51cf8a8fb01384af6e210b19e53e832d0529c2fedcfa054d921","18651319d0772c69127de354b2182fdd83329fa6068cd146bb48f4771d708ad6","b7d59407a3cef323480a5495fa633bc3f13c9a57381758413f92c01659087947","6ed8815d65b874fbe99637117179aeb6644116b774ba54782824978525e396df","f52d74ab68ea2197a2bc903ca5325eb7a27584102260f1adb2bebcfde1c92adc","b79c02e01cc02aad59a27aa568e886dfc223b0350f109ffae2a4e13e7ad717fc","4128444a86618836d3a090e805d541d4185efe477179b51c8d8b6e78bebe4206","2495c5eee6248008fd978aa4725befd0f65920dfa83ac0e6659f87f55245586b","e990f0b43e73401016b29cdc9f01e8c6ca3aa849786f424276ce2618d0e038b4","bundles/CONF08_run_order_0p90.rds","2c45aabdc74dea617f7ebab59ced7393291fc4f1a463c72549a771a1081d3016",TRUE
"CONF08","CONF08_joint_0p90",13,"joint",0.9,450,225,225,0.814922551799923,0.288692955697685,0.456562790664156,0.854958842132847,"~ phenotype + plate + within_plate_position_scaled",450,7,7,TRUE,12.5553410775708,2.20035811594303,86,85.5,0.955555555555556,86,85.5,0.955555555555556,45,45,0.5,4,4.5,0.0444444444444444,4,4.5,0.0444444444444444,50,100,0.35,FALSE,"sample_id;plate;order_in_plate;run_order;sample_type","e2452e8cba452fa669bc0202c76b7fc52f8d16e63ff273bbdac6c9ce5adfc3e7","c6779952f0eb9a864b8e7f621e72a78e13f5b08a12af70943d313c3bf2c46077","edfb0a5ecc85888b1bad420fdda8c11fce5a800a057322fe7ac78bbc8637747d","0350ca92db68e426448eea5c4b3647a7c7da6b8ae02c4658563b23f978fed94f","ff4845693075b51cf8a8fb01384af6e210b19e53e832d0529c2fedcfa054d921","18651319d0772c69127de354b2182fdd83329fa6068cd146bb48f4771d708ad6","b7d59407a3cef323480a5495fa633bc3f13c9a57381758413f92c01659087947","6ed8815d65b874fbe99637117179aeb6644116b774ba54782824978525e396df","f52d74ab68ea2197a2bc903ca5325eb7a27584102260f1adb2bebcfde1c92adc","b79c02e01cc02aad59a27aa568e886dfc223b0350f109ffae2a4e13e7ad717fc","a8c167a68b0fb27c853880fb3e9de9d13ee800e3e8b5b10cb4737738c5677e70","9e5fcc1559496365d952d4c9655fac9404161e4dba914c59677dc417ef46cc2d","5e9d7dd7c5e4490e3c5d5f0a5bb80aaa92bede0d866b350008a76d8eae903ee9","bundles/CONF08_joint_0p90.rds","b7b73512b618bf7edfff018a0fd695e7010443db20c86af67db973003720c8d0",TRUE
"CONF08","CONF08_batch_1p00",14,"batch",1,450,225,225,0.894427190999916,0.0260892893297167,0.130446446648583,0.130446446648583,"~ phenotype + plate + within_plate_position_scaled",450,7,7,TRUE,13.4723217275623,2.05806855827198,90,90,1,90,90,1,45,45,0.5,0,0,0,0,0,0,50,100,0.35,FALSE,"sample_id;plate;order_in_plate;run_order;sample_type","e2452e8cba452fa669bc0202c76b7fc52f8d16e63ff273bbdac6c9ce5adfc3e7","a834094e28151891cf0b72291081c3e3414b4ba14f3dbb128787aa1a18adaff4","edfb0a5ecc85888b1bad420fdda8c11fce5a800a057322fe7ac78bbc8637747d","0350ca92db68e426448eea5c4b3647a7c7da6b8ae02c4658563b23f978fed94f","ff4845693075b51cf8a8fb01384af6e210b19e53e832d0529c2fedcfa054d921","18651319d0772c69127de354b2182fdd83329fa6068cd146bb48f4771d708ad6","b7d59407a3cef323480a5495fa633bc3f13c9a57381758413f92c01659087947","6ed8815d65b874fbe99637117179aeb6644116b774ba54782824978525e396df","f52d74ab68ea2197a2bc903ca5325eb7a27584102260f1adb2bebcfde1c92adc","b79c02e01cc02aad59a27aa568e886dfc223b0350f109ffae2a4e13e7ad717fc","a3d56d4ddd127277254d6e611eac67c21484f67c75d5a97cdca0f4729d6d68e4","a2fe1643a70a1584c0b18c4921f7ab4a1244149c218b9340cd857360fa08e550","f6619d4b0c97343adc9d410ac28770761a0beb7f86abc8c58ba22bde3e1bf696","bundles/CONF08_batch_1p00.rds","a64c3a1d0197ba11d16cfc07efa4552adeac96b3a1c2045ff192975ae8ceb7b3",TRUE
"CONF08","CONF08_run_order_1p00",15,"run_order",1,450,225,225,0,0.866078867093054,0.866078867093054,0.866078867093054,"~ phenotype + plate + within_plate_position_scaled",450,7,7,TRUE,12.2571850578752,2.24189736854381,45,45,0.5,45,45,0.5,45,45,0.5,45,45,0.5,45,45,0.5,50,100,0.35,FALSE,"sample_id;plate;order_in_plate;run_order;sample_type","e2452e8cba452fa669bc0202c76b7fc52f8d16e63ff273bbdac6c9ce5adfc3e7","d1749de513af37859e88acff8c26ecde339265e8863227d9a6de045d31916196","edfb0a5ecc85888b1bad420fdda8c11fce5a800a057322fe7ac78bbc8637747d","0350ca92db68e426448eea5c4b3647a7c7da6b8ae02c4658563b23f978fed94f","ff4845693075b51cf8a8fb01384af6e210b19e53e832d0529c2fedcfa054d921","18651319d0772c69127de354b2182fdd83329fa6068cd146bb48f4771d708ad6","b7d59407a3cef323480a5495fa633bc3f13c9a57381758413f92c01659087947","6ed8815d65b874fbe99637117179aeb6644116b774ba54782824978525e396df","f52d74ab68ea2197a2bc903ca5325eb7a27584102260f1adb2bebcfde1c92adc","b79c02e01cc02aad59a27aa568e886dfc223b0350f109ffae2a4e13e7ad717fc","151e736f4ffff3859ba33d8926cb6489fe36679c09345d5c02f9e25a780677da","c02524261bf0db020486232fb26f9a961454dc5aa1e71754208c587497a801e9","ee3a40fd73dbe72e6a7fb4ea9323bb58810b47b1697220452aa2a513eb90e0c1","bundles/CONF08_run_order_1p00.rds","b46f469ff2fb775b4640548d7a8b43a97a465e09f11b53875d58aeb09b52fb72",TRUE
"CONF08","CONF08_joint_1p00",16,"joint",1,450,225,225,0.894427190999916,0.173215773418611,0.866078867093054,0.866078867093054,"~ phenotype + plate + within_plate_position_scaled",450,7,7,TRUE,14.8598036973637,1.86190902773352,90,90,1,90,90,1,45,45,0.5,0,0,0,0,0,0,50,100,0.35,FALSE,"sample_id;plate;order_in_plate;run_order;sample_type","e2452e8cba452fa669bc0202c76b7fc52f8d16e63ff273bbdac6c9ce5adfc3e7","b306dd912cf8d3880ce8b1c99e36de841318f1531e2c2b07fc03a37f2d284e61","edfb0a5ecc85888b1bad420fdda8c11fce5a800a057322fe7ac78bbc8637747d","0350ca92db68e426448eea5c4b3647a7c7da6b8ae02c4658563b23f978fed94f","ff4845693075b51cf8a8fb01384af6e210b19e53e832d0529c2fedcfa054d921","18651319d0772c69127de354b2182fdd83329fa6068cd146bb48f4771d708ad6","b7d59407a3cef323480a5495fa633bc3f13c9a57381758413f92c01659087947","6ed8815d65b874fbe99637117179aeb6644116b774ba54782824978525e396df","f52d74ab68ea2197a2bc903ca5325eb7a27584102260f1adb2bebcfde1c92adc","b79c02e01cc02aad59a27aa568e886dfc223b0350f109ffae2a4e13e7ad717fc","1d24f34bcf9828bd8786043a3008e63388610c609ccf0d91446d58b3aee28761","6acef4eb414516b866a62eaf62ded2e2ad1ec0c5b3879e5566ae63dc630a57bd","2716706488d12a51de07303b34b8ff56cd946e75f24781e58ff21a2a228d8392","bundles/CONF08_joint_1p00.rds","9d47cf55c0cddfb0f2cf6c1102886e1b160154ab5c0d4e6de9923c85538055d5",TRUE
"CONF09","CONF09_none_0p00",1,"none",0,450,225,225,0,0.0873349652643959,0.0873349652643959,0.152686496568998,"~ phenotype + plate + within_plate_position_scaled",450,7,7,TRUE,7.20281604273683,3.86675610468152,45,45,0.5,45,45,0.5,45,45,0.5,45,45,0.5,45,45,0.5,50,100,0.35,FALSE,"sample_id;plate;order_in_plate;run_order;sample_type","e2452e8cba452fa669bc0202c76b7fc52f8d16e63ff273bbdac6c9ce5adfc3e7","32ffcb8aef454c26040063c89d7b0e09bf95c17830bda86874c619cc99d4cb16","90666b66a76aac2ddacfad986e408b5bd2848666c8dd68813225a7380985f0f8","7c792645bd2963592de4dc79e8a00d60355d5666d3f61ceef902c025259a24e6","5450054e98588cd489cb0db63fbabb6e2560684d94bd232ae1bdfc2086b90919","c66e7c10ae699a52771d5069b0fa875a57b0a368a4d2337dfbd28b649fba536a","b7d59407a3cef323480a5495fa633bc3f13c9a57381758413f92c01659087947","d8e7430bff2142f7da695704a511bf2fc693dda386ae1b21c9c326460dece546","c1ca1e760ae0216a2ac714866f5b7b790d02a01d54a67b6f6bc8d79e2e2aab12","56ed52a5887414316ce593f529cdd8bac75efc5982ce0844258fd3cf1f7da3a5","e25e9a29be86edffdecdf39e5ffb3f47487f3ea79d39156ebaf368032fedb3d3","393eeceb7075c52f11fca540f7e999968b7c1523b849d3cf435958e8f9764123","41d73a213356a1f16bd2e03bd351b542edef552f8a6145ead9c5ec81b9e18996","bundles/CONF09_none_0p00.rds","2f5a250aa9cf4613ec7bc04d6dff9b0d333c584b5842a41df26c5ad24329c915",TRUE
"CONF09","CONF09_batch_0p25",2,"batch",0.25,450,225,225,0.218637757799979,0.0541459676908546,0.0680103461829457,0.113797091394001,"~ phenotype + plate + within_plate_position_scaled",450,7,7,TRUE,7.33341585516782,3.79267031453857,56,56.25,0.622222222222222,56,56.25,0.622222222222222,45,45,0.5,34,33.75,0.377777777777778,34,33.75,0.377777777777778,50,100,0.35,FALSE,"sample_id;plate;order_in_plate;run_order;sample_type","e2452e8cba452fa669bc0202c76b7fc52f8d16e63ff273bbdac6c9ce5adfc3e7","e15d9ed4a20e68d4902d340cf9f3d968d96beff744a368229118c27a425a3207","90666b66a76aac2ddacfad986e408b5bd2848666c8dd68813225a7380985f0f8","7c792645bd2963592de4dc79e8a00d60355d5666d3f61ceef902c025259a24e6","5450054e98588cd489cb0db63fbabb6e2560684d94bd232ae1bdfc2086b90919","c66e7c10ae699a52771d5069b0fa875a57b0a368a4d2337dfbd28b649fba536a","b7d59407a3cef323480a5495fa633bc3f13c9a57381758413f92c01659087947","d8e7430bff2142f7da695704a511bf2fc693dda386ae1b21c9c326460dece546","c1ca1e760ae0216a2ac714866f5b7b790d02a01d54a67b6f6bc8d79e2e2aab12","56ed52a5887414316ce593f529cdd8bac75efc5982ce0844258fd3cf1f7da3a5","5a7c9d045c73824049ad6e550ff97351360c3c444fd89d4d76effb923f3dbbbd","9234da9ec56fc12594d3949fba01db5314f1a2938edb05eec1f9ee207dfaeb39","0b3275d883aa56618c737c6feedfb75d1878cd93f209f7cb760ea8b718d9ebb4","bundles/CONF09_batch_0p25.rds","1807b713068745f27f32b65747ebe60ef83762e2841e0b1dbe1be4e19ed09419",TRUE
"CONF09","CONF09_run_order_0p25",3,"run_order",0.25,450,225,225,0,0.303747758720734,0.303747758720734,0.345148467034121,"~ phenotype + plate + within_plate_position_scaled",450,7,7,TRUE,7.27060211904383,3.80907437093789,45,45,0.5,45,45,0.5,45,45,0.5,45,45,0.5,45,45,0.5,50,100,0.35,FALSE,"sample_id;plate;order_in_plate;run_order;sample_type","e2452e8cba452fa669bc0202c76b7fc52f8d16e63ff273bbdac6c9ce5adfc3e7","af0e67f31c8ab276e122dfa6cece637f3c3e7789f4db59f25a241b85354e03f2","90666b66a76aac2ddacfad986e408b5bd2848666c8dd68813225a7380985f0f8","7c792645bd2963592de4dc79e8a00d60355d5666d3f61ceef902c025259a24e6","5450054e98588cd489cb0db63fbabb6e2560684d94bd232ae1bdfc2086b90919","c66e7c10ae699a52771d5069b0fa875a57b0a368a4d2337dfbd28b649fba536a","b7d59407a3cef323480a5495fa633bc3f13c9a57381758413f92c01659087947","d8e7430bff2142f7da695704a511bf2fc693dda386ae1b21c9c326460dece546","c1ca1e760ae0216a2ac714866f5b7b790d02a01d54a67b6f6bc8d79e2e2aab12","56ed52a5887414316ce593f529cdd8bac75efc5982ce0844258fd3cf1f7da3a5","47214222a7d53dc234076017fd1e5c2ccd5446041ef3d92bdbd763ed05b00dfa","b84f5f658408fc2f6bcd1b2f4f180b9c8d7c7ee388ef70583110e6245b8ef355","c30de12a88abaa9e577f9246a48c796bbf958969ef06b5501b1feefd1149269a","bundles/CONF09_run_order_0p25.rds","2ab40f61add1c51f4d745a9fec3e79b703fb6b551439264d20eb28c3eca8ca47",TRUE
"CONF09","CONF09_joint_0p25",4,"joint",0.25,450,225,225,0.218637757799979,0.321710875964146,0.329750018518642,0.394320153900142,"~ phenotype + plate + within_plate_position_scaled",450,7,7,TRUE,7.5620354579852,3.6580796592398,56,56.25,0.622222222222222,56,56.25,0.622222222222222,45,45,0.5,34,33.75,0.377777777777778,34,33.75,0.377777777777778,50,100,0.35,FALSE,"sample_id;plate;order_in_plate;run_order;sample_type","e2452e8cba452fa669bc0202c76b7fc52f8d16e63ff273bbdac6c9ce5adfc3e7","83b2f22eb67cc4cb774d03a3dcdfccef2d737c6e034364e05e0346d36fb24885","90666b66a76aac2ddacfad986e408b5bd2848666c8dd68813225a7380985f0f8","7c792645bd2963592de4dc79e8a00d60355d5666d3f61ceef902c025259a24e6","5450054e98588cd489cb0db63fbabb6e2560684d94bd232ae1bdfc2086b90919","c66e7c10ae699a52771d5069b0fa875a57b0a368a4d2337dfbd28b649fba536a","b7d59407a3cef323480a5495fa633bc3f13c9a57381758413f92c01659087947","d8e7430bff2142f7da695704a511bf2fc693dda386ae1b21c9c326460dece546","c1ca1e760ae0216a2ac714866f5b7b790d02a01d54a67b6f6bc8d79e2e2aab12","56ed52a5887414316ce593f529cdd8bac75efc5982ce0844258fd3cf1f7da3a5","97eec924ee028843bb85007016a280b8c0dfe5905e54ee56369c3eb2bdf618db","230060cdf7b3091151a1e8509bb263c0726a4db0e32dc62530baadf273aa6ec3","2f737204b2f8965a6acd23a5babf91bab38ea9179b905c2c3d0ac1f277dbf2c8","bundles/CONF09_joint_0p25.rds","5283179199f22c4bdf5e81f20dce69ebd3422b091cd921aaccce0e096f22240a",TRUE
"CONF09","CONF09_batch_0p50",5,"batch",0.5,450,225,225,0.457151675399957,0.0303662220067194,0.0663839710514422,0.131366024750004,"~ phenotype + plate + within_plate_position_scaled",450,7,7,TRUE,7.7334484690389,3.59227712096173,68,67.5,0.755555555555556,68,67.5,0.755555555555556,45,45,0.5,22,22.5,0.244444444444444,22,22.5,0.244444444444444,50,100,0.35,FALSE,"sample_id;plate;order_in_plate;run_order;sample_type","e2452e8cba452fa669bc0202c76b7fc52f8d16e63ff273bbdac6c9ce5adfc3e7","99552785278f6e08fa23df33e27450008e2d4a8283e825598d7c2dfbef9fda56","90666b66a76aac2ddacfad986e408b5bd2848666c8dd68813225a7380985f0f8","7c792645bd2963592de4dc79e8a00d60355d5666d3f61ceef902c025259a24e6","5450054e98588cd489cb0db63fbabb6e2560684d94bd232ae1bdfc2086b90919","c66e7c10ae699a52771d5069b0fa875a57b0a368a4d2337dfbd28b649fba536a","b7d59407a3cef323480a5495fa633bc3f13c9a57381758413f92c01659087947","d8e7430bff2142f7da695704a511bf2fc693dda386ae1b21c9c326460dece546","c1ca1e760ae0216a2ac714866f5b7b790d02a01d54a67b6f6bc8d79e2e2aab12","56ed52a5887414316ce593f529cdd8bac75efc5982ce0844258fd3cf1f7da3a5","fd3bcc79a493e920e9d5e610afeb1d949742dd8e80d05212582f956c3647bead","1e5a7146e75d696090c86a916e8f6160460813bd2bbca1861087c8257005415d","82a3f82c93ebb5135324f731cf40f07198e18c44bcc594cd428924a410224a8d","bundles/CONF09_batch_0p50.rds","915ed3407530e191eae23cdfb048852811a2a0d25de8b0e0d6582a9f9014a196",TRUE
"CONF09","CONF09_run_order_0p50",6,"run_order",0.5,450,225,225,0,0.600737963811805,0.600737963811804,0.626570637180901,"~ phenotype + plate + within_plate_position_scaled",450,7,7,TRUE,7.82106126440426,3.52626484491925,45,45,0.5,45,45,0.5,45,45,0.5,45,45,0.5,45,45,0.5,50,100,0.35,FALSE,"sample_id;plate;order_in_plate;run_order;sample_type","e2452e8cba452fa669bc0202c76b7fc52f8d16e63ff273bbdac6c9ce5adfc3e7","7453dd3ae7e42348677f03eaaedd24c08ac6c972df9eab82cdb551ef360a8544","90666b66a76aac2ddacfad986e408b5bd2848666c8dd68813225a7380985f0f8","7c792645bd2963592de4dc79e8a00d60355d5666d3f61ceef902c025259a24e6","5450054e98588cd489cb0db63fbabb6e2560684d94bd232ae1bdfc2086b90919","c66e7c10ae699a52771d5069b0fa875a57b0a368a4d2337dfbd28b649fba536a","b7d59407a3cef323480a5495fa633bc3f13c9a57381758413f92c01659087947","d8e7430bff2142f7da695704a511bf2fc693dda386ae1b21c9c326460dece546","c1ca1e760ae0216a2ac714866f5b7b790d02a01d54a67b6f6bc8d79e2e2aab12","56ed52a5887414316ce593f529cdd8bac75efc5982ce0844258fd3cf1f7da3a5","281401aed0969e104fff4649c7a891d89ac66d7767b18b67b93e9f6108708eab","556c25064c533bbea495eb4683ae136006cb359e3158ce640140da39bc245c98","6f686c36266363ab803c718f7568be5d4e415d1ea579563b6294504592b63248","bundles/CONF09_run_order_0p50.rds","f87d0200a22e93ec80422c48da7c957f575b5fc0792926c440412967889e0382",TRUE
"CONF09","CONF09_joint_0p50",7,"joint",0.5,450,225,225,0.457151675399957,0.479273075784927,0.537741877820204,0.607752133402089,"~ phenotype + plate + within_plate_position_scaled",450,7,7,TRUE,8.89121702187711,3.10174062336055,68,67.5,0.755555555555556,68,67.5,0.755555555555556,45,45,0.5,22,22.5,0.244444444444444,22,22.5,0.244444444444444,50,100,0.35,FALSE,"sample_id;plate;order_in_plate;run_order;sample_type","e2452e8cba452fa669bc0202c76b7fc52f8d16e63ff273bbdac6c9ce5adfc3e7","1468eec44916c1e782683efeaf1a1f80c2f9c6d5ab6df6d3d5178d182c90e41d","90666b66a76aac2ddacfad986e408b5bd2848666c8dd68813225a7380985f0f8","7c792645bd2963592de4dc79e8a00d60355d5666d3f61ceef902c025259a24e6","5450054e98588cd489cb0db63fbabb6e2560684d94bd232ae1bdfc2086b90919","c66e7c10ae699a52771d5069b0fa875a57b0a368a4d2337dfbd28b649fba536a","b7d59407a3cef323480a5495fa633bc3f13c9a57381758413f92c01659087947","d8e7430bff2142f7da695704a511bf2fc693dda386ae1b21c9c326460dece546","c1ca1e760ae0216a2ac714866f5b7b790d02a01d54a67b6f6bc8d79e2e2aab12","56ed52a5887414316ce593f529cdd8bac75efc5982ce0844258fd3cf1f7da3a5","d7183683e5abbe5a06519f43bcf8e23b450447921610d6120063d1acb877d6d9","92758248381472435ce098c511487ed9824a5a8c58dd0a58ff598d3034d11910","4fa6b201303b84e5666e80cc0827fc5af9340b0c28c96cc65a75f53850768abf","bundles/CONF09_joint_0p50.rds","3f26d06833e5d8a59146c5726cb80a7361e3908bf0c718cfedfe4964e6684a42",TRUE
"CONF09","CONF09_batch_0p75",8,"batch",0.75,450,225,225,0.675789433199936,0.0112055636137472,0.0687304874609304,0.0851109602723545,"~ phenotype + plate + within_plate_position_scaled",450,7,7,TRUE,8.75694268066343,3.16956678078323,79,78.75,0.877777777777778,79,78.75,0.877777777777778,45,45,0.5,11,11.25,0.122222222222222,11,11.25,0.122222222222222,50,100,0.35,FALSE,"sample_id;plate;order_in_plate;run_order;sample_type","e2452e8cba452fa669bc0202c76b7fc52f8d16e63ff273bbdac6c9ce5adfc3e7","d084ff9b359682a75488c26a4175899dd384a72618fbffcf07bd25d58dc416f7","90666b66a76aac2ddacfad986e408b5bd2848666c8dd68813225a7380985f0f8","7c792645bd2963592de4dc79e8a00d60355d5666d3f61ceef902c025259a24e6","5450054e98588cd489cb0db63fbabb6e2560684d94bd232ae1bdfc2086b90919","c66e7c10ae699a52771d5069b0fa875a57b0a368a4d2337dfbd28b649fba536a","b7d59407a3cef323480a5495fa633bc3f13c9a57381758413f92c01659087947","d8e7430bff2142f7da695704a511bf2fc693dda386ae1b21c9c326460dece546","c1ca1e760ae0216a2ac714866f5b7b790d02a01d54a67b6f6bc8d79e2e2aab12","56ed52a5887414316ce593f529cdd8bac75efc5982ce0844258fd3cf1f7da3a5","239639e9e9513bb3b704904a92702b60bb52e5e90b075e0f088a278145766cef","d202424e99ce0d04d108d08d50709f8bced0cba14990d6d4774f91f5ec0ebb74","777c1f23690cb276ccb5ee05913f55e58a1b5452ee0fc76f044cc53bec4dd41c","bundles/CONF09_batch_0p75.rds","06b791f6db933659471201b2fa1ce51aeb4586bdb606e9088e2efb73478d21d0",TRUE
"CONF09","CONF09_run_order_0p75",9,"run_order",0.75,450,225,225,0,0.799529794638892,0.799529794638892,0.805346423079615,"~ phenotype + plate + within_plate_position_scaled",450,7,7,TRUE,10.1642241958341,2.70597208204265,45,45,0.5,45,45,0.5,45,45,0.5,45,45,0.5,45,45,0.5,50,100,0.35,FALSE,"sample_id;plate;order_in_plate;run_order;sample_type","e2452e8cba452fa669bc0202c76b7fc52f8d16e63ff273bbdac6c9ce5adfc3e7","4b8d7c3ae9f843aaccdcf3d78bd14c21412a60c7aec3e5688a852dbf455e33b4","90666b66a76aac2ddacfad986e408b5bd2848666c8dd68813225a7380985f0f8","7c792645bd2963592de4dc79e8a00d60355d5666d3f61ceef902c025259a24e6","5450054e98588cd489cb0db63fbabb6e2560684d94bd232ae1bdfc2086b90919","c66e7c10ae699a52771d5069b0fa875a57b0a368a4d2337dfbd28b649fba536a","b7d59407a3cef323480a5495fa633bc3f13c9a57381758413f92c01659087947","d8e7430bff2142f7da695704a511bf2fc693dda386ae1b21c9c326460dece546","c1ca1e760ae0216a2ac714866f5b7b790d02a01d54a67b6f6bc8d79e2e2aab12","56ed52a5887414316ce593f529cdd8bac75efc5982ce0844258fd3cf1f7da3a5","f97987fb0be180690a05348b8491284e272f65d979776f2260fa68b320b9b13f","edb6c7cc32f0f049de9b17d117cf7bbc42457b54222a0180555e54395ac106ce","506897d2914dc7d8bae1fdc4983c3a56e6767d3757249dcbec7802375aec2ec1","bundles/CONF09_run_order_0p75.rds","6d2814e71e8f450a1bf16e67e3112a532d2eb8057e229398d8490856b393fb69",TRUE
"CONF09","CONF09_joint_0p75",10,"joint",0.75,450,225,225,0.675789433199936,0.445057614368905,0.594583276407452,0.805346423079615,"~ phenotype + plate + within_plate_position_scaled",450,7,7,TRUE,11.0475151392772,2.49596227968452,79,78.75,0.877777777777778,79,78.75,0.877777777777778,45,45,0.5,11,11.25,0.122222222222222,11,11.25,0.122222222222222,50,100,0.35,FALSE,"sample_id;plate;order_in_plate;run_order;sample_type","e2452e8cba452fa669bc0202c76b7fc52f8d16e63ff273bbdac6c9ce5adfc3e7","85bd3ec6c4622666e8c2b3ab0e6af9402f7a40dd9ed4b20fdea320d2626dc0c3","90666b66a76aac2ddacfad986e408b5bd2848666c8dd68813225a7380985f0f8","7c792645bd2963592de4dc79e8a00d60355d5666d3f61ceef902c025259a24e6","5450054e98588cd489cb0db63fbabb6e2560684d94bd232ae1bdfc2086b90919","c66e7c10ae699a52771d5069b0fa875a57b0a368a4d2337dfbd28b649fba536a","b7d59407a3cef323480a5495fa633bc3f13c9a57381758413f92c01659087947","d8e7430bff2142f7da695704a511bf2fc693dda386ae1b21c9c326460dece546","c1ca1e760ae0216a2ac714866f5b7b790d02a01d54a67b6f6bc8d79e2e2aab12","56ed52a5887414316ce593f529cdd8bac75efc5982ce0844258fd3cf1f7da3a5","af8e044b9a00b0c327ffb3cd4049b670c87916ebf7ed1e01e11fee8511f5c554","70c1986180d0ffcef4d07451fb1bb20717b4b6ec2ef28d1be96e1e68e871485a","7e2924b04c32f0e82070dcf4534243b84969545805f613721e80db5c7fde85a9","bundles/CONF09_joint_0p75.rds","afc14cc258ad72f85785362a504f4c40888001d595d0539eae4c89af6eb77d7f",TRUE
"CONF09","CONF09_batch_0p90",11,"batch",0.9,450,225,225,0.814922551799923,0.0224966658810344,0.0660009429614988,0.130748360472151,"~ phenotype + plate + within_plate_position_scaled",450,7,7,TRUE,10.5851060522955,2.62172889234036,86,85.5,0.955555555555556,86,85.5,0.955555555555556,45,45,0.5,4,4.5,0.0444444444444444,4,4.5,0.0444444444444444,50,100,0.35,FALSE,"sample_id;plate;order_in_plate;run_order;sample_type","e2452e8cba452fa669bc0202c76b7fc52f8d16e63ff273bbdac6c9ce5adfc3e7","39169c05abf7a5808826aed175c8d8859dc722da21bfa7e843495e7993918e28","90666b66a76aac2ddacfad986e408b5bd2848666c8dd68813225a7380985f0f8","7c792645bd2963592de4dc79e8a00d60355d5666d3f61ceef902c025259a24e6","5450054e98588cd489cb0db63fbabb6e2560684d94bd232ae1bdfc2086b90919","c66e7c10ae699a52771d5069b0fa875a57b0a368a4d2337dfbd28b649fba536a","b7d59407a3cef323480a5495fa633bc3f13c9a57381758413f92c01659087947","d8e7430bff2142f7da695704a511bf2fc693dda386ae1b21c9c326460dece546","c1ca1e760ae0216a2ac714866f5b7b790d02a01d54a67b6f6bc8d79e2e2aab12","56ed52a5887414316ce593f529cdd8bac75efc5982ce0844258fd3cf1f7da3a5","c93cc21f22a8b9b5f89dfcb760018eb8407f019b095a5cd8212a5d7fbeca4efd","7c0867da798f8b8f0a29594ff31da28d1d505e0ec2d152e701f09d6b9f42e5e2","b5a655b3156c639aba9a2a6d9d9e90669a87483306a0fd1dd28ac96ebfbee3cc","bundles/CONF09_batch_0p90.rds","fde231381a6690925bca310f67cbf507595d0dfdcdb301654dbbd252c62eed9c",TRUE
"CONF09","CONF09_run_order_0p90",12,"run_order",0.9,450,225,225,0,0.852734837140806,0.852734837140806,0.858380388274449,"~ phenotype + plate + within_plate_position_scaled",450,7,7,TRUE,11.7190899976416,2.34525892779656,45,45,0.5,45,45,0.5,45,45,0.5,45,45,0.5,45,45,0.5,50,100,0.35,FALSE,"sample_id;plate;order_in_plate;run_order;sample_type","e2452e8cba452fa669bc0202c76b7fc52f8d16e63ff273bbdac6c9ce5adfc3e7","c05e738c3b31a9dfd80e055debee9e63f96bcb953e23b1b51ddc6de56c63c687","90666b66a76aac2ddacfad986e408b5bd2848666c8dd68813225a7380985f0f8","7c792645bd2963592de4dc79e8a00d60355d5666d3f61ceef902c025259a24e6","5450054e98588cd489cb0db63fbabb6e2560684d94bd232ae1bdfc2086b90919","c66e7c10ae699a52771d5069b0fa875a57b0a368a4d2337dfbd28b649fba536a","b7d59407a3cef323480a5495fa633bc3f13c9a57381758413f92c01659087947","d8e7430bff2142f7da695704a511bf2fc693dda386ae1b21c9c326460dece546","c1ca1e760ae0216a2ac714866f5b7b790d02a01d54a67b6f6bc8d79e2e2aab12","56ed52a5887414316ce593f529cdd8bac75efc5982ce0844258fd3cf1f7da3a5","82a38899c9164873bb4fed665e9069bf8fb9e29010ebf68d3ff2e17abd0ba999","5e49b867914dc4b5d3ca048ba3ae1b60a627da018733cdcc5f608d42b9ab26bb","12bdfa1bd6434d568ef051a9c6536f2db230b6f69f4064dd3b26c099f80353b9","bundles/CONF09_run_order_0p90.rds","edfafaa504c2b3a63ce363b72c8e19b42ece85944121c82544a32802e53e9a2a",TRUE
"CONF09","CONF09_joint_0p90",13,"joint",0.9,450,225,225,0.814922551799923,0.287666491855204,0.455536326821675,0.849826522920444,"~ phenotype + plate + within_plate_position_scaled",450,7,7,TRUE,12.5402926117306,2.20303090868725,86,85.5,0.955555555555556,86,85.5,0.955555555555556,45,45,0.5,4,4.5,0.0444444444444444,4,4.5,0.0444444444444444,50,100,0.35,FALSE,"sample_id;plate;order_in_plate;run_order;sample_type","e2452e8cba452fa669bc0202c76b7fc52f8d16e63ff273bbdac6c9ce5adfc3e7","33a9ee4c481bde7688663257d8ce2306cc3924c13f4dac5035bfd0ad285b1197","90666b66a76aac2ddacfad986e408b5bd2848666c8dd68813225a7380985f0f8","7c792645bd2963592de4dc79e8a00d60355d5666d3f61ceef902c025259a24e6","5450054e98588cd489cb0db63fbabb6e2560684d94bd232ae1bdfc2086b90919","c66e7c10ae699a52771d5069b0fa875a57b0a368a4d2337dfbd28b649fba536a","b7d59407a3cef323480a5495fa633bc3f13c9a57381758413f92c01659087947","d8e7430bff2142f7da695704a511bf2fc693dda386ae1b21c9c326460dece546","c1ca1e760ae0216a2ac714866f5b7b790d02a01d54a67b6f6bc8d79e2e2aab12","56ed52a5887414316ce593f529cdd8bac75efc5982ce0844258fd3cf1f7da3a5","17325768818de1c14418bc0a78735850d024c966e2594b48080d129d635f835a","386f0b0be1b40f4163099975a7e85b725d7713a2ff21a13d0d8c11049c086928","5c84a503d58a67ec3dc303bf03c96dd55a7c0f38e0f7e9c9fe3213c55145e8ae","bundles/CONF09_joint_0p90.rds","e5ca6289b32276eeda955c870d92143c8b1df27464fad9672b592f6439fd5a93",TRUE
"CONF09","CONF09_batch_1p00",14,"batch",1,450,225,225,0.894427190999916,0.0170221920544709,0.0851109602723545,0.0851109602723545,"~ phenotype + plate + within_plate_position_scaled",450,7,7,TRUE,13.3617893155338,2.07640848817057,90,90,1,90,90,1,45,45,0.5,0,0,0,0,0,0,50,100,0.35,FALSE,"sample_id;plate;order_in_plate;run_order;sample_type","e2452e8cba452fa669bc0202c76b7fc52f8d16e63ff273bbdac6c9ce5adfc3e7","82ff9e599e3f48a36faa86cd4e2d91ea1e97ad6d73330fb220585d20d57e41a0","90666b66a76aac2ddacfad986e408b5bd2848666c8dd68813225a7380985f0f8","7c792645bd2963592de4dc79e8a00d60355d5666d3f61ceef902c025259a24e6","5450054e98588cd489cb0db63fbabb6e2560684d94bd232ae1bdfc2086b90919","c66e7c10ae699a52771d5069b0fa875a57b0a368a4d2337dfbd28b649fba536a","b7d59407a3cef323480a5495fa633bc3f13c9a57381758413f92c01659087947","d8e7430bff2142f7da695704a511bf2fc693dda386ae1b21c9c326460dece546","c1ca1e760ae0216a2ac714866f5b7b790d02a01d54a67b6f6bc8d79e2e2aab12","56ed52a5887414316ce593f529cdd8bac75efc5982ce0844258fd3cf1f7da3a5","1f8a47e90e3736c057022b275fca15d2b5030b8c61b5d8b7c238c7ca9b20adb3","fc159b534ddaadcea7b4ca26367582bd4900b309bda6af50a0521d20ef5db6cf","3835193022ef14d3abc2146f81126dc1283ce6fba02fad931624b67d8883df7a","bundles/CONF09_batch_1p00.rds","45ceaf2f2c66fd2c49c3a41b5df3701e8996b0a2246e25b91e69c2c29e23cd4b",TRUE
"CONF09","CONF09_run_order_1p00",15,"run_order",1,450,225,225,0,0.866078867093054,0.866078867093054,0.866078867093054,"~ phenotype + plate + within_plate_position_scaled",450,7,7,TRUE,12.2571850578752,2.24189736854381,45,45,0.5,45,45,0.5,45,45,0.5,45,45,0.5,45,45,0.5,50,100,0.35,FALSE,"sample_id;plate;order_in_plate;run_order;sample_type","e2452e8cba452fa669bc0202c76b7fc52f8d16e63ff273bbdac6c9ce5adfc3e7","0d0440c57d8bcdbafa772ba40a5dc99fa8e5cdfe545cfd48a7503e64580caf6d","90666b66a76aac2ddacfad986e408b5bd2848666c8dd68813225a7380985f0f8","7c792645bd2963592de4dc79e8a00d60355d5666d3f61ceef902c025259a24e6","5450054e98588cd489cb0db63fbabb6e2560684d94bd232ae1bdfc2086b90919","c66e7c10ae699a52771d5069b0fa875a57b0a368a4d2337dfbd28b649fba536a","b7d59407a3cef323480a5495fa633bc3f13c9a57381758413f92c01659087947","d8e7430bff2142f7da695704a511bf2fc693dda386ae1b21c9c326460dece546","c1ca1e760ae0216a2ac714866f5b7b790d02a01d54a67b6f6bc8d79e2e2aab12","56ed52a5887414316ce593f529cdd8bac75efc5982ce0844258fd3cf1f7da3a5","151e736f4ffff3859ba33d8926cb6489fe36679c09345d5c02f9e25a780677da","d90dcbd733cc7fe29b7de4384a01401fe1872462f3dffc8d5c45431ec58711ed","2cf2c201715c1cece81ef25afe4ceba4f9ea11937733c9b65e1b3c6fdd96124f","bundles/CONF09_run_order_1p00.rds","fa0360ef092f1457a536ca8f7740877bcc75e3c89eab1041821c8f481c3d2034",TRUE
"CONF09","CONF09_joint_1p00",16,"joint",1,450,225,225,0.894427190999916,0.173215773418611,0.866078867093054,0.866078867093054,"~ phenotype + plate + within_plate_position_scaled",450,7,7,TRUE,14.8598036973637,1.86190902773352,90,90,1,90,90,1,45,45,0.5,0,0,0,0,0,0,50,100,0.35,FALSE,"sample_id;plate;order_in_plate;run_order;sample_type","e2452e8cba452fa669bc0202c76b7fc52f8d16e63ff273bbdac6c9ce5adfc3e7","93cb2911562a5919dd60b1d8bc81f31215c3d85fe8f3d09741b779b72e965d4d","90666b66a76aac2ddacfad986e408b5bd2848666c8dd68813225a7380985f0f8","7c792645bd2963592de4dc79e8a00d60355d5666d3f61ceef902c025259a24e6","5450054e98588cd489cb0db63fbabb6e2560684d94bd232ae1bdfc2086b90919","c66e7c10ae699a52771d5069b0fa875a57b0a368a4d2337dfbd28b649fba536a","b7d59407a3cef323480a5495fa633bc3f13c9a57381758413f92c01659087947","d8e7430bff2142f7da695704a511bf2fc693dda386ae1b21c9c326460dece546","c1ca1e760ae0216a2ac714866f5b7b790d02a01d54a67b6f6bc8d79e2e2aab12","56ed52a5887414316ce593f529cdd8bac75efc5982ce0844258fd3cf1f7da3a5","1d24f34bcf9828bd8786043a3008e63388610c609ccf0d91446d58b3aee28761","69866dccaceb56eb329f3cc4512cf06838421051a738a95b8d93324c358d591d","48f69067d95adae555dd0d7eae1d8c5be1add624c4eed0c3390e6ae4dca517d3","bundles/CONF09_joint_1p00.rds","e936725e7dcb5353ad51034df29fb3a8801a965807d766fcb615f1ff807b858e",TRUE
"CONF10","CONF10_none_0p00",1,"none",0,450,225,225,0,0.0204437381960731,0.0560278180687358,0.101363304444965,"~ phenotype + plate + within_plate_position_scaled",450,7,7,TRUE,7.20674017991888,3.85854643545554,45,45,0.5,45,45,0.5,45,45,0.5,45,45,0.5,45,45,0.5,50,100,0.35,FALSE,"sample_id;plate;order_in_plate;run_order;sample_type","e2452e8cba452fa669bc0202c76b7fc52f8d16e63ff273bbdac6c9ce5adfc3e7","4c3d57aa1fb14616a8ce98137e01fc5f324cbf47d93376390ed25b02f5c9aaa6","d9523cc3ff8d145b49e09a008543ab1bffd3f897466fcf1b54f7865fb36a5c70","ac66ae0481aa54d80a58b39e4ef50b5ef6909a93ca0a665a6ebae48c59a4e3cc","972cbd528f2ffb42959c70f2737a198dfa0c133cccbcca06c98c66f5c04a4b86","0c3911e3ac0d74e9720671529c8058d2429fb4ca764b76ae1cdb002647e1df70","b7d59407a3cef323480a5495fa633bc3f13c9a57381758413f92c01659087947","38b0c0dfdb1bf1f9b419e9dd6bf445b81c4bc4b100086ebde2dc050758523e90","38e22b1d7dbf55fdf970cfe470f1e8d9b769df9de82911b8cc95d20a7601ad45","7ee5c80c169697320340a7132d0a8a772d9f66eab5368d0411ba494b6d652b0a","5d8dc47f4f30e954709a4f99a76648bf48cc51c157b56dcf26f55dab1f2d202c","16750b16386b6e69d10ecfdb0e3fa180351cc971ef1dacce05a7ca3d5249fa1d","dbe52dd87e95030952d96e3e713c72e000173f724ee19a1160debb3a9faddd96","bundles/CONF10_none_0p00.rds","8146e8da93cb2bc26e17bb868ba685b39ffcaed54b890625f32d4465b3670ef2",TRUE
"CONF10","CONF10_batch_0p25",2,"batch",0.25,450,225,225,0.218637757799979,0.00333600748806214,0.0449569439178085,0.0757017083829484,"~ phenotype + plate + within_plate_position_scaled",450,7,7,TRUE,7.34727753462454,3.78269414642244,56,56.25,0.622222222222222,56,56.25,0.622222222222222,45,45,0.5,34,33.75,0.377777777777778,34,33.75,0.377777777777778,50,100,0.35,FALSE,"sample_id;plate;order_in_plate;run_order;sample_type","e2452e8cba452fa669bc0202c76b7fc52f8d16e63ff273bbdac6c9ce5adfc3e7","0f046a21de70381d65d2fb7bb63db57e2f71f737cb53c87918f32811e5a005ba","d9523cc3ff8d145b49e09a008543ab1bffd3f897466fcf1b54f7865fb36a5c70","ac66ae0481aa54d80a58b39e4ef50b5ef6909a93ca0a665a6ebae48c59a4e3cc","972cbd528f2ffb42959c70f2737a198dfa0c133cccbcca06c98c66f5c04a4b86","0c3911e3ac0d74e9720671529c8058d2429fb4ca764b76ae1cdb002647e1df70","b7d59407a3cef323480a5495fa633bc3f13c9a57381758413f92c01659087947","38b0c0dfdb1bf1f9b419e9dd6bf445b81c4bc4b100086ebde2dc050758523e90","38e22b1d7dbf55fdf970cfe470f1e8d9b769df9de82911b8cc95d20a7601ad45","7ee5c80c169697320340a7132d0a8a772d9f66eab5368d0411ba494b6d652b0a","1c2dcc413a1242d2a2e8b19090b8baf68660890a4d1d51bd001b89b6a9dc267b","1fde7e7fec5f99da68e3f31a60f3e1f6da4ca566dfa9a150c7999f1a8a17fa61","7bd5b04c9640bca307af61d939ff438b3116808cf984ac900d5f9bb03f798d92","bundles/CONF10_batch_0p25.rds","8db014a5b134f7bfa2dce56877c1d7e11b45656fa1ee1a167c2dabd800abc23b",TRUE
"CONF10","CONF10_run_order_0p25",3,"run_order",0.25,450,225,225,0,0.404341215283839,0.404341215283839,0.455493330100791,"~ phenotype + plate + within_plate_position_scaled",450,7,7,TRUE,7.34202125879675,3.76665438251939,45,45,0.5,45,45,0.5,45,45,0.5,45,45,0.5,45,45,0.5,50,100,0.35,FALSE,"sample_id;plate;order_in_plate;run_order;sample_type","e2452e8cba452fa669bc0202c76b7fc52f8d16e63ff273bbdac6c9ce5adfc3e7","3f7e9bd05f9b21bc631bb7d37c86956976f22f5d0d7e2c49bc1ecea4953c1721","d9523cc3ff8d145b49e09a008543ab1bffd3f897466fcf1b54f7865fb36a5c70","ac66ae0481aa54d80a58b39e4ef50b5ef6909a93ca0a665a6ebae48c59a4e3cc","972cbd528f2ffb42959c70f2737a198dfa0c133cccbcca06c98c66f5c04a4b86","0c3911e3ac0d74e9720671529c8058d2429fb4ca764b76ae1cdb002647e1df70","b7d59407a3cef323480a5495fa633bc3f13c9a57381758413f92c01659087947","38b0c0dfdb1bf1f9b419e9dd6bf445b81c4bc4b100086ebde2dc050758523e90","38e22b1d7dbf55fdf970cfe470f1e8d9b769df9de82911b8cc95d20a7601ad45","7ee5c80c169697320340a7132d0a8a772d9f66eab5368d0411ba494b6d652b0a","7855248efc5873b490a26de447aece1b35a06778e9ad86a40991e4acb71b2354","61d22f05d2c8fa81591f91511133bb715e845d9397a857b89f6f854d95ee0a02","5b0fa1d75339b4f74b28347225f99809a4cc2fb018e4ee7adcc0ba95ddb474d5","bundles/CONF10_run_order_0p25.rds","bf3b90b9d2926834e31325f3b32ff7eee5534399e28409346f90780f2f9ed0e4",TRUE
"CONF10","CONF10_joint_0p25",4,"joint",0.25,450,225,225,0.218637757799979,0.358492496986369,0.367703791484564,0.389909413923631,"~ phenotype + plate + within_plate_position_scaled",450,7,7,TRUE,7.61420291699578,3.63112232995508,56,56.25,0.622222222222222,56,56.25,0.622222222222222,45,45,0.5,34,33.75,0.377777777777778,34,33.75,0.377777777777778,50,100,0.35,FALSE,"sample_id;plate;order_in_plate;run_order;sample_type","e2452e8cba452fa669bc0202c76b7fc52f8d16e63ff273bbdac6c9ce5adfc3e7","1cc35eadaa141255edf2bfd96793454d08fb67eac9b1b4d82ae42bda16437fdb","d9523cc3ff8d145b49e09a008543ab1bffd3f897466fcf1b54f7865fb36a5c70","ac66ae0481aa54d80a58b39e4ef50b5ef6909a93ca0a665a6ebae48c59a4e3cc","972cbd528f2ffb42959c70f2737a198dfa0c133cccbcca06c98c66f5c04a4b86","0c3911e3ac0d74e9720671529c8058d2429fb4ca764b76ae1cdb002647e1df70","b7d59407a3cef323480a5495fa633bc3f13c9a57381758413f92c01659087947","38b0c0dfdb1bf1f9b419e9dd6bf445b81c4bc4b100086ebde2dc050758523e90","38e22b1d7dbf55fdf970cfe470f1e8d9b769df9de82911b8cc95d20a7601ad45","7ee5c80c169697320340a7132d0a8a772d9f66eab5368d0411ba494b6d652b0a","381ce39ac02ba0c5540bc68636c176e1c72a633a0239d3f3d08cbcb7a038e138","04a23dd2132ca8ab48d4da0a8e46e6b3eb752b73c6a452773b14e6dcdc8b1ee7","52e408af282cf6deed555689f788b95a7e9a018da796b02215409a639511a9a3","bundles/CONF10_joint_0p25.rds","1ed59fb850c8805cfbc75ed0ae99f201c90d1c2b1a35b1f4345118f5735ebae7",TRUE
"CONF10","CONF10_batch_0p50",5,"batch",0.5,450,225,225,0.457151675399957,0.0351563866049625,0.0491760844527271,0.0786205754185631,"~ phenotype + plate + within_plate_position_scaled",450,7,7,TRUE,7.73073102801894,3.59379279207057,68,67.5,0.755555555555556,68,67.5,0.755555555555556,45,45,0.5,22,22.5,0.244444444444444,22,22.5,0.244444444444444,50,100,0.35,FALSE,"sample_id;plate;order_in_plate;run_order;sample_type","e2452e8cba452fa669bc0202c76b7fc52f8d16e63ff273bbdac6c9ce5adfc3e7","bf6eef45abbc4d5a343f68f8fc06b915214c2515ca1010f552bcbe4ad6502293","d9523cc3ff8d145b49e09a008543ab1bffd3f897466fcf1b54f7865fb36a5c70","ac66ae0481aa54d80a58b39e4ef50b5ef6909a93ca0a665a6ebae48c59a4e3cc","972cbd528f2ffb42959c70f2737a198dfa0c133cccbcca06c98c66f5c04a4b86","0c3911e3ac0d74e9720671529c8058d2429fb4ca764b76ae1cdb002647e1df70","b7d59407a3cef323480a5495fa633bc3f13c9a57381758413f92c01659087947","38b0c0dfdb1bf1f9b419e9dd6bf445b81c4bc4b100086ebde2dc050758523e90","38e22b1d7dbf55fdf970cfe470f1e8d9b769df9de82911b8cc95d20a7601ad45","7ee5c80c169697320340a7132d0a8a772d9f66eab5368d0411ba494b6d652b0a","b2c201f393e8806c820c2b55e5266e8c75a3f406779bf09e15c696c7fbfd5262","a27f37642bf9f25c31dd7c57f94060b4c1174103c141d87359371ad1ad7bda5b","4c7fb87dd2d554b0da41fe68694ab2c29641928b0398a5b50eea545152415678","bundles/CONF10_batch_0p50.rds","a66119a228138f0366ae295711d84141857d1588f052a2eb3fac3fda771b3cba",TRUE
"CONF10","CONF10_run_order_0p50",6,"run_order",0.5,450,225,225,0,0.666944881651807,0.666944881651807,0.695001560012945,"~ phenotype + plate + within_plate_position_scaled",450,7,7,TRUE,8.25954568165517,3.33601473399337,45,45,0.5,45,45,0.5,45,45,0.5,45,45,0.5,45,45,0.5,50,100,0.35,FALSE,"sample_id;plate;order_in_plate;run_order;sample_type","e2452e8cba452fa669bc0202c76b7fc52f8d16e63ff273bbdac6c9ce5adfc3e7","cfc6857ca5c6a14d81fb3f6d603bace0904a52c8cd7f4bfa722f4699e66d1461","d9523cc3ff8d145b49e09a008543ab1bffd3f897466fcf1b54f7865fb36a5c70","ac66ae0481aa54d80a58b39e4ef50b5ef6909a93ca0a665a6ebae48c59a4e3cc","972cbd528f2ffb42959c70f2737a198dfa0c133cccbcca06c98c66f5c04a4b86","0c3911e3ac0d74e9720671529c8058d2429fb4ca764b76ae1cdb002647e1df70","b7d59407a3cef323480a5495fa633bc3f13c9a57381758413f92c01659087947","38b0c0dfdb1bf1f9b419e9dd6bf445b81c4bc4b100086ebde2dc050758523e90","38e22b1d7dbf55fdf970cfe470f1e8d9b769df9de82911b8cc95d20a7601ad45","7ee5c80c169697320340a7132d0a8a772d9f66eab5368d0411ba494b6d652b0a","b8547be75561bef031d74af7f25bc44015d996569d095eebb536e0bc89d75204","3e486426fbf3e6126031ae1327c571364bcc3d1e6980b7dcd60162b414fc62d3","76e480e7bd2f6fb7d632dd56af721c9af75816e16475de946d7c41757416fc39","bundles/CONF10_run_order_0p50.rds","f79a7ce5753ad2ce4accda34f77545a0cafef931d835db35e55735a2daad4c6a",TRUE
"CONF10","CONF10_joint_0p50",7,"joint",0.5,450,225,225,0.457151675399957,0.508869449909786,0.571756267593831,0.620582931433097,"~ phenotype + plate + within_plate_position_scaled",450,7,7,TRUE,9.08931270548234,3.03288390533967,68,67.5,0.755555555555556,68,67.5,0.755555555555556,45,45,0.5,22,22.5,0.244444444444444,22,22.5,0.244444444444444,50,100,0.35,FALSE,"sample_id;plate;order_in_plate;run_order;sample_type","e2452e8cba452fa669bc0202c76b7fc52f8d16e63ff273bbdac6c9ce5adfc3e7","96eba01f61e09c87f23b86b7b66770f2eaa51b2fe3c360fbea3c5a3a549beb87","d9523cc3ff8d145b49e09a008543ab1bffd3f897466fcf1b54f7865fb36a5c70","ac66ae0481aa54d80a58b39e4ef50b5ef6909a93ca0a665a6ebae48c59a4e3cc","972cbd528f2ffb42959c70f2737a198dfa0c133cccbcca06c98c66f5c04a4b86","0c3911e3ac0d74e9720671529c8058d2429fb4ca764b76ae1cdb002647e1df70","b7d59407a3cef323480a5495fa633bc3f13c9a57381758413f92c01659087947","38b0c0dfdb1bf1f9b419e9dd6bf445b81c4bc4b100086ebde2dc050758523e90","38e22b1d7dbf55fdf970cfe470f1e8d9b769df9de82911b8cc95d20a7601ad45","7ee5c80c169697320340a7132d0a8a772d9f66eab5368d0411ba494b6d652b0a","3a9a179e2f3b1f35069966fcb8267482c56f51a5206a865348c8fbd840153848","348ad0e6ee71619eb20bcda0e3450f271d371d1780e332996612218e0c3d6f84","d4ea2c26c63712bfd8c5b9cf60c50a8e4e20300789d2e79f58832418907a9148","bundles/CONF10_joint_0p50.rds","cb974d3f8fca359e074549d8274d3d4289155ecfe266cb2d4045d912d11db316",TRUE
"CONF10","CONF10_batch_0p75",8,"batch",0.75,450,225,225,0.675789433199936,0.0378936235182443,0.0498736916213327,0.077693019613241,"~ phenotype + plate + within_plate_position_scaled",450,7,7,TRUE,8.73140326065462,3.18008558777627,79,78.75,0.877777777777778,79,78.75,0.877777777777778,45,45,0.5,11,11.25,0.122222222222222,11,11.25,0.122222222222222,50,100,0.35,FALSE,"sample_id;plate;order_in_plate;run_order;sample_type","e2452e8cba452fa669bc0202c76b7fc52f8d16e63ff273bbdac6c9ce5adfc3e7","c054700e3ede230c81fff2872a54fbb66d6beb92fd7931a5629cc3c638c0b0a7","d9523cc3ff8d145b49e09a008543ab1bffd3f897466fcf1b54f7865fb36a5c70","ac66ae0481aa54d80a58b39e4ef50b5ef6909a93ca0a665a6ebae48c59a4e3cc","972cbd528f2ffb42959c70f2737a198dfa0c133cccbcca06c98c66f5c04a4b86","0c3911e3ac0d74e9720671529c8058d2429fb4ca764b76ae1cdb002647e1df70","b7d59407a3cef323480a5495fa633bc3f13c9a57381758413f92c01659087947","38b0c0dfdb1bf1f9b419e9dd6bf445b81c4bc4b100086ebde2dc050758523e90","38e22b1d7dbf55fdf970cfe470f1e8d9b769df9de82911b8cc95d20a7601ad45","7ee5c80c169697320340a7132d0a8a772d9f66eab5368d0411ba494b6d652b0a","79cb4bea5be4d5c8ea167c98b12e604365a3102a93cf1cdf8f0694ba29598cc1","d04f94ff76d501b0cffd321c7a2a2231f7f7a2e6df6da87ba95914e14e768f36","ff0a7f53ade34a6938f46545735934a3d8b4e1b92145a15d0358f489b4529d35","bundles/CONF10_batch_0p75.rds","22a5014c166c8b9c1bff891998a10d7c047659075a2b01a6b8a46032e1b8c2af",TRUE
"CONF10","CONF10_run_order_0p75",9,"run_order",0.75,450,225,225,0,0.801411645016773,0.801411645016773,0.815611061504422,"~ phenotype + plate + within_plate_position_scaled",450,7,7,TRUE,10.2074954997441,2.69443218435483,45,45,0.5,45,45,0.5,45,45,0.5,45,45,0.5,45,45,0.5,50,100,0.35,FALSE,"sample_id;plate;order_in_plate;run_order;sample_type","e2452e8cba452fa669bc0202c76b7fc52f8d16e63ff273bbdac6c9ce5adfc3e7","2dd8187ed84602088e4d9377be9b9fee654c22e67bbb6d1c3e4541468bd880db","d9523cc3ff8d145b49e09a008543ab1bffd3f897466fcf1b54f7865fb36a5c70","ac66ae0481aa54d80a58b39e4ef50b5ef6909a93ca0a665a6ebae48c59a4e3cc","972cbd528f2ffb42959c70f2737a198dfa0c133cccbcca06c98c66f5c04a4b86","0c3911e3ac0d74e9720671529c8058d2429fb4ca764b76ae1cdb002647e1df70","b7d59407a3cef323480a5495fa633bc3f13c9a57381758413f92c01659087947","38b0c0dfdb1bf1f9b419e9dd6bf445b81c4bc4b100086ebde2dc050758523e90","38e22b1d7dbf55fdf970cfe470f1e8d9b769df9de82911b8cc95d20a7601ad45","7ee5c80c169697320340a7132d0a8a772d9f66eab5368d0411ba494b6d652b0a","a9a89e773a755ef9df00f4ced8996046253499f0b8f9bddd5dc09e17cc2e7ec4","825c85c02e196109754b7cc3e9b510c84421a0fe754a12d88761a557f6bf05a7","ae0e747a0dfbe7a22816caba30855de5dc6028864eb15f44ad46b4c44fd25fe3","bundles/CONF10_run_order_0p75.rds","2494d818132e782fba76c560fb5c3c7a6e9c885d83922f08f8f2a158181b8301",TRUE
"CONF10","CONF10_joint_0p75",10,"joint",0.75,450,225,225,0.675789433199936,0.436674826321979,0.58430889866004,0.7813956000884,"~ phenotype + plate + within_plate_position_scaled",450,7,7,TRUE,10.9365115742506,2.52159349813671,79,78.75,0.877777777777778,79,78.75,0.877777777777778,45,45,0.5,11,11.25,0.122222222222222,11,11.25,0.122222222222222,50,100,0.35,FALSE,"sample_id;plate;order_in_plate;run_order;sample_type","e2452e8cba452fa669bc0202c76b7fc52f8d16e63ff273bbdac6c9ce5adfc3e7","2a8e02ddc13617496a283d5de614c7fe194c104eab80d65542e6f9fb29323950","d9523cc3ff8d145b49e09a008543ab1bffd3f897466fcf1b54f7865fb36a5c70","ac66ae0481aa54d80a58b39e4ef50b5ef6909a93ca0a665a6ebae48c59a4e3cc","972cbd528f2ffb42959c70f2737a198dfa0c133cccbcca06c98c66f5c04a4b86","0c3911e3ac0d74e9720671529c8058d2429fb4ca764b76ae1cdb002647e1df70","b7d59407a3cef323480a5495fa633bc3f13c9a57381758413f92c01659087947","38b0c0dfdb1bf1f9b419e9dd6bf445b81c4bc4b100086ebde2dc050758523e90","38e22b1d7dbf55fdf970cfe470f1e8d9b769df9de82911b8cc95d20a7601ad45","7ee5c80c169697320340a7132d0a8a772d9f66eab5368d0411ba494b6d652b0a","ba3f5b7d6b287220045c3aab743cdabf007286336b54b6bdaaf3f99d0327a6b8","f2c912c36f27d953f2448b57fc492e319e26705e1eb5d96fe81ebc1d1d6345c5","25bfbd89bf965f58c6fe95d91cd5ac25820ab52cae0ea5497ff1ebb4087d606a","bundles/CONF10_joint_0p75.rds","559f434867f6294103e24e5e6d248d7e962bff288ce2b783ae0ee12cd8435b04",TRUE
"CONF10","CONF10_batch_0p90",11,"batch",0.9,450,225,225,0.814922551799923,0.0267735985580371,0.0541573127381204,0.0954670568526815,"~ phenotype + plate + within_plate_position_scaled",450,7,7,TRUE,10.5803888953835,2.62306292974226,86,85.5,0.955555555555556,86,85.5,0.955555555555556,45,45,0.5,4,4.5,0.0444444444444444,4,4.5,0.0444444444444444,50,100,0.35,FALSE,"sample_id;plate;order_in_plate;run_order;sample_type","e2452e8cba452fa669bc0202c76b7fc52f8d16e63ff273bbdac6c9ce5adfc3e7","5f51edad1bc40f3db9e85fa16d3cc44bae5d33983ba9fce0e699a806e243862b","d9523cc3ff8d145b49e09a008543ab1bffd3f897466fcf1b54f7865fb36a5c70","ac66ae0481aa54d80a58b39e4ef50b5ef6909a93ca0a665a6ebae48c59a4e3cc","972cbd528f2ffb42959c70f2737a198dfa0c133cccbcca06c98c66f5c04a4b86","0c3911e3ac0d74e9720671529c8058d2429fb4ca764b76ae1cdb002647e1df70","b7d59407a3cef323480a5495fa633bc3f13c9a57381758413f92c01659087947","38b0c0dfdb1bf1f9b419e9dd6bf445b81c4bc4b100086ebde2dc050758523e90","38e22b1d7dbf55fdf970cfe470f1e8d9b769df9de82911b8cc95d20a7601ad45","7ee5c80c169697320340a7132d0a8a772d9f66eab5368d0411ba494b6d652b0a","c4b9b07b74e7531e96c896ce0c3717562ae2a3479d1b6c7503e02265a1e68e49","05786c611831c9d7f8f9130e85617850bd37e35368ad3c47dbd5e5e4ef4d0ab6","cdd592f507912dae9e8936b71c32fffa3195000a21783a8c9add023bc13a3918","bundles/CONF10_batch_0p90.rds","47466d88f1e1189b589dc523cce8c241fc9a3bed8b27c2c7037c87e1bbce1200",TRUE
"CONF10","CONF10_run_order_0p90",12,"run_order",0.9,450,225,225,0,0.856840692510728,0.856840692510728,0.86009116134525,"~ phenotype + plate + within_plate_position_scaled",450,7,7,TRUE,11.8762879545649,2.31408810994686,45,45,0.5,45,45,0.5,45,45,0.5,45,45,0.5,45,45,0.5,50,100,0.35,FALSE,"sample_id;plate;order_in_plate;run_order;sample_type","e2452e8cba452fa669bc0202c76b7fc52f8d16e63ff273bbdac6c9ce5adfc3e7","90df868f2f75382fa00d21a1bcfd94a688496334535548337a9bc92aa085e929","d9523cc3ff8d145b49e09a008543ab1bffd3f897466fcf1b54f7865fb36a5c70","ac66ae0481aa54d80a58b39e4ef50b5ef6909a93ca0a665a6ebae48c59a4e3cc","972cbd528f2ffb42959c70f2737a198dfa0c133cccbcca06c98c66f5c04a4b86","0c3911e3ac0d74e9720671529c8058d2429fb4ca764b76ae1cdb002647e1df70","b7d59407a3cef323480a5495fa633bc3f13c9a57381758413f92c01659087947","38b0c0dfdb1bf1f9b419e9dd6bf445b81c4bc4b100086ebde2dc050758523e90","38e22b1d7dbf55fdf970cfe470f1e8d9b769df9de82911b8cc95d20a7601ad45","7ee5c80c169697320340a7132d0a8a772d9f66eab5368d0411ba494b6d652b0a","8ee7f1c04f6368ff08fdc5173061048914fb4d8bfa9631e05da71f59b6750090","8f95cd6bded3c48e05c1fb888e993a4fbbd41ff4857b95f5079c319377647e59","837b49bea6625d6e51545ad719b128242006b5c5dbbfc007b5d3e7dbc893f229","bundles/CONF10_run_order_0p90.rds","1edf77fddfaf5e666d8c554e28f0c2cf031ddb5e7e3205710c7bcb8915020693",TRUE
"CONF10","CONF10_joint_0p90",13,"joint",0.9,450,225,225,0.814922551799923,0.287666491855204,0.455536326821675,0.849826522920444,"~ phenotype + plate + within_plate_position_scaled",450,7,7,TRUE,12.5402926117307,2.20303090868725,86,85.5,0.955555555555556,86,85.5,0.955555555555556,45,45,0.5,4,4.5,0.0444444444444444,4,4.5,0.0444444444444444,50,100,0.35,FALSE,"sample_id;plate;order_in_plate;run_order;sample_type","e2452e8cba452fa669bc0202c76b7fc52f8d16e63ff273bbdac6c9ce5adfc3e7","8b184e4ff1929fe6cbf911ce218e37cd9dba071f79a2b03852458f944ad3593c","d9523cc3ff8d145b49e09a008543ab1bffd3f897466fcf1b54f7865fb36a5c70","ac66ae0481aa54d80a58b39e4ef50b5ef6909a93ca0a665a6ebae48c59a4e3cc","972cbd528f2ffb42959c70f2737a198dfa0c133cccbcca06c98c66f5c04a4b86","0c3911e3ac0d74e9720671529c8058d2429fb4ca764b76ae1cdb002647e1df70","b7d59407a3cef323480a5495fa633bc3f13c9a57381758413f92c01659087947","38b0c0dfdb1bf1f9b419e9dd6bf445b81c4bc4b100086ebde2dc050758523e90","38e22b1d7dbf55fdf970cfe470f1e8d9b769df9de82911b8cc95d20a7601ad45","7ee5c80c169697320340a7132d0a8a772d9f66eab5368d0411ba494b6d652b0a","e8f2188834fb495c7bc98424bd921da27c9a4450698d1c773b2e0221bf3e5c76","6a3ad36e935b492ac0094fa5676a384f10d534706b208b37bec7f7bae06c482c","9e4ef82bfab2e748d171dbb1449b8607675a477649f0a149db12dcb2b06ce0d6","bundles/CONF10_joint_0p90.rds","446f285d9f0ef3803ca3ab947ce292003f947c1506524535b44198afa3270225",TRUE
"CONF10","CONF10_batch_1p00",14,"batch",1,450,225,225,0.894427190999916,0.0151403416765897,0.0757017083829484,0.0757017083829484,"~ phenotype + plate + within_plate_position_scaled",450,7,7,TRUE,13.3642443607731,2.07596952966897,90,90,1,90,90,1,45,45,0.5,0,0,0,0,0,0,50,100,0.35,FALSE,"sample_id;plate;order_in_plate;run_order;sample_type","e2452e8cba452fa669bc0202c76b7fc52f8d16e63ff273bbdac6c9ce5adfc3e7","d11f0f07789c55b115aa098463481dd011e93312b467c51edf4724a93671b02d","d9523cc3ff8d145b49e09a008543ab1bffd3f897466fcf1b54f7865fb36a5c70","ac66ae0481aa54d80a58b39e4ef50b5ef6909a93ca0a665a6ebae48c59a4e3cc","972cbd528f2ffb42959c70f2737a198dfa0c133cccbcca06c98c66f5c04a4b86","0c3911e3ac0d74e9720671529c8058d2429fb4ca764b76ae1cdb002647e1df70","b7d59407a3cef323480a5495fa633bc3f13c9a57381758413f92c01659087947","38b0c0dfdb1bf1f9b419e9dd6bf445b81c4bc4b100086ebde2dc050758523e90","38e22b1d7dbf55fdf970cfe470f1e8d9b769df9de82911b8cc95d20a7601ad45","7ee5c80c169697320340a7132d0a8a772d9f66eab5368d0411ba494b6d652b0a","f616efa3f7dbfaeeadbd419615038903d482dec1899ba90ac9b448c0b16433d8","bb2b440f6783b5435b7220600e564297f5f27471ccfa32ea8a4baa461cee4e14","791d3cbb60449e57b90a51104d4dfbde5be406bd6c14d06a0f0dbf5228575923","bundles/CONF10_batch_1p00.rds","6b1b008cc1c96cfb7101c0e5980c4197d1c49085623705d6a38ec9961f3152e5",TRUE
"CONF10","CONF10_run_order_1p00",15,"run_order",1,450,225,225,0,0.866078867093054,0.866078867093054,0.866078867093054,"~ phenotype + plate + within_plate_position_scaled",450,7,7,TRUE,12.2571850578752,2.24189736854381,45,45,0.5,45,45,0.5,45,45,0.5,45,45,0.5,45,45,0.5,50,100,0.35,FALSE,"sample_id;plate;order_in_plate;run_order;sample_type","e2452e8cba452fa669bc0202c76b7fc52f8d16e63ff273bbdac6c9ce5adfc3e7","f9ba895affbfa6a57a71479361b2b4abd783fb767f7f6e5d3847b274a379fd30","d9523cc3ff8d145b49e09a008543ab1bffd3f897466fcf1b54f7865fb36a5c70","ac66ae0481aa54d80a58b39e4ef50b5ef6909a93ca0a665a6ebae48c59a4e3cc","972cbd528f2ffb42959c70f2737a198dfa0c133cccbcca06c98c66f5c04a4b86","0c3911e3ac0d74e9720671529c8058d2429fb4ca764b76ae1cdb002647e1df70","b7d59407a3cef323480a5495fa633bc3f13c9a57381758413f92c01659087947","38b0c0dfdb1bf1f9b419e9dd6bf445b81c4bc4b100086ebde2dc050758523e90","38e22b1d7dbf55fdf970cfe470f1e8d9b769df9de82911b8cc95d20a7601ad45","7ee5c80c169697320340a7132d0a8a772d9f66eab5368d0411ba494b6d652b0a","151e736f4ffff3859ba33d8926cb6489fe36679c09345d5c02f9e25a780677da","867af37d3b870c17fdc95799d24f00e11c1cd66e501606fe538ab6f585269d12","97a137f81985a504a3205586e79243d400259e5f9092c704fc3edbadcf9421ae","bundles/CONF10_run_order_1p00.rds","94a3a1a0695b1eb3a58dba91da4d01d23ed911989b14cfbdb411f4b3a7e1e0f5",TRUE
"CONF10","CONF10_joint_1p00",16,"joint",1,450,225,225,0.894427190999916,0.173215773418611,0.866078867093054,0.866078867093054,"~ phenotype + plate + within_plate_position_scaled",450,7,7,TRUE,14.8598036973637,1.86190902773352,90,90,1,90,90,1,45,45,0.5,0,0,0,0,0,0,50,100,0.35,FALSE,"sample_id;plate;order_in_plate;run_order;sample_type","e2452e8cba452fa669bc0202c76b7fc52f8d16e63ff273bbdac6c9ce5adfc3e7","386116b6123fce3d99ed7e6e8fc3873987d23b18c3c16cec95957315956abc07","d9523cc3ff8d145b49e09a008543ab1bffd3f897466fcf1b54f7865fb36a5c70","ac66ae0481aa54d80a58b39e4ef50b5ef6909a93ca0a665a6ebae48c59a4e3cc","972cbd528f2ffb42959c70f2737a198dfa0c133cccbcca06c98c66f5c04a4b86","0c3911e3ac0d74e9720671529c8058d2429fb4ca764b76ae1cdb002647e1df70","b7d59407a3cef323480a5495fa633bc3f13c9a57381758413f92c01659087947","38b0c0dfdb1bf1f9b419e9dd6bf445b81c4bc4b100086ebde2dc050758523e90","38e22b1d7dbf55fdf970cfe470f1e8d9b769df9de82911b8cc95d20a7601ad45","7ee5c80c169697320340a7132d0a8a772d9f66eab5368d0411ba494b6d652b0a","1d24f34bcf9828bd8786043a3008e63388610c609ccf0d91446d58b3aee28761","2c7283c4551a0bedadc34654de060987747245fa6f300a746a812a129925f6c5","69c9d16f417eb519cae5e8a1d647363b3adab2b0f6afe07e492eaf4ff58db25c","bundles/CONF10_joint_1p00.rds","0d24df8ac21de928a40116c7611a2d4465dac4e14cfaf64ff68ab29d05e71e02",TRUE
"CONF11","CONF11_none_0p00",1,"none",0,450,225,225,0,0.00248062095266159,0.0748463218475479,0.152686496568998,"~ phenotype + plate + within_plate_position_scaled",450,7,7,TRUE,7.20535316306795,3.86058202507835,45,45,0.5,45,45,0.5,45,45,0.5,45,45,0.5,45,45,0.5,50,100,0.35,FALSE,"sample_id;plate;order_in_plate;run_order;sample_type","e2452e8cba452fa669bc0202c76b7fc52f8d16e63ff273bbdac6c9ce5adfc3e7","a0f4308e48d577901a335bfdb40aed6aef5a5475f1aafba3db2b914b6bdf4724","62f53a6d19613e41bb023cd8fd411a44e54d2629852b68ebed5a557726b1de45","acf82d1ae4b2cf12e1563a3284a96edf2e1c0404a12fabd3d97caaca985c3ddb","640099a17ca784f80898844b2a1d1ef616ed342a730ef1977a21c6e2c5c0e176","b2ee5b1d62a10610f492ba2c110d079ed0b54e36d4650387c41b7461e070db15","b7d59407a3cef323480a5495fa633bc3f13c9a57381758413f92c01659087947","f6903198ccd94a2def3f3f20c4892470183964ac7ced8688639b9c58f82fb828","10b976fa62d500da0906d79a5af7ea2ba01a1aacfbb292f1c3bbad68846338bb","d6bbc18fe28ecbab3ebde34b9a734cf91c1ff397677464256b7f4e7bb9ca434b","dfa8250ae2a1e53de8b053719f64fd20de22272b3d821d44bfd769e35c2eeac4","0f2c40284e1f32b65c03ef14e3d59942052cce59d784fb624e95c4691a60ba5c","c810fe663a1c23e21dec328bb32e21d03c585e02422927ae1c3a0044dd619cfa","bundles/CONF11_none_0p00.rds","aa7b8bfcd623287352d83c86f743e24f15ead508deeb5f577ef2d8fa3f7886ea",TRUE
"CONF11","CONF11_batch_0p25",2,"batch",0.25,450,225,225,0.218637757799979,0.0409730150456862,0.0756935522707748,0.142025827243675,"~ phenotype + plate + within_plate_position_scaled",450,7,7,TRUE,7.36196823044172,3.77270317496577,56,56.25,0.622222222222222,56,56.25,0.622222222222222,45,45,0.5,34,33.75,0.377777777777778,34,33.75,0.377777777777778,50,100,0.35,FALSE,"sample_id;plate;order_in_plate;run_order;sample_type","e2452e8cba452fa669bc0202c76b7fc52f8d16e63ff273bbdac6c9ce5adfc3e7","8df2b5a9d3b99a58800c2b644d4a13bc38ada172537961c1bbdf572e523bcd85","62f53a6d19613e41bb023cd8fd411a44e54d2629852b68ebed5a557726b1de45","acf82d1ae4b2cf12e1563a3284a96edf2e1c0404a12fabd3d97caaca985c3ddb","640099a17ca784f80898844b2a1d1ef616ed342a730ef1977a21c6e2c5c0e176","b2ee5b1d62a10610f492ba2c110d079ed0b54e36d4650387c41b7461e070db15","b7d59407a3cef323480a5495fa633bc3f13c9a57381758413f92c01659087947","f6903198ccd94a2def3f3f20c4892470183964ac7ced8688639b9c58f82fb828","10b976fa62d500da0906d79a5af7ea2ba01a1aacfbb292f1c3bbad68846338bb","d6bbc18fe28ecbab3ebde34b9a734cf91c1ff397677464256b7f4e7bb9ca434b","82e6792c81d63177243de82e48b9b8554ee764e0f07e95ebb51fe0bff449882b","073fd9490337924b02a0bcc18f792f37834bc673c445ee17e327579f45852b4c","9246abb68f02401a25376e01b8285977a5003d02dfcc98076c44fec007c50924","bundles/CONF11_batch_0p25.rds","7a6735a292ccab04ac5046c15dcabeb45987ae68b16b67cf813ff70e9b97b1c6",TRUE
"CONF11","CONF11_run_order_0p25",3,"run_order",0.25,450,225,225,0,0.367046362340375,0.367046362340375,0.429831734038775,"~ phenotype + plate + within_plate_position_scaled",450,7,7,TRUE,7.30958159564284,3.78536268774122,45,45,0.5,45,45,0.5,45,45,0.5,45,45,0.5,45,45,0.5,50,100,0.35,FALSE,"sample_id;plate;order_in_plate;run_order;sample_type","e2452e8cba452fa669bc0202c76b7fc52f8d16e63ff273bbdac6c9ce5adfc3e7","caa3f28952043e2c6c4fa5dcafaaa1fa25d99ded5fb21f5766a8fd5d35f71ca2","62f53a6d19613e41bb023cd8fd411a44e54d2629852b68ebed5a557726b1de45","acf82d1ae4b2cf12e1563a3284a96edf2e1c0404a12fabd3d97caaca985c3ddb","640099a17ca784f80898844b2a1d1ef616ed342a730ef1977a21c6e2c5c0e176","b2ee5b1d62a10610f492ba2c110d079ed0b54e36d4650387c41b7461e070db15","b7d59407a3cef323480a5495fa633bc3f13c9a57381758413f92c01659087947","f6903198ccd94a2def3f3f20c4892470183964ac7ced8688639b9c58f82fb828","10b976fa62d500da0906d79a5af7ea2ba01a1aacfbb292f1c3bbad68846338bb","d6bbc18fe28ecbab3ebde34b9a734cf91c1ff397677464256b7f4e7bb9ca434b","ce41925ddf22c68ae2da9db9ec0cbbbb56a714b0bca6477c8eed590c55d56521","d181b2d4286b1303ca3327820a674f8a6da45f6f2d1cb84fa59eb8d62c3b5bc6","e1746b2119431611852412301ae4c243174ae05b3a4cd388aaa85198113bb6f5","bundles/CONF11_run_order_0p25.rds","5973bc29f105abeb786298b4a02c9f6760c4c2be708acc2d39a129a09608b2c9",TRUE
"CONF11","CONF11_joint_0p25",4,"joint",0.25,450,225,225,0.218637757799979,0.380390392292624,0.390024517857266,0.469302733500841,"~ phenotype + plate + within_plate_position_scaled",450,7,7,TRUE,7.6504712541492,3.61278931962054,56,56.25,0.622222222222222,56,56.25,0.622222222222222,45,45,0.5,34,33.75,0.377777777777778,34,33.75,0.377777777777778,50,100,0.35,FALSE,"sample_id;plate;order_in_plate;run_order;sample_type","e2452e8cba452fa669bc0202c76b7fc52f8d16e63ff273bbdac6c9ce5adfc3e7","c5ec675f8288380dcc9dc5cf441c2f7ffaaa50192b7db951b54da46e9f0358e1","62f53a6d19613e41bb023cd8fd411a44e54d2629852b68ebed5a557726b1de45","acf82d1ae4b2cf12e1563a3284a96edf2e1c0404a12fabd3d97caaca985c3ddb","640099a17ca784f80898844b2a1d1ef616ed342a730ef1977a21c6e2c5c0e176","b2ee5b1d62a10610f492ba2c110d079ed0b54e36d4650387c41b7461e070db15","b7d59407a3cef323480a5495fa633bc3f13c9a57381758413f92c01659087947","f6903198ccd94a2def3f3f20c4892470183964ac7ced8688639b9c58f82fb828","10b976fa62d500da0906d79a5af7ea2ba01a1aacfbb292f1c3bbad68846338bb","d6bbc18fe28ecbab3ebde34b9a734cf91c1ff397677464256b7f4e7bb9ca434b","a5d827e6587ef7ef43e4ec45da18d32a499e9b97132ef0e4946c1f504acb1194","e97f149a6f70f52a0d0ab868004dc2c5d50243a2d848c98ca28a0daa70ee9301","fcfea44311b03552323bf364f3047f5a1a31723af0d23a6e8521ba22a9472caa","bundles/CONF11_joint_0p25.rds","fa26a991a50707dd945529e9858b7200e5dd05cfa8890482a6b8d6f4ec9ee170",TRUE
"CONF11","CONF11_batch_0p50",5,"batch",0.5,450,225,225,0.457151675399957,0.0289976035500786,0.106550281471109,0.210981797325764,"~ phenotype + plate + within_plate_position_scaled",450,7,7,TRUE,7.77306876539352,3.57085977012192,68,67.5,0.755555555555556,68,67.5,0.755555555555556,45,45,0.5,22,22.5,0.244444444444444,22,22.5,0.244444444444444,50,100,0.35,FALSE,"sample_id;plate;order_in_plate;run_order;sample_type","e2452e8cba452fa669bc0202c76b7fc52f8d16e63ff273bbdac6c9ce5adfc3e7","bce24314568f8d62f7241ff251f583dcfb009276fb750d84f2c22cee2c04a090","62f53a6d19613e41bb023cd8fd411a44e54d2629852b68ebed5a557726b1de45","acf82d1ae4b2cf12e1563a3284a96edf2e1c0404a12fabd3d97caaca985c3ddb","640099a17ca784f80898844b2a1d1ef616ed342a730ef1977a21c6e2c5c0e176","b2ee5b1d62a10610f492ba2c110d079ed0b54e36d4650387c41b7461e070db15","b7d59407a3cef323480a5495fa633bc3f13c9a57381758413f92c01659087947","f6903198ccd94a2def3f3f20c4892470183964ac7ced8688639b9c58f82fb828","10b976fa62d500da0906d79a5af7ea2ba01a1aacfbb292f1c3bbad68846338bb","d6bbc18fe28ecbab3ebde34b9a734cf91c1ff397677464256b7f4e7bb9ca434b","6e11e22f270828085330c38b43b2a7623d41af2c91d4e792bbde4af5e5415776","9f80ed8a402bfa005d9e9774e14add5f2a1fc420bcf4914b64ca933dfcc92c79","4c42fa3e467958204bb151f0843f6f73c6fe82135320c08c9781e3046c5b121c","bundles/CONF11_batch_0p50.rds","1a7a37e742773874a290d8c44c75488ef3571e0103390fb1e2091f01269e4886",TRUE
"CONF11","CONF11_run_order_0p50",6,"run_order",0.5,450,225,225,0,0.636150966377387,0.636150966377387,0.681315375446536,"~ phenotype + plate + within_plate_position_scaled",450,7,7,TRUE,8.02689383570216,3.43416144920669,45,45,0.5,45,45,0.5,45,45,0.5,45,45,0.5,45,45,0.5,50,100,0.35,FALSE,"sample_id;plate;order_in_plate;run_order;sample_type","e2452e8cba452fa669bc0202c76b7fc52f8d16e63ff273bbdac6c9ce5adfc3e7","b32ee8438ed4b8b5536cf108b10c7b3c0b19d3d7303508ce0ef7b9a68c71faf6","62f53a6d19613e41bb023cd8fd411a44e54d2629852b68ebed5a557726b1de45","acf82d1ae4b2cf12e1563a3284a96edf2e1c0404a12fabd3d97caaca985c3ddb","640099a17ca784f80898844b2a1d1ef616ed342a730ef1977a21c6e2c5c0e176","b2ee5b1d62a10610f492ba2c110d079ed0b54e36d4650387c41b7461e070db15","b7d59407a3cef323480a5495fa633bc3f13c9a57381758413f92c01659087947","f6903198ccd94a2def3f3f20c4892470183964ac7ced8688639b9c58f82fb828","10b976fa62d500da0906d79a5af7ea2ba01a1aacfbb292f1c3bbad68846338bb","d6bbc18fe28ecbab3ebde34b9a734cf91c1ff397677464256b7f4e7bb9ca434b","17f4053e220a8065ef4ff6516e6f9be2fe92202ed81eade6d4f27b047e641f69","76f5720ef257c9bf32944b5f356ec8dc3e3284c4058b91276d6c99458e56889b","9803b34e8ea620f989670d9bb2cb92bdf461df91c453ccd6a376b4ca7b404225","bundles/CONF11_run_order_0p50.rds","ca05ae3a2e90f46791ee77118b3c6c8b1e26b42016ae71efff72a1b58bff0dd2",TRUE
"CONF11","CONF11_joint_0p50",7,"joint",0.5,450,225,225,0.457151675399957,0.511264532208907,0.573871728649359,0.646878152178051,"~ phenotype + plate + within_plate_position_scaled",450,7,7,TRUE,9.10682122134169,3.02695167524602,68,67.5,0.755555555555556,68,67.5,0.755555555555556,45,45,0.5,22,22.5,0.244444444444444,22,22.5,0.244444444444444,50,100,0.35,FALSE,"sample_id;plate;order_in_plate;run_order;sample_type","e2452e8cba452fa669bc0202c76b7fc52f8d16e63ff273bbdac6c9ce5adfc3e7","6b5395023903ec8e236d4e4a17721e2e41cb5c261f2f0cf799926a2a23bf746d","62f53a6d19613e41bb023cd8fd411a44e54d2629852b68ebed5a557726b1de45","acf82d1ae4b2cf12e1563a3284a96edf2e1c0404a12fabd3d97caaca985c3ddb","640099a17ca784f80898844b2a1d1ef616ed342a730ef1977a21c6e2c5c0e176","b2ee5b1d62a10610f492ba2c110d079ed0b54e36d4650387c41b7461e070db15","b7d59407a3cef323480a5495fa633bc3f13c9a57381758413f92c01659087947","f6903198ccd94a2def3f3f20c4892470183964ac7ced8688639b9c58f82fb828","10b976fa62d500da0906d79a5af7ea2ba01a1aacfbb292f1c3bbad68846338bb","d6bbc18fe28ecbab3ebde34b9a734cf91c1ff397677464256b7f4e7bb9ca434b","6094f62ffdd35c3c34c689f7e5d464a1d42b8154e077597bf3615c61745c3f38","ec663a00c4fb38745f4778dbdd4b322c59d412eded2211a3665c0713927e948f","f490b1ab11ccd4f12075a0f92c9b19e44b8625fe478af47b283b24298bf22b48","bundles/CONF11_joint_0p50.rds","448dcfca55f5f776dac338f869b33113a281bf560dcd1435cae920d692b6f309",TRUE
"CONF11","CONF11_batch_0p75",8,"batch",0.75,450,225,225,0.675789433199936,0.0151403416765897,0.0671564910142644,0.127312090962874,"~ phenotype + plate + within_plate_position_scaled",450,7,7,TRUE,8.78873007752255,3.15688264836859,79,78.75,0.877777777777778,79,78.75,0.877777777777778,45,45,0.5,11,11.25,0.122222222222222,11,11.25,0.122222222222222,50,100,0.35,FALSE,"sample_id;plate;order_in_plate;run_order;sample_type","e2452e8cba452fa669bc0202c76b7fc52f8d16e63ff273bbdac6c9ce5adfc3e7","6172073cb9c11437768dd569bfa34a6cf9e97a1c309eb5f3e062fcfff31df13f","62f53a6d19613e41bb023cd8fd411a44e54d2629852b68ebed5a557726b1de45","acf82d1ae4b2cf12e1563a3284a96edf2e1c0404a12fabd3d97caaca985c3ddb","640099a17ca784f80898844b2a1d1ef616ed342a730ef1977a21c6e2c5c0e176","b2ee5b1d62a10610f492ba2c110d079ed0b54e36d4650387c41b7461e070db15","b7d59407a3cef323480a5495fa633bc3f13c9a57381758413f92c01659087947","f6903198ccd94a2def3f3f20c4892470183964ac7ced8688639b9c58f82fb828","10b976fa62d500da0906d79a5af7ea2ba01a1aacfbb292f1c3bbad68846338bb","d6bbc18fe28ecbab3ebde34b9a734cf91c1ff397677464256b7f4e7bb9ca434b","65bd3de1f0a2e3d3ec4522a0f7c1e547d9443f38df2bcd52dd16cb87ce1643b2","cff48f3de95ac821bc9488ede7b35778e019fa3fb81d694b11f0506b0fb1d005","1e2e6138d90070f0dce8828478fdce8f2ce6e7423441aa4bc8748a5e64482426","bundles/CONF11_batch_0p75.rds","3b732f6bf55bff90b293084a35dd0ad1c79ffb0523e793db0befc1b3aecf702e",TRUE
"CONF11","CONF11_run_order_0p75",9,"run_order",0.75,450,225,225,0,0.800727335788452,0.800727335788452,0.817321834575223,"~ phenotype + plate + within_plate_position_scaled",450,7,7,TRUE,10.1916820761749,2.6986379317304,45,45,0.5,45,45,0.5,45,45,0.5,45,45,0.5,45,45,0.5,50,100,0.35,FALSE,"sample_id;plate;order_in_plate;run_order;sample_type","e2452e8cba452fa669bc0202c76b7fc52f8d16e63ff273bbdac6c9ce5adfc3e7","2b3097ea30819161cb729b9029014a479b23059f264582d55280c51b8b86e96c","62f53a6d19613e41bb023cd8fd411a44e54d2629852b68ebed5a557726b1de45","acf82d1ae4b2cf12e1563a3284a96edf2e1c0404a12fabd3d97caaca985c3ddb","640099a17ca784f80898844b2a1d1ef616ed342a730ef1977a21c6e2c5c0e176","b2ee5b1d62a10610f492ba2c110d079ed0b54e36d4650387c41b7461e070db15","b7d59407a3cef323480a5495fa633bc3f13c9a57381758413f92c01659087947","f6903198ccd94a2def3f3f20c4892470183964ac7ced8688639b9c58f82fb828","10b976fa62d500da0906d79a5af7ea2ba01a1aacfbb292f1c3bbad68846338bb","d6bbc18fe28ecbab3ebde34b9a734cf91c1ff397677464256b7f4e7bb9ca434b","0cda7865f8a7d12ba58b06fbf5ec381255b7b1fb5786e63abf2955a7af931236","8672d11392348b25054e5aa048cc07329ff689580d0fa476a5f0b05bb07f31c1","4502945d7286ac3f6f4a8f7459d8101f6ca918356fd93a89d5558a4e95b1ff35","bundles/CONF11_run_order_0p75.rds","d206f78a9a0b25d8d1193a2cef6106f86411704edf84596fa1fac707dfa8d734",TRUE
"CONF11","CONF11_joint_0p75",10,"joint",0.75,450,225,225,0.675789433199936,0.443517918605184,0.59160236944336,0.811334128827419,"~ phenotype + plate + within_plate_position_scaled",450,7,7,TRUE,11.0266892844639,2.50073055204435,79,78.75,0.877777777777778,79,78.75,0.877777777777778,45,45,0.5,11,11.25,0.122222222222222,11,11.25,0.122222222222222,50,100,0.35,FALSE,"sample_id;plate;order_in_plate;run_order;sample_type","e2452e8cba452fa669bc0202c76b7fc52f8d16e63ff273bbdac6c9ce5adfc3e7","8ebf3266b832744d3ff6124912b0864afbb0d94d8ce6860e1a79a15208e6d055","62f53a6d19613e41bb023cd8fd411a44e54d2629852b68ebed5a557726b1de45","acf82d1ae4b2cf12e1563a3284a96edf2e1c0404a12fabd3d97caaca985c3ddb","640099a17ca784f80898844b2a1d1ef616ed342a730ef1977a21c6e2c5c0e176","b2ee5b1d62a10610f492ba2c110d079ed0b54e36d4650387c41b7461e070db15","b7d59407a3cef323480a5495fa633bc3f13c9a57381758413f92c01659087947","f6903198ccd94a2def3f3f20c4892470183964ac7ced8688639b9c58f82fb828","10b976fa62d500da0906d79a5af7ea2ba01a1aacfbb292f1c3bbad68846338bb","d6bbc18fe28ecbab3ebde34b9a734cf91c1ff397677464256b7f4e7bb9ca434b","888c418b9351853c8694113d88f61321231a7a34b6dedb7db1b1bf396993c1d3","773693e495abdfa5cddd02d65ae4bae1d5ca776bdb2c6730489f06d043e4f534","f839833e1879922e22909cfe91bca7cd006f4561e566c713c4ca73d3cd14db7a","bundles/CONF11_joint_0p75.rds","71733c0caaa4839afff67a9c740bba9716d7409dd4aad1d4793f1dee9b767218",TRUE
"CONF11","CONF11_batch_0p90",11,"batch",0.9,450,225,225,0.814922551799923,0.0242074389518355,0.0790253437418869,0.176406518097346,"~ phenotype + plate + within_plate_position_scaled",450,7,7,TRUE,10.666747596821,2.59987842921667,86,85.5,0.955555555555556,86,85.5,0.955555555555556,45,45,0.5,4,4.5,0.0444444444444444,4,4.5,0.0444444444444444,50,100,0.35,FALSE,"sample_id;plate;order_in_plate;run_order;sample_type","e2452e8cba452fa669bc0202c76b7fc52f8d16e63ff273bbdac6c9ce5adfc3e7","732e173f7e4c3c6aee627eba5603b23ac3502e226d2223c355736116addb14d4","62f53a6d19613e41bb023cd8fd411a44e54d2629852b68ebed5a557726b1de45","acf82d1ae4b2cf12e1563a3284a96edf2e1c0404a12fabd3d97caaca985c3ddb","640099a17ca784f80898844b2a1d1ef616ed342a730ef1977a21c6e2c5c0e176","b2ee5b1d62a10610f492ba2c110d079ed0b54e36d4650387c41b7461e070db15","b7d59407a3cef323480a5495fa633bc3f13c9a57381758413f92c01659087947","f6903198ccd94a2def3f3f20c4892470183964ac7ced8688639b9c58f82fb828","10b976fa62d500da0906d79a5af7ea2ba01a1aacfbb292f1c3bbad68846338bb","d6bbc18fe28ecbab3ebde34b9a734cf91c1ff397677464256b7f4e7bb9ca434b","bbe04d8f3df9c835ef0863056920bcae7f288ab90b396948c0642379152da705","9775c5e89ac0eb6c148dbc41b6819356d43ddb359aa7a985abb5b8b30eebd15f","bcc8301d661b829c3a28c337765a661d34a104cc029b3d61799d0a1cd3aae41a","bundles/CONF11_batch_0p90.rds","5b8d73601e1510c411149419226f019d405ffed48fecdc843ec47d9b7b31210b",TRUE
"CONF11","CONF11_run_order_0p90",12,"run_order",0.9,450,225,225,0,0.854787764825767,0.854787764825767,0.86009116134525,"~ phenotype + plate + within_plate_position_scaled",450,7,7,TRUE,11.7968186634967,2.329741542429,45,45,0.5,45,45,0.5,45,45,0.5,45,45,0.5,45,45,0.5,50,100,0.35,FALSE,"sample_id;plate;order_in_plate;run_order;sample_type","e2452e8cba452fa669bc0202c76b7fc52f8d16e63ff273bbdac6c9ce5adfc3e7","f1b6d5ddead48dc7e55fadffb321f43a18b2261df47823ef00936fff440be88d","62f53a6d19613e41bb023cd8fd411a44e54d2629852b68ebed5a557726b1de45","acf82d1ae4b2cf12e1563a3284a96edf2e1c0404a12fabd3d97caaca985c3ddb","640099a17ca784f80898844b2a1d1ef616ed342a730ef1977a21c6e2c5c0e176","b2ee5b1d62a10610f492ba2c110d079ed0b54e36d4650387c41b7461e070db15","b7d59407a3cef323480a5495fa633bc3f13c9a57381758413f92c01659087947","f6903198ccd94a2def3f3f20c4892470183964ac7ced8688639b9c58f82fb828","10b976fa62d500da0906d79a5af7ea2ba01a1aacfbb292f1c3bbad68846338bb","d6bbc18fe28ecbab3ebde34b9a734cf91c1ff397677464256b7f4e7bb9ca434b","1675d6d657d6104249d1db4e1e75b0fcd2079bf5868dab0ba69983efbb900a01","53a3477fe7f87d7b66322940e41c1bf695a7d5d14b7dd016b1bb0d76f8e1d707","91d7954fe6a0a83980a983b84ab4f6d2ee4531f54642ec9931eb5026034db021","bundles/CONF11_run_order_0p90.rds","14fb4d8bee2afc2723ea9aa71f8100db5b60330b70fc2ab73af8d486d5e8c0be",TRUE
"CONF11","CONF11_joint_0p90",13,"joint",0.9,450,225,225,0.814922551799923,0.288864033004765,0.456733867971236,0.855814228668248,"~ phenotype + plate + within_plate_position_scaled",450,7,7,TRUE,12.5578590155542,2.19991154626146,86,85.5,0.955555555555556,86,85.5,0.955555555555556,45,45,0.5,4,4.5,0.0444444444444444,4,4.5,0.0444444444444444,50,100,0.35,FALSE,"sample_id;plate;order_in_plate;run_order;sample_type","e2452e8cba452fa669bc0202c76b7fc52f8d16e63ff273bbdac6c9ce5adfc3e7","c5cd5c1512830f13057d1b88771424649d6db68466f173e24b3b150d14ecb9c3","62f53a6d19613e41bb023cd8fd411a44e54d2629852b68ebed5a557726b1de45","acf82d1ae4b2cf12e1563a3284a96edf2e1c0404a12fabd3d97caaca985c3ddb","640099a17ca784f80898844b2a1d1ef616ed342a730ef1977a21c6e2c5c0e176","b2ee5b1d62a10610f492ba2c110d079ed0b54e36d4650387c41b7461e070db15","b7d59407a3cef323480a5495fa633bc3f13c9a57381758413f92c01659087947","f6903198ccd94a2def3f3f20c4892470183964ac7ced8688639b9c58f82fb828","10b976fa62d500da0906d79a5af7ea2ba01a1aacfbb292f1c3bbad68846338bb","d6bbc18fe28ecbab3ebde34b9a734cf91c1ff397677464256b7f4e7bb9ca434b","c918fb885d60d6b5cccaae34a2aeffb1af92b3164765d85e219084ccff6db7ee","049e5a9c29ca06fefbb19e88de901e719f3dd86b78496c2e35a55d5a44a4eb79","2f6250197b27615c170fccf4de6a64cdeefcd924a8279c2293bfbcb807820137","bundles/CONF11_joint_0p90.rds","1314e51daa6eba7694c9013cf46bd50ca6a87aaffe8637efaedabeca81c30317",TRUE
"CONF11","CONF11_batch_1p00",14,"batch",1,450,225,225,0.894427190999916,0.0026516982597417,0.0132584912987085,0.0132584912987085,"~ phenotype + plate + within_plate_position_scaled",450,7,7,TRUE,13.3981074007731,2.07018076561115,90,90,1,90,90,1,45,45,0.5,0,0,0,0,0,0,50,100,0.35,FALSE,"sample_id;plate;order_in_plate;run_order;sample_type","e2452e8cba452fa669bc0202c76b7fc52f8d16e63ff273bbdac6c9ce5adfc3e7","26ef66b33d7ed787db8c6edfbcc3007b0dfaa6cdab1b880940f2e05739dadbe2","62f53a6d19613e41bb023cd8fd411a44e54d2629852b68ebed5a557726b1de45","acf82d1ae4b2cf12e1563a3284a96edf2e1c0404a12fabd3d97caaca985c3ddb","640099a17ca784f80898844b2a1d1ef616ed342a730ef1977a21c6e2c5c0e176","b2ee5b1d62a10610f492ba2c110d079ed0b54e36d4650387c41b7461e070db15","b7d59407a3cef323480a5495fa633bc3f13c9a57381758413f92c01659087947","f6903198ccd94a2def3f3f20c4892470183964ac7ced8688639b9c58f82fb828","10b976fa62d500da0906d79a5af7ea2ba01a1aacfbb292f1c3bbad68846338bb","d6bbc18fe28ecbab3ebde34b9a734cf91c1ff397677464256b7f4e7bb9ca434b","305283c1d9f5c3caef3e45577d04c481abc53f365a443b412530bdc231f1da28","7635b7ef5691331e2506d552bfb20960d1ad06575d0df703bf8ae7b2215b4705","0955cab57388c99f730248f84b1be7d252fe020f5f62a76ed03ee2d683c7796c","bundles/CONF11_batch_1p00.rds","6b2757386f4b36e9e64d80ec0261121bd27dafe0238c4960dc239ebc6c083185",TRUE
"CONF11","CONF11_run_order_1p00",15,"run_order",1,450,225,225,0,0.866078867093054,0.866078867093054,0.866078867093054,"~ phenotype + plate + within_plate_position_scaled",450,7,7,TRUE,12.2571850578752,2.24189736854381,45,45,0.5,45,45,0.5,45,45,0.5,45,45,0.5,45,45,0.5,50,100,0.35,FALSE,"sample_id;plate;order_in_plate;run_order;sample_type","e2452e8cba452fa669bc0202c76b7fc52f8d16e63ff273bbdac6c9ce5adfc3e7","e1de34a976b142154290eb044ee017e24bd204ca4519edc80cb84225a4aea8e3","62f53a6d19613e41bb023cd8fd411a44e54d2629852b68ebed5a557726b1de45","acf82d1ae4b2cf12e1563a3284a96edf2e1c0404a12fabd3d97caaca985c3ddb","640099a17ca784f80898844b2a1d1ef616ed342a730ef1977a21c6e2c5c0e176","b2ee5b1d62a10610f492ba2c110d079ed0b54e36d4650387c41b7461e070db15","b7d59407a3cef323480a5495fa633bc3f13c9a57381758413f92c01659087947","f6903198ccd94a2def3f3f20c4892470183964ac7ced8688639b9c58f82fb828","10b976fa62d500da0906d79a5af7ea2ba01a1aacfbb292f1c3bbad68846338bb","d6bbc18fe28ecbab3ebde34b9a734cf91c1ff397677464256b7f4e7bb9ca434b","151e736f4ffff3859ba33d8926cb6489fe36679c09345d5c02f9e25a780677da","aa9dc387fd55963986ad4f68b92af54cfc2b669c6295cb12864fa51ccdfe488c","a9e8a5a608196bcd730816cb42626d2f6e8998389afd6833c2733e3156e8d56c","bundles/CONF11_run_order_1p00.rds","e23f4f071f1fee6ae05f8c13264bd1cd607dde25d7ab94e58321229c87b29582",TRUE
"CONF11","CONF11_joint_1p00",16,"joint",1,450,225,225,0.894427190999916,0.173215773418611,0.866078867093054,0.866078867093054,"~ phenotype + plate + within_plate_position_scaled",450,7,7,TRUE,14.8598036973637,1.86190902773352,90,90,1,90,90,1,45,45,0.5,0,0,0,0,0,0,50,100,0.35,FALSE,"sample_id;plate;order_in_plate;run_order;sample_type","e2452e8cba452fa669bc0202c76b7fc52f8d16e63ff273bbdac6c9ce5adfc3e7","d2351dad60a9c0788364b2c5f0556c66f55cdaebac4a03b233e71f7d227ca2ab","62f53a6d19613e41bb023cd8fd411a44e54d2629852b68ebed5a557726b1de45","acf82d1ae4b2cf12e1563a3284a96edf2e1c0404a12fabd3d97caaca985c3ddb","640099a17ca784f80898844b2a1d1ef616ed342a730ef1977a21c6e2c5c0e176","b2ee5b1d62a10610f492ba2c110d079ed0b54e36d4650387c41b7461e070db15","b7d59407a3cef323480a5495fa633bc3f13c9a57381758413f92c01659087947","f6903198ccd94a2def3f3f20c4892470183964ac7ced8688639b9c58f82fb828","10b976fa62d500da0906d79a5af7ea2ba01a1aacfbb292f1c3bbad68846338bb","d6bbc18fe28ecbab3ebde34b9a734cf91c1ff397677464256b7f4e7bb9ca434b","1d24f34bcf9828bd8786043a3008e63388610c609ccf0d91446d58b3aee28761","d285ae1771786a67be04996eb583eb36ced0594b4ad06099db2d3a4d3ef99bed","542ff4c4b4a4a6906b9001da62eb3b8750c2072fb8160fcdcc1608799e19ea3f","bundles/CONF11_joint_1p00.rds","39ff33953e261e28be63026fd0e380833cbbd6ddea6e88cb153dcd645b8d1221",TRUE
"CONF12","CONF12_none_0p00",1,"none",0,450,225,225,0,0.00179631172434115,0.114023025168893,0.185191184914218,"~ phenotype + plate + within_plate_position_scaled",450,7,7,TRUE,7.20558688880778,3.86021537284563,45,45,0.5,45,45,0.5,45,45,0.5,45,45,0.5,45,45,0.5,50,100,0.35,FALSE,"sample_id;plate;order_in_plate;run_order;sample_type","e2452e8cba452fa669bc0202c76b7fc52f8d16e63ff273bbdac6c9ce5adfc3e7","7e88af9109994b0ede83fa94e9b7a24b210a283547c3ec9826a0eae36d4f328d","25bd3336d2c34263511d7845109844486e99c59156d9cec57c82b0b50c2cbba8","4f2ee34d0e9f0359b6a468ba0b6bfb32b725ac41a879644182a48913d1bffee4","d9aa9fdd405e8ec391b86d2148287b332579490cbda76c12245fdb8915a8810b","6b5b07cb6a53455a8e3668c1f0eaec8309824e6666a5fae291f825ccab44e15b","b7d59407a3cef323480a5495fa633bc3f13c9a57381758413f92c01659087947","033db2920fa315fbb8d9e3ae9baf5202028161ef18e6750b15cc9678f4da453e","ae7891e4b52c823e09753172b3a8872cb0a8b2e6b0673f8b057bebb75f63c41b","6258714630a1185feca34cb69663fd0cd877b6f358620b8acd77d8cc651049e1","aa87f59ef2aec20c580add04913b3b2aa0def49e7b95010943020483a81ea8fc","65b979abf427eb4f634ca9e0432780f6bc366fca1d31f5653c39840f3b80e222","82de40864d4a558f285ee932d21b76381234113e78034cd70552ef754b59ebf7","bundles/CONF12_none_0p00.rds","9d01b5d05c2275cf1b457863ddb84adfa751603b94f214cf38a86e646b4a8835",TRUE
"CONF12","CONF12_batch_0p25",2,"batch",0.25,450,225,225,0.218637757799979,0.000598770574780381,0.0714485373093629,0.11732568337521,"~ phenotype + plate + within_plate_position_scaled",450,7,7,TRUE,7.34847667420892,3.78185910097925,56,56.25,0.622222222222222,56,56.25,0.622222222222222,45,45,0.5,34,33.75,0.377777777777778,34,33.75,0.377777777777778,50,100,0.35,FALSE,"sample_id;plate;order_in_plate;run_order;sample_type","e2452e8cba452fa669bc0202c76b7fc52f8d16e63ff273bbdac6c9ce5adfc3e7","77ee8bec4552f9cafc69d4bc1b265a8fbe404355419eeba947cd55ca20d3a4e0","25bd3336d2c34263511d7845109844486e99c59156d9cec57c82b0b50c2cbba8","4f2ee34d0e9f0359b6a468ba0b6bfb32b725ac41a879644182a48913d1bffee4","d9aa9fdd405e8ec391b86d2148287b332579490cbda76c12245fdb8915a8810b","6b5b07cb6a53455a8e3668c1f0eaec8309824e6666a5fae291f825ccab44e15b","b7d59407a3cef323480a5495fa633bc3f13c9a57381758413f92c01659087947","033db2920fa315fbb8d9e3ae9baf5202028161ef18e6750b15cc9678f4da453e","ae7891e4b52c823e09753172b3a8872cb0a8b2e6b0673f8b057bebb75f63c41b","6258714630a1185feca34cb69663fd0cd877b6f358620b8acd77d8cc651049e1","4649e7f79a79361682e57d6229fdfdd09850dd31034647e2fd80c7376cb8ff6e","7e11ed5ff657b0e51f9a8ea5a51b8b1faa48f9be87fb49c77ec3f5f89e35cc30","e94686e3b50ec923392a255924aa61b78ab3ae2c4a5f122c90182bbb31f2b118","bundles/CONF12_batch_0p25.rds","5a0954b5529e61ed8736edef47d3fdf05efa9773b33653318c04b73742b3a0be",TRUE
"CONF12","CONF12_run_order_0p25",3,"run_order",0.25,450,225,225,0,0.364480202734173,0.364480202734173,0.461481035848595,"~ phenotype + plate + within_plate_position_scaled",450,7,7,TRUE,7.3076510901183,3.78650008448864,45,45,0.5,45,45,0.5,45,45,0.5,45,45,0.5,45,45,0.5,50,100,0.35,FALSE,"sample_id;plate;order_in_plate;run_order;sample_type","e2452e8cba452fa669bc0202c76b7fc52f8d16e63ff273bbdac6c9ce5adfc3e7","d34078feefd28970271839e0245618f0600d83e989c8e95c6a459c7f9c9505f7","25bd3336d2c34263511d7845109844486e99c59156d9cec57c82b0b50c2cbba8","4f2ee34d0e9f0359b6a468ba0b6bfb32b725ac41a879644182a48913d1bffee4","d9aa9fdd405e8ec391b86d2148287b332579490cbda76c12245fdb8915a8810b","6b5b07cb6a53455a8e3668c1f0eaec8309824e6666a5fae291f825ccab44e15b","b7d59407a3cef323480a5495fa633bc3f13c9a57381758413f92c01659087947","033db2920fa315fbb8d9e3ae9baf5202028161ef18e6750b15cc9678f4da453e","ae7891e4b52c823e09753172b3a8872cb0a8b2e6b0673f8b057bebb75f63c41b","6258714630a1185feca34cb69663fd0cd877b6f358620b8acd77d8cc651049e1","8384d1a42eb07061613cd85a1fa1537ff0e61e4ba8cee96d076a1ab98b4d6bd3","a68102d20d8be9bbc7baec3153ee627da4f759c493778c4d1f436a99ad9a485b","b0f1d646d49387eaea78122c44da7ad47359a1e36d849bacd85c2c5de8f5311e","bundles/CONF12_run_order_0p25.rds","f7e60be678e811f0b15e5b6739944c589ea887656f4bc6b5be450d4b94908b64",TRUE
"CONF12","CONF12_joint_0p25",4,"joint",0.25,450,225,225,0.218637757799979,0.352162636624405,0.36093504318021,0.40490592984377,"~ phenotype + plate + within_plate_position_scaled",450,7,7,TRUE,7.6044909881709,3.63608567801401,56,56.25,0.622222222222222,56,56.25,0.622222222222222,45,45,0.5,34,33.75,0.377777777777778,34,33.75,0.377777777777778,50,100,0.35,FALSE,"sample_id;plate;order_in_plate;run_order;sample_type","e2452e8cba452fa669bc0202c76b7fc52f8d16e63ff273bbdac6c9ce5adfc3e7","0926aa6a57b57189150fe24a9b3944d0f369e94f929e8915bc0aabcec2165097","25bd3336d2c34263511d7845109844486e99c59156d9cec57c82b0b50c2cbba8","4f2ee34d0e9f0359b6a468ba0b6bfb32b725ac41a879644182a48913d1bffee4","d9aa9fdd405e8ec391b86d2148287b332579490cbda76c12245fdb8915a8810b","6b5b07cb6a53455a8e3668c1f0eaec8309824e6666a5fae291f825ccab44e15b","b7d59407a3cef323480a5495fa633bc3f13c9a57381758413f92c01659087947","033db2920fa315fbb8d9e3ae9baf5202028161ef18e6750b15cc9678f4da453e","ae7891e4b52c823e09753172b3a8872cb0a8b2e6b0673f8b057bebb75f63c41b","6258714630a1185feca34cb69663fd0cd877b6f358620b8acd77d8cc651049e1","c3e1e6d221673ef26a5fd3bd966ebac48f7bdc8bd4954ec3ac279dcba1a3a225","6b4d9742656756fddfab55ebc5cfb88bbc6c146181332d4fcd91a1d3df5de85f","0b985be79a098bde1d3ab7b2893d6b162eee0222f26434ef990eb1227a4450ea","bundles/CONF12_joint_0p25.rds","2ef23e26c59d0689aace297d8cc45713f7d1c384db04580119bebea5664fbaa4",TRUE
"CONF12","CONF12_batch_0p50",5,"batch",0.5,450,225,225,0.457151675399957,0.0363539277545233,0.0708662989947374,0.148284376422353,"~ phenotype + plate + within_plate_position_scaled",450,7,7,TRUE,7.77879691726861,3.56784687579879,68,67.5,0.755555555555556,68,67.5,0.755555555555556,45,45,0.5,22,22.5,0.244444444444444,22,22.5,0.244444444444444,50,100,0.35,FALSE,"sample_id;plate;order_in_plate;run_order;sample_type","e2452e8cba452fa669bc0202c76b7fc52f8d16e63ff273bbdac6c9ce5adfc3e7","32db24de6482d167bb50a7cd5e9df30fbf96ae14d610b36ccdbcbb6fec96939c","25bd3336d2c34263511d7845109844486e99c59156d9cec57c82b0b50c2cbba8","4f2ee34d0e9f0359b6a468ba0b6bfb32b725ac41a879644182a48913d1bffee4","d9aa9fdd405e8ec391b86d2148287b332579490cbda76c12245fdb8915a8810b","6b5b07cb6a53455a8e3668c1f0eaec8309824e6666a5fae291f825ccab44e15b","b7d59407a3cef323480a5495fa633bc3f13c9a57381758413f92c01659087947","033db2920fa315fbb8d9e3ae9baf5202028161ef18e6750b15cc9678f4da453e","ae7891e4b52c823e09753172b3a8872cb0a8b2e6b0673f8b057bebb75f63c41b","6258714630a1185feca34cb69663fd0cd877b6f358620b8acd77d8cc651049e1","6b884a78da7326afb0f78d8ccba8d48b274baa39d5395ad2503e35db71eac962","33eb46715bccc97433badd46da50a92933653cb39b4aa4ffc894734311f967ae","fff37b96634c8b24df87125f16974f680aaa6b65c418023f5322b643ccfc8964","bundles/CONF12_batch_0p50.rds","30230887afd73b58b6170fe02590075a3b8610919671592b6f75fafcec2c21dc",TRUE
"CONF12","CONF12_run_order_0p50",6,"run_order",0.5,450,225,225,0,0.639230357904829,0.639230357904829,0.699278492689947,"~ phenotype + plate + within_plate_position_scaled",450,7,7,TRUE,8.04773094238341,3.42512435892889,45,45,0.5,45,45,0.5,45,45,0.5,45,45,0.5,45,45,0.5,50,100,0.35,FALSE,"sample_id;plate;order_in_plate;run_order;sample_type","e2452e8cba452fa669bc0202c76b7fc52f8d16e63ff273bbdac6c9ce5adfc3e7","e9c6678768d668107dbbd11f98c4fd272a796ffda830afdfa0167cd9088fd320","25bd3336d2c34263511d7845109844486e99c59156d9cec57c82b0b50c2cbba8","4f2ee34d0e9f0359b6a468ba0b6bfb32b725ac41a879644182a48913d1bffee4","d9aa9fdd405e8ec391b86d2148287b332579490cbda76c12245fdb8915a8810b","6b5b07cb6a53455a8e3668c1f0eaec8309824e6666a5fae291f825ccab44e15b","b7d59407a3cef323480a5495fa633bc3f13c9a57381758413f92c01659087947","033db2920fa315fbb8d9e3ae9baf5202028161ef18e6750b15cc9678f4da453e","ae7891e4b52c823e09753172b3a8872cb0a8b2e6b0673f8b057bebb75f63c41b","6258714630a1185feca34cb69663fd0cd877b6f358620b8acd77d8cc651049e1","0fcea009a5d18470393122646b89e2c157cff1e0a8e5b7f4cd1f062db69bd755","99c91b62e553fa654ba2c0ca5182c87b15651697f4e635e98a2c68355a134e84","4cbc603781f948bc05a8d180f12515a0e9424d33251dddb7e0ee1221ce79a4ba","bundles/CONF12_run_order_0p50.rds","e0f4fa25235b2d7a559d576d76671a460a2c4038e5a3080ce94860b5c529a712",TRUE
"CONF12","CONF12_joint_0p50",7,"joint",0.5,450,225,225,0.457151675399957,0.505618981075264,0.567806745650326,0.6257152506455,"~ phenotype + plate + within_plate_position_scaled",450,7,7,TRUE,9.065926365615,3.0408456235949,68,67.5,0.755555555555556,68,67.5,0.755555555555556,45,45,0.5,22,22.5,0.244444444444444,22,22.5,0.244444444444444,50,100,0.35,FALSE,"sample_id;plate;order_in_plate;run_order;sample_type","e2452e8cba452fa669bc0202c76b7fc52f8d16e63ff273bbdac6c9ce5adfc3e7","bca6108b0a2bf17130d3b5dab19a718b06da4c86812b7c37bc34cc45b80e2c6d","25bd3336d2c34263511d7845109844486e99c59156d9cec57c82b0b50c2cbba8","4f2ee34d0e9f0359b6a468ba0b6bfb32b725ac41a879644182a48913d1bffee4","d9aa9fdd405e8ec391b86d2148287b332579490cbda76c12245fdb8915a8810b","6b5b07cb6a53455a8e3668c1f0eaec8309824e6666a5fae291f825ccab44e15b","b7d59407a3cef323480a5495fa633bc3f13c9a57381758413f92c01659087947","033db2920fa315fbb8d9e3ae9baf5202028161ef18e6750b15cc9678f4da453e","ae7891e4b52c823e09753172b3a8872cb0a8b2e6b0673f8b057bebb75f63c41b","6258714630a1185feca34cb69663fd0cd877b6f358620b8acd77d8cc651049e1","42659a53db54db8c3e397aba07a1da092f2798e567d3282f18714ec5611aaaaa","231c282bf2b7a816a84f81e77d59fc6b2cace93200ca182a290c632799e36138","044ab18dc48cc4bd71c2248b51df117dca284811248f70e498d706e17d3d7df1","bundles/CONF12_joint_0p50.rds","ac1ebb5d41882e2df7e84470c9036e1d1e39c9ef995b2af4296eb2cd43ca4838",TRUE
"CONF12","CONF12_batch_0p75",8,"batch",0.75,450,225,225,0.675789433199936,0.0197594289677526,0.031459530648165,0.103808320323574,"~ phenotype + plate + within_plate_position_scaled",450,7,7,TRUE,8.79499303405977,3.15442116728795,79,78.75,0.877777777777778,79,78.75,0.877777777777778,45,45,0.5,11,11.25,0.122222222222222,11,11.25,0.122222222222222,50,100,0.35,FALSE,"sample_id;plate;order_in_plate;run_order;sample_type","e2452e8cba452fa669bc0202c76b7fc52f8d16e63ff273bbdac6c9ce5adfc3e7","2a047a0695987cc0b471965fd7e0ac7ed90e93431cee3d5a085f9761e98eae72","25bd3336d2c34263511d7845109844486e99c59156d9cec57c82b0b50c2cbba8","4f2ee34d0e9f0359b6a468ba0b6bfb32b725ac41a879644182a48913d1bffee4","d9aa9fdd405e8ec391b86d2148287b332579490cbda76c12245fdb8915a8810b","6b5b07cb6a53455a8e3668c1f0eaec8309824e6666a5fae291f825ccab44e15b","b7d59407a3cef323480a5495fa633bc3f13c9a57381758413f92c01659087947","033db2920fa315fbb8d9e3ae9baf5202028161ef18e6750b15cc9678f4da453e","ae7891e4b52c823e09753172b3a8872cb0a8b2e6b0673f8b057bebb75f63c41b","6258714630a1185feca34cb69663fd0cd877b6f358620b8acd77d8cc651049e1","f16cdb5b4d18343e33e860fb4590e10bf3ff614a55848c9af58d2dc8883076ff","8f91b6cbdeccce1c70d8377b5b80a6f5aead423789b04777c72e089c8df761a0","722c437ab5a8c929449f641e88e225798ecb587ce8fd538bd77b1f0d4ff1f5e2","bundles/CONF12_batch_0p75.rds","a15de5f038c089cbbfaaa296a052e016b472caeb9ac1b9981093efb4f19d16d0",TRUE
"CONF12","CONF12_run_order_0p75",9,"run_order",0.75,450,225,225,0,0.800214103867212,0.800214103867212,0.834429565283234,"~ phenotype + plate + within_plate_position_scaled",450,7,7,TRUE,10.1798809701802,2.7017851695936,45,45,0.5,45,45,0.5,45,45,0.5,45,45,0.5,45,45,0.5,50,100,0.35,FALSE,"sample_id;plate;order_in_plate;run_order;sample_type","e2452e8cba452fa669bc0202c76b7fc52f8d16e63ff273bbdac6c9ce5adfc3e7","35bdd83a4ae7c933de352789d70e465e1248645dbf233803356f30f229fab3fa","25bd3336d2c34263511d7845109844486e99c59156d9cec57c82b0b50c2cbba8","4f2ee34d0e9f0359b6a468ba0b6bfb32b725ac41a879644182a48913d1bffee4","d9aa9fdd405e8ec391b86d2148287b332579490cbda76c12245fdb8915a8810b","6b5b07cb6a53455a8e3668c1f0eaec8309824e6666a5fae291f825ccab44e15b","b7d59407a3cef323480a5495fa633bc3f13c9a57381758413f92c01659087947","033db2920fa315fbb8d9e3ae9baf5202028161ef18e6750b15cc9678f4da453e","ae7891e4b52c823e09753172b3a8872cb0a8b2e6b0673f8b057bebb75f63c41b","6258714630a1185feca34cb69663fd0cd877b6f358620b8acd77d8cc651049e1","7fca3f9b31b3fbe5da0d26c69e08247ae4d089d2f04bdd8ef622c77be8c24738","5835e76602d37bba53169841b02566476118772597e23d45871a21bed60e9788","a8a1e32d93ad33d62957c8cb27342dda6264ac9b998a6b6cf7e45ce85b11b6f2","bundles/CONF12_run_order_0p75.rds","4054309e6b111b48cb5243aeea7b51f09de1daa4ddb952d359abf3ee458030d1",TRUE
"CONF12","CONF12_joint_0p75",10,"joint",0.75,450,225,225,0.675789433199936,0.444373305140584,0.594709648479341,0.794226398119408,"~ phenotype + plate + within_plate_position_scaled",450,7,7,TRUE,11.0382343667509,2.49808491033233,79,78.75,0.877777777777778,79,78.75,0.877777777777778,45,45,0.5,11,11.25,0.122222222222222,11,11.25,0.122222222222222,50,100,0.35,FALSE,"sample_id;plate;order_in_plate;run_order;sample_type","e2452e8cba452fa669bc0202c76b7fc52f8d16e63ff273bbdac6c9ce5adfc3e7","c284eb24f75aa5e7d64f11327b191dc95c35cce9f2012507d98a01c5fc1958b6","25bd3336d2c34263511d7845109844486e99c59156d9cec57c82b0b50c2cbba8","4f2ee34d0e9f0359b6a468ba0b6bfb32b725ac41a879644182a48913d1bffee4","d9aa9fdd405e8ec391b86d2148287b332579490cbda76c12245fdb8915a8810b","6b5b07cb6a53455a8e3668c1f0eaec8309824e6666a5fae291f825ccab44e15b","b7d59407a3cef323480a5495fa633bc3f13c9a57381758413f92c01659087947","033db2920fa315fbb8d9e3ae9baf5202028161ef18e6750b15cc9678f4da453e","ae7891e4b52c823e09753172b3a8872cb0a8b2e6b0673f8b057bebb75f63c41b","6258714630a1185feca34cb69663fd0cd877b6f358620b8acd77d8cc651049e1","6c4d305e7036481a90a6151a19509c47b55ae04371d91f04f835c4c71a6dda42","ee0673480e5e53c7ad24c684c8f6b703038d18c970d6144aa57d2ae53809d13a","e73620d13fea3b0c756b563e703cf3a8cf92f19ecdc33877abe60c27e7c4994a","bundles/CONF12_joint_0p75.rds","53280efb48125b8e90f6d6fb671f4176730821b7f77f294be6406367e84926ae",TRUE
"CONF12","CONF12_batch_0p90",11,"batch",0.9,450,225,225,0.814922551799923,0.00829724939338531,0.0498972329797845,0.08301483204581,"~ phenotype + plate + within_plate_position_scaled",450,7,7,TRUE,10.6326951120113,2.60881359760374,86,85.5,0.955555555555556,86,85.5,0.955555555555556,45,45,0.5,4,4.5,0.0444444444444444,4,4.5,0.0444444444444444,50,100,0.35,FALSE,"sample_id;plate;order_in_plate;run_order;sample_type","e2452e8cba452fa669bc0202c76b7fc52f8d16e63ff273bbdac6c9ce5adfc3e7","7ed58648ea15798ad3296f6f512b242df6cd55974339df63184d61ae1fc6b002","25bd3336d2c34263511d7845109844486e99c59156d9cec57c82b0b50c2cbba8","4f2ee34d0e9f0359b6a468ba0b6bfb32b725ac41a879644182a48913d1bffee4","d9aa9fdd405e8ec391b86d2148287b332579490cbda76c12245fdb8915a8810b","6b5b07cb6a53455a8e3668c1f0eaec8309824e6666a5fae291f825ccab44e15b","b7d59407a3cef323480a5495fa633bc3f13c9a57381758413f92c01659087947","033db2920fa315fbb8d9e3ae9baf5202028161ef18e6750b15cc9678f4da453e","ae7891e4b52c823e09753172b3a8872cb0a8b2e6b0673f8b057bebb75f63c41b","6258714630a1185feca34cb69663fd0cd877b6f358620b8acd77d8cc651049e1","e32be492434f6163f9708739ee0dd8348a008b1183cd789f8c6010aceff49a90","c41a588aca871038e7f2e465cb7ef3de32763cd12e08504ac625cd141b5d4304","9b4aee109c8612bbcabbbdfe23ba317126d048181988c3e8398b9e13c6e194b2","bundles/CONF12_batch_0p90.rds","6b8bcc670ee4181c85bfdebf3b6f62802cdaa2d05e252df81018cf57d7e05d2f",TRUE
"CONF12","CONF12_run_order_0p90",12,"run_order",0.9,450,225,225,0,0.853076991754966,0.853076991754966,0.861801934416051,"~ phenotype + plate + within_plate_position_scaled",450,7,7,TRUE,11.7319264446183,2.34268204557302,45,45,0.5,45,45,0.5,45,45,0.5,45,45,0.5,45,45,0.5,50,100,0.35,FALSE,"sample_id;plate;order_in_plate;run_order;sample_type","e2452e8cba452fa669bc0202c76b7fc52f8d16e63ff273bbdac6c9ce5adfc3e7","8593d30bf96610dcd45604ea30482023011fa01b45139a2af0302bc3aff378c9","25bd3336d2c34263511d7845109844486e99c59156d9cec57c82b0b50c2cbba8","4f2ee34d0e9f0359b6a468ba0b6bfb32b725ac41a879644182a48913d1bffee4","d9aa9fdd405e8ec391b86d2148287b332579490cbda76c12245fdb8915a8810b","6b5b07cb6a53455a8e3668c1f0eaec8309824e6666a5fae291f825ccab44e15b","b7d59407a3cef323480a5495fa633bc3f13c9a57381758413f92c01659087947","033db2920fa315fbb8d9e3ae9baf5202028161ef18e6750b15cc9678f4da453e","ae7891e4b52c823e09753172b3a8872cb0a8b2e6b0673f8b057bebb75f63c41b","6258714630a1185feca34cb69663fd0cd877b6f358620b8acd77d8cc651049e1","157e311f83ea0b5a1144d28615bdf85e0a5c835c52d88e5c283cd707d2f89545","86e89b9750a82283e727fc3b661b418653049e711c73e0754626a0ec2402d688","270aeb950f1a73ab4d0498866cb2fc37602d87b844744ff2d7502de46f14fc34","bundles/CONF12_run_order_0p90.rds","d11021d871d230a9e9b42bbf26617ab614ec2b115ea36d93b914e469df24446b",TRUE
"CONF12","CONF12_joint_0p90",13,"joint",0.9,450,225,225,0.814922551799923,0.288008646469364,0.455878481435835,0.851537295991245,"~ phenotype + plate + within_plate_position_scaled",450,7,7,TRUE,12.5452975249687,2.20214123828161,86,85.5,0.955555555555556,86,85.5,0.955555555555556,45,45,0.5,4,4.5,0.0444444444444444,4,4.5,0.0444444444444444,50,100,0.35,FALSE,"sample_id;plate;order_in_plate;run_order;sample_type","e2452e8cba452fa669bc0202c76b7fc52f8d16e63ff273bbdac6c9ce5adfc3e7","c72dc92be775cdacf50b138d104a23830138775cab4f6edf08bddf198bd39be3","25bd3336d2c34263511d7845109844486e99c59156d9cec57c82b0b50c2cbba8","4f2ee34d0e9f0359b6a468ba0b6bfb32b725ac41a879644182a48913d1bffee4","d9aa9fdd405e8ec391b86d2148287b332579490cbda76c12245fdb8915a8810b","6b5b07cb6a53455a8e3668c1f0eaec8309824e6666a5fae291f825ccab44e15b","b7d59407a3cef323480a5495fa633bc3f13c9a57381758413f92c01659087947","033db2920fa315fbb8d9e3ae9baf5202028161ef18e6750b15cc9678f4da453e","ae7891e4b52c823e09753172b3a8872cb0a8b2e6b0673f8b057bebb75f63c41b","6258714630a1185feca34cb69663fd0cd877b6f358620b8acd77d8cc651049e1","2bf4a14073e9c394817ac1d6a39abe6f8154e114e155d1e93f48964cf67ba45b","e953e37b98cdbe41bf93de38f2ec59d0e2138be1de1584873bc23671e01b15e4","a0b0e50f0a575391537998e0bba2482b69aef08946fa6b796535bc884480e2fb","bundles/CONF12_joint_0p90.rds","2bfaa6c1b36bf51ef1ba22642d26b846d8338c79506d5529a28e49f3e5d9bce5",TRUE
"CONF12","CONF12_batch_1p00",14,"batch",1,450,225,225,0.894427190999916,0.00299385287390191,0.0149692643695096,0.0149692643695096,"~ phenotype + plate + within_plate_position_scaled",450,7,7,TRUE,13.398947665948,2.07004053232186,90,90,1,90,90,1,45,45,0.5,0,0,0,0,0,0,50,100,0.35,FALSE,"sample_id;plate;order_in_plate;run_order;sample_type","e2452e8cba452fa669bc0202c76b7fc52f8d16e63ff273bbdac6c9ce5adfc3e7","bfe67dd51044e834bd37e65ed3b7400a0a3c059ca7e2da3b98ea5864ade1859b","25bd3336d2c34263511d7845109844486e99c59156d9cec57c82b0b50c2cbba8","4f2ee34d0e9f0359b6a468ba0b6bfb32b725ac41a879644182a48913d1bffee4","d9aa9fdd405e8ec391b86d2148287b332579490cbda76c12245fdb8915a8810b","6b5b07cb6a53455a8e3668c1f0eaec8309824e6666a5fae291f825ccab44e15b","b7d59407a3cef323480a5495fa633bc3f13c9a57381758413f92c01659087947","033db2920fa315fbb8d9e3ae9baf5202028161ef18e6750b15cc9678f4da453e","ae7891e4b52c823e09753172b3a8872cb0a8b2e6b0673f8b057bebb75f63c41b","6258714630a1185feca34cb69663fd0cd877b6f358620b8acd77d8cc651049e1","3d4e56b12205f7721ad3fb08ca6e11bac65a8a6f0aecc939f10e61f767165569","cf38bf4eeae8e2b1f7acffccab37a1eadcfec468c65a8dfe81a64ca3e09f554d","bbc047cbfcf4846d03b8b5b5759865830e3ed52b2ff82c18fd4e210670665d1b","bundles/CONF12_batch_1p00.rds","ab07efa3380bef692019b17e708b9c6a54b983fe825a7feaa68bfc2f22b5fd35",TRUE
"CONF12","CONF12_run_order_1p00",15,"run_order",1,450,225,225,0,0.866078867093054,0.866078867093054,0.866078867093054,"~ phenotype + plate + within_plate_position_scaled",450,7,7,TRUE,12.2571850578752,2.24189736854381,45,45,0.5,45,45,0.5,45,45,0.5,45,45,0.5,45,45,0.5,50,100,0.35,FALSE,"sample_id;plate;order_in_plate;run_order;sample_type","e2452e8cba452fa669bc0202c76b7fc52f8d16e63ff273bbdac6c9ce5adfc3e7","202f00ddd86db4dda97f02ad08319e889d28e54ea713a9eb91a5021f1d028ffe","25bd3336d2c34263511d7845109844486e99c59156d9cec57c82b0b50c2cbba8","4f2ee34d0e9f0359b6a468ba0b6bfb32b725ac41a879644182a48913d1bffee4","d9aa9fdd405e8ec391b86d2148287b332579490cbda76c12245fdb8915a8810b","6b5b07cb6a53455a8e3668c1f0eaec8309824e6666a5fae291f825ccab44e15b","b7d59407a3cef323480a5495fa633bc3f13c9a57381758413f92c01659087947","033db2920fa315fbb8d9e3ae9baf5202028161ef18e6750b15cc9678f4da453e","ae7891e4b52c823e09753172b3a8872cb0a8b2e6b0673f8b057bebb75f63c41b","6258714630a1185feca34cb69663fd0cd877b6f358620b8acd77d8cc651049e1","151e736f4ffff3859ba33d8926cb6489fe36679c09345d5c02f9e25a780677da","609d5013b3f1a0d2691569507e511d602325e7274345aaa8878dd1e68874e047","baf87ed0341b6e2e8cb997c993d42e7a30dc0a301edc9f6efd97c6e09a25841c","bundles/CONF12_run_order_1p00.rds","247a12bb318499825404e5991138739d80188ad8c63bb7796bc01f26ca354e06",TRUE
"CONF12","CONF12_joint_1p00",16,"joint",1,450,225,225,0.894427190999916,0.173215773418611,0.866078867093054,0.866078867093054,"~ phenotype + plate + within_plate_position_scaled",450,7,7,TRUE,14.8598036973637,1.86190902773352,90,90,1,90,90,1,45,45,0.5,0,0,0,0,0,0,50,100,0.35,FALSE,"sample_id;plate;order_in_plate;run_order;sample_type","e2452e8cba452fa669bc0202c76b7fc52f8d16e63ff273bbdac6c9ce5adfc3e7","6d6fa1d73052a1fe987c9b538cc42ba3be08cb463c818bb541e9f306fc3b8940","25bd3336d2c34263511d7845109844486e99c59156d9cec57c82b0b50c2cbba8","4f2ee34d0e9f0359b6a468ba0b6bfb32b725ac41a879644182a48913d1bffee4","d9aa9fdd405e8ec391b86d2148287b332579490cbda76c12245fdb8915a8810b","6b5b07cb6a53455a8e3668c1f0eaec8309824e6666a5fae291f825ccab44e15b","b7d59407a3cef323480a5495fa633bc3f13c9a57381758413f92c01659087947","033db2920fa315fbb8d9e3ae9baf5202028161ef18e6750b15cc9678f4da453e","ae7891e4b52c823e09753172b3a8872cb0a8b2e6b0673f8b057bebb75f63c41b","6258714630a1185feca34cb69663fd0cd877b6f358620b8acd77d8cc651049e1","1d24f34bcf9828bd8786043a3008e63388610c609ccf0d91446d58b3aee28761","da2901b3333c04b16e74ed1244ecb3afcd446fe1c7ec1e9bc28ec39d694aa5fd","3b2798149bab5e713fc68713f6cfa78e0b05ffeaf180fcc849b05a0848018813","bundles/CONF12_joint_1p00.rds","5b6c207265958f245f2369d1d78ec12063c8135c7781f5bdf978e38096e55109",TRUE
"CONF13","CONF13_none_0p00",1,"none",0,450,225,225,0,0.0579096684466171,0.0739909353121473,0.121892581294578,"~ phenotype + plate + within_plate_position_scaled",450,7,7,TRUE,7.20327141028989,3.86483746763304,45,45,0.5,45,45,0.5,45,45,0.5,45,45,0.5,45,45,0.5,50,100,0.35,FALSE,"sample_id;plate;order_in_plate;run_order;sample_type","e2452e8cba452fa669bc0202c76b7fc52f8d16e63ff273bbdac6c9ce5adfc3e7","b26f32bcc94ab5736696201e5a650bdcbdd7022a087a95f4f15076100fb6b78b","20ec05ac004d7370e2ca7b65cc7e51c06b32ad637971524668f16ecfb90c2512","96aed95b4cb583d33603b5aede574b0e501f1609bc860a00b789c8b5277d014f","48eb72584e0ac2230084f1e1c1f3696c5ee96314a71d665fa8efaacb2610e64c","bf486353ff96e9f2677111e615ff4568e88063fa4a4f1e11a7755fe619e7dc94","b7d59407a3cef323480a5495fa633bc3f13c9a57381758413f92c01659087947","30b3f5a89a7651877a40a0a940a0ff942247bfdd96c755e20ba119ce29c6c7c3","5248fe3ef90d56ba283431b97f78545bf8e794fa9e46c560a4c827c1e2685ff8","7cff142c5fe29680f976164aaeec9a58f13e3959206ca99667c24baa31ebf9b9","18ba141414e9c03340634061bc2579e4ded88c801a6223d2f7f7592d085d32d7","13c2ba2f834422f6ec44a9d637be68b965e5a2c9d8ef662bbcdf87674800d2d6","e6858bdfcc67496ab6cdc51726138507037adf3433cf133db04bb175fa2dd175","bundles/CONF13_none_0p00.rds","b0dc090352bcc25a9ca7356ced22b1df2c814687c4bdec85ea3c279d9f3e8d95",TRUE
"CONF13","CONF13_batch_0p25",2,"batch",0.25,450,225,225,0.218637757799979,0.0288265262429984,0.0385898135482733,0.125265015332931,"~ phenotype + plate + within_plate_position_scaled",450,7,7,TRUE,7.33996132269136,3.78787925101368,56,56.25,0.622222222222222,56,56.25,0.622222222222222,45,45,0.5,34,33.75,0.377777777777778,34,33.75,0.377777777777778,50,100,0.35,FALSE,"sample_id;plate;order_in_plate;run_order;sample_type","e2452e8cba452fa669bc0202c76b7fc52f8d16e63ff273bbdac6c9ce5adfc3e7","ef037c4ccff0888d3e3b492b6b258d2d89d0aa9ab12eb8d0cf3d2a0cbce902d6","20ec05ac004d7370e2ca7b65cc7e51c06b32ad637971524668f16ecfb90c2512","96aed95b4cb583d33603b5aede574b0e501f1609bc860a00b789c8b5277d014f","48eb72584e0ac2230084f1e1c1f3696c5ee96314a71d665fa8efaacb2610e64c","bf486353ff96e9f2677111e615ff4568e88063fa4a4f1e11a7755fe619e7dc94","b7d59407a3cef323480a5495fa633bc3f13c9a57381758413f92c01659087947","30b3f5a89a7651877a40a0a940a0ff942247bfdd96c755e20ba119ce29c6c7c3","5248fe3ef90d56ba283431b97f78545bf8e794fa9e46c560a4c827c1e2685ff8","7cff142c5fe29680f976164aaeec9a58f13e3959206ca99667c24baa31ebf9b9","17cfa872937b018b739270bf999754c21bd74ace7bde8e1ed0cf8c0b8ac59070","330c4ddbff431df87f9d4c37266d8a085edb6b5619ade7e18f2f897ae1640079","19a168710ab1e9f7754c4d1145cf7288196d31193c2f7aae4e300ea3a67867b1","bundles/CONF13_batch_0p25.rds","bba2a723e42f5b42e989b7546c03fb2c88e5870d40017d0570c4f6a4081bf726",TRUE
"CONF13","CONF13_run_order_0p25",3,"run_order",0.25,450,225,225,0,0.336081369758875,0.336081369758875,0.365677743883734,"~ phenotype + plate + within_plate_position_scaled",450,7,7,TRUE,7.28842935596074,3.79801324198108,45,45,0.5,45,45,0.5,45,45,0.5,45,45,0.5,45,45,0.5,50,100,0.35,FALSE,"sample_id;plate;order_in_plate;run_order;sample_type","e2452e8cba452fa669bc0202c76b7fc52f8d16e63ff273bbdac6c9ce5adfc3e7","ee62fda8447de734730430ea796dc089e11880e9676f419122e403ebf95a7f97","20ec05ac004d7370e2ca7b65cc7e51c06b32ad637971524668f16ecfb90c2512","96aed95b4cb583d33603b5aede574b0e501f1609bc860a00b789c8b5277d014f","48eb72584e0ac2230084f1e1c1f3696c5ee96314a71d665fa8efaacb2610e64c","bf486353ff96e9f2677111e615ff4568e88063fa4a4f1e11a7755fe619e7dc94","b7d59407a3cef323480a5495fa633bc3f13c9a57381758413f92c01659087947","30b3f5a89a7651877a40a0a940a0ff942247bfdd96c755e20ba119ce29c6c7c3","5248fe3ef90d56ba283431b97f78545bf8e794fa9e46c560a4c827c1e2685ff8","7cff142c5fe29680f976164aaeec9a58f13e3959206ca99667c24baa31ebf9b9","dbe7461fad44b2f5804f629bff71cf797ef1c7dcad754357ea96c64a3f067291","d5421076dc5da6778ea04bb1c9fa02dad6ec2ccbc092ee82bea68ae9494f6808","747cd2f981e121598bbe6616b2b72cc3dbf98bddf1eed31db9e7a759ceb50968","bundles/CONF13_run_order_0p25.rds","7a22c95367ae38c403fa8cf94ff01b61c8ba0dcbda4d062c8cb15f65ebd7eaf7",TRUE
"CONF13","CONF13_joint_0p25",4,"joint",0.25,450,225,225,0.218637757799979,0.344977389727041,0.35350894314373,0.398730893876654,"~ phenotype + plate + within_plate_position_scaled",450,7,7,TRUE,7.59385495478233,3.6415491799939,56,56.25,0.622222222222222,56,56.25,0.622222222222222,45,45,0.5,34,33.75,0.377777777777778,34,33.75,0.377777777777778,50,100,0.35,FALSE,"sample_id;plate;order_in_plate;run_order;sample_type","e2452e8cba452fa669bc0202c76b7fc52f8d16e63ff273bbdac6c9ce5adfc3e7","149a9f582a6c860a752700562e513e8e01de4135dd9c1fbf4054cae2c567d59a","20ec05ac004d7370e2ca7b65cc7e51c06b32ad637971524668f16ecfb90c2512","96aed95b4cb583d33603b5aede574b0e501f1609bc860a00b789c8b5277d014f","48eb72584e0ac2230084f1e1c1f3696c5ee96314a71d665fa8efaacb2610e64c","bf486353ff96e9f2677111e615ff4568e88063fa4a4f1e11a7755fe619e7dc94","b7d59407a3cef323480a5495fa633bc3f13c9a57381758413f92c01659087947","30b3f5a89a7651877a40a0a940a0ff942247bfdd96c755e20ba119ce29c6c7c3","5248fe3ef90d56ba283431b97f78545bf8e794fa9e46c560a4c827c1e2685ff8","7cff142c5fe29680f976164aaeec9a58f13e3959206ca99667c24baa31ebf9b9","178454a10fa395b06d24cc31883fc06bb6e0da62762fe7c3890ce70581cd6a2e","22d506d6c35d8226028312667de75a574ac6579c522c1ae062575146547891d4","333ab06eeb79f843306ff23bdf949e45f8de63eee9cd42d58a1365899515ceaf","bundles/CONF13_joint_0p25.rds","55c7e08c6890211414c3bd1d6a7bf98a96738d65762e12edd5c66f19ad42dd77",TRUE
"CONF13","CONF13_batch_0p50",5,"batch",0.5,450,225,225,0.457151675399957,0.00709970824382455,0.024863532768801,0.0497598578598501,"~ phenotype + plate + within_plate_position_scaled",450,7,7,TRUE,7.74763399635851,3.58447575354699,68,67.5,0.755555555555556,68,67.5,0.755555555555556,45,45,0.5,22,22.5,0.244444444444444,22,22.5,0.244444444444444,50,100,0.35,FALSE,"sample_id;plate;order_in_plate;run_order;sample_type","e2452e8cba452fa669bc0202c76b7fc52f8d16e63ff273bbdac6c9ce5adfc3e7","19555c7912c043cfe7bf76dc61069be297d6e5b620fe145f27458941fb0b9a62","20ec05ac004d7370e2ca7b65cc7e51c06b32ad637971524668f16ecfb90c2512","96aed95b4cb583d33603b5aede574b0e501f1609bc860a00b789c8b5277d014f","48eb72584e0ac2230084f1e1c1f3696c5ee96314a71d665fa8efaacb2610e64c","bf486353ff96e9f2677111e615ff4568e88063fa4a4f1e11a7755fe619e7dc94","b7d59407a3cef323480a5495fa633bc3f13c9a57381758413f92c01659087947","30b3f5a89a7651877a40a0a940a0ff942247bfdd96c755e20ba119ce29c6c7c3","5248fe3ef90d56ba283431b97f78545bf8e794fa9e46c560a4c827c1e2685ff8","7cff142c5fe29680f976164aaeec9a58f13e3959206ca99667c24baa31ebf9b9","4a70b563b005ee220aa1de750719d8a9214f206e2700c66410790814fd5aa8d5","07393cf4c60e808754132328cfd7aefdb1d9ec1b86e1a2b28d721d9722d91eba","bd9edaea0ce547071b85d7c8b52d37eb9c472897cde90e04d6ce3075416aafcb","bundles/CONF13_batch_0p50.rds","0f53706aa261b83dc40ae13c2c6c3f6343a30fd205b46b4b48e7e7f86c75de63",TRUE
"CONF13","CONF13_run_order_0p50",6,"run_order",0.5,450,225,225,0,0.631018647164984,0.631018647164984,0.64025682174731,"~ phenotype + plate + within_plate_position_scaled",450,7,7,TRUE,7.99327856681992,3.44884769646143,45,45,0.5,45,45,0.5,45,45,0.5,45,45,0.5,45,45,0.5,50,100,0.35,FALSE,"sample_id;plate;order_in_plate;run_order;sample_type","e2452e8cba452fa669bc0202c76b7fc52f8d16e63ff273bbdac6c9ce5adfc3e7","cf803c8f2003044e104f974a133299360a6e7b19a7e4716e509452c2de17d874","20ec05ac004d7370e2ca7b65cc7e51c06b32ad637971524668f16ecfb90c2512","96aed95b4cb583d33603b5aede574b0e501f1609bc860a00b789c8b5277d014f","48eb72584e0ac2230084f1e1c1f3696c5ee96314a71d665fa8efaacb2610e64c","bf486353ff96e9f2677111e615ff4568e88063fa4a4f1e11a7755fe619e7dc94","b7d59407a3cef323480a5495fa633bc3f13c9a57381758413f92c01659087947","30b3f5a89a7651877a40a0a940a0ff942247bfdd96c755e20ba119ce29c6c7c3","5248fe3ef90d56ba283431b97f78545bf8e794fa9e46c560a4c827c1e2685ff8","7cff142c5fe29680f976164aaeec9a58f13e3959206ca99667c24baa31ebf9b9","3eb854ee752f13dd158bd839d6d8b87324f0db1ea03fc07b777524ddbff99def","b751ed288d628d1043bc639cd510a0e9c579bbf18b5220ba6cbfebcdc65401ff","f76650d5c4318cc423ac5c75eb738a328c6679d6c10e952bf2804d153832e220","bundles/CONF13_run_order_0p50.rds","0e7300945809ecbec28428e1a5ecbdab633df3853cc41b61ec9554b0eec495c7",TRUE
"CONF13","CONF13_joint_0p50",7,"joint",0.5,450,225,225,0.457151675399957,0.504250362618623,0.566158505950093,0.627426023716302,"~ phenotype + plate + within_plate_position_scaled",450,7,7,TRUE,9.05620668724011,3.04416748427007,68,67.5,0.755555555555556,68,67.5,0.755555555555556,45,45,0.5,22,22.5,0.244444444444444,22,22.5,0.244444444444444,50,100,0.35,FALSE,"sample_id;plate;order_in_plate;run_order;sample_type","e2452e8cba452fa669bc0202c76b7fc52f8d16e63ff273bbdac6c9ce5adfc3e7","ca7755bf8242393adc575ce6744455e5a6c57dca45a5f6bb9679309086db0ab3","20ec05ac004d7370e2ca7b65cc7e51c06b32ad637971524668f16ecfb90c2512","96aed95b4cb583d33603b5aede574b0e501f1609bc860a00b789c8b5277d014f","48eb72584e0ac2230084f1e1c1f3696c5ee96314a71d665fa8efaacb2610e64c","bf486353ff96e9f2677111e615ff4568e88063fa4a4f1e11a7755fe619e7dc94","b7d59407a3cef323480a5495fa633bc3f13c9a57381758413f92c01659087947","30b3f5a89a7651877a40a0a940a0ff942247bfdd96c755e20ba119ce29c6c7c3","5248fe3ef90d56ba283431b97f78545bf8e794fa9e46c560a4c827c1e2685ff8","7cff142c5fe29680f976164aaeec9a58f13e3959206ca99667c24baa31ebf9b9","88ba01be032814c593d49d0f1417b2df3fe8eb590d2ff72985368fbd507b893c","bb2db6f9a9875003be12956f4bb77cbbf4534cd29494cb687c03fcf207a1d7e8","819a80bd3ad822a1ddf14293c771ac9366b3223772830e645d92065387650242","bundles/CONF13_joint_0p50.rds","0c3d3630c554b398922c68df674b56c77cbbfc779fe16e04ec8015c5b003058d",TRUE
"CONF13","CONF13_batch_0p75",8,"batch",0.75,450,225,225,0.675789433199936,0.0153114189836698,0.0657334279998256,0.14820433153114,"~ phenotype + plate + within_plate_position_scaled",450,7,7,TRUE,8.75258193990036,3.17133720845719,79,78.75,0.877777777777778,79,78.75,0.877777777777778,45,45,0.5,11,11.25,0.122222222222222,11,11.25,0.122222222222222,50,100,0.35,FALSE,"sample_id;plate;order_in_plate;run_order;sample_type","e2452e8cba452fa669bc0202c76b7fc52f8d16e63ff273bbdac6c9ce5adfc3e7","657addeb4a5a2e886c3d882e15f225ea01cdda82adb2199bdc3213f42ffbe453","20ec05ac004d7370e2ca7b65cc7e51c06b32ad637971524668f16ecfb90c2512","96aed95b4cb583d33603b5aede574b0e501f1609bc860a00b789c8b5277d014f","48eb72584e0ac2230084f1e1c1f3696c5ee96314a71d665fa8efaacb2610e64c","bf486353ff96e9f2677111e615ff4568e88063fa4a4f1e11a7755fe619e7dc94","b7d59407a3cef323480a5495fa633bc3f13c9a57381758413f92c01659087947","30b3f5a89a7651877a40a0a940a0ff942247bfdd96c755e20ba119ce29c6c7c3","5248fe3ef90d56ba283431b97f78545bf8e794fa9e46c560a4c827c1e2685ff8","7cff142c5fe29680f976164aaeec9a58f13e3959206ca99667c24baa31ebf9b9","e49c067572e165a356b7abdf9c4da95a1d8cf86c2714384f726a2603ad31665c","fef1ae7e2799471691473fbacf4d7d9ad1a78a6342657984c6b1b832f66bb74d","8ebbde57937f3c221683b3c0c44222fc98c5f93ff3a2fe517c13a6ad31b166b7","bundles/CONF13_batch_0p75.rds","448b606a3613dc60888b397978f92a2d9bcdbfc82a5d5254e2397fd7f9167eb0",TRUE
"CONF13","CONF13_run_order_0p75",9,"run_order",0.75,450,225,225,0,0.807228273457497,0.807228273457497,0.818177221110624,"~ phenotype + plate + within_plate_position_scaled",450,7,7,TRUE,10.3456408176762,2.65824363970838,45,45,0.5,45,45,0.5,45,45,0.5,45,45,0.5,45,45,0.5,50,100,0.35,FALSE,"sample_id;plate;order_in_plate;run_order;sample_type","e2452e8cba452fa669bc0202c76b7fc52f8d16e63ff273bbdac6c9ce5adfc3e7","b2e045273594a1c640a6325636e113c3c85c459a63b8b63b2c5491fdc61ff748","20ec05ac004d7370e2ca7b65cc7e51c06b32ad637971524668f16ecfb90c2512","96aed95b4cb583d33603b5aede574b0e501f1609bc860a00b789c8b5277d014f","48eb72584e0ac2230084f1e1c1f3696c5ee96314a71d665fa8efaacb2610e64c","bf486353ff96e9f2677111e615ff4568e88063fa4a4f1e11a7755fe619e7dc94","b7d59407a3cef323480a5495fa633bc3f13c9a57381758413f92c01659087947","30b3f5a89a7651877a40a0a940a0ff942247bfdd96c755e20ba119ce29c6c7c3","5248fe3ef90d56ba283431b97f78545bf8e794fa9e46c560a4c827c1e2685ff8","7cff142c5fe29680f976164aaeec9a58f13e3959206ca99667c24baa31ebf9b9","2f5dc70f0959f1ea22f46117f0ff170ca884885d75f798d64cde935028d1799a","a028c18ccbdda112a8a10f65a3b297dcdf23310ede8987b42478fa3d4f03a324","8aa8e2b2b4b048a3f274d4343cc8fb15b0997d50437bbffe9062c5f27e12ac72","bundles/CONF13_run_order_0p75.rds","a5bc7f3e3991ada405dd1e6ec422912e24f3f8e5468ad23dfdf09054b46ffcfa",TRUE
"CONF13","CONF13_joint_0p75",10,"joint",0.75,450,225,225,0.675789433199936,0.438556676699861,0.584299159337433,0.808767969221218,"~ phenotype + plate + within_plate_position_scaled",450,7,7,TRUE,10.9609298977275,2.51590929528353,79,78.75,0.877777777777778,79,78.75,0.877777777777778,45,45,0.5,11,11.25,0.122222222222222,11,11.25,0.122222222222222,50,100,0.35,FALSE,"sample_id;plate;order_in_plate;run_order;sample_type","e2452e8cba452fa669bc0202c76b7fc52f8d16e63ff273bbdac6c9ce5adfc3e7","379151400c6131f3b8d2e271134c2161b309db8cec087cda5e803ec6f79ba3b1","20ec05ac004d7370e2ca7b65cc7e51c06b32ad637971524668f16ecfb90c2512","96aed95b4cb583d33603b5aede574b0e501f1609bc860a00b789c8b5277d014f","48eb72584e0ac2230084f1e1c1f3696c5ee96314a71d665fa8efaacb2610e64c","bf486353ff96e9f2677111e615ff4568e88063fa4a4f1e11a7755fe619e7dc94","b7d59407a3cef323480a5495fa633bc3f13c9a57381758413f92c01659087947","30b3f5a89a7651877a40a0a940a0ff942247bfdd96c755e20ba119ce29c6c7c3","5248fe3ef90d56ba283431b97f78545bf8e794fa9e46c560a4c827c1e2685ff8","7cff142c5fe29680f976164aaeec9a58f13e3959206ca99667c24baa31ebf9b9","06a5bb93ec5d23c9320a4f50b83a1a4cfa3eedbd8f7adb465c4a6bec380455f8","13967b9a5bf9f3599c04d4671c95bb225701cdb2ad0559ccc41a8318da86afd5","b388278f97b8886eaa78100eb236f8e33b3e8eec2aa93db4470764a9c1892763","bundles/CONF13_joint_0p75.rds","ea669c66bf20230b018cf95554934b3588a457bf8d413043cb8014a59eca5853",TRUE
"CONF13","CONF13_batch_0p90",11,"batch",0.9,450,225,225,0.814922551799923,0.0149692643695096,0.0711894111274198,0.199235596909944,"~ phenotype + plate + within_plate_position_scaled",450,7,7,TRUE,10.5945272185294,2.61910740065869,86,85.5,0.955555555555556,86,85.5,0.955555555555556,45,45,0.5,4,4.5,0.0444444444444444,4,4.5,0.0444444444444444,50,100,0.35,FALSE,"sample_id;plate;order_in_plate;run_order;sample_type","e2452e8cba452fa669bc0202c76b7fc52f8d16e63ff273bbdac6c9ce5adfc3e7","d04be2fd426139c1236c8a8dc8b3945de507f7a86e20b14fc4273e258518bfd1","20ec05ac004d7370e2ca7b65cc7e51c06b32ad637971524668f16ecfb90c2512","96aed95b4cb583d33603b5aede574b0e501f1609bc860a00b789c8b5277d014f","48eb72584e0ac2230084f1e1c1f3696c5ee96314a71d665fa8efaacb2610e64c","bf486353ff96e9f2677111e615ff4568e88063fa4a4f1e11a7755fe619e7dc94","b7d59407a3cef323480a5495fa633bc3f13c9a57381758413f92c01659087947","30b3f5a89a7651877a40a0a940a0ff942247bfdd96c755e20ba119ce29c6c7c3","5248fe3ef90d56ba283431b97f78545bf8e794fa9e46c560a4c827c1e2685ff8","7cff142c5fe29680f976164aaeec9a58f13e3959206ca99667c24baa31ebf9b9","3f24220aad457554d02793f7fa326872c3b24b1589ae0b3e0b5b3d6c128cf9b8","0ae56c27bf4b083c7f24e0d3a6a4afc0be413c91e218f24a8073966109a3cb4c","ffe4b0c7d55e77665be50bcee95ec8873de2df9d4a96609418bc04c14562dbe3","bundles/CONF13_batch_0p90.rds","d8192e65551f70bf1cc0420d0a1ee36843266400f0eca0c8785827c77937187c",TRUE
"CONF13","CONF13_run_order_0p90",12,"run_order",0.9,450,225,225,0,0.856498537896568,0.856498537896568,0.85923577480985,"~ phenotype + plate + within_plate_position_scaled",450,7,7,TRUE,11.8629195964656,2.31670656376757,45,45,0.5,45,45,0.5,45,45,0.5,45,45,0.5,45,45,0.5,50,100,0.35,FALSE,"sample_id;plate;order_in_plate;run_order;sample_type","e2452e8cba452fa669bc0202c76b7fc52f8d16e63ff273bbdac6c9ce5adfc3e7","effb3449bffdb23a54696692724ffbad6fa472f99636e8f5ab8e2eea6381bc63","20ec05ac004d7370e2ca7b65cc7e51c06b32ad637971524668f16ecfb90c2512","96aed95b4cb583d33603b5aede574b0e501f1609bc860a00b789c8b5277d014f","48eb72584e0ac2230084f1e1c1f3696c5ee96314a71d665fa8efaacb2610e64c","bf486353ff96e9f2677111e615ff4568e88063fa4a4f1e11a7755fe619e7dc94","b7d59407a3cef323480a5495fa633bc3f13c9a57381758413f92c01659087947","30b3f5a89a7651877a40a0a940a0ff942247bfdd96c755e20ba119ce29c6c7c3","5248fe3ef90d56ba283431b97f78545bf8e794fa9e46c560a4c827c1e2685ff8","7cff142c5fe29680f976164aaeec9a58f13e3959206ca99667c24baa31ebf9b9","c1e40dcea1c95bdc39cf67148bbc1bdf20cc1ec1376b852a407ec03ea2e34fa3","c74e75bff9d1b87bbda7963be445c88b50755406b252ce4f3a8dabe2f190c117","f5b8dde858ffbb2e5c1d6e83b562df118a021fdf89569e65f0cdcf25798a2983","bundles/CONF13_run_order_0p90.rds","a050eaa10305216de106ec050346d029c1108d021f37ab23ae56c677514decd9",TRUE
"CONF13","CONF13_joint_0p90",13,"joint",0.9,450,225,225,0.814922551799923,0.288864033004765,0.456733867971236,0.855814228668248,"~ phenotype + plate + within_plate_position_scaled",450,7,7,TRUE,12.5578590155543,2.19991154626146,86,85.5,0.955555555555556,86,85.5,0.955555555555556,45,45,0.5,4,4.5,0.0444444444444444,4,4.5,0.0444444444444444,50,100,0.35,FALSE,"sample_id;plate;order_in_plate;run_order;sample_type","e2452e8cba452fa669bc0202c76b7fc52f8d16e63ff273bbdac6c9ce5adfc3e7","f1008feb909c45e2a3380834ff714a36c54d112896329777dd4b0a8a2a45234f","20ec05ac004d7370e2ca7b65cc7e51c06b32ad637971524668f16ecfb90c2512","96aed95b4cb583d33603b5aede574b0e501f1609bc860a00b789c8b5277d014f","48eb72584e0ac2230084f1e1c1f3696c5ee96314a71d665fa8efaacb2610e64c","bf486353ff96e9f2677111e615ff4568e88063fa4a4f1e11a7755fe619e7dc94","b7d59407a3cef323480a5495fa633bc3f13c9a57381758413f92c01659087947","30b3f5a89a7651877a40a0a940a0ff942247bfdd96c755e20ba119ce29c6c7c3","5248fe3ef90d56ba283431b97f78545bf8e794fa9e46c560a4c827c1e2685ff8","7cff142c5fe29680f976164aaeec9a58f13e3959206ca99667c24baa31ebf9b9","183d2e5af094ad06df70ae0abfeeff73e51a13c3b28d76a5356cb33ab27d3116","8d8b6cede0ce05fb9fa7bd9d9f9355c71d63a745aa33799ce7a1211f3b2e5d9e","3efca0a2f7bc74a6bc3b475d403307c0bb0719ca84a4561041921c79e7c1f531","bundles/CONF13_joint_0p90.rds","9879db8b412bcc06264cc47cc0eb2d54f44f1a019e9d48c995ab81b4ef541adb",TRUE
"CONF13","CONF13_batch_1p00",14,"batch",1,450,225,225,0.894427190999916,0.00436247133054279,0.0218123566527139,0.0218123566527139,"~ phenotype + plate + within_plate_position_scaled",450,7,7,TRUE,13.4023802775916,2.06946873051671,90,90,1,90,90,1,45,45,0.5,0,0,0,0,0,0,50,100,0.35,FALSE,"sample_id;plate;order_in_plate;run_order;sample_type","e2452e8cba452fa669bc0202c76b7fc52f8d16e63ff273bbdac6c9ce5adfc3e7","b3beab42102ce62c502dfeeeab34253f2629d96ce4a89129237518922c9dea1e","20ec05ac004d7370e2ca7b65cc7e51c06b32ad637971524668f16ecfb90c2512","96aed95b4cb583d33603b5aede574b0e501f1609bc860a00b789c8b5277d014f","48eb72584e0ac2230084f1e1c1f3696c5ee96314a71d665fa8efaacb2610e64c","bf486353ff96e9f2677111e615ff4568e88063fa4a4f1e11a7755fe619e7dc94","b7d59407a3cef323480a5495fa633bc3f13c9a57381758413f92c01659087947","30b3f5a89a7651877a40a0a940a0ff942247bfdd96c755e20ba119ce29c6c7c3","5248fe3ef90d56ba283431b97f78545bf8e794fa9e46c560a4c827c1e2685ff8","7cff142c5fe29680f976164aaeec9a58f13e3959206ca99667c24baa31ebf9b9","648b2126366a4237152751f74e3c98853057f75ae886ae58f84ae906d408726e","9ede364b0d5bec3be96dafcb670c84ccc6a179a3bc75f1d6a3d682d5139bc0dd","45cd2b3ef8b832f85a985e5cc9317118e827f231f868f081d9d8699dc41febf2","bundles/CONF13_batch_1p00.rds","649d4ecd309a708918508760e989648c465749f8b1194834bab6d137c08c8bbf",TRUE
"CONF13","CONF13_run_order_1p00",15,"run_order",1,450,225,225,0,0.866078867093054,0.866078867093054,0.866078867093054,"~ phenotype + plate + within_plate_position_scaled",450,7,7,TRUE,12.2571850578752,2.24189736854381,45,45,0.5,45,45,0.5,45,45,0.5,45,45,0.5,45,45,0.5,50,100,0.35,FALSE,"sample_id;plate;order_in_plate;run_order;sample_type","e2452e8cba452fa669bc0202c76b7fc52f8d16e63ff273bbdac6c9ce5adfc3e7","ba0c1442d4d62a9233128fe01db3c7cd1e94b86b3aff6270e47fe55a2f183242","20ec05ac004d7370e2ca7b65cc7e51c06b32ad637971524668f16ecfb90c2512","96aed95b4cb583d33603b5aede574b0e501f1609bc860a00b789c8b5277d014f","48eb72584e0ac2230084f1e1c1f3696c5ee96314a71d665fa8efaacb2610e64c","bf486353ff96e9f2677111e615ff4568e88063fa4a4f1e11a7755fe619e7dc94","b7d59407a3cef323480a5495fa633bc3f13c9a57381758413f92c01659087947","30b3f5a89a7651877a40a0a940a0ff942247bfdd96c755e20ba119ce29c6c7c3","5248fe3ef90d56ba283431b97f78545bf8e794fa9e46c560a4c827c1e2685ff8","7cff142c5fe29680f976164aaeec9a58f13e3959206ca99667c24baa31ebf9b9","151e736f4ffff3859ba33d8926cb6489fe36679c09345d5c02f9e25a780677da","b5b1292bb6df4623c7f7c495ea7435355c8d259c4d37e24b948f1cb5641d2be7","79d9907517587e4097ea6a8c9fedd81dd6992587f6dad4ee808cc39365bab206","bundles/CONF13_run_order_1p00.rds","af69a2fbf0202d7522582cb8ab7e9089d16d2feb543198e67024b489b63d77a9",TRUE
"CONF13","CONF13_joint_1p00",16,"joint",1,450,225,225,0.894427190999916,0.173215773418611,0.866078867093054,0.866078867093054,"~ phenotype + plate + within_plate_position_scaled",450,7,7,TRUE,14.8598036973637,1.86190902773352,90,90,1,90,90,1,45,45,0.5,0,0,0,0,0,0,50,100,0.35,FALSE,"sample_id;plate;order_in_plate;run_order;sample_type","e2452e8cba452fa669bc0202c76b7fc52f8d16e63ff273bbdac6c9ce5adfc3e7","995e11d72699211049056c63ee7c97768683793d8ea3ff37f6efd106da389046","20ec05ac004d7370e2ca7b65cc7e51c06b32ad637971524668f16ecfb90c2512","96aed95b4cb583d33603b5aede574b0e501f1609bc860a00b789c8b5277d014f","48eb72584e0ac2230084f1e1c1f3696c5ee96314a71d665fa8efaacb2610e64c","bf486353ff96e9f2677111e615ff4568e88063fa4a4f1e11a7755fe619e7dc94","b7d59407a3cef323480a5495fa633bc3f13c9a57381758413f92c01659087947","30b3f5a89a7651877a40a0a940a0ff942247bfdd96c755e20ba119ce29c6c7c3","5248fe3ef90d56ba283431b97f78545bf8e794fa9e46c560a4c827c1e2685ff8","7cff142c5fe29680f976164aaeec9a58f13e3959206ca99667c24baa31ebf9b9","1d24f34bcf9828bd8786043a3008e63388610c609ccf0d91446d58b3aee28761","42c4faa06cdfc1e85740bfc12e071419aacc57e2c0e00c058cc26500db0f1aea","e603bcce6917440154815513f72999abac89156dfd1f022289a53f095c5e4922","bundles/CONF13_joint_1p00.rds","6afada7a50042a1993bfdb974cf93edaed7dbad436c99c6146c6a2134ef83615",TRUE
"CONF14","CONF14_none_0p00",1,"none",0,450,225,225,0,0.0274579077863576,0.0402887058173658,0.121037194759177,"~ phenotype + plate + within_plate_position_scaled",450,7,7,TRUE,7.20420459668628,3.86260989263733,45,45,0.5,45,45,0.5,45,45,0.5,45,45,0.5,45,45,0.5,50,100,0.35,FALSE,"sample_id;plate;order_in_plate;run_order;sample_type","e2452e8cba452fa669bc0202c76b7fc52f8d16e63ff273bbdac6c9ce5adfc3e7","9c713c648abbd4e78a42c355d297cb57d5b656290b16328d82b14f5d4187605e","f97fef292821a46a16ea3a8bd437579ddc9e65dd9684c8c405939b1a1b97a9a8","fd1ef31c6c7c4c2dd9738ad8101faf1e7b2f9a95c208e920b4303cbbc5c0363a","e39cd8f559791bccb8667c4cd55efb50e8dd1a58484d61e184595a8c1846eebd","6f039fc8b61d62c9ceb38f6c2ec5bb37ffcc381498167ff4bbac182b2d6b7b86","b7d59407a3cef323480a5495fa633bc3f13c9a57381758413f92c01659087947","bd5983253290c93672582dd285df81fd47226b61fb8a250c3616194ed49d98cb","4dd443526ff6175030f624363c5672019b99180a849d370b2afb624eb52fe0d8","f973114fd33e9a28527c5a49c3f15e36983ef02d7400944d051cf4489fb2750f","739cefb9f6f5c56af83df16886514c250711699fbb5ff10d860be7c1c91bcc85","a012cd75ac8448ce4bb6ccd024032348ec3b94079eedbeb3cbf4307dac570447","cc9d6352b453e94f817845a92c09e03426a355981cf956a532ad34e44232a1a5","bundles/CONF14_none_0p00.rds","829f5b2dbc4d3cfc794117d6575a69513fe5130f30435918ee46b7285cf19f4a",TRUE
"CONF14","CONF14_batch_0p25",2,"batch",0.25,450,225,225,0.218637757799979,0.0370382369828437,0.04544915874371,0.113797091394001,"~ phenotype + plate + within_plate_position_scaled",450,7,7,TRUE,7.33776309899311,3.78947068436097,56,56.25,0.622222222222222,56,56.25,0.622222222222222,45,45,0.5,34,33.75,0.377777777777778,34,33.75,0.377777777777778,50,100,0.35,FALSE,"sample_id;plate;order_in_plate;run_order;sample_type","e2452e8cba452fa669bc0202c76b7fc52f8d16e63ff273bbdac6c9ce5adfc3e7","08c1acb0e61dce95bc9eb7ad6c1e0d50c3c5e20448b410b9921b73e9883faedf","f97fef292821a46a16ea3a8bd437579ddc9e65dd9684c8c405939b1a1b97a9a8","fd1ef31c6c7c4c2dd9738ad8101faf1e7b2f9a95c208e920b4303cbbc5c0363a","e39cd8f559791bccb8667c4cd55efb50e8dd1a58484d61e184595a8c1846eebd","6f039fc8b61d62c9ceb38f6c2ec5bb37ffcc381498167ff4bbac182b2d6b7b86","b7d59407a3cef323480a5495fa633bc3f13c9a57381758413f92c01659087947","bd5983253290c93672582dd285df81fd47226b61fb8a250c3616194ed49d98cb","4dd443526ff6175030f624363c5672019b99180a849d370b2afb624eb52fe0d8","f973114fd33e9a28527c5a49c3f15e36983ef02d7400944d051cf4489fb2750f","ca557e4c833575b972dc623f069261e9f3fc4b435620184f29d11f78545ff1d5","486c06b911c5eeb1992d5970215235fcd9c8e49795454a6ed76dd97f35fc6053","9e51e9ab72560ad4d2f6822a497f977e3e4b0bd590dba0c5d3ae5879269662b1","bundles/CONF14_batch_0p25.rds","91e176916c42fe7ccb3a0a550c26f3e1dbf724407a324911f1fb2b26e209739c",TRUE
"CONF14","CONF14_run_order_0p25",3,"run_order",0.25,450,225,225,0,0.37423160923774,0.374231609237739,0.440951758998982,"~ phenotype + plate + within_plate_position_scaled",450,7,7,TRUE,7.31517623513737,3.78208353621261,45,45,0.5,45,45,0.5,45,45,0.5,45,45,0.5,45,45,0.5,50,100,0.35,FALSE,"sample_id;plate;order_in_plate;run_order;sample_type","e2452e8cba452fa669bc0202c76b7fc52f8d16e63ff273bbdac6c9ce5adfc3e7","f805b512a0090cb0d7d9d18c1b4907468300ee01a8970d332043e0ff12fc790b","f97fef292821a46a16ea3a8bd437579ddc9e65dd9684c8c405939b1a1b97a9a8","fd1ef31c6c7c4c2dd9738ad8101faf1e7b2f9a95c208e920b4303cbbc5c0363a","e39cd8f559791bccb8667c4cd55efb50e8dd1a58484d61e184595a8c1846eebd","6f039fc8b61d62c9ceb38f6c2ec5bb37ffcc381498167ff4bbac182b2d6b7b86","b7d59407a3cef323480a5495fa633bc3f13c9a57381758413f92c01659087947","bd5983253290c93672582dd285df81fd47226b61fb8a250c3616194ed49d98cb","4dd443526ff6175030f624363c5672019b99180a849d370b2afb624eb52fe0d8","f973114fd33e9a28527c5a49c3f15e36983ef02d7400944d051cf4489fb2750f","3736a616cd3f1e0b282c0ff8b74525490ac515bc080b3ab0a5148c1ea5017390","3ebb4adf0c420231f1e88c5736d8cfda21f40a90edcccb3dfcfbb040ddc756ec","cf806a403ee3b405502e6f4d8c477b41297dffcd50de950811fa521c2b39d56c","bundles/CONF14_run_order_0p25.rds","4359a17ac27c3a174f45dd3ec9a764ac48305c4da63cdbc8d03f4e1d61a79b43",TRUE
"CONF14","CONF14_joint_0p25",4,"joint",0.25,450,225,225,0.218637757799979,0.338989683979237,0.347382077804437,0.41990244576391,"~ phenotype + plate + within_plate_position_scaled",450,7,7,TRUE,7.58529408088904,3.64596862146535,56,56.25,0.622222222222222,56,56.25,0.622222222222222,45,45,0.5,34,33.75,0.377777777777778,34,33.75,0.377777777777778,50,100,0.35,FALSE,"sample_id;plate;order_in_plate;run_order;sample_type","e2452e8cba452fa669bc0202c76b7fc52f8d16e63ff273bbdac6c9ce5adfc3e7","02249a13e0bc7dfc655bc2ec39c92a78e1cdd8dee70be83bb6480952d5f196c0","f97fef292821a46a16ea3a8bd437579ddc9e65dd9684c8c405939b1a1b97a9a8","fd1ef31c6c7c4c2dd9738ad8101faf1e7b2f9a95c208e920b4303cbbc5c0363a","e39cd8f559791bccb8667c4cd55efb50e8dd1a58484d61e184595a8c1846eebd","6f039fc8b61d62c9ceb38f6c2ec5bb37ffcc381498167ff4bbac182b2d6b7b86","b7d59407a3cef323480a5495fa633bc3f13c9a57381758413f92c01659087947","bd5983253290c93672582dd285df81fd47226b61fb8a250c3616194ed49d98cb","4dd443526ff6175030f624363c5672019b99180a849d370b2afb624eb52fe0d8","f973114fd33e9a28527c5a49c3f15e36983ef02d7400944d051cf4489fb2750f","e979dc5701dce8cce8a7877b1f0c8ecf68f314c7685d689ecfd574b55ccfed85","d6eafe268bfc4b571ac755d2695dcacc4ea9441fa86ca378a60da2e535f56f8c","dbd3d7377484d2ef191d9ee30f80951be68a1b516cee6f16208997506c549adc","bundles/CONF14_joint_0p25.rds","1d785717cc9d7546e50a9c5e6a50c1d73cfb6cc4463f81126af0eb6b3186ffc8",TRUE
"CONF14","CONF14_batch_0p50",5,"batch",0.5,450,225,225,0.457151675399957,0.0372093142899238,0.0802836856429565,0.163212333780308,"~ phenotype + plate + within_plate_position_scaled",450,7,7,TRUE,7.72958714215348,3.59443309011802,68,67.5,0.755555555555556,68,67.5,0.755555555555556,45,45,0.5,22,22.5,0.244444444444444,22,22.5,0.244444444444444,50,100,0.35,FALSE,"sample_id;plate;order_in_plate;run_order;sample_type","e2452e8cba452fa669bc0202c76b7fc52f8d16e63ff273bbdac6c9ce5adfc3e7","0fa341cc6f739df308ead51e1b11bec469091307124b499e029dad52dcdce124","f97fef292821a46a16ea3a8bd437579ddc9e65dd9684c8c405939b1a1b97a9a8","fd1ef31c6c7c4c2dd9738ad8101faf1e7b2f9a95c208e920b4303cbbc5c0363a","e39cd8f559791bccb8667c4cd55efb50e8dd1a58484d61e184595a8c1846eebd","6f039fc8b61d62c9ceb38f6c2ec5bb37ffcc381498167ff4bbac182b2d6b7b86","b7d59407a3cef323480a5495fa633bc3f13c9a57381758413f92c01659087947","bd5983253290c93672582dd285df81fd47226b61fb8a250c3616194ed49d98cb","4dd443526ff6175030f624363c5672019b99180a849d370b2afb624eb52fe0d8","f973114fd33e9a28527c5a49c3f15e36983ef02d7400944d051cf4489fb2750f","3fbeb8312a301eb840c3291ea9643379c0b7a028e24ccc49f7e8f67fb20d574b","17c283eccf330147276626866d46be0c338e15f622014279a0ba7ba471895d44","72fe7e4e779bdda28fcc9a367a503c2e4dbb7999309ee318e1dc245430700efd","bundles/CONF14_batch_0p50.rds","7103ecca99c74e50f576917ad45ee05cf541ed332b44a0441f6d07d99f9e3c81",TRUE
"CONF14","CONF14_run_order_0p50",6,"run_order",0.5,450,225,225,0,0.645560218266793,0.645560218266793,0.685592308123539,"~ phenotype + plate + within_plate_position_scaled",450,7,7,TRUE,8.09218402857744,3.40601192990882,45,45,0.5,45,45,0.5,45,45,0.5,45,45,0.5,45,45,0.5,50,100,0.35,FALSE,"sample_id;plate;order_in_plate;run_order;sample_type","e2452e8cba452fa669bc0202c76b7fc52f8d16e63ff273bbdac6c9ce5adfc3e7","d1eab57e863705f21a4a1bc69ec644f1cb5b633890b340a3188a50ba1b23c4cb","f97fef292821a46a16ea3a8bd437579ddc9e65dd9684c8c405939b1a1b97a9a8","fd1ef31c6c7c4c2dd9738ad8101faf1e7b2f9a95c208e920b4303cbbc5c0363a","e39cd8f559791bccb8667c4cd55efb50e8dd1a58484d61e184595a8c1846eebd","6f039fc8b61d62c9ceb38f6c2ec5bb37ffcc381498167ff4bbac182b2d6b7b86","b7d59407a3cef323480a5495fa633bc3f13c9a57381758413f92c01659087947","bd5983253290c93672582dd285df81fd47226b61fb8a250c3616194ed49d98cb","4dd443526ff6175030f624363c5672019b99180a849d370b2afb624eb52fe0d8","f973114fd33e9a28527c5a49c3f15e36983ef02d7400944d051cf4489fb2750f","4caa15823cce41e8edcad745451063dff5b9fa242866e28cc86459eccda491ed","166996f8630d7cc7cf3fca624e348038e2925b6123925b84478da4f603097355","6daab8dee57f5fdd0496951c90e0237c97e9c04ba3fbb274ff9d681215af669f","bundles/CONF14_run_order_0p50.rds","89034d755dc38ee48245bf563097ef2eecf3c46eb762a4371f271d579316e9ca",TRUE
"CONF14","CONF14_joint_0p50",7,"joint",0.5,450,225,225,0.457151675399957,0.491248487280534,0.551199281906854,0.622293704503898,"~ phenotype + plate + within_plate_position_scaled",450,7,7,TRUE,8.96748265388975,3.07484556671306,68,67.5,0.755555555555556,68,67.5,0.755555555555556,45,45,0.5,22,22.5,0.244444444444444,22,22.5,0.244444444444444,50,100,0.35,FALSE,"sample_id;plate;order_in_plate;run_order;sample_type","e2452e8cba452fa669bc0202c76b7fc52f8d16e63ff273bbdac6c9ce5adfc3e7","350df453f192c0656363f772723b265c5cd9aadc6483994c2fa88ae04aef3de3","f97fef292821a46a16ea3a8bd437579ddc9e65dd9684c8c405939b1a1b97a9a8","fd1ef31c6c7c4c2dd9738ad8101faf1e7b2f9a95c208e920b4303cbbc5c0363a","e39cd8f559791bccb8667c4cd55efb50e8dd1a58484d61e184595a8c1846eebd","6f039fc8b61d62c9ceb38f6c2ec5bb37ffcc381498167ff4bbac182b2d6b7b86","b7d59407a3cef323480a5495fa633bc3f13c9a57381758413f92c01659087947","bd5983253290c93672582dd285df81fd47226b61fb8a250c3616194ed49d98cb","4dd443526ff6175030f624363c5672019b99180a849d370b2afb624eb52fe0d8","f973114fd33e9a28527c5a49c3f15e36983ef02d7400944d051cf4489fb2750f","02d2631792f285b3016320dc90b493fe38a2227cf1e18ed71dd2e18e8c7e58ad","1a6559be7d32a00b48d2902339857211a777cf294356d173d112ed64aa83b674","b78cca0351dbfffc2d964f44760c16f87d5ee00e37099cbeb2c6cd981b0a8405","bundles/CONF14_joint_0p50.rds","6541487b2c9e31ab147a9392211815bb040a5f6531b0a35773913d13752bc188",TRUE
"CONF14","CONF14_batch_0p75",8,"batch",0.75,450,225,225,0.675789433199936,0.0209569701173134,0.0392578244893996,0.111642910536674,"~ phenotype + plate + within_plate_position_scaled",450,7,7,TRUE,8.74684341329514,3.17368113476071,79,78.75,0.877777777777778,79,78.75,0.877777777777778,45,45,0.5,11,11.25,0.122222222222222,11,11.25,0.122222222222222,50,100,0.35,FALSE,"sample_id;plate;order_in_plate;run_order;sample_type","e2452e8cba452fa669bc0202c76b7fc52f8d16e63ff273bbdac6c9ce5adfc3e7","865d61cd4f800620094b2e6852367118d3706b602c7238ac6868bc90a1020ec1","f97fef292821a46a16ea3a8bd437579ddc9e65dd9684c8c405939b1a1b97a9a8","fd1ef31c6c7c4c2dd9738ad8101faf1e7b2f9a95c208e920b4303cbbc5c0363a","e39cd8f559791bccb8667c4cd55efb50e8dd1a58484d61e184595a8c1846eebd","6f039fc8b61d62c9ceb38f6c2ec5bb37ffcc381498167ff4bbac182b2d6b7b86","b7d59407a3cef323480a5495fa633bc3f13c9a57381758413f92c01659087947","bd5983253290c93672582dd285df81fd47226b61fb8a250c3616194ed49d98cb","4dd443526ff6175030f624363c5672019b99180a849d370b2afb624eb52fe0d8","f973114fd33e9a28527c5a49c3f15e36983ef02d7400944d051cf4489fb2750f","64d9af5a6bb784b74bab4439430e4a65c037c0c306561298789f1b2b571cc68d","5df2dc599d991f046eefe13c003e0a84e76cf19a501e990490fd0dde206b69fe","87bd709e0f3603bc195ec13cd1d831b859a6fbc37265d3c15b6c0c9c45e85ba3","bundles/CONF14_batch_0p75.rds","63853dc7fb1c1507b35c71bc602fa4ef9e6152a55ace4231c12777ab527f91f2",TRUE
"CONF14","CONF14_run_order_0p75",9,"run_order",0.75,450,225,225,0,0.808767969221218,0.808767969221218,0.817321834575223,"~ phenotype + plate + within_plate_position_scaled",450,7,7,TRUE,10.3833633529149,2.64853098707092,45,45,0.5,45,45,0.5,45,45,0.5,45,45,0.5,45,45,0.5,50,100,0.35,FALSE,"sample_id;plate;order_in_plate;run_order;sample_type","e2452e8cba452fa669bc0202c76b7fc52f8d16e63ff273bbdac6c9ce5adfc3e7","b5bb41b68a0059e318746b656ba513c9321d1941dde2e6b4366945ff182014a6","f97fef292821a46a16ea3a8bd437579ddc9e65dd9684c8c405939b1a1b97a9a8","fd1ef31c6c7c4c2dd9738ad8101faf1e7b2f9a95c208e920b4303cbbc5c0363a","e39cd8f559791bccb8667c4cd55efb50e8dd1a58484d61e184595a8c1846eebd","6f039fc8b61d62c9ceb38f6c2ec5bb37ffcc381498167ff4bbac182b2d6b7b86","b7d59407a3cef323480a5495fa633bc3f13c9a57381758413f92c01659087947","bd5983253290c93672582dd285df81fd47226b61fb8a250c3616194ed49d98cb","4dd443526ff6175030f624363c5672019b99180a849d370b2afb624eb52fe0d8","f973114fd33e9a28527c5a49c3f15e36983ef02d7400944d051cf4489fb2750f","92f0f58638cfa124e7f06441f13af30711365c17120b3067c8c9766f44fd8b81","e3a1ce933bfd1637971a5211ea4eb3034c43e615dbfff7cc7d02509790568a6f","7dffecad3e5619b69d87623b11c22dc0da8506832de9d363b7ea083797420936","bundles/CONF14_run_order_0p75.rds","b063967aeb46ed18b9da842769d33272d038c1570309efb6278c92b3ee612bfa",TRUE
"CONF14","CONF14_joint_0p75",10,"joint",0.75,450,225,225,0.675789433199936,0.440438527077742,0.586271085415337,0.817321834575223,"~ phenotype + plate + within_plate_position_scaled",450,7,7,TRUE,10.9856344028463,2.51018498244472,79,78.75,0.877777777777778,79,78.75,0.877777777777778,45,45,0.5,11,11.25,0.122222222222222,11,11.25,0.122222222222222,50,100,0.35,FALSE,"sample_id;plate;order_in_plate;run_order;sample_type","e2452e8cba452fa669bc0202c76b7fc52f8d16e63ff273bbdac6c9ce5adfc3e7","b63ec64eec0123f17304ee80957e4cc6c83fadc8564cc3575a029a799103969c","f97fef292821a46a16ea3a8bd437579ddc9e65dd9684c8c405939b1a1b97a9a8","fd1ef31c6c7c4c2dd9738ad8101faf1e7b2f9a95c208e920b4303cbbc5c0363a","e39cd8f559791bccb8667c4cd55efb50e8dd1a58484d61e184595a8c1846eebd","6f039fc8b61d62c9ceb38f6c2ec5bb37ffcc381498167ff4bbac182b2d6b7b86","b7d59407a3cef323480a5495fa633bc3f13c9a57381758413f92c01659087947","bd5983253290c93672582dd285df81fd47226b61fb8a250c3616194ed49d98cb","4dd443526ff6175030f624363c5672019b99180a849d370b2afb624eb52fe0d8","f973114fd33e9a28527c5a49c3f15e36983ef02d7400944d051cf4489fb2750f","127b86cb18630acc49f5ce07592611d7254afadc5a441255b8202e5a43333016","85c997fbb5bae66a041741a22fb3c11961af415fac3c82ca0fac4ee75ec3c162","06e219e8326773ff63cfe64f52c7e3ef04c35167ab86139d8c3a206469454121","bundles/CONF14_joint_0p75.rds","208318da18bd61de0aa5f76cc3e8c276f1659cd5b4adc7e5c65113a5d9ca36bf",TRUE
"CONF14","CONF14_batch_0p90",11,"batch",0.9,450,225,225,0.814922551799923,0.0189040424323521,0.0594214955488687,0.101693169256117,"~ phenotype + plate + within_plate_position_scaled",450,7,7,TRUE,10.5894244927572,2.62052116947126,86,85.5,0.955555555555556,86,85.5,0.955555555555556,45,45,0.5,4,4.5,0.0444444444444444,4,4.5,0.0444444444444444,50,100,0.35,FALSE,"sample_id;plate;order_in_plate;run_order;sample_type","e2452e8cba452fa669bc0202c76b7fc52f8d16e63ff273bbdac6c9ce5adfc3e7","de8cbc4c1e976942e2aa8138b20ae9003b85926a2b2d13bc5973eeb68e242a13","f97fef292821a46a16ea3a8bd437579ddc9e65dd9684c8c405939b1a1b97a9a8","fd1ef31c6c7c4c2dd9738ad8101faf1e7b2f9a95c208e920b4303cbbc5c0363a","e39cd8f559791bccb8667c4cd55efb50e8dd1a58484d61e184595a8c1846eebd","6f039fc8b61d62c9ceb38f6c2ec5bb37ffcc381498167ff4bbac182b2d6b7b86","b7d59407a3cef323480a5495fa633bc3f13c9a57381758413f92c01659087947","bd5983253290c93672582dd285df81fd47226b61fb8a250c3616194ed49d98cb","4dd443526ff6175030f624363c5672019b99180a849d370b2afb624eb52fe0d8","f973114fd33e9a28527c5a49c3f15e36983ef02d7400944d051cf4489fb2750f","d32d307b063a2460aff0aef0efb9d3a2d39b683b764fbd16adc918405124dd98","2f458d704994b1a7ef8d5a9ac09b9b0dd0653552bcd7ec9bbbe4b03041ffe2bd","2e69336674675bb836f54ed1863035c8c025ba78abb0c52a58dd3805899acf04","bundles/CONF14_batch_0p90.rds","6d111318a844e0ebc35ef815f5de2d5c4260b9870cdc5d59b719695a552cc0c1",TRUE
"CONF14","CONF14_run_order_0p90",12,"run_order",0.9,450,225,225,0,0.855985305975328,0.855985305975328,0.861801934416051,"~ phenotype + plate + within_plate_position_scaled",450,7,7,TRUE,11.8429602991736,2.32062705878685,45,45,0.5,45,45,0.5,45,45,0.5,45,45,0.5,45,45,0.5,50,100,0.35,FALSE,"sample_id;plate;order_in_plate;run_order;sample_type","e2452e8cba452fa669bc0202c76b7fc52f8d16e63ff273bbdac6c9ce5adfc3e7","f89c6f2f6e7a1ad7f59a9f7419f16fbe2c59832945f1945dfe03089ee438b4a2","f97fef292821a46a16ea3a8bd437579ddc9e65dd9684c8c405939b1a1b97a9a8","fd1ef31c6c7c4c2dd9738ad8101faf1e7b2f9a95c208e920b4303cbbc5c0363a","e39cd8f559791bccb8667c4cd55efb50e8dd1a58484d61e184595a8c1846eebd","6f039fc8b61d62c9ceb38f6c2ec5bb37ffcc381498167ff4bbac182b2d6b7b86","b7d59407a3cef323480a5495fa633bc3f13c9a57381758413f92c01659087947","bd5983253290c93672582dd285df81fd47226b61fb8a250c3616194ed49d98cb","4dd443526ff6175030f624363c5672019b99180a849d370b2afb624eb52fe0d8","f973114fd33e9a28527c5a49c3f15e36983ef02d7400944d051cf4489fb2750f","103d5274a12a76e7c75b76c636f7185728dcf2a29453b28208adf0d4ee6f8281","d6b694d427b387dbfcf65adfda8bd4b261b5410d2bbd744b04b5474a463d29cb","dea3bf4ca2d6915a6969ced08177e05b0a955987cf88f06e2057d08c1c22b76d","bundles/CONF14_run_order_0p90.rds","26f448fc3d9cdd9ae481b27dd7723bc1c3620f75df6a6c3f3243164bee10ba1f",TRUE
"CONF14","CONF14_joint_0p90",13,"joint",0.9,450,225,225,0.814922551799923,0.288350801083525,0.456220636049995,0.853248069062046,"~ phenotype + plate + within_plate_position_scaled",450,7,7,TRUE,12.5503136694969,2.20125030795082,86,85.5,0.955555555555556,86,85.5,0.955555555555556,45,45,0.5,4,4.5,0.0444444444444444,4,4.5,0.0444444444444444,50,100,0.35,FALSE,"sample_id;plate;order_in_plate;run_order;sample_type","e2452e8cba452fa669bc0202c76b7fc52f8d16e63ff273bbdac6c9ce5adfc3e7","57a5a09edc9adf6f5b964ed8c21d56c6eaa7215bd4d3d5f37619ad6d50e237ef","f97fef292821a46a16ea3a8bd437579ddc9e65dd9684c8c405939b1a1b97a9a8","fd1ef31c6c7c4c2dd9738ad8101faf1e7b2f9a95c208e920b4303cbbc5c0363a","e39cd8f559791bccb8667c4cd55efb50e8dd1a58484d61e184595a8c1846eebd","6f039fc8b61d62c9ceb38f6c2ec5bb37ffcc381498167ff4bbac182b2d6b7b86","b7d59407a3cef323480a5495fa633bc3f13c9a57381758413f92c01659087947","bd5983253290c93672582dd285df81fd47226b61fb8a250c3616194ed49d98cb","4dd443526ff6175030f624363c5672019b99180a849d370b2afb624eb52fe0d8","f973114fd33e9a28527c5a49c3f15e36983ef02d7400944d051cf4489fb2750f","1242e81d914f9ed0653f8cd0013d081b575647cd41d1fb7ad77d719d6dd6b867","f76a6c94bb7dc6e6850473458b161a92a80d06a5fda1e1f444ae37954b3b0cb2","a1164c0914c0681ce12cee6b57d0f8663e69a541ec6e3f9cca729ab3ee543083","bundles/CONF14_joint_0p90.rds","70ee0bda6ede6b2bbf5dbe28e32b77fafef9fdf6ae66b75c0f31097d35f68534",TRUE
"CONF14","CONF14_batch_1p00",14,"batch",1,450,225,225,0.894427190999916,0.00504678055886323,0.0252339027943161,0.0252339027943161,"~ phenotype + plate + within_plate_position_scaled",450,7,7,TRUE,13.3810896537819,2.0730482005553,90,90,1,90,90,1,45,45,0.5,0,0,0,0,0,0,50,100,0.35,FALSE,"sample_id;plate;order_in_plate;run_order;sample_type","e2452e8cba452fa669bc0202c76b7fc52f8d16e63ff273bbdac6c9ce5adfc3e7","f2c24986796dce5064a53661828ebe7202f73eef445b69da5458cf1c9c88aaf9","f97fef292821a46a16ea3a8bd437579ddc9e65dd9684c8c405939b1a1b97a9a8","fd1ef31c6c7c4c2dd9738ad8101faf1e7b2f9a95c208e920b4303cbbc5c0363a","e39cd8f559791bccb8667c4cd55efb50e8dd1a58484d61e184595a8c1846eebd","6f039fc8b61d62c9ceb38f6c2ec5bb37ffcc381498167ff4bbac182b2d6b7b86","b7d59407a3cef323480a5495fa633bc3f13c9a57381758413f92c01659087947","bd5983253290c93672582dd285df81fd47226b61fb8a250c3616194ed49d98cb","4dd443526ff6175030f624363c5672019b99180a849d370b2afb624eb52fe0d8","f973114fd33e9a28527c5a49c3f15e36983ef02d7400944d051cf4489fb2750f","5f0ff38485105ec9604c5f1e0ed91cf06bc414c960581e8920efdc4fb95543ed","cfcbdaca56ee2446e0b6d625d1dd99721f5a1b07a64f5cdddd1a86eb395dee21","7b753137f04ad43028006301d35c675d1753273820a4d7153c60489d9d655dbe","bundles/CONF14_batch_1p00.rds","a62b966d65e3b6546579e56a6d68cf52679cf93da4b0781e7ac7fc409808f8b6",TRUE
"CONF14","CONF14_run_order_1p00",15,"run_order",1,450,225,225,0,0.866078867093054,0.866078867093054,0.866078867093054,"~ phenotype + plate + within_plate_position_scaled",450,7,7,TRUE,12.2571850578752,2.24189736854381,45,45,0.5,45,45,0.5,45,45,0.5,45,45,0.5,45,45,0.5,50,100,0.35,FALSE,"sample_id;plate;order_in_plate;run_order;sample_type","e2452e8cba452fa669bc0202c76b7fc52f8d16e63ff273bbdac6c9ce5adfc3e7","7174e92cc4fbeddae9a34a51e21467481619f4e875d3a6fdd3287c7b413dabb4","f97fef292821a46a16ea3a8bd437579ddc9e65dd9684c8c405939b1a1b97a9a8","fd1ef31c6c7c4c2dd9738ad8101faf1e7b2f9a95c208e920b4303cbbc5c0363a","e39cd8f559791bccb8667c4cd55efb50e8dd1a58484d61e184595a8c1846eebd","6f039fc8b61d62c9ceb38f6c2ec5bb37ffcc381498167ff4bbac182b2d6b7b86","b7d59407a3cef323480a5495fa633bc3f13c9a57381758413f92c01659087947","bd5983253290c93672582dd285df81fd47226b61fb8a250c3616194ed49d98cb","4dd443526ff6175030f624363c5672019b99180a849d370b2afb624eb52fe0d8","f973114fd33e9a28527c5a49c3f15e36983ef02d7400944d051cf4489fb2750f","151e736f4ffff3859ba33d8926cb6489fe36679c09345d5c02f9e25a780677da","058b35605da99e0896f927e0ef8c396c651319133a2042d9137251f5d86bca3f","b70f4f6d039915996205e98a5769c254c632161605532779853ce6ef6df9410d","bundles/CONF14_run_order_1p00.rds","2b450a364a788f352709b14ba272122964245afbbc27f733cfe33fbee004173d",TRUE
"CONF14","CONF14_joint_1p00",16,"joint",1,450,225,225,0.894427190999916,0.173215773418611,0.866078867093054,0.866078867093054,"~ phenotype + plate + within_plate_position_scaled",450,7,7,TRUE,14.8598036973637,1.86190902773352,90,90,1,90,90,1,45,45,0.5,0,0,0,0,0,0,50,100,0.35,FALSE,"sample_id;plate;order_in_plate;run_order;sample_type","e2452e8cba452fa669bc0202c76b7fc52f8d16e63ff273bbdac6c9ce5adfc3e7","e4850739459a5a54aaabba2eb4b140360897d0dd7c0aa215e787164889665db1","f97fef292821a46a16ea3a8bd437579ddc9e65dd9684c8c405939b1a1b97a9a8","fd1ef31c6c7c4c2dd9738ad8101faf1e7b2f9a95c208e920b4303cbbc5c0363a","e39cd8f559791bccb8667c4cd55efb50e8dd1a58484d61e184595a8c1846eebd","6f039fc8b61d62c9ceb38f6c2ec5bb37ffcc381498167ff4bbac182b2d6b7b86","b7d59407a3cef323480a5495fa633bc3f13c9a57381758413f92c01659087947","bd5983253290c93672582dd285df81fd47226b61fb8a250c3616194ed49d98cb","4dd443526ff6175030f624363c5672019b99180a849d370b2afb624eb52fe0d8","f973114fd33e9a28527c5a49c3f15e36983ef02d7400944d051cf4489fb2750f","1d24f34bcf9828bd8786043a3008e63388610c609ccf0d91446d58b3aee28761","aecc4035b20cab094eec0955dfc7e9d7ca2a11a1f371a7b9b46ba8a78d90cf82","91e46de22ff1bb557ac371adc7fcc5864cb2ecfe559d66520a3c800eb6abb65f","bundles/CONF14_joint_1p00.rds","9c9bf996fb906a6c42d3c1bf410f2bb30c54179df98813228b4870a8367b170b",TRUE
"CONF15","CONF15_none_0p00",1,"none",0,450,225,225,0,0.0028227755668218,0.0692007707139043,0.130446446648583,"~ phenotype + plate + within_plate_position_scaled",450,7,7,TRUE,7.2056446547819,3.86012650039007,45,45,0.5,45,45,0.5,45,45,0.5,45,45,0.5,45,45,0.5,50,100,0.35,FALSE,"sample_id;plate;order_in_plate;run_order;sample_type","e2452e8cba452fa669bc0202c76b7fc52f8d16e63ff273bbdac6c9ce5adfc3e7","98ad9b83d186cc2cab38edc7a0cc05127cccee483709ff277b3fdea8542ad6f0","5b23310c6859c176a30bcef91d0b9f21d5114a8662e93d36bb0111110d920932","9938adfe2c2cadcb9a03974f6e8d82335ab1586a4725ec1a1d03f9231de6af75","515623885383e95dd66d3d231784a43947d174fcf9db94ca9586d2d9e7dcb354","927d05e0650d7d1d42462a534e1dd2c87b76c6f160f75bc1351868135ddbec39","b7d59407a3cef323480a5495fa633bc3f13c9a57381758413f92c01659087947","b84e98d6ac7e3100c92588c308bae96b372a04104703191cf188b2fb2f8a2d7a","af034fb592d81ef75ea50d432133dc99d9e855ccac8389d8072e30f326d843c5","80a6fd5b35d62a6c982cae2341a91781b9a31199c65012ff4fb66368a615a58b","aec117a6b3fcec2b2af2a5d8762f7e031f62cd829acbd2c89de311fc77cb2ded","c19379d461e41a3748df7024cb4661b2637f036ce2fdbcdaee47fc5e2d7371fb","be9a7c6801aa585aacc67626f661c9cf4785cfead33620a5cc2ad0bd1f2bf5cf","bundles/CONF15_none_0p00.rds","df246a755b361dd709bb77a23f7df334a24479f116a25632675f9a652aa4438d",TRUE
"CONF15","CONF15_batch_0p25",2,"batch",0.25,450,225,225,0.218637757799979,0.006244321708424,0.0934853961708149,0.139379383257768,"~ phenotype + plate + within_plate_position_scaled",450,7,7,TRUE,7.34640357718939,3.78330522038128,56,56.25,0.622222222222222,56,56.25,0.622222222222222,45,45,0.5,34,33.75,0.377777777777778,34,33.75,0.377777777777778,50,100,0.35,FALSE,"sample_id;plate;order_in_plate;run_order;sample_type","e2452e8cba452fa669bc0202c76b7fc52f8d16e63ff273bbdac6c9ce5adfc3e7","b797d224ec8c50be801109f3271a78c481b8b21d69edd592de09421b1246facb","5b23310c6859c176a30bcef91d0b9f21d5114a8662e93d36bb0111110d920932","9938adfe2c2cadcb9a03974f6e8d82335ab1586a4725ec1a1d03f9231de6af75","515623885383e95dd66d3d231784a43947d174fcf9db94ca9586d2d9e7dcb354","927d05e0650d7d1d42462a534e1dd2c87b76c6f160f75bc1351868135ddbec39","b7d59407a3cef323480a5495fa633bc3f13c9a57381758413f92c01659087947","b84e98d6ac7e3100c92588c308bae96b372a04104703191cf188b2fb2f8a2d7a","af034fb592d81ef75ea50d432133dc99d9e855ccac8389d8072e30f326d843c5","80a6fd5b35d62a6c982cae2341a91781b9a31199c65012ff4fb66368a615a58b","d53513b85a37fea3ed50447330616a90d1e7702b4cf24792f456b7d922d67d0b","2bd22b922e26ef3c28356af380f5e285083f35a3c130f7acd773c50277afbf20","94f0cae2dadde116fce65c7f152c84c14ac023b4516b60b20358149fd3c56592","bundles/CONF15_batch_0p25.rds","f3c37723b133bfbc7b1f415601b19cfd62875815afca09358846b9a62dd74e03",TRUE
"CONF15","CONF15_run_order_0p25",3,"run_order",0.25,450,225,225,0,0.376626691536861,0.376626691536861,0.450361010888388,"~ phenotype + plate + within_plate_position_scaled",450,7,7,TRUE,7.31710521528533,3.78095854288061,45,45,0.5,45,45,0.5,45,45,0.5,45,45,0.5,45,45,0.5,50,100,0.35,FALSE,"sample_id;plate;order_in_plate;run_order;sample_type","e2452e8cba452fa669bc0202c76b7fc52f8d16e63ff273bbdac6c9ce5adfc3e7","a23eb46657196622d73ae54d20f024cf71d8c5d0a7fd2a11f82afdc76ec7d5b2","5b23310c6859c176a30bcef91d0b9f21d5114a8662e93d36bb0111110d920932","9938adfe2c2cadcb9a03974f6e8d82335ab1586a4725ec1a1d03f9231de6af75","515623885383e95dd66d3d231784a43947d174fcf9db94ca9586d2d9e7dcb354","927d05e0650d7d1d42462a534e1dd2c87b76c6f160f75bc1351868135ddbec39","b7d59407a3cef323480a5495fa633bc3f13c9a57381758413f92c01659087947","b84e98d6ac7e3100c92588c308bae96b372a04104703191cf188b2fb2f8a2d7a","af034fb592d81ef75ea50d432133dc99d9e855ccac8389d8072e30f326d843c5","80a6fd5b35d62a6c982cae2341a91781b9a31199c65012ff4fb66368a615a58b","c7f5e0a50a7016f62b95dc88321a48acc1cf2e3ede9975e249bc92020ce07680","4cbc918179d6458c102b4b9d7cc559fbd622d997234e33a4bcbb866c4c19ad2c","435f6874a401fc2ba4218be0b22847e6e0a21c554736f8ce716b576a65dc38eb","bundles/CONF15_run_order_0p25.rds","6783b062d5396a3f7df13df8251dca16ef295e7446245d940066adc4f54a0181",TRUE
"CONF15","CONF15_joint_0p25",4,"joint",0.25,450,225,225,0.218637757799979,0.3436087712704,0.352659497009183,0.424313185740422,"~ phenotype + plate + within_plate_position_scaled",450,7,7,TRUE,7.59187438150265,3.64256986197865,56,56.25,0.622222222222222,56,56.25,0.622222222222222,45,45,0.5,34,33.75,0.377777777777778,34,33.75,0.377777777777778,50,100,0.35,FALSE,"sample_id;plate;order_in_plate;run_order;sample_type","e2452e8cba452fa669bc0202c76b7fc52f8d16e63ff273bbdac6c9ce5adfc3e7","803a78bb8e7718e20375b72916bac1f086bb86d437fe484bac9d4b38b5cf0f16","5b23310c6859c176a30bcef91d0b9f21d5114a8662e93d36bb0111110d920932","9938adfe2c2cadcb9a03974f6e8d82335ab1586a4725ec1a1d03f9231de6af75","515623885383e95dd66d3d231784a43947d174fcf9db94ca9586d2d9e7dcb354","927d05e0650d7d1d42462a534e1dd2c87b76c6f160f75bc1351868135ddbec39","b7d59407a3cef323480a5495fa633bc3f13c9a57381758413f92c01659087947","b84e98d6ac7e3100c92588c308bae96b372a04104703191cf188b2fb2f8a2d7a","af034fb592d81ef75ea50d432133dc99d9e855ccac8389d8072e30f326d843c5","80a6fd5b35d62a6c982cae2341a91781b9a31199c65012ff4fb66368a615a58b","1205278fc9dd9afa2391ab562676ef208c5955c5319e911aea2d104a2ad63310","9b5e8aaf48b77da5e91672e9aa1220e2006a88ef9ae5b1a5eb10d0cf90e793c4","c8b6c42f40853f538fcc6915c6e63b0d276d88341f9cacace7ade07a5e956ef7","bundles/CONF15_joint_0p25.rds","5c78e44ba4ebe293e9645f001b2cdc56c265f32531dcc43e94380f0f1bb9ee71",TRUE
"CONF15","CONF15_batch_0p50",5,"batch",0.5,450,225,225,0.457151675399957,0.010863408999587,0.0581346377914601,0.130446446648583,"~ phenotype + plate + within_plate_position_scaled",450,7,7,TRUE,7.74522611364146,3.58578798869447,68,67.5,0.755555555555556,68,67.5,0.755555555555556,45,45,0.5,22,22.5,0.244444444444444,22,22.5,0.244444444444444,50,100,0.35,FALSE,"sample_id;plate;order_in_plate;run_order;sample_type","e2452e8cba452fa669bc0202c76b7fc52f8d16e63ff273bbdac6c9ce5adfc3e7","fec590c0e498998a39eed493277b5fcdacc5a0586bb8e67c04aa502f30af9d1e","5b23310c6859c176a30bcef91d0b9f21d5114a8662e93d36bb0111110d920932","9938adfe2c2cadcb9a03974f6e8d82335ab1586a4725ec1a1d03f9231de6af75","515623885383e95dd66d3d231784a43947d174fcf9db94ca9586d2d9e7dcb354","927d05e0650d7d1d42462a534e1dd2c87b76c6f160f75bc1351868135ddbec39","b7d59407a3cef323480a5495fa633bc3f13c9a57381758413f92c01659087947","b84e98d6ac7e3100c92588c308bae96b372a04104703191cf188b2fb2f8a2d7a","af034fb592d81ef75ea50d432133dc99d9e855ccac8389d8072e30f326d843c5","80a6fd5b35d62a6c982cae2341a91781b9a31199c65012ff4fb66368a615a58b","4ed5aab1623303f1b3c9bae8d93cdf99fdaea0f9243594de2574512b2f75d9c2","96b9529b9350c60e95fd508f02c81a4127e5a44519303a6d9ca492b3c562db61","37b5b4629a86e612997386d4c3c70679ed9a1efb327c45b907857858fda83577","bundles/CONF15_batch_0p50.rds","48f82263c6afb8ee2eb41509f649d4ddc952508e606c8ea4a1044488ec546df5",TRUE
"CONF15","CONF15_run_order_0p50",6,"run_order",0.5,450,225,225,0,0.633071574849945,0.633071574849945,0.663352258203124,"~ phenotype + plate + within_plate_position_scaled",450,7,7,TRUE,8.0065598242078,3.44302927168934,45,45,0.5,45,45,0.5,45,45,0.5,45,45,0.5,45,45,0.5,50,100,0.35,FALSE,"sample_id;plate;order_in_plate;run_order;sample_type","e2452e8cba452fa669bc0202c76b7fc52f8d16e63ff273bbdac6c9ce5adfc3e7","87f99dd1ab395804f924d29b269ea6fa6efe6996892e39a6fbbfd507c0add96b","5b23310c6859c176a30bcef91d0b9f21d5114a8662e93d36bb0111110d920932","9938adfe2c2cadcb9a03974f6e8d82335ab1586a4725ec1a1d03f9231de6af75","515623885383e95dd66d3d231784a43947d174fcf9db94ca9586d2d9e7dcb354","927d05e0650d7d1d42462a534e1dd2c87b76c6f160f75bc1351868135ddbec39","b7d59407a3cef323480a5495fa633bc3f13c9a57381758413f92c01659087947","b84e98d6ac7e3100c92588c308bae96b372a04104703191cf188b2fb2f8a2d7a","af034fb592d81ef75ea50d432133dc99d9e855ccac8389d8072e30f326d843c5","80a6fd5b35d62a6c982cae2341a91781b9a31199c65012ff4fb66368a615a58b","bfedf445150b1ea3008aad6ecf0fc863eac5075da969ed0b9491e62c71e472e0","57dcc9897a847c4cb1e9a30b91ee65d669031d5d80116fa8f4958b9ef6db60ea","842de555e47de2970b9ced21f37c1e93eed0801a867139b210feeea49decaf7e","bundles/CONF15_run_order_0p50.rds","aed57667e8a61639935d347f4c06061bfd9d20590ef014d082cbc6ae3cf3cbcd",TRUE
"CONF15","CONF15_joint_0p50",7,"joint",0.5,450,225,225,0.457151675399957,0.509553759138106,0.572776122314463,0.613739839149893,"~ phenotype + plate + within_plate_position_scaled",450,7,7,TRUE,9.09429098482952,3.03119469958956,68,67.5,0.755555555555556,68,67.5,0.755555555555556,45,45,0.5,22,22.5,0.244444444444444,22,22.5,0.244444444444444,50,100,0.35,FALSE,"sample_id;plate;order_in_plate;run_order;sample_type","e2452e8cba452fa669bc0202c76b7fc52f8d16e63ff273bbdac6c9ce5adfc3e7","90daccd48c29e01a1f3a8b3a5b6ec35f8df94efad69053847197117c709b7dde","5b23310c6859c176a30bcef91d0b9f21d5114a8662e93d36bb0111110d920932","9938adfe2c2cadcb9a03974f6e8d82335ab1586a4725ec1a1d03f9231de6af75","515623885383e95dd66d3d231784a43947d174fcf9db94ca9586d2d9e7dcb354","927d05e0650d7d1d42462a534e1dd2c87b76c6f160f75bc1351868135ddbec39","b7d59407a3cef323480a5495fa633bc3f13c9a57381758413f92c01659087947","b84e98d6ac7e3100c92588c308bae96b372a04104703191cf188b2fb2f8a2d7a","af034fb592d81ef75ea50d432133dc99d9e855ccac8389d8072e30f326d843c5","80a6fd5b35d62a6c982cae2341a91781b9a31199c65012ff4fb66368a615a58b","bbed8c3a03b375ce756e8725ccc616fb880f7d2112b79f53260680eb95833627","33023c4bd8921ba6f32c0501d8c0475e82f37fd6c1adef18101c9d4aeb0e5e08","963335e9b54a19c56bddd1e6680b2fd654167ab8487082850ceda4f5ca8d8672","bundles/CONF15_joint_0p50.rds","23084313b41feb9560304a02bf1c008fa9458191995df35ab86bd3d45849e111",TRUE
"CONF15","CONF15_batch_0p75",8,"batch",0.75,450,225,225,0.675789433199936,0.0473028754076503,0.068918382494663,0.137758211247007,"~ phenotype + plate + within_plate_position_scaled",450,7,7,TRUE,8.72396854583028,3.18323685874426,79,78.75,0.877777777777778,79,78.75,0.877777777777778,45,45,0.5,11,11.25,0.122222222222222,11,11.25,0.122222222222222,50,100,0.35,FALSE,"sample_id;plate;order_in_plate;run_order;sample_type","e2452e8cba452fa669bc0202c76b7fc52f8d16e63ff273bbdac6c9ce5adfc3e7","4671f1b97b16e228f23ccf982cef5fefa64e81f2dec981821f4601060bde8011","5b23310c6859c176a30bcef91d0b9f21d5114a8662e93d36bb0111110d920932","9938adfe2c2cadcb9a03974f6e8d82335ab1586a4725ec1a1d03f9231de6af75","515623885383e95dd66d3d231784a43947d174fcf9db94ca9586d2d9e7dcb354","927d05e0650d7d1d42462a534e1dd2c87b76c6f160f75bc1351868135ddbec39","b7d59407a3cef323480a5495fa633bc3f13c9a57381758413f92c01659087947","b84e98d6ac7e3100c92588c308bae96b372a04104703191cf188b2fb2f8a2d7a","af034fb592d81ef75ea50d432133dc99d9e855ccac8389d8072e30f326d843c5","80a6fd5b35d62a6c982cae2341a91781b9a31199c65012ff4fb66368a615a58b","10d93da951afb4814d8d4ff82de431f3e6c48c8fcac138e3e250f77c8a15f4bf","5c4e078ec151fb183c67a22040cf1b04e9ccf12fc088cf63375eea53c796f96a","62b9056246155292649665ed649f7ebf4c8433938a58ffe10a0233dc0a9fdaf5","bundles/CONF15_batch_0p75.rds","cd6f9bab729cefcc26bdbb949481adf12249ce5316b4c973af85fee92ab41616",TRUE
"CONF15","CONF15_run_order_0p75",9,"run_order",0.75,450,225,225,0,0.802438108859254,0.802438108859253,0.819032607646024,"~ phenotype + plate + within_plate_position_scaled",450,7,7,TRUE,10.2313855902787,2.68810329012822,45,45,0.5,45,45,0.5,45,45,0.5,45,45,0.5,45,45,0.5,50,100,0.35,FALSE,"sample_id;plate;order_in_plate;run_order;sample_type","e2452e8cba452fa669bc0202c76b7fc52f8d16e63ff273bbdac6c9ce5adfc3e7","f0b37d67daa2e6bb4463e685c6fc8fb16d66c6a85b7cd0b6f36c20d09bc581be","5b23310c6859c176a30bcef91d0b9f21d5114a8662e93d36bb0111110d920932","9938adfe2c2cadcb9a03974f6e8d82335ab1586a4725ec1a1d03f9231de6af75","515623885383e95dd66d3d231784a43947d174fcf9db94ca9586d2d9e7dcb354","927d05e0650d7d1d42462a534e1dd2c87b76c6f160f75bc1351868135ddbec39","b7d59407a3cef323480a5495fa633bc3f13c9a57381758413f92c01659087947","b84e98d6ac7e3100c92588c308bae96b372a04104703191cf188b2fb2f8a2d7a","af034fb592d81ef75ea50d432133dc99d9e855ccac8389d8072e30f326d843c5","80a6fd5b35d62a6c982cae2341a91781b9a31199c65012ff4fb66368a615a58b","376b43088b3cefecb70e2d2c8375c371b9ca90186c043b89da6c6ff5f2df4233","a9e035eed43a78cd9ec5c8ea3ca59c9ad8fb07407981c18ea54ad08b329d4160","3524a14b0c663a58fb649765931b23dd1e25d44732c22cb0ec48dd203b9b306d","bundles/CONF15_run_order_0p75.rds","499621c638e729c67566fa918bb40774dabe5e781369fa4c4d1fc19b7188428b",TRUE
"CONF15","CONF15_joint_0p75",10,"joint",0.75,450,225,225,0.675789433199936,0.439069908621101,0.584001709958464,0.819032607646024,"~ phenotype + plate + within_plate_position_scaled",450,7,7,TRUE,10.9676389173539,2.51435211055548,79,78.75,0.877777777777778,79,78.75,0.877777777777778,45,45,0.5,11,11.25,0.122222222222222,11,11.25,0.122222222222222,50,100,0.35,FALSE,"sample_id;plate;order_in_plate;run_order;sample_type","e2452e8cba452fa669bc0202c76b7fc52f8d16e63ff273bbdac6c9ce5adfc3e7","4b2336e7bde1078b4f059174442abd1c7b17450b2e53610f4b61ee702b7de444","5b23310c6859c176a30bcef91d0b9f21d5114a8662e93d36bb0111110d920932","9938adfe2c2cadcb9a03974f6e8d82335ab1586a4725ec1a1d03f9231de6af75","515623885383e95dd66d3d231784a43947d174fcf9db94ca9586d2d9e7dcb354","927d05e0650d7d1d42462a534e1dd2c87b76c6f160f75bc1351868135ddbec39","b7d59407a3cef323480a5495fa633bc3f13c9a57381758413f92c01659087947","b84e98d6ac7e3100c92588c308bae96b372a04104703191cf188b2fb2f8a2d7a","af034fb592d81ef75ea50d432133dc99d9e855ccac8389d8072e30f326d843c5","80a6fd5b35d62a6c982cae2341a91781b9a31199c65012ff4fb66368a615a58b","9c82069f242d5b669321ce48ed94d31693d04cd620f1c5bbcbad98a753b2cc8b","bf96f47984054dc5cf3ed8ed7211b20be9599d0403e04b477a65daac1ed0b028","b833d48d813533077101aa53c64b0d188d72d382f453afc15a14411de7d6d899","bundles/CONF15_joint_0p75.rds","5da0623631d5f1459f95b296b81a420a6841f539e26edb4ba5f2dea4ddd20d74",TRUE
"CONF15","CONF15_batch_0p90",11,"batch",0.9,450,225,225,0.814922551799923,0.0495268803996917,0.0829544492810965,0.130446446648583,"~ phenotype + plate + within_plate_position_scaled",450,7,7,TRUE,10.5630602273239,2.62824744887347,86,85.5,0.955555555555556,86,85.5,0.955555555555556,45,45,0.5,4,4.5,0.0444444444444444,4,4.5,0.0444444444444444,50,100,0.35,FALSE,"sample_id;plate;order_in_plate;run_order;sample_type","e2452e8cba452fa669bc0202c76b7fc52f8d16e63ff273bbdac6c9ce5adfc3e7","495be7d461552873a90ef602f6ec02bfc249fd0e30b49db46f3b07661c384ebd","5b23310c6859c176a30bcef91d0b9f21d5114a8662e93d36bb0111110d920932","9938adfe2c2cadcb9a03974f6e8d82335ab1586a4725ec1a1d03f9231de6af75","515623885383e95dd66d3d231784a43947d174fcf9db94ca9586d2d9e7dcb354","927d05e0650d7d1d42462a534e1dd2c87b76c6f160f75bc1351868135ddbec39","b7d59407a3cef323480a5495fa633bc3f13c9a57381758413f92c01659087947","b84e98d6ac7e3100c92588c308bae96b372a04104703191cf188b2fb2f8a2d7a","af034fb592d81ef75ea50d432133dc99d9e855ccac8389d8072e30f326d843c5","80a6fd5b35d62a6c982cae2341a91781b9a31199c65012ff4fb66368a615a58b","1df72e1012304a2a634a72f8d33e2f35088ade24f1a67afc58fd4ec0a50a1011","346dd57b7b78f66aaa60f4e13d08e4229737d393b10500b89885717114f8454c","2a13ab182f21e8097013ea4cf6a8b0626e8626acdc9d94bcaa2739f3e401d4b3","bundles/CONF15_batch_0p90.rds","5a978a3849a686f6030b4ecbf90546c37986d0475bfc9b96876dc32e72a10c6a",TRUE
"CONF15","CONF15_run_order_0p90",12,"run_order",0.9,450,225,225,0,0.855129919439927,0.855129919439927,0.858380388274449,"~ phenotype + plate + within_plate_position_scaled",450,7,7,TRUE,11.8099410281315,2.32714214838471,45,45,0.5,45,45,0.5,45,45,0.5,45,45,0.5,45,45,0.5,50,100,0.35,FALSE,"sample_id;plate;order_in_plate;run_order;sample_type","e2452e8cba452fa669bc0202c76b7fc52f8d16e63ff273bbdac6c9ce5adfc3e7","a35b0063cef51210fe633b875a60faf7d016e2602f90cbfd2cfb2ec8fd1977ba","5b23310c6859c176a30bcef91d0b9f21d5114a8662e93d36bb0111110d920932","9938adfe2c2cadcb9a03974f6e8d82335ab1586a4725ec1a1d03f9231de6af75","515623885383e95dd66d3d231784a43947d174fcf9db94ca9586d2d9e7dcb354","927d05e0650d7d1d42462a534e1dd2c87b76c6f160f75bc1351868135ddbec39","b7d59407a3cef323480a5495fa633bc3f13c9a57381758413f92c01659087947","b84e98d6ac7e3100c92588c308bae96b372a04104703191cf188b2fb2f8a2d7a","af034fb592d81ef75ea50d432133dc99d9e855ccac8389d8072e30f326d843c5","80a6fd5b35d62a6c982cae2341a91781b9a31199c65012ff4fb66368a615a58b","fc3cefe35705c0c4046f308f7835bac1be7d2b1ac08a088e923912a653693222","adfe346a44bfd3100adf79e211d638dfd77be6751c8861830be2770fb15e6210","c0d1cec1ddf0a1add6a2ed32693a2341efb0d7c984c3fc0e381faef1f5c2ca1c","bundles/CONF15_run_order_0p90.rds","26776cd7bcac7fea74a1d6aead7451cb51812b63c63f752dc2ec463e313d3d95",TRUE
"CONF15","CONF15_joint_0p90",13,"joint",0.9,450,225,225,0.814922551799923,0.288350801083525,0.456220636049995,0.853248069062046,"~ phenotype + plate + within_plate_position_scaled",450,7,7,TRUE,12.5503136694969,2.20125030795082,86,85.5,0.955555555555556,86,85.5,0.955555555555556,45,45,0.5,4,4.5,0.0444444444444444,4,4.5,0.0444444444444444,50,100,0.35,FALSE,"sample_id;plate;order_in_plate;run_order;sample_type","e2452e8cba452fa669bc0202c76b7fc52f8d16e63ff273bbdac6c9ce5adfc3e7","d96df63cdd54daebe93119e73d1552a507988400d0f4dd8a612f8453ac7a9265","5b23310c6859c176a30bcef91d0b9f21d5114a8662e93d36bb0111110d920932","9938adfe2c2cadcb9a03974f6e8d82335ab1586a4725ec1a1d03f9231de6af75","515623885383e95dd66d3d231784a43947d174fcf9db94ca9586d2d9e7dcb354","927d05e0650d7d1d42462a534e1dd2c87b76c6f160f75bc1351868135ddbec39","b7d59407a3cef323480a5495fa633bc3f13c9a57381758413f92c01659087947","b84e98d6ac7e3100c92588c308bae96b372a04104703191cf188b2fb2f8a2d7a","af034fb592d81ef75ea50d432133dc99d9e855ccac8389d8072e30f326d843c5","80a6fd5b35d62a6c982cae2341a91781b9a31199c65012ff4fb66368a615a58b","7891d27fb8d30d310afd0b54b296a6bcd72b4ad1478e7846c615c76e0155ae06","b55ae865be6c334c0979ecfc52d6d654ae6247a1b3d6c49b5b52f1a5315aed93","c24df51d1883ce1a59e03c84c46169faac8f9e73a6a37f1fd2fb0bc8a8b8312d","bundles/CONF15_joint_0p90.rds","2e77d269321e90435ddbd52d7307f9f9d0652adf3cb5bdf7ce81d97882a75e1b",TRUE
"CONF15","CONF15_batch_1p00",14,"batch",1,450,225,225,0.894427190999916,0.0260892893297167,0.130446446648583,0.130446446648583,"~ phenotype + plate + within_plate_position_scaled",450,7,7,TRUE,13.3529861024567,2.07805492318941,90,90,1,90,90,1,45,45,0.5,0,0,0,0,0,0,50,100,0.35,FALSE,"sample_id;plate;order_in_plate;run_order;sample_type","e2452e8cba452fa669bc0202c76b7fc52f8d16e63ff273bbdac6c9ce5adfc3e7","190de55c92603f51eb2a7258e1b82d1d36f59570b7694fa286c5d2f984c7daa3","5b23310c6859c176a30bcef91d0b9f21d5114a8662e93d36bb0111110d920932","9938adfe2c2cadcb9a03974f6e8d82335ab1586a4725ec1a1d03f9231de6af75","515623885383e95dd66d3d231784a43947d174fcf9db94ca9586d2d9e7dcb354","927d05e0650d7d1d42462a534e1dd2c87b76c6f160f75bc1351868135ddbec39","b7d59407a3cef323480a5495fa633bc3f13c9a57381758413f92c01659087947","b84e98d6ac7e3100c92588c308bae96b372a04104703191cf188b2fb2f8a2d7a","af034fb592d81ef75ea50d432133dc99d9e855ccac8389d8072e30f326d843c5","80a6fd5b35d62a6c982cae2341a91781b9a31199c65012ff4fb66368a615a58b","69237fe58daf78ab39fa0e283e2e0aecc9c0390caf4589ef037066b9b444dc5e","c107247235fec6edeab4fa4b4be3491f77eccc8c635ec24cb98e48c92054fa83","632209711720a9d791a8bff15681fc1f688b442b3bb9583e15919c9bf92972a4","bundles/CONF15_batch_1p00.rds","4799a4b0569a060cccdbfede68ca15519620490e91447945e9565dc863cdb5b3",TRUE
"CONF15","CONF15_run_order_1p00",15,"run_order",1,450,225,225,0,0.866078867093054,0.866078867093054,0.866078867093054,"~ phenotype + plate + within_plate_position_scaled",450,7,7,TRUE,12.2571850578752,2.24189736854381,45,45,0.5,45,45,0.5,45,45,0.5,45,45,0.5,45,45,0.5,50,100,0.35,FALSE,"sample_id;plate;order_in_plate;run_order;sample_type","e2452e8cba452fa669bc0202c76b7fc52f8d16e63ff273bbdac6c9ce5adfc3e7","ea98f6ab42b0077721f6bb4d868f7e9d0f706c98a38052f6aa70f365e065a3bc","5b23310c6859c176a30bcef91d0b9f21d5114a8662e93d36bb0111110d920932","9938adfe2c2cadcb9a03974f6e8d82335ab1586a4725ec1a1d03f9231de6af75","515623885383e95dd66d3d231784a43947d174fcf9db94ca9586d2d9e7dcb354","927d05e0650d7d1d42462a534e1dd2c87b76c6f160f75bc1351868135ddbec39","b7d59407a3cef323480a5495fa633bc3f13c9a57381758413f92c01659087947","b84e98d6ac7e3100c92588c308bae96b372a04104703191cf188b2fb2f8a2d7a","af034fb592d81ef75ea50d432133dc99d9e855ccac8389d8072e30f326d843c5","80a6fd5b35d62a6c982cae2341a91781b9a31199c65012ff4fb66368a615a58b","151e736f4ffff3859ba33d8926cb6489fe36679c09345d5c02f9e25a780677da","0504bf74fe833efea1ba04a0ae9e58e9b919e5b07b5104a789f2812c7e389a13","e3af687b1e530899b4b3afd7884ba862d0feb5eef2981c01159364bfb333401c","bundles/CONF15_run_order_1p00.rds","917d4e909b58d6515823893024bc3461290dea80a07ea181fc86f0df71a05c90",TRUE
"CONF15","CONF15_joint_1p00",16,"joint",1,450,225,225,0.894427190999916,0.173215773418611,0.866078867093054,0.866078867093054,"~ phenotype + plate + within_plate_position_scaled",450,7,7,TRUE,14.8598036973637,1.86190902773352,90,90,1,90,90,1,45,45,0.5,0,0,0,0,0,0,50,100,0.35,FALSE,"sample_id;plate;order_in_plate;run_order;sample_type","e2452e8cba452fa669bc0202c76b7fc52f8d16e63ff273bbdac6c9ce5adfc3e7","d6d0d9295dc185a028d99454d86c52ec178d85cb337715ed0243c391f00ff925","5b23310c6859c176a30bcef91d0b9f21d5114a8662e93d36bb0111110d920932","9938adfe2c2cadcb9a03974f6e8d82335ab1586a4725ec1a1d03f9231de6af75","515623885383e95dd66d3d231784a43947d174fcf9db94ca9586d2d9e7dcb354","927d05e0650d7d1d42462a534e1dd2c87b76c6f160f75bc1351868135ddbec39","b7d59407a3cef323480a5495fa633bc3f13c9a57381758413f92c01659087947","b84e98d6ac7e3100c92588c308bae96b372a04104703191cf188b2fb2f8a2d7a","af034fb592d81ef75ea50d432133dc99d9e855ccac8389d8072e30f326d843c5","80a6fd5b35d62a6c982cae2341a91781b9a31199c65012ff4fb66368a615a58b","1d24f34bcf9828bd8786043a3008e63388610c609ccf0d91446d58b3aee28761","3183cb90b39b7c4f8b9613f35fb99c0eaf867551f40895b05ba1b9a41a991ca8","80c5e059f8c816440531325840f9087492d7f44e1bba0e81d5e795a83b0e3b9c","bundles/CONF15_joint_1p00.rds","9b22c25d5a4041d83672f77974d661ccaec459ae5985d9fda849398ea22b1458",TRUE
"CONF16","CONF16_none_0p00",1,"none",0,450,225,225,0,0.0243785162589156,0.0644106061156612,0.0945202121617605,"~ phenotype + plate + within_plate_position_scaled",450,7,7,TRUE,7.20432683933084,3.86237002648878,45,45,0.5,45,45,0.5,45,45,0.5,45,45,0.5,45,45,0.5,50,100,0.35,FALSE,"sample_id;plate;order_in_plate;run_order;sample_type","e2452e8cba452fa669bc0202c76b7fc52f8d16e63ff273bbdac6c9ce5adfc3e7","3d89eb99734e1f0187e80868cfbb9cc6bc0db988df6eb5aecec43ec2b35c63b7","f5b442fedafcd3b205157219e7ba5457b920c99ea4125f0a876e24e704304588","4c95c08e689ff664ed7f495833f42abd7232bd269c7bd96d290ec8238f00720b","b7d52e6fd792becbeb4c45718cc72d538fdfd2a5fb1870e880205ee9e3cd0e7c","4f38a87ed81d04f64b3be5dde506bb6d625116385e1c09b85f90de12db991e70","b7d59407a3cef323480a5495fa633bc3f13c9a57381758413f92c01659087947","eadf30409396efc2e674422ee1add83f42544279a22475a36b74ea68c9f5b7bf","51713e7bde83ec999e93f69e64b75c55cca79928421d86ccb6152db32e45cd76","3d2850a410e487fc2d251812bd54defdadba98d957bebc17fe7d0f7d9de725b0","61d2fec3271fda3d9dab1a95d90ca3cf7e5099cc6cb96161d75154abd6924369","4715e00c2ec2222c776dbf8402a771583952e273c742c8ef1acafa5f4d1d42ec","5a8bcaec7d979cc91bac1139c3a39bc7fdc002c42800d161d896615ad3ecd8cd","bundles/CONF16_none_0p00.rds","8cac7bf6c6c817516e8bf512c67fc5edf306d4c8823898e2d13564f251196738",TRUE
"CONF16","CONF16_batch_0p25",2,"batch",0.25,450,225,225,0.218637757799979,0.025062825487236,0.0585259661695234,0.0782678679891501,"~ phenotype + plate + within_plate_position_scaled",450,7,7,TRUE,7.34099394508361,3.78713734397504,56,56.25,0.622222222222222,56,56.25,0.622222222222222,45,45,0.5,34,33.75,0.377777777777778,34,33.75,0.377777777777778,50,100,0.35,FALSE,"sample_id;plate;order_in_plate;run_order;sample_type","e2452e8cba452fa669bc0202c76b7fc52f8d16e63ff273bbdac6c9ce5adfc3e7","3a9ecd6f381e821ecdb79801829e99f4dd9e45c0c9e44f9b3fa0462a2334613b","f5b442fedafcd3b205157219e7ba5457b920c99ea4125f0a876e24e704304588","4c95c08e689ff664ed7f495833f42abd7232bd269c7bd96d290ec8238f00720b","b7d52e6fd792becbeb4c45718cc72d538fdfd2a5fb1870e880205ee9e3cd0e7c","4f38a87ed81d04f64b3be5dde506bb6d625116385e1c09b85f90de12db991e70","b7d59407a3cef323480a5495fa633bc3f13c9a57381758413f92c01659087947","eadf30409396efc2e674422ee1add83f42544279a22475a36b74ea68c9f5b7bf","51713e7bde83ec999e93f69e64b75c55cca79928421d86ccb6152db32e45cd76","3d2850a410e487fc2d251812bd54defdadba98d957bebc17fe7d0f7d9de725b0","f09a7dabfe5745d7374659b1f1e41552868b94ce13e86c200688996d31c054ca","d36adcf2c67dde78bafb11b56a50138dc70c63681e91655ed776b6f3165abfa6","91667e91e695a7c5fded2dae2bf4fa3a72b0375ae5db913f509c7e46d4cb2f26","bundles/CONF16_batch_0p25.rds","249732f447b867b1dffc26202e7365606fe7c1eb0dbbc853e3cc3cd44e0a2792",TRUE
"CONF16","CONF16_run_order_0p25",3,"run_order",0.25,450,225,225,0,0.360203270057171,0.360203270057171,0.412724003330764,"~ phenotype + plate + within_plate_position_scaled",450,7,7,TRUE,7.30450960770374,3.78835773523711,45,45,0.5,45,45,0.5,45,45,0.5,45,45,0.5,45,45,0.5,50,100,0.35,FALSE,"sample_id;plate;order_in_plate;run_order;sample_type","e2452e8cba452fa669bc0202c76b7fc52f8d16e63ff273bbdac6c9ce5adfc3e7","f12035416a64a2eb89efd6b47680710d4d228895897ea68a7275547379ececea","f5b442fedafcd3b205157219e7ba5457b920c99ea4125f0a876e24e704304588","4c95c08e689ff664ed7f495833f42abd7232bd269c7bd96d290ec8238f00720b","b7d52e6fd792becbeb4c45718cc72d538fdfd2a5fb1870e880205ee9e3cd0e7c","4f38a87ed81d04f64b3be5dde506bb6d625116385e1c09b85f90de12db991e70","b7d59407a3cef323480a5495fa633bc3f13c9a57381758413f92c01659087947","eadf30409396efc2e674422ee1add83f42544279a22475a36b74ea68c9f5b7bf","51713e7bde83ec999e93f69e64b75c55cca79928421d86ccb6152db32e45cd76","3d2850a410e487fc2d251812bd54defdadba98d957bebc17fe7d0f7d9de725b0","b5ac5d8734a208b8183b09c0b9bdb4eb22064b875a235fbd9e69188baa7f1e98","c6a345072d42e17a73444990f82368741ad8857252a51eb8625c4eab2ee89f98","776cbd1c3df49208e70f9e2e5fc4c55eb680cdd58feac825c0d56879e590ede3","bundles/CONF16_run_order_0p25.rds","f9e2b681f7844c6ef22ac71a2ebd70d99c1c74ce4971d3595b6fd1d5e97b2fbb",TRUE
"CONF16","CONF16_joint_0p25",4,"joint",0.25,450,225,225,0.218637757799979,0.330435818625231,0.338705109734883,0.384616525951817,"~ phenotype + plate + within_plate_position_scaled",450,7,7,TRUE,7.57351972739772,3.65208014081279,56,56.25,0.622222222222222,56,56.25,0.622222222222222,45,45,0.5,34,33.75,0.377777777777778,34,33.75,0.377777777777778,50,100,0.35,FALSE,"sample_id;plate;order_in_plate;run_order;sample_type","e2452e8cba452fa669bc0202c76b7fc52f8d16e63ff273bbdac6c9ce5adfc3e7","98768c4e76b5b3e580a8d962bcec676e1570bcd8e136e6d2094b19b918f5c1af","f5b442fedafcd3b205157219e7ba5457b920c99ea4125f0a876e24e704304588","4c95c08e689ff664ed7f495833f42abd7232bd269c7bd96d290ec8238f00720b","b7d52e6fd792becbeb4c45718cc72d538fdfd2a5fb1870e880205ee9e3cd0e7c","4f38a87ed81d04f64b3be5dde506bb6d625116385e1c09b85f90de12db991e70","b7d59407a3cef323480a5495fa633bc3f13c9a57381758413f92c01659087947","eadf30409396efc2e674422ee1add83f42544279a22475a36b74ea68c9f5b7bf","51713e7bde83ec999e93f69e64b75c55cca79928421d86ccb6152db32e45cd76","3d2850a410e487fc2d251812bd54defdadba98d957bebc17fe7d0f7d9de725b0","b2ffaac9e98717d6256676041c4b0172bc5c2e291a74cb63d78718261941cd5b","ed3a4c4d5b406a4c8c73ee70a6905c729e611a84b80d80b55c72198e81e3361e","c132c3eb66e0188b404420f00d1417f5b8a94cb6ff4e44bebdf4e5145cc05d13","bundles/CONF16_joint_0p25.rds","028a8d42fea473ee433ed450c14c6c3daef5302d9d320d373cdcd0026a55154d",TRUE
"CONF16","CONF16_batch_0p50",5,"batch",0.5,450,225,225,0.457151675399957,0.0216412793456339,0.0421258179792703,0.0835965612045481,"~ phenotype + plate + within_plate_position_scaled",450,7,7,TRUE,7.73857420375555,3.58943781005962,68,67.5,0.755555555555556,68,67.5,0.755555555555556,45,45,0.5,22,22.5,0.244444444444444,22,22.5,0.244444444444444,50,100,0.35,FALSE,"sample_id;plate;order_in_plate;run_order;sample_type","e2452e8cba452fa669bc0202c76b7fc52f8d16e63ff273bbdac6c9ce5adfc3e7","1a75532f4f8e1d061f373bb198a30a1f1985cd8e654c52ef8e73001cef92e64d","f5b442fedafcd3b205157219e7ba5457b920c99ea4125f0a876e24e704304588","4c95c08e689ff664ed7f495833f42abd7232bd269c7bd96d290ec8238f00720b","b7d52e6fd792becbeb4c45718cc72d538fdfd2a5fb1870e880205ee9e3cd0e7c","4f38a87ed81d04f64b3be5dde506bb6d625116385e1c09b85f90de12db991e70","b7d59407a3cef323480a5495fa633bc3f13c9a57381758413f92c01659087947","eadf30409396efc2e674422ee1add83f42544279a22475a36b74ea68c9f5b7bf","51713e7bde83ec999e93f69e64b75c55cca79928421d86ccb6152db32e45cd76","3d2850a410e487fc2d251812bd54defdadba98d957bebc17fe7d0f7d9de725b0","8e2d096284fa1e7291c9f3969cb6edde99ca2c00741e91e5519b4302edc9bd43","392111e211e0274a984d49b355f022e26e5a804907f208a48eafd7b17526122e","ba4d2e502f8f2363bb6b38d5348553c061b6614e89cc65e53466081d90e90b18","bundles/CONF16_batch_0p50.rds","799902c987efd39530314739b9cce5ba73dcf93b0bc0e6873481b50ef85428fd",TRUE
"CONF16","CONF16_run_order_0p50",6,"run_order",0.5,450,225,225,0,0.639401435211909,0.639401435211909,0.671050737021729,"~ phenotype + plate + within_plate_position_scaled",450,7,7,TRUE,8.04890350513869,3.42461731267103,45,45,0.5,45,45,0.5,45,45,0.5,45,45,0.5,45,45,0.5,50,100,0.35,FALSE,"sample_id;plate;order_in_plate;run_order;sample_type","e2452e8cba452fa669bc0202c76b7fc52f8d16e63ff273bbdac6c9ce5adfc3e7","837086c2b589011f69e90b73a7c4dc367d64dabfc14d77be0bb9038611544695","f5b442fedafcd3b205157219e7ba5457b920c99ea4125f0a876e24e704304588","4c95c08e689ff664ed7f495833f42abd7232bd269c7bd96d290ec8238f00720b","b7d52e6fd792becbeb4c45718cc72d538fdfd2a5fb1870e880205ee9e3cd0e7c","4f38a87ed81d04f64b3be5dde506bb6d625116385e1c09b85f90de12db991e70","b7d59407a3cef323480a5495fa633bc3f13c9a57381758413f92c01659087947","eadf30409396efc2e674422ee1add83f42544279a22475a36b74ea68c9f5b7bf","51713e7bde83ec999e93f69e64b75c55cca79928421d86ccb6152db32e45cd76","3d2850a410e487fc2d251812bd54defdadba98d957bebc17fe7d0f7d9de725b0","3916ce46b6f2cf3698a467a038f7ad7089726293b460e9135d47c9edda709dee","fff4853c954e02a4e833c0e7000ceace987da10a23966fbc4311f0c4f924e5db","9a4dc71d908b6502c114108a8a5361b80f3a1f5ff35b60283133e425028c01ad","bundles/CONF16_run_order_0p50.rds","7b952e076e5869e830878d2778d8c88340ce48e53d243eb00cd674051811ee3f",TRUE
"CONF16","CONF16_joint_0p50",7,"joint",0.5,450,225,225,0.457151675399957,0.513488537200949,0.576710900377305,0.633413729464105,"~ phenotype + plate + within_plate_position_scaled",450,7,7,TRUE,9.12329300999665,3.02139275411831,68,67.5,0.755555555555556,68,67.5,0.755555555555556,45,45,0.5,22,22.5,0.244444444444444,22,22.5,0.244444444444444,50,100,0.35,FALSE,"sample_id;plate;order_in_plate;run_order;sample_type","e2452e8cba452fa669bc0202c76b7fc52f8d16e63ff273bbdac6c9ce5adfc3e7","3109011c17973447b7f68084d4bd6a414977a8a8c4a585b31b58d5b7c578ebb0","f5b442fedafcd3b205157219e7ba5457b920c99ea4125f0a876e24e704304588","4c95c08e689ff664ed7f495833f42abd7232bd269c7bd96d290ec8238f00720b","b7d52e6fd792becbeb4c45718cc72d538fdfd2a5fb1870e880205ee9e3cd0e7c","4f38a87ed81d04f64b3be5dde506bb6d625116385e1c09b85f90de12db991e70","b7d59407a3cef323480a5495fa633bc3f13c9a57381758413f92c01659087947","eadf30409396efc2e674422ee1add83f42544279a22475a36b74ea68c9f5b7bf","51713e7bde83ec999e93f69e64b75c55cca79928421d86ccb6152db32e45cd76","3d2850a410e487fc2d251812bd54defdadba98d957bebc17fe7d0f7d9de725b0","e46671e2cbf24be55d7ecb0fd0a0b320f1228456dbc78dea200d2c3e99f3980f","3858a73e6a44cce0795d216e2c83bb0131aabbcf89be76956450e8cf6e3b42d2","780dd8480de5f3dcb847632c21de89c1d3a9a5fa2b14ae876a8f3b2da72e2e38","bundles/CONF16_joint_0p50.rds","1243215d8a63d3b5f5999ffbe196f153ad14e9a2efb52482726de5c46f92962d",TRUE
"CONF16","CONF16_batch_0p75",8,"batch",0.75,450,225,225,0.675789433199936,0.0264314439438769,0.0825087434162828,0.161261981886307,"~ phenotype + plate + within_plate_position_scaled",450,7,7,TRUE,8.7415621859033,3.17585415715084,79,78.75,0.877777777777778,79,78.75,0.877777777777778,45,45,0.5,11,11.25,0.122222222222222,11,11.25,0.122222222222222,50,100,0.35,FALSE,"sample_id;plate;order_in_plate;run_order;sample_type","e2452e8cba452fa669bc0202c76b7fc52f8d16e63ff273bbdac6c9ce5adfc3e7","359064c8f3d53c39851e7a2a6f348f4947e07ba07e61ff6f74c49a71ce7e9876","f5b442fedafcd3b205157219e7ba5457b920c99ea4125f0a876e24e704304588","4c95c08e689ff664ed7f495833f42abd7232bd269c7bd96d290ec8238f00720b","b7d52e6fd792becbeb4c45718cc72d538fdfd2a5fb1870e880205ee9e3cd0e7c","4f38a87ed81d04f64b3be5dde506bb6d625116385e1c09b85f90de12db991e70","b7d59407a3cef323480a5495fa633bc3f13c9a57381758413f92c01659087947","eadf30409396efc2e674422ee1add83f42544279a22475a36b74ea68c9f5b7bf","51713e7bde83ec999e93f69e64b75c55cca79928421d86ccb6152db32e45cd76","3d2850a410e487fc2d251812bd54defdadba98d957bebc17fe7d0f7d9de725b0","f44c612915d36131975fce255384f25dc1e13509e765d35a5a3d11cf35b6d2d3","89782270051bd00dfa13a6d89fe481babbd0a5535b99af715360bd514c6e0e09","32d3d97fc9b688f93b57f9d9047ff3b19e3bd69d25cf792772a5153a4f9f472d","bundles/CONF16_batch_0p75.rds","bd454cb320f0ed50767132dce638554d7f4ea393330f05fbd432d04f6c754028",TRUE
"CONF16","CONF16_run_order_0p75",9,"run_order",0.75,450,225,225,0,0.809452278449538,0.809452278449538,0.824164926858427,"~ phenotype + plate + within_plate_position_scaled",450,7,7,TRUE,10.4002892507735,2.64419610919049,45,45,0.5,45,45,0.5,45,45,0.5,45,45,0.5,45,45,0.5,50,100,0.35,FALSE,"sample_id;plate;order_in_plate;run_order;sample_type","e2452e8cba452fa669bc0202c76b7fc52f8d16e63ff273bbdac6c9ce5adfc3e7","82b3bcdfb3997200fe6148c2308641614dfbbd77830e42c3e5dae7fdb8d19120","f5b442fedafcd3b205157219e7ba5457b920c99ea4125f0a876e24e704304588","4c95c08e689ff664ed7f495833f42abd7232bd269c7bd96d290ec8238f00720b","b7d52e6fd792becbeb4c45718cc72d538fdfd2a5fb1870e880205ee9e3cd0e7c","4f38a87ed81d04f64b3be5dde506bb6d625116385e1c09b85f90de12db991e70","b7d59407a3cef323480a5495fa633bc3f13c9a57381758413f92c01659087947","eadf30409396efc2e674422ee1add83f42544279a22475a36b74ea68c9f5b7bf","51713e7bde83ec999e93f69e64b75c55cca79928421d86ccb6152db32e45cd76","3d2850a410e487fc2d251812bd54defdadba98d957bebc17fe7d0f7d9de725b0","ce1271e15d629631be016fb4b5db84c79792925973bcb33c96433c06daf9c2df","2aedb7ce1f10bbd8dea51a1a042fefb14cab434ae120a50f49f0ff6ef30fc7a1","3f26ce8141e47e96b2ade4ab2ef09edef201757808e7a2be906edc9462a89def","bundles/CONF16_run_order_0p75.rds","394ab83debe4a7bc66dae50ea717b5ba6356dfc79893ccd6d23411e97e8d1cfa",TRUE
"CONF16","CONF16_joint_0p75",10,"joint",0.75,450,225,225,0.675789433199936,0.428463115582134,0.568801056218313,0.809623355756618,"~ phenotype + plate + within_plate_position_scaled",450,7,7,TRUE,10.8331985914217,2.54593581822019,79,78.75,0.877777777777778,79,78.75,0.877777777777778,45,45,0.5,11,11.25,0.122222222222222,11,11.25,0.122222222222222,50,100,0.35,FALSE,"sample_id;plate;order_in_plate;run_order;sample_type","e2452e8cba452fa669bc0202c76b7fc52f8d16e63ff273bbdac6c9ce5adfc3e7","c5c683cfba18e4d870d792f255b1f6d2ebcce585c1800bfbbade6acae57610a1","f5b442fedafcd3b205157219e7ba5457b920c99ea4125f0a876e24e704304588","4c95c08e689ff664ed7f495833f42abd7232bd269c7bd96d290ec8238f00720b","b7d52e6fd792becbeb4c45718cc72d538fdfd2a5fb1870e880205ee9e3cd0e7c","4f38a87ed81d04f64b3be5dde506bb6d625116385e1c09b85f90de12db991e70","b7d59407a3cef323480a5495fa633bc3f13c9a57381758413f92c01659087947","eadf30409396efc2e674422ee1add83f42544279a22475a36b74ea68c9f5b7bf","51713e7bde83ec999e93f69e64b75c55cca79928421d86ccb6152db32e45cd76","3d2850a410e487fc2d251812bd54defdadba98d957bebc17fe7d0f7d9de725b0","77c020ac9be2221933e56477cb334d872f2007b9ad2a4a171a21a50719ea1216","2223385e12f5ed282883f97c8bab51824e8b1ce0441d97c943ac7ce342b47dd7","2bded44515a85e8cae6646d9e2011dc05fc932eff011b952d59889afc7230899","bundles/CONF16_joint_0p75.rds","c7e58cca8f3a2fff63e1ee2983081f08f297375a79053bcf8d3304bdcca0f0d5",TRUE
"CONF16","CONF16_batch_0p90",11,"batch",0.9,450,225,225,0.814922551799923,0.0180486558969516,0.0638021761843998,0.12244687726757,"~ phenotype + plate + within_plate_position_scaled",450,7,7,TRUE,10.5905006042299,2.62022191545187,86,85.5,0.955555555555556,86,85.5,0.955555555555556,45,45,0.5,4,4.5,0.0444444444444444,4,4.5,0.0444444444444444,50,100,0.35,FALSE,"sample_id;plate;order_in_plate;run_order;sample_type","e2452e8cba452fa669bc0202c76b7fc52f8d16e63ff273bbdac6c9ce5adfc3e7","afc647edde04579d0fada7fa5aff253a7a3014bac49f55998013e06e43e69008","f5b442fedafcd3b205157219e7ba5457b920c99ea4125f0a876e24e704304588","4c95c08e689ff664ed7f495833f42abd7232bd269c7bd96d290ec8238f00720b","b7d52e6fd792becbeb4c45718cc72d538fdfd2a5fb1870e880205ee9e3cd0e7c","4f38a87ed81d04f64b3be5dde506bb6d625116385e1c09b85f90de12db991e70","b7d59407a3cef323480a5495fa633bc3f13c9a57381758413f92c01659087947","eadf30409396efc2e674422ee1add83f42544279a22475a36b74ea68c9f5b7bf","51713e7bde83ec999e93f69e64b75c55cca79928421d86ccb6152db32e45cd76","3d2850a410e487fc2d251812bd54defdadba98d957bebc17fe7d0f7d9de725b0","f207308768a01a26d934eb9c1d4679f551dfc22d1680d8c64153ce44fb18de78","68ddcbca40403e469d351b3f99f9580420a27bf2b6c8555668700548470ff8c2","8181dbe7dd067ff7b62f1c31622b1688e77e87dadea9853bd51fd462f16af9de","bundles/CONF16_batch_0p90.rds","c7d5de36ee0ea9a2be0e3bc11d599a822d22e0a32143a6518339170fb12ed341",TRUE
"CONF16","CONF16_run_order_0p90",12,"run_order",0.9,450,225,225,0,0.85992008403817,0.85992008403817,0.862657320951452,"~ phenotype + plate + within_plate_position_scaled",450,7,7,TRUE,11.9988924300745,2.29034759517528,45,45,0.5,45,45,0.5,45,45,0.5,45,45,0.5,45,45,0.5,50,100,0.35,FALSE,"sample_id;plate;order_in_plate;run_order;sample_type","e2452e8cba452fa669bc0202c76b7fc52f8d16e63ff273bbdac6c9ce5adfc3e7","84d84318275963f5d12d5a47ebe369fc2182a7d6a8cb610b086b5242639ad5d3","f5b442fedafcd3b205157219e7ba5457b920c99ea4125f0a876e24e704304588","4c95c08e689ff664ed7f495833f42abd7232bd269c7bd96d290ec8238f00720b","b7d52e6fd792becbeb4c45718cc72d538fdfd2a5fb1870e880205ee9e3cd0e7c","4f38a87ed81d04f64b3be5dde506bb6d625116385e1c09b85f90de12db991e70","b7d59407a3cef323480a5495fa633bc3f13c9a57381758413f92c01659087947","eadf30409396efc2e674422ee1add83f42544279a22475a36b74ea68c9f5b7bf","51713e7bde83ec999e93f69e64b75c55cca79928421d86ccb6152db32e45cd76","3d2850a410e487fc2d251812bd54defdadba98d957bebc17fe7d0f7d9de725b0","35f757a26e8637e62cf700b784d24a673351f9fed1df04cd7784a2efc1866a12","fc434ccec73fd56a2441d8fa2bb5737aea9fb710c4bce575be5bce32e99ab106","b9ada9716ebd7264552e3210208a281e4e49506587652cfa82233528773f9bcd","bundles/CONF16_run_order_0p90.rds","ae5cd630e5c5933ed8cd5d1683e464a369924f28cfec6818b5c5d317a8ed7f11",TRUE
"CONF16","CONF16_joint_0p90",13,"joint",0.9,450,225,225,0.814922551799923,0.289719419540165,0.457589254506636,0.86009116134525,"~ phenotype + plate + within_plate_position_scaled",450,7,7,TRUE,12.5704912076543,2.19767395226525,86,85.5,0.955555555555556,86,85.5,0.955555555555556,45,45,0.5,4,4.5,0.0444444444444444,4,4.5,0.0444444444444444,50,100,0.35,FALSE,"sample_id;plate;order_in_plate;run_order;sample_type","e2452e8cba452fa669bc0202c76b7fc52f8d16e63ff273bbdac6c9ce5adfc3e7","92ca650676232730146ef951c4650dd9abf3294c5c24e864386b041266a1380e","f5b442fedafcd3b205157219e7ba5457b920c99ea4125f0a876e24e704304588","4c95c08e689ff664ed7f495833f42abd7232bd269c7bd96d290ec8238f00720b","b7d52e6fd792becbeb4c45718cc72d538fdfd2a5fb1870e880205ee9e3cd0e7c","4f38a87ed81d04f64b3be5dde506bb6d625116385e1c09b85f90de12db991e70","b7d59407a3cef323480a5495fa633bc3f13c9a57381758413f92c01659087947","eadf30409396efc2e674422ee1add83f42544279a22475a36b74ea68c9f5b7bf","51713e7bde83ec999e93f69e64b75c55cca79928421d86ccb6152db32e45cd76","3d2850a410e487fc2d251812bd54defdadba98d957bebc17fe7d0f7d9de725b0","cd653dca23faf61d492a4a36e724917e5bf22c54a419486b5021e82c0b525945","77ab3bf3c637f280a8f684c4c9552184b3700a3f1338ed163a98465e1c3c2c42","79466157a59f13342f969d35bba12b236bd60db029a26ba14bae08ca7493daca","bundles/CONF16_joint_0p90.rds","74767257e77a3659bb53831158ff01ead4af1f13360113169778b23be529a328",TRUE
"CONF16","CONF16_batch_1p00",14,"batch",1,450,225,225,0.894427190999916,0.01565357359783,0.0782678679891501,0.0782678679891501,"~ phenotype + plate + within_plate_position_scaled",450,7,7,TRUE,13.363553423864,2.07609254983093,90,90,1,90,90,1,45,45,0.5,0,0,0,0,0,0,50,100,0.35,FALSE,"sample_id;plate;order_in_plate;run_order;sample_type","e2452e8cba452fa669bc0202c76b7fc52f8d16e63ff273bbdac6c9ce5adfc3e7","8de66e42b27297f121f7fa695ed35c4f0eaa27e3bedd3e57ecf758377aa9aab6","f5b442fedafcd3b205157219e7ba5457b920c99ea4125f0a876e24e704304588","4c95c08e689ff664ed7f495833f42abd7232bd269c7bd96d290ec8238f00720b","b7d52e6fd792becbeb4c45718cc72d538fdfd2a5fb1870e880205ee9e3cd0e7c","4f38a87ed81d04f64b3be5dde506bb6d625116385e1c09b85f90de12db991e70","b7d59407a3cef323480a5495fa633bc3f13c9a57381758413f92c01659087947","eadf30409396efc2e674422ee1add83f42544279a22475a36b74ea68c9f5b7bf","51713e7bde83ec999e93f69e64b75c55cca79928421d86ccb6152db32e45cd76","3d2850a410e487fc2d251812bd54defdadba98d957bebc17fe7d0f7d9de725b0","e8b0ee2330a1fd67c430d1462effadb417f2d58ef622e9de85200647a9585a16","f6dfb12b33aec4c624b9d9496a0feaf6d575d9a23bf1db40c9b4625945bec1dc","8f9f8ddb18017c48c5ad0bb69b3458af27331b56c94c2a68bb284f91c436f3bd","bundles/CONF16_batch_1p00.rds","accf3e1416f3af27907a3c3e21f6797c0ae7953d0c424895339e4ad79004b228",TRUE
"CONF16","CONF16_run_order_1p00",15,"run_order",1,450,225,225,0,0.866078867093054,0.866078867093054,0.866078867093054,"~ phenotype + plate + within_plate_position_scaled",450,7,7,TRUE,12.2571850578752,2.24189736854381,45,45,0.5,45,45,0.5,45,45,0.5,45,45,0.5,45,45,0.5,50,100,0.35,FALSE,"sample_id;plate;order_in_plate;run_order;sample_type","e2452e8cba452fa669bc0202c76b7fc52f8d16e63ff273bbdac6c9ce5adfc3e7","8963cc4079f1b9d7288d7f581b269d4e0f67b9070c3d2a0106fb63e7c19c8f94","f5b442fedafcd3b205157219e7ba5457b920c99ea4125f0a876e24e704304588","4c95c08e689ff664ed7f495833f42abd7232bd269c7bd96d290ec8238f00720b","b7d52e6fd792becbeb4c45718cc72d538fdfd2a5fb1870e880205ee9e3cd0e7c","4f38a87ed81d04f64b3be5dde506bb6d625116385e1c09b85f90de12db991e70","b7d59407a3cef323480a5495fa633bc3f13c9a57381758413f92c01659087947","eadf30409396efc2e674422ee1add83f42544279a22475a36b74ea68c9f5b7bf","51713e7bde83ec999e93f69e64b75c55cca79928421d86ccb6152db32e45cd76","3d2850a410e487fc2d251812bd54defdadba98d957bebc17fe7d0f7d9de725b0","151e736f4ffff3859ba33d8926cb6489fe36679c09345d5c02f9e25a780677da","33f92ff545d3a8669b335fb463eb01944d728b50597103a671a0710283cb9893","8e16177db4fd18bfb3f4de51770590bedf71eceeb4c6476e8c9e5d13097299ab","bundles/CONF16_run_order_1p00.rds","bc1c2ba499f5a1069bd39f1081ef07ba3008f205f5ee09977714e7737c29161b",TRUE
"CONF16","CONF16_joint_1p00",16,"joint",1,450,225,225,0.894427190999916,0.173215773418611,0.866078867093054,0.866078867093054,"~ phenotype + plate + within_plate_position_scaled",450,7,7,TRUE,14.8598036973637,1.86190902773352,90,90,1,90,90,1,45,45,0.5,0,0,0,0,0,0,50,100,0.35,FALSE,"sample_id;plate;order_in_plate;run_order;sample_type","e2452e8cba452fa669bc0202c76b7fc52f8d16e63ff273bbdac6c9ce5adfc3e7","f1811de98440ee47cbe87006ee6a8b9408a1b07b07119c3173be0087da9ef52d","f5b442fedafcd3b205157219e7ba5457b920c99ea4125f0a876e24e704304588","4c95c08e689ff664ed7f495833f42abd7232bd269c7bd96d290ec8238f00720b","b7d52e6fd792becbeb4c45718cc72d538fdfd2a5fb1870e880205ee9e3cd0e7c","4f38a87ed81d04f64b3be5dde506bb6d625116385e1c09b85f90de12db991e70","b7d59407a3cef323480a5495fa633bc3f13c9a57381758413f92c01659087947","eadf30409396efc2e674422ee1add83f42544279a22475a36b74ea68c9f5b7bf","51713e7bde83ec999e93f69e64b75c55cca79928421d86ccb6152db32e45cd76","3d2850a410e487fc2d251812bd54defdadba98d957bebc17fe7d0f7d9de725b0","1d24f34bcf9828bd8786043a3008e63388610c609ccf0d91446d58b3aee28761","be06d4821283dc57e6f3268f60204a0768db6102de7d1c684f49926db766633f","05de13c5a88649933425a4134f3d58cfa387c933fa8adfdafb0cb96e1387f841","bundles/CONF16_joint_1p00.rds","b0b9856d6723a27be6cf5bcf1247c240db31c78f39971527b799f47152c36a93",TRUE
"CONF17","CONF17_none_0p00",1,"none",0,450,225,225,0,0.0310505312350399,0.0868217333431555,0.207431234834633,"~ phenotype + plate + within_plate_position_scaled",450,7,7,TRUE,7.20406864022371,3.86288624680805,45,45,0.5,45,45,0.5,45,45,0.5,45,45,0.5,45,45,0.5,50,100,0.35,FALSE,"sample_id;plate;order_in_plate;run_order;sample_type","e2452e8cba452fa669bc0202c76b7fc52f8d16e63ff273bbdac6c9ce5adfc3e7","bcf5bdf3a424f4538b3b6e9f79fd4b2ae85def985235d7e339188917b2b833a4","d7fa4372635db9a523996e353b770d5478244faa5cde045b77e7d111e8077674","8f77a3df1f81ddbc35a0f2a3c3e199b84696ad5fbab6f82cd143f8d26dc6ce8a","599c28e9cc0fb0dc54af9291f25c7ba86b048a9af2d0fd360d39974e283d304e","2f2ae1f99cafa6763398577f830b76b1ba9bab003d3f8094f3e5ab9081ee88d1","b7d59407a3cef323480a5495fa633bc3f13c9a57381758413f92c01659087947","13823d531d88144048b1899f10e5f7b3a950e62deca750ac498a72acdce792a0","25ee1ef7af20489048d9a9639ea534ceaf2e19db8365488b327aa232b71bbb94","069b56a7910aa6f8df14d44d8f3b3b028d924b42410445f2c51e88fb34ea8bdf","65bd1b514d55de6e9c33ff86d2724934e7b076128ed79c80f0bf62addf3ef693","8901315039a25a42c6c077857f0b1c3c8fc2e61e684514c4ad7df6143e706161","2f9c3c3fc0adaf70ff1868679c274683b1779ea26c270c465940c639922e5b3f","bundles/CONF17_none_0p00.rds","6744adc54857e42d20bbd05524f92c6b2a524a5e379dc364c466fa412f08f6e5",TRUE
"CONF17","CONF17_batch_0p25",2,"batch",0.25,450,225,225,0.218637757799979,0.0491847257855315,0.104633358808672,0.2646443985907,"~ phenotype + plate + within_plate_position_scaled",450,7,7,TRUE,7.33464506056453,3.79175813659424,56,56.25,0.622222222222222,56,56.25,0.622222222222222,45,45,0.5,34,33.75,0.377777777777778,34,33.75,0.377777777777778,50,100,0.35,FALSE,"sample_id;plate;order_in_plate;run_order;sample_type","e2452e8cba452fa669bc0202c76b7fc52f8d16e63ff273bbdac6c9ce5adfc3e7","c0d8c9191f9fd9b778dda1855a863d1da6e5a8df2c348488dc3b7019688f0ecc","d7fa4372635db9a523996e353b770d5478244faa5cde045b77e7d111e8077674","8f77a3df1f81ddbc35a0f2a3c3e199b84696ad5fbab6f82cd143f8d26dc6ce8a","599c28e9cc0fb0dc54af9291f25c7ba86b048a9af2d0fd360d39974e283d304e","2f2ae1f99cafa6763398577f830b76b1ba9bab003d3f8094f3e5ab9081ee88d1","b7d59407a3cef323480a5495fa633bc3f13c9a57381758413f92c01659087947","13823d531d88144048b1899f10e5f7b3a950e62deca750ac498a72acdce792a0","25ee1ef7af20489048d9a9639ea534ceaf2e19db8365488b327aa232b71bbb94","069b56a7910aa6f8df14d44d8f3b3b028d924b42410445f2c51e88fb34ea8bdf","5cb73cd481b27bd0837c80644456e0d672ac8bb5de356abc30fbbe9b2e774731","ca8b86c927e5444604947f34813a4b2d57b38d4d58bd29f434a35bd7c22f2580","1a0b261b185776ab70002255462bfea338d6a92fda29cff5b410382d48205a56","bundles/CONF17_batch_0p25.rds","e8d7c7806d39c6a17ca7fb9f164be27ffe5460659f113f8b9513ffcc9c14a2e7",TRUE
"CONF17","CONF17_run_order_0p25",3,"run_order",0.25,450,225,225,0,0.350622940860684,0.350622940860684,0.393905499551952,"~ phenotype + plate + within_plate_position_scaled",450,7,7,TRUE,7.29780245326017,3.79235368472047,45,45,0.5,45,45,0.5,45,45,0.5,45,45,0.5,45,45,0.5,50,100,0.35,FALSE,"sample_id;plate;order_in_plate;run_order;sample_type","e2452e8cba452fa669bc0202c76b7fc52f8d16e63ff273bbdac6c9ce5adfc3e7","c44504bfd25b11e5527698b0291cd22e13e9da8e97b35e31e9706c18b1102a2a","d7fa4372635db9a523996e353b770d5478244faa5cde045b77e7d111e8077674","8f77a3df1f81ddbc35a0f2a3c3e199b84696ad5fbab6f82cd143f8d26dc6ce8a","599c28e9cc0fb0dc54af9291f25c7ba86b048a9af2d0fd360d39974e283d304e","2f2ae1f99cafa6763398577f830b76b1ba9bab003d3f8094f3e5ab9081ee88d1","b7d59407a3cef323480a5495fa633bc3f13c9a57381758413f92c01659087947","13823d531d88144048b1899f10e5f7b3a950e62deca750ac498a72acdce792a0","25ee1ef7af20489048d9a9639ea534ceaf2e19db8365488b327aa232b71bbb94","069b56a7910aa6f8df14d44d8f3b3b028d924b42410445f2c51e88fb34ea8bdf","f84e5abc755e178b5c7dac2fcd22102054a3f4aed3b394740b2c1cf34540dde0","4a5f0170338e4b323700d70cca5a4d0f8320fe083473efe5f1cd6264053f7c15","7749d2692f25868aaca36e0d9b8fadf107f0096c4611c9f825aa99bbf7ddd56c","bundles/CONF17_run_order_0p25.rds","9f5e91dd7c4a91b29b20505eee66f4ba06daf3a5fc81f89284fdb7cf8a094c07",TRUE
"CONF17","CONF17_joint_0p25",4,"joint",0.25,450,225,225,0.218637757799979,0.347372472026162,0.355775570435323,0.45783480956191,"~ phenotype + plate + within_plate_position_scaled",450,7,7,TRUE,7.59735550992952,3.63974773878145,56,56.25,0.622222222222222,56,56.25,0.622222222222222,45,45,0.5,34,33.75,0.377777777777778,34,33.75,0.377777777777778,50,100,0.35,FALSE,"sample_id;plate;order_in_plate;run_order;sample_type","e2452e8cba452fa669bc0202c76b7fc52f8d16e63ff273bbdac6c9ce5adfc3e7","aa800e04aea1e77d0a85d42a672fd12425fde59f5fb1225670952b679a19ecb5","d7fa4372635db9a523996e353b770d5478244faa5cde045b77e7d111e8077674","8f77a3df1f81ddbc35a0f2a3c3e199b84696ad5fbab6f82cd143f8d26dc6ce8a","599c28e9cc0fb0dc54af9291f25c7ba86b048a9af2d0fd360d39974e283d304e","2f2ae1f99cafa6763398577f830b76b1ba9bab003d3f8094f3e5ab9081ee88d1","b7d59407a3cef323480a5495fa633bc3f13c9a57381758413f92c01659087947","13823d531d88144048b1899f10e5f7b3a950e62deca750ac498a72acdce792a0","25ee1ef7af20489048d9a9639ea534ceaf2e19db8365488b327aa232b71bbb94","069b56a7910aa6f8df14d44d8f3b3b028d924b42410445f2c51e88fb34ea8bdf","e19ed102d1793265c0ddd4076ccd77085815429fa2ab3e463da3c8f3c6e6d56a","6a50d70992345ba1e227c22d3283676b5fba520fcac82c9d61934d05a47873cf","a0046046af0ab90b6e0e67c3a304d10f298260d31fb8d3a328e70d308f0d281c","bundles/CONF17_joint_0p25.rds","f304fa2fa4b0f6666f1740d390405d36ad61b227d9ea33bceb62c8ae41b0b4ec",TRUE
"CONF17","CONF17_batch_0p50",5,"batch",0.5,450,225,225,0.457151675399957,0.0457631796439293,0.0695569093477395,0.246808894984856,"~ phenotype + plate + within_plate_position_scaled",450,7,7,TRUE,7.72495334132772,3.59704164614644,68,67.5,0.755555555555556,68,67.5,0.755555555555556,45,45,0.5,22,22.5,0.244444444444444,22,22.5,0.244444444444444,50,100,0.35,FALSE,"sample_id;plate;order_in_plate;run_order;sample_type","e2452e8cba452fa669bc0202c76b7fc52f8d16e63ff273bbdac6c9ce5adfc3e7","13417341f688c0c038a650c789bdd4fa3569fe9ba2945843278517162e1f5088","d7fa4372635db9a523996e353b770d5478244faa5cde045b77e7d111e8077674","8f77a3df1f81ddbc35a0f2a3c3e199b84696ad5fbab6f82cd143f8d26dc6ce8a","599c28e9cc0fb0dc54af9291f25c7ba86b048a9af2d0fd360d39974e283d304e","2f2ae1f99cafa6763398577f830b76b1ba9bab003d3f8094f3e5ab9081ee88d1","b7d59407a3cef323480a5495fa633bc3f13c9a57381758413f92c01659087947","13823d531d88144048b1899f10e5f7b3a950e62deca750ac498a72acdce792a0","25ee1ef7af20489048d9a9639ea534ceaf2e19db8365488b327aa232b71bbb94","069b56a7910aa6f8df14d44d8f3b3b028d924b42410445f2c51e88fb34ea8bdf","48c0aaa244f867abbd98a206a732a5c055b1699b24fb30a081478ee7a6bb4833","605380e2666f20fe65e283811139fa51567b98a9e15edba8cf98a7ca3e49476d","a583c980f9f230d486edc90e9e2728fc8930f11506d6d26207a5da41ba16a07e","bundles/CONF17_batch_0p50.rds","506f8ee3a0aefa136ee03cdc8a05acf0c9a7b773241d872f5b1a76d9f4fd7ab4",TRUE
"CONF17","CONF17_run_order_0p50",6,"run_order",0.5,450,225,225,0,0.634098038692426,0.634098038692426,0.673616896627931,"~ phenotype + plate + within_plate_position_scaled",450,7,7,TRUE,8.01328252343574,3.44009206697499,45,45,0.5,45,45,0.5,45,45,0.5,45,45,0.5,45,45,0.5,50,100,0.35,FALSE,"sample_id;plate;order_in_plate;run_order;sample_type","e2452e8cba452fa669bc0202c76b7fc52f8d16e63ff273bbdac6c9ce5adfc3e7","30609d6dab0b4fc40a55de788ac2a36dc8c41f9c55629adbbc9a28e9dd6d2cbc","d7fa4372635db9a523996e353b770d5478244faa5cde045b77e7d111e8077674","8f77a3df1f81ddbc35a0f2a3c3e199b84696ad5fbab6f82cd143f8d26dc6ce8a","599c28e9cc0fb0dc54af9291f25c7ba86b048a9af2d0fd360d39974e283d304e","2f2ae1f99cafa6763398577f830b76b1ba9bab003d3f8094f3e5ab9081ee88d1","b7d59407a3cef323480a5495fa633bc3f13c9a57381758413f92c01659087947","13823d531d88144048b1899f10e5f7b3a950e62deca750ac498a72acdce792a0","25ee1ef7af20489048d9a9639ea534ceaf2e19db8365488b327aa232b71bbb94","069b56a7910aa6f8df14d44d8f3b3b028d924b42410445f2c51e88fb34ea8bdf","ae0a05b9df4f85694c8d49f80b42467a1b697abad12de371fcf1947c2da6c277","69e7dab640744b3cc9209e94bdb5adedcb0066ef4f853d03533d369250d22895","f2708a8193f8d6fd8eb3dda7d1b65288ae32403dcb3b8a044204f3dff4d46df3","bundles/CONF17_run_order_0p50.rds","dd71203c339cc2b467592fe12de900793e2914868ac6dcde8214a3b532d886a6",TRUE
"CONF17","CONF17_joint_0p50",7,"joint",0.5,450,225,225,0.457151675399957,0.503052821469062,0.563255275214615,0.673616896627931,"~ phenotype + plate + within_plate_position_scaled",450,7,7,TRUE,9.04776298687781,3.04705942461805,68,67.5,0.755555555555556,68,67.5,0.755555555555556,45,45,0.5,22,22.5,0.244444444444444,22,22.5,0.244444444444444,50,100,0.35,FALSE,"sample_id;plate;order_in_plate;run_order;sample_type","e2452e8cba452fa669bc0202c76b7fc52f8d16e63ff273bbdac6c9ce5adfc3e7","71213966129871751ae9671ea27abccc0a33f83b64f85a89a820f387b894634e","d7fa4372635db9a523996e353b770d5478244faa5cde045b77e7d111e8077674","8f77a3df1f81ddbc35a0f2a3c3e199b84696ad5fbab6f82cd143f8d26dc6ce8a","599c28e9cc0fb0dc54af9291f25c7ba86b048a9af2d0fd360d39974e283d304e","2f2ae1f99cafa6763398577f830b76b1ba9bab003d3f8094f3e5ab9081ee88d1","b7d59407a3cef323480a5495fa633bc3f13c9a57381758413f92c01659087947","13823d531d88144048b1899f10e5f7b3a950e62deca750ac498a72acdce792a0","25ee1ef7af20489048d9a9639ea534ceaf2e19db8365488b327aa232b71bbb94","069b56a7910aa6f8df14d44d8f3b3b028d924b42410445f2c51e88fb34ea8bdf","5f3cc9d0f03fcd0749f1a1b8b03950b38fd6fc7303e17d487d7b1fb2dd298a82","a09cd31b6e600b0a8b3efa662147f2fc3eb75c06878fca5ce3673d7024dc42ac","ab1129c78a6071aaddebe4773286258e23c98f6eebce7d3df781a8b0ca403c99","bundles/CONF17_joint_0p50.rds","89c2ac300f825f3e77bf0eb0c96f51b34a51533dabd023043fb08cafa15a3cbe",TRUE
"CONF17","CONF17_batch_0p75",8,"batch",0.75,450,225,225,0.675789433199936,0.0324191496916808,0.0750811569273876,0.233079058839723,"~ phenotype + plate + within_plate_position_scaled",450,7,7,TRUE,8.73610392015945,3.17811836118608,79,78.75,0.877777777777778,79,78.75,0.877777777777778,45,45,0.5,11,11.25,0.122222222222222,11,11.25,0.122222222222222,50,100,0.35,FALSE,"sample_id;plate;order_in_plate;run_order;sample_type","e2452e8cba452fa669bc0202c76b7fc52f8d16e63ff273bbdac6c9ce5adfc3e7","eb1bf3484e6bed8ff9c21102fac70c61fdcce56358d12d53364e1c6d9e4b3730","d7fa4372635db9a523996e353b770d5478244faa5cde045b77e7d111e8077674","8f77a3df1f81ddbc35a0f2a3c3e199b84696ad5fbab6f82cd143f8d26dc6ce8a","599c28e9cc0fb0dc54af9291f25c7ba86b048a9af2d0fd360d39974e283d304e","2f2ae1f99cafa6763398577f830b76b1ba9bab003d3f8094f3e5ab9081ee88d1","b7d59407a3cef323480a5495fa633bc3f13c9a57381758413f92c01659087947","13823d531d88144048b1899f10e5f7b3a950e62deca750ac498a72acdce792a0","25ee1ef7af20489048d9a9639ea534ceaf2e19db8365488b327aa232b71bbb94","069b56a7910aa6f8df14d44d8f3b3b028d924b42410445f2c51e88fb34ea8bdf","973b5757213e897ce69692bc8331dff165ef3b5c51d1bf231b66565ad3f6d1ea","22a64429158df2f19f4a75b4e193e6438c7ba223f8b8a0e0f501871673ca8184","4702152c7135af9854dbf9f565d8ebb90706af80ecfee4872f6e1dbabe9ecb55","bundles/CONF17_batch_0p75.rds","cacd52fe0d3ce133db502d6b5011ad10791b8f0f9e5a6a529a770414f5bdc6d4",TRUE
"CONF17","CONF17_run_order_0p75",9,"run_order",0.75,450,225,225,0,0.802951340780494,0.802951340780494,0.818177221110624,"~ phenotype + plate + within_plate_position_scaled",450,7,7,TRUE,10.2434077957251,2.68492969021219,45,45,0.5,45,45,0.5,45,45,0.5,45,45,0.5,45,45,0.5,50,100,0.35,FALSE,"sample_id;plate;order_in_plate;run_order;sample_type","e2452e8cba452fa669bc0202c76b7fc52f8d16e63ff273bbdac6c9ce5adfc3e7","7008ef526bbef12293bcec8e46468b2f5d5b7e18c55c523040b59fd815edb669","d7fa4372635db9a523996e353b770d5478244faa5cde045b77e7d111e8077674","8f77a3df1f81ddbc35a0f2a3c3e199b84696ad5fbab6f82cd143f8d26dc6ce8a","599c28e9cc0fb0dc54af9291f25c7ba86b048a9af2d0fd360d39974e283d304e","2f2ae1f99cafa6763398577f830b76b1ba9bab003d3f8094f3e5ab9081ee88d1","b7d59407a3cef323480a5495fa633bc3f13c9a57381758413f92c01659087947","13823d531d88144048b1899f10e5f7b3a950e62deca750ac498a72acdce792a0","25ee1ef7af20489048d9a9639ea534ceaf2e19db8365488b327aa232b71bbb94","069b56a7910aa6f8df14d44d8f3b3b028d924b42410445f2c51e88fb34ea8bdf","fe6eeefbc08775d091a332e4b835111bba78cd44af5f9a4f63226bec34d61569","980663059d853f73aafb24efcc10349be1756dffe79503e24f80e076c201c0c1","aefb8067cc8f2f54a921ef847e123d408c4663c2531c7080d923a5a6c935a8ad","bundles/CONF17_run_order_0p75.rds","f817720d63eb14f5860f3d0a9693a3dc53111ee38bf20adea6ac80c99b3c6ab9",TRUE
"CONF17","CONF17_joint_0p75",10,"joint",0.75,450,225,225,0.675789433199936,0.438385599392781,0.583857854930283,0.810478742292019,"~ phenotype + plate + within_plate_position_scaled",450,7,7,TRUE,10.9586982925397,2.51642769356522,79,78.75,0.877777777777778,79,78.75,0.877777777777778,45,45,0.5,11,11.25,0.122222222222222,11,11.25,0.122222222222222,50,100,0.35,FALSE,"sample_id;plate;order_in_plate;run_order;sample_type","e2452e8cba452fa669bc0202c76b7fc52f8d16e63ff273bbdac6c9ce5adfc3e7","d6528d9f9ece29d27b21168d21a69bd4eb536d374bca38e72b7e1df1c65becd8","d7fa4372635db9a523996e353b770d5478244faa5cde045b77e7d111e8077674","8f77a3df1f81ddbc35a0f2a3c3e199b84696ad5fbab6f82cd143f8d26dc6ce8a","599c28e9cc0fb0dc54af9291f25c7ba86b048a9af2d0fd360d39974e283d304e","2f2ae1f99cafa6763398577f830b76b1ba9bab003d3f8094f3e5ab9081ee88d1","b7d59407a3cef323480a5495fa633bc3f13c9a57381758413f92c01659087947","13823d531d88144048b1899f10e5f7b3a950e62deca750ac498a72acdce792a0","25ee1ef7af20489048d9a9639ea534ceaf2e19db8365488b327aa232b71bbb94","069b56a7910aa6f8df14d44d8f3b3b028d924b42410445f2c51e88fb34ea8bdf","d3b4d3d177bb2946682b8796674da484fb38b28a38e7db7f24c729230c96ed94","a04e482778b9a1a21fedd6ce2baf0d40e32073483adc93fadba3c45a609bc1a3","cb12e534ba3c4d43806eb7f683cdaa6374893de3ed3d9024e5c40727fc9aa681","bundles/CONF17_joint_0p75.rds","4e76155a92c3283658846ca40313114fa84be04a42c513724736430980338e72",TRUE
"CONF17","CONF17_batch_0p90",11,"batch",0.9,450,225,225,0.814922551799923,0.0192461970465123,0.0431578886551085,0.103768540057262,"~ phenotype + plate + within_plate_position_scaled",450,7,7,TRUE,10.5889992081475,2.62063961192069,86,85.5,0.955555555555556,86,85.5,0.955555555555556,45,45,0.5,4,4.5,0.0444444444444444,4,4.5,0.0444444444444444,50,100,0.35,FALSE,"sample_id;plate;order_in_plate;run_order;sample_type","e2452e8cba452fa669bc0202c76b7fc52f8d16e63ff273bbdac6c9ce5adfc3e7","a45cce0af90c64f588a67c80ab89bcf6a51f6eebd677efd0875524d558589be2","d7fa4372635db9a523996e353b770d5478244faa5cde045b77e7d111e8077674","8f77a3df1f81ddbc35a0f2a3c3e199b84696ad5fbab6f82cd143f8d26dc6ce8a","599c28e9cc0fb0dc54af9291f25c7ba86b048a9af2d0fd360d39974e283d304e","2f2ae1f99cafa6763398577f830b76b1ba9bab003d3f8094f3e5ab9081ee88d1","b7d59407a3cef323480a5495fa633bc3f13c9a57381758413f92c01659087947","13823d531d88144048b1899f10e5f7b3a950e62deca750ac498a72acdce792a0","25ee1ef7af20489048d9a9639ea534ceaf2e19db8365488b327aa232b71bbb94","069b56a7910aa6f8df14d44d8f3b3b028d924b42410445f2c51e88fb34ea8bdf","4b43d46f564a770fe8bccab49fddbd2b01b2793e2eeba7f11af6f483116b5e92","207fd27ebe9d2271b0de1de3e46fbe8303710e7e194725b433d08c94f8a65408","849e88fcc55682ac3850627611eaeddf3c488de03787bd4d07e36fcc5feccfc6","bundles/CONF17_batch_0p90.rds","e2e312acb9187ebd732c884de3c4561b5ef15f0403b6e7b6a95be4b73df1c32c",TRUE
"CONF17","CONF17_run_order_0p90",12,"run_order",0.9,450,225,225,0,0.854445610211607,0.854445610211607,0.86009116134525,"~ phenotype + plate + within_plate_position_scaled",450,7,7,TRUE,11.7837446427643,2.33233715759618,45,45,0.5,45,45,0.5,45,45,0.5,45,45,0.5,45,45,0.5,50,100,0.35,FALSE,"sample_id;plate;order_in_plate;run_order;sample_type","e2452e8cba452fa669bc0202c76b7fc52f8d16e63ff273bbdac6c9ce5adfc3e7","bde84ce0524f6fff59b095ef238b9d9648ecde8dedde2778f3c2deb36bd6e9b5","d7fa4372635db9a523996e353b770d5478244faa5cde045b77e7d111e8077674","8f77a3df1f81ddbc35a0f2a3c3e199b84696ad5fbab6f82cd143f8d26dc6ce8a","599c28e9cc0fb0dc54af9291f25c7ba86b048a9af2d0fd360d39974e283d304e","2f2ae1f99cafa6763398577f830b76b1ba9bab003d3f8094f3e5ab9081ee88d1","b7d59407a3cef323480a5495fa633bc3f13c9a57381758413f92c01659087947","13823d531d88144048b1899f10e5f7b3a950e62deca750ac498a72acdce792a0","25ee1ef7af20489048d9a9639ea534ceaf2e19db8365488b327aa232b71bbb94","069b56a7910aa6f8df14d44d8f3b3b028d924b42410445f2c51e88fb34ea8bdf","dbe51adb217c775a520865ba6077897f73ac60683c6003dfa405735735daee8c","cb2fb3e040d3e19f206030801439cb8592953b045524d6361ee5a102f94bc81e","b27c487682fe79490ffbcb7bd5aed79929954678314a42ed13b358b09b722896","bundles/CONF17_run_order_0p90.rds","c22386db9e017f7aa1ff387cc738e1799c10875b550cfd1a110c07eebae2f7d4",TRUE
"CONF17","CONF17_joint_0p90",13,"joint",0.9,450,225,225,0.814922551799923,0.289719419540165,0.457589254506636,0.86009116134525,"~ phenotype + plate + within_plate_position_scaled",450,7,7,TRUE,12.5704912076543,2.19767395226525,86,85.5,0.955555555555556,86,85.5,0.955555555555556,45,45,0.5,4,4.5,0.0444444444444444,4,4.5,0.0444444444444444,50,100,0.35,FALSE,"sample_id;plate;order_in_plate;run_order;sample_type","e2452e8cba452fa669bc0202c76b7fc52f8d16e63ff273bbdac6c9ce5adfc3e7","972e936b2e8328ceff17f0d1c5022fdc7b42b8609ba6226113eb39f2868441bf","d7fa4372635db9a523996e353b770d5478244faa5cde045b77e7d111e8077674","8f77a3df1f81ddbc35a0f2a3c3e199b84696ad5fbab6f82cd143f8d26dc6ce8a","599c28e9cc0fb0dc54af9291f25c7ba86b048a9af2d0fd360d39974e283d304e","2f2ae1f99cafa6763398577f830b76b1ba9bab003d3f8094f3e5ab9081ee88d1","b7d59407a3cef323480a5495fa633bc3f13c9a57381758413f92c01659087947","13823d531d88144048b1899f10e5f7b3a950e62deca750ac498a72acdce792a0","25ee1ef7af20489048d9a9639ea534ceaf2e19db8365488b327aa232b71bbb94","069b56a7910aa6f8df14d44d8f3b3b028d924b42410445f2c51e88fb34ea8bdf","cd0bf255278df9e7d03480d3e764cb9391e742115ec7c20ef4bda4a902a0b954","2f043da6822f54675c8826e4928ab9015a84a4e05a80f44697cee0f736aad3a5","9b634ae21574881c9d814e59d19d6e1fff052e616f2a96f346be51dc3e351062","bundles/CONF17_joint_0p90.rds","535f07ab501d4a2a95b4071e106ee2ae30a6557bee60f79517fcde26b5080074",TRUE
"CONF17","CONF17_batch_1p00",14,"batch",1,450,225,225,0.894427190999916,0.00248062095266159,0.0124031047633079,0.0124031047633079,"~ phenotype + plate + within_plate_position_scaled",450,7,7,TRUE,13.386360848175,2.07215368885452,90,90,1,90,90,1,45,45,0.5,0,0,0,0,0,0,50,100,0.35,FALSE,"sample_id;plate;order_in_plate;run_order;sample_type","e2452e8cba452fa669bc0202c76b7fc52f8d16e63ff273bbdac6c9ce5adfc3e7","fb9c1992162fdd602373b26b02ce6c1818981e6516e8ed1b17d949ee9c17a421","d7fa4372635db9a523996e353b770d5478244faa5cde045b77e7d111e8077674","8f77a3df1f81ddbc35a0f2a3c3e199b84696ad5fbab6f82cd143f8d26dc6ce8a","599c28e9cc0fb0dc54af9291f25c7ba86b048a9af2d0fd360d39974e283d304e","2f2ae1f99cafa6763398577f830b76b1ba9bab003d3f8094f3e5ab9081ee88d1","b7d59407a3cef323480a5495fa633bc3f13c9a57381758413f92c01659087947","13823d531d88144048b1899f10e5f7b3a950e62deca750ac498a72acdce792a0","25ee1ef7af20489048d9a9639ea534ceaf2e19db8365488b327aa232b71bbb94","069b56a7910aa6f8df14d44d8f3b3b028d924b42410445f2c51e88fb34ea8bdf","cf8dd926704f3b383e9cdfe31c07feb62f957a8cbf93146891ad4c30363d6379","8968e2159df8d7ed17d3400aaf0268e0911ab41b0e652bb7859b45cbc5e0fb7a","24a2ba5c0f1491492065fd0600ac5a535ac33f7adea393207f3ad54909a6b1a5","bundles/CONF17_batch_1p00.rds","c56464d6f9632318cebf481160ca22a26bc3face7c80feb6a30bfe9b22d2e224",TRUE
"CONF17","CONF17_run_order_1p00",15,"run_order",1,450,225,225,0,0.866078867093054,0.866078867093054,0.866078867093054,"~ phenotype + plate + within_plate_position_scaled",450,7,7,TRUE,12.2571850578752,2.24189736854381,45,45,0.5,45,45,0.5,45,45,0.5,45,45,0.5,45,45,0.5,50,100,0.35,FALSE,"sample_id;plate;order_in_plate;run_order;sample_type","e2452e8cba452fa669bc0202c76b7fc52f8d16e63ff273bbdac6c9ce5adfc3e7","68593bebbe9eaf79918cf116bfe49fb0714028053b16d577f809791cab36737d","d7fa4372635db9a523996e353b770d5478244faa5cde045b77e7d111e8077674","8f77a3df1f81ddbc35a0f2a3c3e199b84696ad5fbab6f82cd143f8d26dc6ce8a","599c28e9cc0fb0dc54af9291f25c7ba86b048a9af2d0fd360d39974e283d304e","2f2ae1f99cafa6763398577f830b76b1ba9bab003d3f8094f3e5ab9081ee88d1","b7d59407a3cef323480a5495fa633bc3f13c9a57381758413f92c01659087947","13823d531d88144048b1899f10e5f7b3a950e62deca750ac498a72acdce792a0","25ee1ef7af20489048d9a9639ea534ceaf2e19db8365488b327aa232b71bbb94","069b56a7910aa6f8df14d44d8f3b3b028d924b42410445f2c51e88fb34ea8bdf","151e736f4ffff3859ba33d8926cb6489fe36679c09345d5c02f9e25a780677da","17d03b582e691867c6ce94c2d636d4487a16584e14102f4316e180da70103305","ee5b0e8dfef548985130e629132254898827857495e2b221d413204eb11fcf93","bundles/CONF17_run_order_1p00.rds","1163599e83f47dd6ab85e1bd77fc18370912891d8ffc1544651416747ca10454",TRUE
"CONF17","CONF17_joint_1p00",16,"joint",1,450,225,225,0.894427190999916,0.173215773418611,0.866078867093054,0.866078867093054,"~ phenotype + plate + within_plate_position_scaled",450,7,7,TRUE,14.8598036973637,1.86190902773352,90,90,1,90,90,1,45,45,0.5,0,0,0,0,0,0,50,100,0.35,FALSE,"sample_id;plate;order_in_plate;run_order;sample_type","e2452e8cba452fa669bc0202c76b7fc52f8d16e63ff273bbdac6c9ce5adfc3e7","c15dfa659efc2f52acfe7fd9f599dedbc4bddc212af4dac857a3bc2e5cccb5b3","d7fa4372635db9a523996e353b770d5478244faa5cde045b77e7d111e8077674","8f77a3df1f81ddbc35a0f2a3c3e199b84696ad5fbab6f82cd143f8d26dc6ce8a","599c28e9cc0fb0dc54af9291f25c7ba86b048a9af2d0fd360d39974e283d304e","2f2ae1f99cafa6763398577f830b76b1ba9bab003d3f8094f3e5ab9081ee88d1","b7d59407a3cef323480a5495fa633bc3f13c9a57381758413f92c01659087947","13823d531d88144048b1899f10e5f7b3a950e62deca750ac498a72acdce792a0","25ee1ef7af20489048d9a9639ea534ceaf2e19db8365488b327aa232b71bbb94","069b56a7910aa6f8df14d44d8f3b3b028d924b42410445f2c51e88fb34ea8bdf","1d24f34bcf9828bd8786043a3008e63388610c609ccf0d91446d58b3aee28761","3483433001cd058235ae7f40866b9d57e75029488f1c16aeeabb53e6ff6b5e30","140a3f76d73183447fd685f1e9a0f49e5bec91746752d2655cf2ee1bf186f2f3","bundles/CONF17_joint_1p00.rds","38a2e74c6b56118c35add12b122677eaaa5ae46f05ab9a23915a433a1954a272",TRUE
"CONF18","CONF18_none_0p00",1,"none",0,450,225,225,0,0.0396043965890454,0.102903000208686,0.135578765860987,"~ phenotype + plate + within_plate_position_scaled",450,7,7,TRUE,7.20816553066977,3.85670567941344,45,45,0.5,45,45,0.5,45,45,0.5,45,45,0.5,45,45,0.5,50,100,0.35,FALSE,"sample_id;plate;order_in_plate;run_order;sample_type","e2452e8cba452fa669bc0202c76b7fc52f8d16e63ff273bbdac6c9ce5adfc3e7","87c1378c01052e5bed6b3d9886d1bcae9f69cdefc6afc9045d04e432e6998c48","b572a598a4116a5a74fa67a0793174a5d456043f18e4aa7773917bdb258538e9","6b87185aa562f614427a353ccf8d2e46aeda83bdee542d95b563d7499d4c4cd2","9cd45c4066c5781cad037e8da1455f1fce29c562b223d0b3936f585acbcc95a3","e5971cb51fb9fd804f7ecd17928a7c19b6a90c62424017979a373c2db23047ba","b7d59407a3cef323480a5495fa633bc3f13c9a57381758413f92c01659087947","1b386a2b24507fea925665e49ad735a157ad946df01db183a6f0a319ff382abc","37d859945361ddb09cb5d1e0eecd8aced06d1fb998823cd3ae9e23af63f80069","5ce88c01656f29d7972f4781b56e912ac038610c19ae0beaf3f926bb7599f2be","320bfdd7db8c75084adae7a2a355449f816537cbb7c35df9e80332dbb25ba0d6","e3a777142da2344babc1fef83b89f23219e307486318a8a71a9fd53ea75e7926","d67b5135d4c48ceff0876111d8008c7bb8ffeabedf378c345540ca67a8f2b21b","bundles/CONF18_none_0p00.rds","9acbba7b7b568d73f02c9573c682d58ff25704436e0db5925c271af73c306278",TRUE
"CONF18","CONF18_batch_0p25",2,"batch",0.25,450,225,225,0.218637757799979,0.0548302769191751,0.129888768789055,0.212597666867862,"~ phenotype + plate + within_plate_position_scaled",450,7,7,TRUE,7.36714053383484,3.76929340262202,56,56.25,0.622222222222222,56,56.25,0.622222222222222,45,45,0.5,34,33.75,0.377777777777778,34,33.75,0.377777777777778,50,100,0.35,FALSE,"sample_id;plate;order_in_plate;run_order;sample_type","e2452e8cba452fa669bc0202c76b7fc52f8d16e63ff273bbdac6c9ce5adfc3e7","36dced170e5e13000fda614b0a3940467ebb31c0f5ec2425b2b41782c106419e","b572a598a4116a5a74fa67a0793174a5d456043f18e4aa7773917bdb258538e9","6b87185aa562f614427a353ccf8d2e46aeda83bdee542d95b563d7499d4c4cd2","9cd45c4066c5781cad037e8da1455f1fce29c562b223d0b3936f585acbcc95a3","e5971cb51fb9fd804f7ecd17928a7c19b6a90c62424017979a373c2db23047ba","b7d59407a3cef323480a5495fa633bc3f13c9a57381758413f92c01659087947","1b386a2b24507fea925665e49ad735a157ad946df01db183a6f0a319ff382abc","37d859945361ddb09cb5d1e0eecd8aced06d1fb998823cd3ae9e23af63f80069","5ce88c01656f29d7972f4781b56e912ac038610c19ae0beaf3f926bb7599f2be","87fa48dd6f860523f87fb2b3e49fb5ddada3eaf08583cd293d942ec2c8379d52","4c3ec06277fb16736aaed049264765307c59d02f358f62a8cc4ab2851819ec19","3383f6fa23cdfda3e450bed938a480a9d9e6307ac94e1446c2418a7babb6b27b","bundles/CONF18_batch_0p25.rds","4c8539391b87429aea642eeb2c432853618fec982e8ad52002b5d94c5326c590",TRUE
"CONF18","CONF18_run_order_0p25",3,"run_order",0.25,450,225,225,0,0.409986766417482,0.409986766417482,0.4691795146672,"~ phenotype + plate + within_plate_position_scaled",450,7,7,TRUE,7.34774613752779,3.76342036432652,45,45,0.5,45,45,0.5,45,45,0.5,45,45,0.5,45,45,0.5,50,100,0.35,FALSE,"sample_id;plate;order_in_plate;run_order;sample_type","e2452e8cba452fa669bc0202c76b7fc52f8d16e63ff273bbdac6c9ce5adfc3e7","1ebbf8d5aa7eed8c5b4573467488c91765b8c5c80905fbfe7fd8b5f9ea27dece","b572a598a4116a5a74fa67a0793174a5d456043f18e4aa7773917bdb258538e9","6b87185aa562f614427a353ccf8d2e46aeda83bdee542d95b563d7499d4c4cd2","9cd45c4066c5781cad037e8da1455f1fce29c562b223d0b3936f585acbcc95a3","e5971cb51fb9fd804f7ecd17928a7c19b6a90c62424017979a373c2db23047ba","b7d59407a3cef323480a5495fa633bc3f13c9a57381758413f92c01659087947","1b386a2b24507fea925665e49ad735a157ad946df01db183a6f0a319ff382abc","37d859945361ddb09cb5d1e0eecd8aced06d1fb998823cd3ae9e23af63f80069","5ce88c01656f29d7972f4781b56e912ac038610c19ae0beaf3f926bb7599f2be","165b6129e6e28cbd9be7d23269d36ff187bae5c8e2eeeec862df5470ae14a9a7","91e3e379b4275fc3b44db5dab34960c6b1a2bb725a1ff4fcfb8909e4b7a6d17a","00759927f655f37caef7aacf38dbda5858987120a6be565c7c52a180bddb705e","bundles/CONF18_run_order_0p25.rds","50edde3f1fa291e6bada69e9e33b3c1f6dc020564e38988975cac5b36efa4e84",TRUE
"CONF18","CONF18_joint_0p25",4,"joint",0.25,450,225,225,0.218637757799979,0.395787349929833,0.405234145275163,0.483417101425678,"~ phenotype + plate + within_plate_position_scaled",450,7,7,TRUE,7.67870284076219,3.59872412449646,56,56.25,0.622222222222222,56,56.25,0.622222222222222,45,45,0.5,34,33.75,0.377777777777778,34,33.75,0.377777777777778,50,100,0.35,FALSE,"sample_id;plate;order_in_plate;run_order;sample_type","e2452e8cba452fa669bc0202c76b7fc52f8d16e63ff273bbdac6c9ce5adfc3e7","6a15ae7a314bb90081dacafa1dee602291580236b179b6b98414369741d009ba","b572a598a4116a5a74fa67a0793174a5d456043f18e4aa7773917bdb258538e9","6b87185aa562f614427a353ccf8d2e46aeda83bdee542d95b563d7499d4c4cd2","9cd45c4066c5781cad037e8da1455f1fce29c562b223d0b3936f585acbcc95a3","e5971cb51fb9fd804f7ecd17928a7c19b6a90c62424017979a373c2db23047ba","b7d59407a3cef323480a5495fa633bc3f13c9a57381758413f92c01659087947","1b386a2b24507fea925665e49ad735a157ad946df01db183a6f0a319ff382abc","37d859945361ddb09cb5d1e0eecd8aced06d1fb998823cd3ae9e23af63f80069","5ce88c01656f29d7972f4781b56e912ac038610c19ae0beaf3f926bb7599f2be","5bbb48a601796bf6b55bad0ba0962b623adc152214ce7e9c122ce4039b17075e","c71271ae55f20a499548ba6690e0fd2de5492f8c0b9f2e993ee5587ee1accb43","f92bd7dd3ad4ca5c5fc1a57474568502e7e415750e470839da4401f1fba96e41","bundles/CONF18_joint_0p25.rds","82aa562f25a208a60e8ef5c6cdee1afbe01f26c09f388157d67d0aec04ea8d0a",TRUE
"CONF18","CONF18_batch_0p50",5,"batch",0.5,450,225,225,0.457151675399957,0.054659199612095,0.126911785574566,0.219938571740537,"~ phenotype + plate + within_plate_position_scaled",450,7,7,TRUE,7.79390475058276,3.55998004545875,68,67.5,0.755555555555556,68,67.5,0.755555555555556,45,45,0.5,22,22.5,0.244444444444444,22,22.5,0.244444444444444,50,100,0.35,FALSE,"sample_id;plate;order_in_plate;run_order;sample_type","e2452e8cba452fa669bc0202c76b7fc52f8d16e63ff273bbdac6c9ce5adfc3e7","bb477324773c6f84f4ac5ca9a37658a84cae41ef169d6ed40a9bed85762cf6fe","b572a598a4116a5a74fa67a0793174a5d456043f18e4aa7773917bdb258538e9","6b87185aa562f614427a353ccf8d2e46aeda83bdee542d95b563d7499d4c4cd2","9cd45c4066c5781cad037e8da1455f1fce29c562b223d0b3936f585acbcc95a3","e5971cb51fb9fd804f7ecd17928a7c19b6a90c62424017979a373c2db23047ba","b7d59407a3cef323480a5495fa633bc3f13c9a57381758413f92c01659087947","1b386a2b24507fea925665e49ad735a157ad946df01db183a6f0a319ff382abc","37d859945361ddb09cb5d1e0eecd8aced06d1fb998823cd3ae9e23af63f80069","5ce88c01656f29d7972f4781b56e912ac038610c19ae0beaf3f926bb7599f2be","b5c55445121e13ac9e6582616ab04b874e1badd44f7aab315b0e0d74a66d6582","98fa3ac406bb72b8d17ed277933988f0489f12275cab54f3a3035c54b1046fff","efd889219eacfa29ae4a34e2f88f702a7f8a3b873c2ecda86beb2e73ea35a952","bundles/CONF18_batch_0p50.rds","b028dff4efdee15a27f6fc51f9186dc99184e2ab658c665add5de6333553db09",TRUE
"CONF18","CONF18_run_order_0p50",6,"run_order",0.5,450,225,225,0,0.669682118565089,0.669682118565089,0.705266198437751,"~ phenotype + plate + within_plate_position_scaled",450,7,7,TRUE,8.28300260183975,3.32644220785399,45,45,0.5,45,45,0.5,45,45,0.5,45,45,0.5,45,45,0.5,50,100,0.35,FALSE,"sample_id;plate;order_in_plate;run_order;sample_type","e2452e8cba452fa669bc0202c76b7fc52f8d16e63ff273bbdac6c9ce5adfc3e7","69d3517ae48605e786251e35c48d5013e351758739c1693f059ac803b86d8c44","b572a598a4116a5a74fa67a0793174a5d456043f18e4aa7773917bdb258538e9","6b87185aa562f614427a353ccf8d2e46aeda83bdee542d95b563d7499d4c4cd2","9cd45c4066c5781cad037e8da1455f1fce29c562b223d0b3936f585acbcc95a3","e5971cb51fb9fd804f7ecd17928a7c19b6a90c62424017979a373c2db23047ba","b7d59407a3cef323480a5495fa633bc3f13c9a57381758413f92c01659087947","1b386a2b24507fea925665e49ad735a157ad946df01db183a6f0a319ff382abc","37d859945361ddb09cb5d1e0eecd8aced06d1fb998823cd3ae9e23af63f80069","5ce88c01656f29d7972f4781b56e912ac038610c19ae0beaf3f926bb7599f2be","390635d71eb65408bf63549ef3792936b692e9fa51220c5bcdac0f96272ad9f4","1dabd862b3b0fa04e147c433bb0040696c72ff1290ff4c05e817dc017e15c738","b24ea768cc3d0e35fb50315fb02aa94e551862d519705c0a3a36bce49fa21c6a","bundles/CONF18_run_order_0p50.rds","3711d7932ce633495d58efc57cbfa4d314d78a27bfa0740dc8c5d85193bb1c04",TRUE
"CONF18","CONF18_joint_0p50",7,"joint",0.5,450,225,225,0.457151675399957,0.528885494838158,0.592275630760671,0.705266198437751,"~ phenotype + plate + within_plate_position_scaled",450,7,7,TRUE,9.24324801643022,2.98154159463791,68,67.5,0.755555555555556,68,67.5,0.755555555555556,45,45,0.5,22,22.5,0.244444444444444,22,22.5,0.244444444444444,50,100,0.35,FALSE,"sample_id;plate;order_in_plate;run_order;sample_type","e2452e8cba452fa669bc0202c76b7fc52f8d16e63ff273bbdac6c9ce5adfc3e7","13198d3f296aaae7ea4ee792fb337a44ec5ecbae58a59bc278c2ededc669fb46","b572a598a4116a5a74fa67a0793174a5d456043f18e4aa7773917bdb258538e9","6b87185aa562f614427a353ccf8d2e46aeda83bdee542d95b563d7499d4c4cd2","9cd45c4066c5781cad037e8da1455f1fce29c562b223d0b3936f585acbcc95a3","e5971cb51fb9fd804f7ecd17928a7c19b6a90c62424017979a373c2db23047ba","b7d59407a3cef323480a5495fa633bc3f13c9a57381758413f92c01659087947","1b386a2b24507fea925665e49ad735a157ad946df01db183a6f0a319ff382abc","37d859945361ddb09cb5d1e0eecd8aced06d1fb998823cd3ae9e23af63f80069","5ce88c01656f29d7972f4781b56e912ac038610c19ae0beaf3f926bb7599f2be","91b8f81e8deb4cb1d38144db37c9f97c35cdb6cedb8dd27e0394901e3c0c1b47","fbfc19edc3ca1ab96c259e82f9835732ef6f7dc79a70559eeb95a240d9c94502","fabfd40e9b8adfd2ba89246a885e47ee93f92aa4561a1e8d1854f353875627d4","bundles/CONF18_joint_0p50.rds","cf697c0a1686d409ce4d6e9602b9693521237017148c46ba30c0a25b355d724f",TRUE
"CONF18","CONF18_batch_0p75",8,"batch",0.75,450,225,225,0.675789433199936,0.0127452593774682,0.0696480621878151,0.121037194759177,"~ phenotype + plate + within_plate_position_scaled",450,7,7,TRUE,8.78556466449565,3.1581309016705,79,78.75,0.877777777777778,79,78.75,0.877777777777778,45,45,0.5,11,11.25,0.122222222222222,11,11.25,0.122222222222222,50,100,0.35,FALSE,"sample_id;plate;order_in_plate;run_order;sample_type","e2452e8cba452fa669bc0202c76b7fc52f8d16e63ff273bbdac6c9ce5adfc3e7","a434342ac3f5aba1fd03d45c9444e07a8880b85a495d59c13f7b1b109564cd9b","b572a598a4116a5a74fa67a0793174a5d456043f18e4aa7773917bdb258538e9","6b87185aa562f614427a353ccf8d2e46aeda83bdee542d95b563d7499d4c4cd2","9cd45c4066c5781cad037e8da1455f1fce29c562b223d0b3936f585acbcc95a3","e5971cb51fb9fd804f7ecd17928a7c19b6a90c62424017979a373c2db23047ba","b7d59407a3cef323480a5495fa633bc3f13c9a57381758413f92c01659087947","1b386a2b24507fea925665e49ad735a157ad946df01db183a6f0a319ff382abc","37d859945361ddb09cb5d1e0eecd8aced06d1fb998823cd3ae9e23af63f80069","5ce88c01656f29d7972f4781b56e912ac038610c19ae0beaf3f926bb7599f2be","68ce48a3c63bb3bbba25b5905df9d8fef0646c31df9befa508a8a51261da8880","84546d6a982026652830baf98369d23cb20245d4ddffb325776bc178d5045450","f03d07124a2f7b4bfb8910788493fd22af87a0b933f0e7dc885012259ba2aabf","bundles/CONF18_batch_0p75.rds","34c8049834003fb5a335fdc6ec07b9314cc95a22e1abbfde4783d8603249d0bd",TRUE
"CONF18","CONF18_run_order_0p75",9,"run_order",0.75,450,225,225,0,0.810991974213259,0.810991974213259,0.817321834575223,"~ phenotype + plate + within_plate_position_scaled",450,7,7,TRUE,10.4387389577659,2.63440156036246,45,45,0.5,45,45,0.5,45,45,0.5,45,45,0.5,45,45,0.5,50,100,0.35,FALSE,"sample_id;plate;order_in_plate;run_order;sample_type","e2452e8cba452fa669bc0202c76b7fc52f8d16e63ff273bbdac6c9ce5adfc3e7","b46785413b56edb5bd8bc47480459d9bf5278545c489632ece6de4017fef23d8","b572a598a4116a5a74fa67a0793174a5d456043f18e4aa7773917bdb258538e9","6b87185aa562f614427a353ccf8d2e46aeda83bdee542d95b563d7499d4c4cd2","9cd45c4066c5781cad037e8da1455f1fce29c562b223d0b3936f585acbcc95a3","e5971cb51fb9fd804f7ecd17928a7c19b6a90c62424017979a373c2db23047ba","b7d59407a3cef323480a5495fa633bc3f13c9a57381758413f92c01659087947","1b386a2b24507fea925665e49ad735a157ad946df01db183a6f0a319ff382abc","37d859945361ddb09cb5d1e0eecd8aced06d1fb998823cd3ae9e23af63f80069","5ce88c01656f29d7972f4781b56e912ac038610c19ae0beaf3f926bb7599f2be","b61b9bd4a0378251dbe45f1a3aa49ae2e0a238018c24e58f2ba64cd4f989e792","feadf8fc710acc005394f4d90cf7837ac5801f09db42b057b3df179d6864580f","aff6110531e54cb51240a92dbb36b1a2cf5240a035216d173dabee159a1015b9","bundles/CONF18_run_order_0p75.rds","bfa5b1f7fd3a72621b8227d30e23bb971dff38a753902bb2baf38bd3d5e12322",TRUE
"CONF18","CONF18_joint_0p75",10,"joint",0.75,450,225,225,0.675789433199936,0.441978222841463,0.589161916679407,0.81218951536282,"~ phenotype + plate + within_plate_position_scaled",450,7,7,TRUE,11.0060632416781,2.50547139205266,79,78.75,0.877777777777778,79,78.75,0.877777777777778,45,45,0.5,11,11.25,0.122222222222222,11,11.25,0.122222222222222,50,100,0.35,FALSE,"sample_id;plate;order_in_plate;run_order;sample_type","e2452e8cba452fa669bc0202c76b7fc52f8d16e63ff273bbdac6c9ce5adfc3e7","d5937eed7795f897225eea3a1127700a5d29aa6d8402130524506f5e0d7a0792","b572a598a4116a5a74fa67a0793174a5d456043f18e4aa7773917bdb258538e9","6b87185aa562f614427a353ccf8d2e46aeda83bdee542d95b563d7499d4c4cd2","9cd45c4066c5781cad037e8da1455f1fce29c562b223d0b3936f585acbcc95a3","e5971cb51fb9fd804f7ecd17928a7c19b6a90c62424017979a373c2db23047ba","b7d59407a3cef323480a5495fa633bc3f13c9a57381758413f92c01659087947","1b386a2b24507fea925665e49ad735a157ad946df01db183a6f0a319ff382abc","37d859945361ddb09cb5d1e0eecd8aced06d1fb998823cd3ae9e23af63f80069","5ce88c01656f29d7972f4781b56e912ac038610c19ae0beaf3f926bb7599f2be","c88c13dcfc0d5ac7c6aae16f0237734f1e3ae8990371639698b4255b3227f9be","da3e2464041e6e451a1bf6d8b7d15b973131ef2c51d5743e82e358dd5ba33438","31cff9d801f698ba289b8a72851d9f4e1d1c3d6758d4088aeba393a3a148dbfc","bundles/CONF18_joint_0p75.rds","6eb23df65855680bca51afd20132b7d5ee843b6664bb2542cbb68e3e900309a9",TRUE
"CONF18","CONF18_batch_0p90",11,"batch",0.9,450,225,225,0.814922551799923,0.0235231297235151,0.0565832234497014,0.121037194759177,"~ phenotype + plate + within_plate_position_scaled",450,7,7,TRUE,10.6651482852364,2.600294380444,86,85.5,0.955555555555556,86,85.5,0.955555555555556,45,45,0.5,4,4.5,0.0444444444444444,4,4.5,0.0444444444444444,50,100,0.35,FALSE,"sample_id;plate;order_in_plate;run_order;sample_type","e2452e8cba452fa669bc0202c76b7fc52f8d16e63ff273bbdac6c9ce5adfc3e7","8c8185797bb163765f9db58c0d5b501163fe232ea2ee941e21aa219913cd10b5","b572a598a4116a5a74fa67a0793174a5d456043f18e4aa7773917bdb258538e9","6b87185aa562f614427a353ccf8d2e46aeda83bdee542d95b563d7499d4c4cd2","9cd45c4066c5781cad037e8da1455f1fce29c562b223d0b3936f585acbcc95a3","e5971cb51fb9fd804f7ecd17928a7c19b6a90c62424017979a373c2db23047ba","b7d59407a3cef323480a5495fa633bc3f13c9a57381758413f92c01659087947","1b386a2b24507fea925665e49ad735a157ad946df01db183a6f0a319ff382abc","37d859945361ddb09cb5d1e0eecd8aced06d1fb998823cd3ae9e23af63f80069","5ce88c01656f29d7972f4781b56e912ac038610c19ae0beaf3f926bb7599f2be","f385866d54bf91e153ac06d5799512b4cb48cc9b6952c51af3761907cdbb24ca","91fd0f4dc9984a6b94ce27026c69c0e919dbaaaf41cd13232af8492c10cce2f2","622d796d7e5af4cc55a2f762cf1dcf8508808453114b13c45320f6c2628fdc3d","bundles/CONF18_batch_0p90.rds","3b94e1b1b2b606cc282166e31b7114e05c151361196a4748fbf844fd8ddef00e",TRUE
"CONF18","CONF18_run_order_0p90",12,"run_order",0.9,450,225,225,0,0.856498537896568,0.856498537896568,0.860946547880651,"~ phenotype + plate + within_plate_position_scaled",450,7,7,TRUE,11.8629195964656,2.31670656376757,45,45,0.5,45,45,0.5,45,45,0.5,45,45,0.5,45,45,0.5,50,100,0.35,FALSE,"sample_id;plate;order_in_plate;run_order;sample_type","e2452e8cba452fa669bc0202c76b7fc52f8d16e63ff273bbdac6c9ce5adfc3e7","aa850e860da98c58cdd0897e624e4eb153053c2c714f8343d4e9a0fe6dd8005f","b572a598a4116a5a74fa67a0793174a5d456043f18e4aa7773917bdb258538e9","6b87185aa562f614427a353ccf8d2e46aeda83bdee542d95b563d7499d4c4cd2","9cd45c4066c5781cad037e8da1455f1fce29c562b223d0b3936f585acbcc95a3","e5971cb51fb9fd804f7ecd17928a7c19b6a90c62424017979a373c2db23047ba","b7d59407a3cef323480a5495fa633bc3f13c9a57381758413f92c01659087947","1b386a2b24507fea925665e49ad735a157ad946df01db183a6f0a319ff382abc","37d859945361ddb09cb5d1e0eecd8aced06d1fb998823cd3ae9e23af63f80069","5ce88c01656f29d7972f4781b56e912ac038610c19ae0beaf3f926bb7599f2be","4169b57769e1b29e64d36cc6aa69034236edf1171fc9cdd4620e6b1600de3e28","f94dd646543f533cdd6a216bab953ea2d7326cc7e826e2da56496d9eaa9316f0","b865454f820d74dd23aff889cef853c800928afcf0b88d6dd460def3adc00fec","bundles/CONF18_run_order_0p90.rds","9c8f4e3ba0f2288525929981709b31dd9c3e3bacb11aab61b1845f23b6fb9fea",TRUE
"CONF18","CONF18_joint_0p90",13,"joint",0.9,450,225,225,0.814922551799923,0.288521878390605,0.456391713357076,0.854103455597446,"~ phenotype + plate + within_plate_position_scaled",450,7,7,TRUE,12.5528259635694,2.20080436976623,86,85.5,0.955555555555556,86,85.5,0.955555555555556,45,45,0.5,4,4.5,0.0444444444444444,4,4.5,0.0444444444444444,50,100,0.35,FALSE,"sample_id;plate;order_in_plate;run_order;sample_type","e2452e8cba452fa669bc0202c76b7fc52f8d16e63ff273bbdac6c9ce5adfc3e7","b8347e993934e5df084829f8cf133ba25711753dfb088e39b6a4ec29979a8c9a","b572a598a4116a5a74fa67a0793174a5d456043f18e4aa7773917bdb258538e9","6b87185aa562f614427a353ccf8d2e46aeda83bdee542d95b563d7499d4c4cd2","9cd45c4066c5781cad037e8da1455f1fce29c562b223d0b3936f585acbcc95a3","e5971cb51fb9fd804f7ecd17928a7c19b6a90c62424017979a373c2db23047ba","b7d59407a3cef323480a5495fa633bc3f13c9a57381758413f92c01659087947","1b386a2b24507fea925665e49ad735a157ad946df01db183a6f0a319ff382abc","37d859945361ddb09cb5d1e0eecd8aced06d1fb998823cd3ae9e23af63f80069","5ce88c01656f29d7972f4781b56e912ac038610c19ae0beaf3f926bb7599f2be","398154830d4fe66647707d73c35419d811388e2140d07e6a94b99eb4e217fcfb","bcbe9f90aeed24eca76598598ecf1ef8ec909da40761e949664c3874403c92b6","d5abc2f6b463804dada19d7ddf2d827e7b4d0ba4d74f15bd36894109ad2ea09b","bundles/CONF18_joint_0p90.rds","eade010b39fed50087f7b735de6d844f508a4953d2f4d9e8ffc0abd9e5f831a5",TRUE
"CONF18","CONF18_batch_1p00",14,"batch",1,450,225,225,0.894427190999916,0.0242074389518355,0.121037194759177,0.121037194759177,"~ phenotype + plate + within_plate_position_scaled",450,7,7,TRUE,13.4651041865742,2.05922855667889,90,90,1,90,90,1,45,45,0.5,0,0,0,0,0,0,50,100,0.35,FALSE,"sample_id;plate;order_in_plate;run_order;sample_type","e2452e8cba452fa669bc0202c76b7fc52f8d16e63ff273bbdac6c9ce5adfc3e7","2514155a200b49020e561f4ee8e39dc9575976c5d6c58615807c8f2fe02da9ed","b572a598a4116a5a74fa67a0793174a5d456043f18e4aa7773917bdb258538e9","6b87185aa562f614427a353ccf8d2e46aeda83bdee542d95b563d7499d4c4cd2","9cd45c4066c5781cad037e8da1455f1fce29c562b223d0b3936f585acbcc95a3","e5971cb51fb9fd804f7ecd17928a7c19b6a90c62424017979a373c2db23047ba","b7d59407a3cef323480a5495fa633bc3f13c9a57381758413f92c01659087947","1b386a2b24507fea925665e49ad735a157ad946df01db183a6f0a319ff382abc","37d859945361ddb09cb5d1e0eecd8aced06d1fb998823cd3ae9e23af63f80069","5ce88c01656f29d7972f4781b56e912ac038610c19ae0beaf3f926bb7599f2be","c58d428452b3c27a73369dc1171423df5831e77ebdb78398d4e01fb0040705c8","10c72b609b68c2d830402989b839ed87a33910f9ca6bbf0e2b44e4d26df78f1a","27ad9d557e3bb399ad40cd98f341c5cd1080ca0c9157a4368a430da086571246","bundles/CONF18_batch_1p00.rds","e2638f1d72698a9c45ce883cc53131fdb4de4fd0d2a238c93510b1fc7df98445",TRUE
"CONF18","CONF18_run_order_1p00",15,"run_order",1,450,225,225,0,0.866078867093054,0.866078867093054,0.866078867093054,"~ phenotype + plate + within_plate_position_scaled",450,7,7,TRUE,12.2571850578752,2.24189736854381,45,45,0.5,45,45,0.5,45,45,0.5,45,45,0.5,45,45,0.5,50,100,0.35,FALSE,"sample_id;plate;order_in_plate;run_order;sample_type","e2452e8cba452fa669bc0202c76b7fc52f8d16e63ff273bbdac6c9ce5adfc3e7","ae10a2360a30985cd988f2f04e8e5ced3c66068c2b26928d25b6f2a37538777f","b572a598a4116a5a74fa67a0793174a5d456043f18e4aa7773917bdb258538e9","6b87185aa562f614427a353ccf8d2e46aeda83bdee542d95b563d7499d4c4cd2","9cd45c4066c5781cad037e8da1455f1fce29c562b223d0b3936f585acbcc95a3","e5971cb51fb9fd804f7ecd17928a7c19b6a90c62424017979a373c2db23047ba","b7d59407a3cef323480a5495fa633bc3f13c9a57381758413f92c01659087947","1b386a2b24507fea925665e49ad735a157ad946df01db183a6f0a319ff382abc","37d859945361ddb09cb5d1e0eecd8aced06d1fb998823cd3ae9e23af63f80069","5ce88c01656f29d7972f4781b56e912ac038610c19ae0beaf3f926bb7599f2be","151e736f4ffff3859ba33d8926cb6489fe36679c09345d5c02f9e25a780677da","d98c03c85f87980cb13baad9dfd6066588d5d0a14f4eb9b6a167bffc446bc73e","b5da227e4e3e38f63dd0000244cd7ce0a52d7179d590d33b6c9f5240b0505772","bundles/CONF18_run_order_1p00.rds","0c880bfe4a8323ecd9b432eed4b66bf92b043037bedfafd17a6b4f519037294d",TRUE
"CONF18","CONF18_joint_1p00",16,"joint",1,450,225,225,0.894427190999916,0.173215773418611,0.866078867093054,0.866078867093054,"~ phenotype + plate + within_plate_position_scaled",450,7,7,TRUE,14.8598036973637,1.86190902773352,90,90,1,90,90,1,45,45,0.5,0,0,0,0,0,0,50,100,0.35,FALSE,"sample_id;plate;order_in_plate;run_order;sample_type","e2452e8cba452fa669bc0202c76b7fc52f8d16e63ff273bbdac6c9ce5adfc3e7","a72e17c261bacbd1e6c323cbb1645dd408112280eb9ed598fcc17b5eb0c00037","b572a598a4116a5a74fa67a0793174a5d456043f18e4aa7773917bdb258538e9","6b87185aa562f614427a353ccf8d2e46aeda83bdee542d95b563d7499d4c4cd2","9cd45c4066c5781cad037e8da1455f1fce29c562b223d0b3936f585acbcc95a3","e5971cb51fb9fd804f7ecd17928a7c19b6a90c62424017979a373c2db23047ba","b7d59407a3cef323480a5495fa633bc3f13c9a57381758413f92c01659087947","1b386a2b24507fea925665e49ad735a157ad946df01db183a6f0a319ff382abc","37d859945361ddb09cb5d1e0eecd8aced06d1fb998823cd3ae9e23af63f80069","5ce88c01656f29d7972f4781b56e912ac038610c19ae0beaf3f926bb7599f2be","1d24f34bcf9828bd8786043a3008e63388610c609ccf0d91446d58b3aee28761","ca4351a7a6c917eba69a62bfde69174ac35817165e9a626bbc2cf6804d2a1b87","e28ed600da8f6e7fe19867e8fd6dcae3a396e5b0e538e716e4a0dd2f503e3d90","bundles/CONF18_joint_1p00.rds","2b4472ce77aa9f010258a13e462ecca691ce8c1b7f7fbb31e973512aaa9e369d",TRUE
"CONF19","CONF19_none_0p00",1,"none",0,450,225,225,0,0.0144560324482692,0.104100541358247,0.215129713653238,"~ phenotype + plate + within_plate_position_scaled",450,7,7,TRUE,7.20475725743388,3.86157798604979,45,45,0.5,45,45,0.5,45,45,0.5,45,45,0.5,45,45,0.5,50,100,0.35,FALSE,"sample_id;plate;order_in_plate;run_order;sample_type","e2452e8cba452fa669bc0202c76b7fc52f8d16e63ff273bbdac6c9ce5adfc3e7","decd068692d3a45942c69d5be690df61e7741f559590f82326377e70f5cd7879","f8f8436e18084e5e773584198f2a0f2ffbcd0bc39061ce7f20dfe9700ed932f5","e29bdd95dc3ef5670ec81f12c0fce13907dd907db9f7322bd28270b9718e221f","35792f562debcc8f8cc496576f4a62d6dc41e7389fde44c00de3becfc32589f1","cfc109446de73357654eeab962a62dcfb0f64f018d55cc5cb778d324f5b8bcc2","b7d59407a3cef323480a5495fa633bc3f13c9a57381758413f92c01659087947","6f407fbc438c7ae96309b871b79268ba81691318cd7476d0d9d25e8311336b8d","5afd1dca7e30b03d4d2e5fefeb1b31cf2cdbade850e00812cfd5ce7940fd4a49","d5b3d77f9321ecbc09f1be5e71b527d08d1ef502a490938cc3b3813f0a859dbb","51220e0605e228a9ed2d7b2c233ce1c7e8a0955da6ab2b6c3dadd6fb4e1d9fb5","3dd177e406758e25cb3fc279359da1d11bd843a1b8bd2e3b90cef6fab0844a8d","08823016d044065760b40ba8a99b78bf77d1795cf151f9052f581e04ab73371a","bundles/CONF19_none_0p00.rds","acf17fb01e6418440e0df7511d81670521fbdc06845a527ae92a487794b8be07",TRUE
"CONF19","CONF19_batch_0p25",2,"batch",0.25,450,225,225,0.218637757799979,0.00333600748806214,0.0447648495153896,0.116443535379908,"~ phenotype + plate + within_plate_position_scaled",450,7,7,TRUE,7.34932235246902,3.78127249996733,56,56.25,0.622222222222222,56,56.25,0.622222222222222,45,45,0.5,34,33.75,0.377777777777778,34,33.75,0.377777777777778,50,100,0.35,FALSE,"sample_id;plate;order_in_plate;run_order;sample_type","e2452e8cba452fa669bc0202c76b7fc52f8d16e63ff273bbdac6c9ce5adfc3e7","fa079ef5089c5b7d41dcf42e7393eecb5732aa052ac719aa78a58fd6e97d498b","f8f8436e18084e5e773584198f2a0f2ffbcd0bc39061ce7f20dfe9700ed932f5","e29bdd95dc3ef5670ec81f12c0fce13907dd907db9f7322bd28270b9718e221f","35792f562debcc8f8cc496576f4a62d6dc41e7389fde44c00de3becfc32589f1","cfc109446de73357654eeab962a62dcfb0f64f018d55cc5cb778d324f5b8bcc2","b7d59407a3cef323480a5495fa633bc3f13c9a57381758413f92c01659087947","6f407fbc438c7ae96309b871b79268ba81691318cd7476d0d9d25e8311336b8d","5afd1dca7e30b03d4d2e5fefeb1b31cf2cdbade850e00812cfd5ce7940fd4a49","d5b3d77f9321ecbc09f1be5e71b527d08d1ef502a490938cc3b3813f0a859dbb","33475b7badae7177848bdadd71a6105c82758be03d320ef62164ed8c0a0b4258","0a93141b7f585f96b54dc4f2cf0b93dc8333b4edfbbdb5d7e82e7386b8cac9ce","fdf889cbd846ec2bdc5b30dc718d9f2babbd6ac9c5f3a3b6011f1e9303345f94","bundles/CONF19_batch_0p25.rds","917d657fb1cc69e56223de404dbbb5e4163010b4c43d326c0a30e3ac2c9d7fd1",TRUE
"CONF19","CONF19_run_order_0p25",3,"run_order",0.25,450,225,225,0,0.379706083064303,0.379706083064303,0.470034901202601,"~ phenotype + plate + within_plate_position_scaled",450,7,7,TRUE,7.31963412323896,3.77948784916553,45,45,0.5,45,45,0.5,45,45,0.5,45,45,0.5,45,45,0.5,50,100,0.35,FALSE,"sample_id;plate;order_in_plate;run_order;sample_type","e2452e8cba452fa669bc0202c76b7fc52f8d16e63ff273bbdac6c9ce5adfc3e7","61044bc09fe3747ed7984ad661892c05e5f64209e56fc0fe7f291bd2aa3fd6cc","f8f8436e18084e5e773584198f2a0f2ffbcd0bc39061ce7f20dfe9700ed932f5","e29bdd95dc3ef5670ec81f12c0fce13907dd907db9f7322bd28270b9718e221f","35792f562debcc8f8cc496576f4a62d6dc41e7389fde44c00de3becfc32589f1","cfc109446de73357654eeab962a62dcfb0f64f018d55cc5cb778d324f5b8bcc2","b7d59407a3cef323480a5495fa633bc3f13c9a57381758413f92c01659087947","6f407fbc438c7ae96309b871b79268ba81691318cd7476d0d9d25e8311336b8d","5afd1dca7e30b03d4d2e5fefeb1b31cf2cdbade850e00812cfd5ce7940fd4a49","d5b3d77f9321ecbc09f1be5e71b527d08d1ef502a490938cc3b3813f0a859dbb","c2ecb3eb3cfabf02521bd06994634ed42c58587ea7f185170b666833e8b8fbee","aab5edf1d45a153368683f13d956de12b26d81089703b0bb0bb78919a50fef68","dd155f97d08028a09723c4aa32e6fc656dfa1dfaebe97faf5a8820736197ad91","bundles/CONF19_run_order_0p25.rds","27150be90ff343085643df0771a8efab29082a9ab21cb55a88b72bfab54fa339",TRUE
"CONF19","CONF19_joint_0p25",4,"joint",0.25,450,225,225,0.218637757799979,0.367217439647455,0.376385915809806,0.524878057204888,"~ phenotype + plate + within_plate_position_scaled",450,7,7,TRUE,7.62814072389722,3.62404020067332,56,56.25,0.622222222222222,56,56.25,0.622222222222222,45,45,0.5,34,33.75,0.377777777777778,34,33.75,0.377777777777778,50,100,0.35,FALSE,"sample_id;plate;order_in_plate;run_order;sample_type","e2452e8cba452fa669bc0202c76b7fc52f8d16e63ff273bbdac6c9ce5adfc3e7","13d581689dd562371c7250f665b397ef0212b0537383b6095922801c5c385a9a","f8f8436e18084e5e773584198f2a0f2ffbcd0bc39061ce7f20dfe9700ed932f5","e29bdd95dc3ef5670ec81f12c0fce13907dd907db9f7322bd28270b9718e221f","35792f562debcc8f8cc496576f4a62d6dc41e7389fde44c00de3becfc32589f1","cfc109446de73357654eeab962a62dcfb0f64f018d55cc5cb778d324f5b8bcc2","b7d59407a3cef323480a5495fa633bc3f13c9a57381758413f92c01659087947","6f407fbc438c7ae96309b871b79268ba81691318cd7476d0d9d25e8311336b8d","5afd1dca7e30b03d4d2e5fefeb1b31cf2cdbade850e00812cfd5ce7940fd4a49","d5b3d77f9321ecbc09f1be5e71b527d08d1ef502a490938cc3b3813f0a859dbb","4bfa0fc7d3aca0c6f14bc8813767f202ba6fe055da3efc2d855db09fbc7ab99d","20f7904b937e8d4fc0d0cf401d4d9eff5c1357abb72bc3801bfc08cb67675663","ecd4b0d071ed2f16a859bcc7b49faf13a5a5510d9188d496174ded1587e22f51","bundles/CONF19_joint_0p25.rds","e38a59121dd4f4c182f9c0aa01058b9b57256bd707bc4deb80dcc312b773b6d1",TRUE
"CONF19","CONF19_batch_0p50",5,"batch",0.5,450,225,225,0.457151675399957,0.0279711397075979,0.0598944727021355,0.105490898662882,"~ phenotype + plate + within_plate_position_scaled",450,7,7,TRUE,7.7722846826678,3.5712735692521,68,67.5,0.755555555555556,68,67.5,0.755555555555556,45,45,0.5,22,22.5,0.244444444444444,22,22.5,0.244444444444444,50,100,0.35,FALSE,"sample_id;plate;order_in_plate;run_order;sample_type","e2452e8cba452fa669bc0202c76b7fc52f8d16e63ff273bbdac6c9ce5adfc3e7","eae9926f28c842e4f71200eea3a18442aecbcce2acc438a58b14ee9909578dbb","f8f8436e18084e5e773584198f2a0f2ffbcd0bc39061ce7f20dfe9700ed932f5","e29bdd95dc3ef5670ec81f12c0fce13907dd907db9f7322bd28270b9718e221f","35792f562debcc8f8cc496576f4a62d6dc41e7389fde44c00de3becfc32589f1","cfc109446de73357654eeab962a62dcfb0f64f018d55cc5cb778d324f5b8bcc2","b7d59407a3cef323480a5495fa633bc3f13c9a57381758413f92c01659087947","6f407fbc438c7ae96309b871b79268ba81691318cd7476d0d9d25e8311336b8d","5afd1dca7e30b03d4d2e5fefeb1b31cf2cdbade850e00812cfd5ce7940fd4a49","d5b3d77f9321ecbc09f1be5e71b527d08d1ef502a490938cc3b3813f0a859dbb","c3241a9ea742e5471f98e529db383089682930474365abeb5d735cb71275fd36","f9f636b55ad96df414e7abe0cc0ac27683e6dad84015673f91f44f3d0efc5c02","59e39599ff48472233acdb516aadf7c246eeab46f9794deb91b3ca683a103377","bundles/CONF19_batch_0p50.rds","65010b5d778a8abb8e615f13e9bd00353bd2e797bdf78d9bf3ee003de7373cf0",TRUE
"CONF19","CONF19_run_order_0p50",6,"run_order",0.5,450,225,225,0,0.648810687101315,0.648810687101315,0.695001560012945,"~ phenotype + plate + within_plate_position_scaled",450,7,7,TRUE,8.11588118341549,3.39591486123736,45,45,0.5,45,45,0.5,45,45,0.5,45,45,0.5,45,45,0.5,50,100,0.35,FALSE,"sample_id;plate;order_in_plate;run_order;sample_type","e2452e8cba452fa669bc0202c76b7fc52f8d16e63ff273bbdac6c9ce5adfc3e7","9b946aa9beba8b78a776f2c5581fd2e7ff9238cba2ac9d0b581a4c4ea5660c4d","f8f8436e18084e5e773584198f2a0f2ffbcd0bc39061ce7f20dfe9700ed932f5","e29bdd95dc3ef5670ec81f12c0fce13907dd907db9f7322bd28270b9718e221f","35792f562debcc8f8cc496576f4a62d6dc41e7389fde44c00de3becfc32589f1","cfc109446de73357654eeab962a62dcfb0f64f018d55cc5cb778d324f5b8bcc2","b7d59407a3cef323480a5495fa633bc3f13c9a57381758413f92c01659087947","6f407fbc438c7ae96309b871b79268ba81691318cd7476d0d9d25e8311336b8d","5afd1dca7e30b03d4d2e5fefeb1b31cf2cdbade850e00812cfd5ce7940fd4a49","d5b3d77f9321ecbc09f1be5e71b527d08d1ef502a490938cc3b3813f0a859dbb","218d74bdd70f5f0b5724ba7c69c9cd150e5af49920821f4e4895d376a454bf81","711e16b8f152d787069793ef60b723e7a74e6d4652062553289744d0ef0b26df","e3f08013ad64e4e5ac984b6db03119c0eeeed5c9d758ea70574833d17ca4dd5c","bundles/CONF19_run_order_0p50.rds","cb629842d2b861905caafe8ab7d83c29252b20f803b88055d0ca7023d0525eab",TRUE
"CONF19","CONF19_joint_0p50",7,"joint",0.5,450,225,225,0.457151675399957,0.517936547185032,0.582053698340885,0.628281410251702,"~ phenotype + plate + within_plate_position_scaled",450,7,7,TRUE,9.15686756404219,3.01012754695262,68,67.5,0.755555555555556,68,67.5,0.755555555555556,45,45,0.5,22,22.5,0.244444444444444,22,22.5,0.244444444444444,50,100,0.35,FALSE,"sample_id;plate;order_in_plate;run_order;sample_type","e2452e8cba452fa669bc0202c76b7fc52f8d16e63ff273bbdac6c9ce5adfc3e7","5c91f35b575b7b10b62a199acb53d2a972d65fb070e07a422db9cd46d9d8c454","f8f8436e18084e5e773584198f2a0f2ffbcd0bc39061ce7f20dfe9700ed932f5","e29bdd95dc3ef5670ec81f12c0fce13907dd907db9f7322bd28270b9718e221f","35792f562debcc8f8cc496576f4a62d6dc41e7389fde44c00de3becfc32589f1","cfc109446de73357654eeab962a62dcfb0f64f018d55cc5cb778d324f5b8bcc2","b7d59407a3cef323480a5495fa633bc3f13c9a57381758413f92c01659087947","6f407fbc438c7ae96309b871b79268ba81691318cd7476d0d9d25e8311336b8d","5afd1dca7e30b03d4d2e5fefeb1b31cf2cdbade850e00812cfd5ce7940fd4a49","d5b3d77f9321ecbc09f1be5e71b527d08d1ef502a490938cc3b3813f0a859dbb","fa7dfc58d321b8b73c62895322730746365393c25c7fb3638d21a05274b3f8b9","43ade84b48071af3c85bb037196df876392ffc551946a0b7949a2fca35877a8c","5fed94ae811428b9720b9ebc9400d03408c83db11af055842c3b7fc6503d8bbb","bundles/CONF19_joint_0p50.rds","db650cad80c5cf4834f73dd68ec1481f893f6f57c66aa7a7f209da224296e5a8",TRUE
"CONF19","CONF19_batch_0p75",8,"batch",0.75,450,225,225,0.675789433199936,0.0288265262429984,0.0908041166817454,0.129923621033907,"~ phenotype + plate + within_plate_position_scaled",450,7,7,TRUE,8.80789891386,3.14938103777723,79,78.75,0.877777777777778,79,78.75,0.877777777777778,45,45,0.5,11,11.25,0.122222222222222,11,11.25,0.122222222222222,50,100,0.35,FALSE,"sample_id;plate;order_in_plate;run_order;sample_type","e2452e8cba452fa669bc0202c76b7fc52f8d16e63ff273bbdac6c9ce5adfc3e7","7f703c5f53ba2ca14204a448fd78668362cb5bed5448e1c626f69cffa06b4ae4","f8f8436e18084e5e773584198f2a0f2ffbcd0bc39061ce7f20dfe9700ed932f5","e29bdd95dc3ef5670ec81f12c0fce13907dd907db9f7322bd28270b9718e221f","35792f562debcc8f8cc496576f4a62d6dc41e7389fde44c00de3becfc32589f1","cfc109446de73357654eeab962a62dcfb0f64f018d55cc5cb778d324f5b8bcc2","b7d59407a3cef323480a5495fa633bc3f13c9a57381758413f92c01659087947","6f407fbc438c7ae96309b871b79268ba81691318cd7476d0d9d25e8311336b8d","5afd1dca7e30b03d4d2e5fefeb1b31cf2cdbade850e00812cfd5ce7940fd4a49","d5b3d77f9321ecbc09f1be5e71b527d08d1ef502a490938cc3b3813f0a859dbb","a88efa026bd3d04a4839b4378b5bb21340612a828fb5c71443acebe243b58630","dc8d071709d942514bb79e6be2b54646515c425464998dc959c20d3e52dbc872","b22fddafefe5cbf31071fb30bbbfd2bff9e504e530719626af30ab1335859675","bundles/CONF19_batch_0p75.rds","fcfcdfdc2b910461e6189584692f782c6965525d84fa02ddf95766092bb01937",TRUE
"CONF19","CONF19_run_order_0p75",9,"run_order",0.75,450,225,225,0,0.805004268465455,0.805004268465455,0.829297246070831,"~ phenotype + plate + within_plate_position_scaled",450,7,7,TRUE,10.2920184898666,2.67217394348215,45,45,0.5,45,45,0.5,45,45,0.5,45,45,0.5,45,45,0.5,50,100,0.35,FALSE,"sample_id;plate;order_in_plate;run_order;sample_type","e2452e8cba452fa669bc0202c76b7fc52f8d16e63ff273bbdac6c9ce5adfc3e7","7db0efbfe316914bbfd4f08fe82d60094db06c8d229a551710a1795524dee411","f8f8436e18084e5e773584198f2a0f2ffbcd0bc39061ce7f20dfe9700ed932f5","e29bdd95dc3ef5670ec81f12c0fce13907dd907db9f7322bd28270b9718e221f","35792f562debcc8f8cc496576f4a62d6dc41e7389fde44c00de3becfc32589f1","cfc109446de73357654eeab962a62dcfb0f64f018d55cc5cb778d324f5b8bcc2","b7d59407a3cef323480a5495fa633bc3f13c9a57381758413f92c01659087947","6f407fbc438c7ae96309b871b79268ba81691318cd7476d0d9d25e8311336b8d","5afd1dca7e30b03d4d2e5fefeb1b31cf2cdbade850e00812cfd5ce7940fd4a49","d5b3d77f9321ecbc09f1be5e71b527d08d1ef502a490938cc3b3813f0a859dbb","cb38c98e56a7a6dfb26779c1d6b7df0fe641e91a0f261beca8a0f9d3ec3b2963","0056d5ef1a8b0fcd5891c5af3cbcc93a4552fbb80ada3edcec1cd7bcc05bdcf0","1bd4489501be47e28d30072f025772849220678452857dcdebc73bc74132db1b","bundles/CONF19_run_order_0p75.rds","735df10a6af2b4cef79389456b7f2d2169af6aa83cb61a73417999f529cafe51",TRUE
"CONF19","CONF19_joint_0p75",10,"joint",0.75,450,225,225,0.675789433199936,0.440780681691902,0.589585738130264,0.790804851977806,"~ phenotype + plate + within_plate_position_scaled",450,7,7,TRUE,10.990157234381,2.50913986352913,79,78.75,0.877777777777778,79,78.75,0.877777777777778,45,45,0.5,11,11.25,0.122222222222222,11,11.25,0.122222222222222,50,100,0.35,FALSE,"sample_id;plate;order_in_plate;run_order;sample_type","e2452e8cba452fa669bc0202c76b7fc52f8d16e63ff273bbdac6c9ce5adfc3e7","ea59e223d03c5d2a68225928662a33c06e3c8f41371245f721af4a6368f380e3","f8f8436e18084e5e773584198f2a0f2ffbcd0bc39061ce7f20dfe9700ed932f5","e29bdd95dc3ef5670ec81f12c0fce13907dd907db9f7322bd28270b9718e221f","35792f562debcc8f8cc496576f4a62d6dc41e7389fde44c00de3becfc32589f1","cfc109446de73357654eeab962a62dcfb0f64f018d55cc5cb778d324f5b8bcc2","b7d59407a3cef323480a5495fa633bc3f13c9a57381758413f92c01659087947","6f407fbc438c7ae96309b871b79268ba81691318cd7476d0d9d25e8311336b8d","5afd1dca7e30b03d4d2e5fefeb1b31cf2cdbade850e00812cfd5ce7940fd4a49","d5b3d77f9321ecbc09f1be5e71b527d08d1ef502a490938cc3b3813f0a859dbb","417867293d4a93b6a37d375930891be5ad1ad165e93de0058d292d55531ae283","6027905d8365e1bd877013d570798adc9373ae11e8683ffb548146c39736b48b","7e75e7e46394faa3733896552ed30ecfdc3ed8b6c729a77a42720efdfa52253a","bundles/CONF19_joint_0p75.rds","5090d1aa48e1f0b2d81c831e553659f0ae8c6b1365120437e1b787abb6b4c280",TRUE
"CONF19","CONF19_batch_0p90",11,"batch",0.9,450,225,225,0.814922551799923,0.0100080224641864,0.0633030020830679,0.0954670568526814,"~ phenotype + plate + within_plate_position_scaled",450,7,7,TRUE,10.6360443732383,2.60792660404359,86,85.5,0.955555555555556,86,85.5,0.955555555555556,45,45,0.5,4,4.5,0.0444444444444444,4,4.5,0.0444444444444444,50,100,0.35,FALSE,"sample_id;plate;order_in_plate;run_order;sample_type","e2452e8cba452fa669bc0202c76b7fc52f8d16e63ff273bbdac6c9ce5adfc3e7","b4021c566723c45bdedbc51176fd39514777437580183cb046564082cb554e75","f8f8436e18084e5e773584198f2a0f2ffbcd0bc39061ce7f20dfe9700ed932f5","e29bdd95dc3ef5670ec81f12c0fce13907dd907db9f7322bd28270b9718e221f","35792f562debcc8f8cc496576f4a62d6dc41e7389fde44c00de3becfc32589f1","cfc109446de73357654eeab962a62dcfb0f64f018d55cc5cb778d324f5b8bcc2","b7d59407a3cef323480a5495fa633bc3f13c9a57381758413f92c01659087947","6f407fbc438c7ae96309b871b79268ba81691318cd7476d0d9d25e8311336b8d","5afd1dca7e30b03d4d2e5fefeb1b31cf2cdbade850e00812cfd5ce7940fd4a49","d5b3d77f9321ecbc09f1be5e71b527d08d1ef502a490938cc3b3813f0a859dbb","c6bb85068ec14d12be548e47a6826e2620e9501821c34cfd36d9cc7955528b41","d384da837cd728d35e4cd09f5b051f9f86fca08ac959c6f1e9f7a60e46c24b00","95e863baaed9302cfc78997dad0b43c8cc4887cfc7d7fad66900cef14de8cfa2","bundles/CONF19_batch_0p90.rds","480866a33f88294555c30366ca89a0a9b5465939a8d68bb647b2a51810f46a85",TRUE
"CONF19","CONF19_run_order_0p90",12,"run_order",0.9,450,225,225,0,0.857182847124889,0.857182847124888,0.861801934416051,"~ phenotype + plate + within_plate_position_scaled",450,7,7,TRUE,11.8897063829907,2.31146581057805,45,45,0.5,45,45,0.5,45,45,0.5,45,45,0.5,45,45,0.5,50,100,0.35,FALSE,"sample_id;plate;order_in_plate;run_order;sample_type","e2452e8cba452fa669bc0202c76b7fc52f8d16e63ff273bbdac6c9ce5adfc3e7","b24fa65e9b47e9dd0824638b844d9bf2b2ff824c44a26cfa71758a7c05ef13d1","f8f8436e18084e5e773584198f2a0f2ffbcd0bc39061ce7f20dfe9700ed932f5","e29bdd95dc3ef5670ec81f12c0fce13907dd907db9f7322bd28270b9718e221f","35792f562debcc8f8cc496576f4a62d6dc41e7389fde44c00de3becfc32589f1","cfc109446de73357654eeab962a62dcfb0f64f018d55cc5cb778d324f5b8bcc2","b7d59407a3cef323480a5495fa633bc3f13c9a57381758413f92c01659087947","6f407fbc438c7ae96309b871b79268ba81691318cd7476d0d9d25e8311336b8d","5afd1dca7e30b03d4d2e5fefeb1b31cf2cdbade850e00812cfd5ce7940fd4a49","d5b3d77f9321ecbc09f1be5e71b527d08d1ef502a490938cc3b3813f0a859dbb","cf0d309b6de80ba776153e4633065887803bedf82cc2a532a1b325da7f19689b","481b170da0d6da57da22a8db4815ed2e7c2c00cc79cdf0085f695c409a7cc25c","94c52ea65f8d01fad542ff46296410de4b9efcb69976d689cc892506f51117b5","bundles/CONF19_run_order_0p90.rds","1c3f440ea38d95a8b680d88e71c7e77d0a9036f8d0137cb860bc9d7898a5bf29",TRUE
"CONF19","CONF19_joint_0p90",13,"joint",0.9,450,225,225,0.814922551799923,0.289377264926005,0.457247099892476,0.858380388274449,"~ phenotype + plate + within_plate_position_scaled",450,7,7,TRUE,12.5654298140547,2.19856993986442,86,85.5,0.955555555555556,86,85.5,0.955555555555556,45,45,0.5,4,4.5,0.0444444444444444,4,4.5,0.0444444444444444,50,100,0.35,FALSE,"sample_id;plate;order_in_plate;run_order;sample_type","e2452e8cba452fa669bc0202c76b7fc52f8d16e63ff273bbdac6c9ce5adfc3e7","aa286753013710eb86d816fab27f97cee004271b38defd4a6274e34e79aa605c","f8f8436e18084e5e773584198f2a0f2ffbcd0bc39061ce7f20dfe9700ed932f5","e29bdd95dc3ef5670ec81f12c0fce13907dd907db9f7322bd28270b9718e221f","35792f562debcc8f8cc496576f4a62d6dc41e7389fde44c00de3becfc32589f1","cfc109446de73357654eeab962a62dcfb0f64f018d55cc5cb778d324f5b8bcc2","b7d59407a3cef323480a5495fa633bc3f13c9a57381758413f92c01659087947","6f407fbc438c7ae96309b871b79268ba81691318cd7476d0d9d25e8311336b8d","5afd1dca7e30b03d4d2e5fefeb1b31cf2cdbade850e00812cfd5ce7940fd4a49","d5b3d77f9321ecbc09f1be5e71b527d08d1ef502a490938cc3b3813f0a859dbb","5f577a6bd700b0183ee15a77e7a429bd6d0ba63f06f92c5cbda372f4a1a96391","2879cc4cf90ad27972a79a945ce0219561d518950c34ae34a8cfb1500b77b7f1","a2e4bbf24c408d834df23b1cdc4d9c05cb74540b088fe9c7701ad98eda0b44fe","bundles/CONF19_joint_0p90.rds","d62788fc56c745e9fee9567bb68a7ba4c109c9e1963b6f27b6f1c122cd5dd612",TRUE
"CONF19","CONF19_batch_1p00",14,"batch",1,450,225,225,0.894427190999916,0.00436247133054279,0.021812356652714,0.021812356652714,"~ phenotype + plate + within_plate_position_scaled",450,7,7,TRUE,13.3824560957931,2.07281566632461,90,90,1,90,90,1,45,45,0.5,0,0,0,0,0,0,50,100,0.35,FALSE,"sample_id;plate;order_in_plate;run_order;sample_type","e2452e8cba452fa669bc0202c76b7fc52f8d16e63ff273bbdac6c9ce5adfc3e7","92854094a4a35f42edccde88d457149abd96b4b1520c52a4a2618b8fd220f255","f8f8436e18084e5e773584198f2a0f2ffbcd0bc39061ce7f20dfe9700ed932f5","e29bdd95dc3ef5670ec81f12c0fce13907dd907db9f7322bd28270b9718e221f","35792f562debcc8f8cc496576f4a62d6dc41e7389fde44c00de3becfc32589f1","cfc109446de73357654eeab962a62dcfb0f64f018d55cc5cb778d324f5b8bcc2","b7d59407a3cef323480a5495fa633bc3f13c9a57381758413f92c01659087947","6f407fbc438c7ae96309b871b79268ba81691318cd7476d0d9d25e8311336b8d","5afd1dca7e30b03d4d2e5fefeb1b31cf2cdbade850e00812cfd5ce7940fd4a49","d5b3d77f9321ecbc09f1be5e71b527d08d1ef502a490938cc3b3813f0a859dbb","c311636dcde2c94280836bc36016c226d3cdd703dacab6a70f3c65b5e2fb1240","c560933943b5c98e8ce6258c77657dfe836985cf078cca59c241645a8e635321","3a74ea2147da9f5eec2a71c4ef91046e85492655f6243bc467c6957254672e30","bundles/CONF19_batch_1p00.rds","e6caebcbeb2633ea1a0987d6caa5c32b5893d64dbebcdeeb64f0304047d6d6b8",TRUE
"CONF19","CONF19_run_order_1p00",15,"run_order",1,450,225,225,0,0.866078867093054,0.866078867093054,0.866078867093054,"~ phenotype + plate + within_plate_position_scaled",450,7,7,TRUE,12.2571850578752,2.24189736854381,45,45,0.5,45,45,0.5,45,45,0.5,45,45,0.5,45,45,0.5,50,100,0.35,FALSE,"sample_id;plate;order_in_plate;run_order;sample_type","e2452e8cba452fa669bc0202c76b7fc52f8d16e63ff273bbdac6c9ce5adfc3e7","6c387a80ce80a20305cf5d20b3fc6819e7069af0f9b898b4fe5422e2be880869","f8f8436e18084e5e773584198f2a0f2ffbcd0bc39061ce7f20dfe9700ed932f5","e29bdd95dc3ef5670ec81f12c0fce13907dd907db9f7322bd28270b9718e221f","35792f562debcc8f8cc496576f4a62d6dc41e7389fde44c00de3becfc32589f1","cfc109446de73357654eeab962a62dcfb0f64f018d55cc5cb778d324f5b8bcc2","b7d59407a3cef323480a5495fa633bc3f13c9a57381758413f92c01659087947","6f407fbc438c7ae96309b871b79268ba81691318cd7476d0d9d25e8311336b8d","5afd1dca7e30b03d4d2e5fefeb1b31cf2cdbade850e00812cfd5ce7940fd4a49","d5b3d77f9321ecbc09f1be5e71b527d08d1ef502a490938cc3b3813f0a859dbb","151e736f4ffff3859ba33d8926cb6489fe36679c09345d5c02f9e25a780677da","c37add8958e7737b589e1a67d0306d06bbca57dad4afd8dc83f067bff1cd4704","590a2383f80de2f8935d12cf327cb48e1257b4653ac6146662b7a92909de9f9a","bundles/CONF19_run_order_1p00.rds","1628ab2c31d1fa18704b53d5e7ebd93f82f467f53c955ee9dac28b3692517c7a",TRUE
"CONF19","CONF19_joint_1p00",16,"joint",1,450,225,225,0.894427190999916,0.173215773418611,0.866078867093054,0.866078867093054,"~ phenotype + plate + within_plate_position_scaled",450,7,7,TRUE,14.8598036973637,1.86190902773352,90,90,1,90,90,1,45,45,0.5,0,0,0,0,0,0,50,100,0.35,FALSE,"sample_id;plate;order_in_plate;run_order;sample_type","e2452e8cba452fa669bc0202c76b7fc52f8d16e63ff273bbdac6c9ce5adfc3e7","c7109df75a5b7ad349bae3abb5f943464c1798e56bad9e790a9d6d76464497f7","f8f8436e18084e5e773584198f2a0f2ffbcd0bc39061ce7f20dfe9700ed932f5","e29bdd95dc3ef5670ec81f12c0fce13907dd907db9f7322bd28270b9718e221f","35792f562debcc8f8cc496576f4a62d6dc41e7389fde44c00de3becfc32589f1","cfc109446de73357654eeab962a62dcfb0f64f018d55cc5cb778d324f5b8bcc2","b7d59407a3cef323480a5495fa633bc3f13c9a57381758413f92c01659087947","6f407fbc438c7ae96309b871b79268ba81691318cd7476d0d9d25e8311336b8d","5afd1dca7e30b03d4d2e5fefeb1b31cf2cdbade850e00812cfd5ce7940fd4a49","d5b3d77f9321ecbc09f1be5e71b527d08d1ef502a490938cc3b3813f0a859dbb","1d24f34bcf9828bd8786043a3008e63388610c609ccf0d91446d58b3aee28761","2dd123dabaa4394428d9e976c9d22197c2110a5d5a2a638514b1c16c20a1095d","c1f0e6eb7a43ab060d885e41da92fa5801cefffcab1825754d0b8bd6546dc083","bundles/CONF19_joint_1p00.rds","083c990cb4125dcac1aecbf0910ab8371ffe16f9f32e7023720477023510dd87",TRUE
"CONF20","CONF20_none_0p00",1,"none",0,450,225,225,0,0.0288265262429984,0.0532905811554541,0.197166596409826,"~ phenotype + plate + within_plate_position_scaled",450,7,7,TRUE,7.20733271516494,3.8577573703761,45,45,0.5,45,45,0.5,45,45,0.5,45,45,0.5,45,45,0.5,50,100,0.35,FALSE,"sample_id;plate;order_in_plate;run_order;sample_type","e2452e8cba452fa669bc0202c76b7fc52f8d16e63ff273bbdac6c9ce5adfc3e7","daedcdf64bb1adb68dde492123ad1c66be1c7aaf5b589bb530a89de87737da34","70737d3abec96a39d4813bac162e4af5399ef45b83120e44aa84482af72747f0","6f9b37247e9bcb9091d49a1c85d33fee504c8df0292b39522adaaf3b957e56a3","74e3e612d6c04730dd2dac3e2e80701c465c3ac686f387ca4d0e852d3eef78be","fd4a5a2db4f593d054a4e6005bdc111384192a23a1b734da3462abb312da1c77","b7d59407a3cef323480a5495fa633bc3f13c9a57381758413f92c01659087947","490ab7c14169e34d927335d25074a142325c0a652cfea8b213c604983850fec2","9f5d37bf634e2e76c1848756a33c3bd7d0b07e1c24f6bb6c4e2c959cebdaa4e4","11a128be6e0054d7795dbdd341caebdced7c1d48fd1d7a30bc995539062c787e","f808cc688bd69f51c42990c0f46e7e5c85d317530e8d32ca4aca3c835b825ea9","51356e65530d8db5acdf72cb817fb28cb030b7a4a44bfd6b3a4cd6954c8e8f6a","e392f2b7385417d6ecc2b6af3927af2c5048c9bc9f79135380851efa855e6111","bundles/CONF20_none_0p00.rds","ceefe1ecd84ac49dabc28d12c524d64c3441e453ff7df14e31432ed0a424c911",TRUE
"CONF20","CONF20_batch_0p25",2,"batch",0.25,450,225,225,0.218637757799979,0.0592782869032579,0.0814673623756557,0.210833370877257,"~ phenotype + plate + within_plate_position_scaled",450,7,7,TRUE,7.36886460665801,3.76816751976359,56,56.25,0.622222222222222,56,56.25,0.622222222222222,45,45,0.5,34,33.75,0.377777777777778,34,33.75,0.377777777777778,50,100,0.35,FALSE,"sample_id;plate;order_in_plate;run_order;sample_type","e2452e8cba452fa669bc0202c76b7fc52f8d16e63ff273bbdac6c9ce5adfc3e7","0ed16585ae74656d9af07bfaf5d4d82d717d4e7dd3a47cfc58889f45ff7060e9","70737d3abec96a39d4813bac162e4af5399ef45b83120e44aa84482af72747f0","6f9b37247e9bcb9091d49a1c85d33fee504c8df0292b39522adaaf3b957e56a3","74e3e612d6c04730dd2dac3e2e80701c465c3ac686f387ca4d0e852d3eef78be","fd4a5a2db4f593d054a4e6005bdc111384192a23a1b734da3462abb312da1c77","b7d59407a3cef323480a5495fa633bc3f13c9a57381758413f92c01659087947","490ab7c14169e34d927335d25074a142325c0a652cfea8b213c604983850fec2","9f5d37bf634e2e76c1848756a33c3bd7d0b07e1c24f6bb6c4e2c959cebdaa4e4","11a128be6e0054d7795dbdd341caebdced7c1d48fd1d7a30bc995539062c787e","5512fc5e801d36792d6be4856bf9afc904c51b4b025a0701204d75b57fb5f15f","4243e0cb51700dac8791c4f08310911d4079ec92ef8ccc90e36279719747fc41","56ed47baa386c12341b4b8542e82c1ab9a566d653849b72602669cd84d4c925b","bundles/CONF20_batch_0p25.rds","b02ac27e57cc8a6b53d12fcf211b1aff5204dbda376454d2cbb6f2f5917c9940",TRUE
"CONF20","CONF20_run_order_0p25",3,"run_order",0.25,450,225,225,0,0.414434776401565,0.414434776401565,0.499118043406219,"~ phenotype + plate + within_plate_position_scaled",450,7,7,TRUE,7.35242924383966,3.76078773936802,45,45,0.5,45,45,0.5,45,45,0.5,45,45,0.5,45,45,0.5,50,100,0.35,FALSE,"sample_id;plate;order_in_plate;run_order;sample_type","e2452e8cba452fa669bc0202c76b7fc52f8d16e63ff273bbdac6c9ce5adfc3e7","6cf25c83dfd69d708d964c6824f87a11c64c3dee1427038b3f55d705d44e72da","70737d3abec96a39d4813bac162e4af5399ef45b83120e44aa84482af72747f0","6f9b37247e9bcb9091d49a1c85d33fee504c8df0292b39522adaaf3b957e56a3","74e3e612d6c04730dd2dac3e2e80701c465c3ac686f387ca4d0e852d3eef78be","fd4a5a2db4f593d054a4e6005bdc111384192a23a1b734da3462abb312da1c77","b7d59407a3cef323480a5495fa633bc3f13c9a57381758413f92c01659087947","490ab7c14169e34d927335d25074a142325c0a652cfea8b213c604983850fec2","9f5d37bf634e2e76c1848756a33c3bd7d0b07e1c24f6bb6c4e2c959cebdaa4e4","11a128be6e0054d7795dbdd341caebdced7c1d48fd1d7a30bc995539062c787e","d53c17b14a21af6532f8c03b8f27c326953092980a4b60c63e9038987a9f6688","8e4dfe6ef3c64ed90572c61a080fbd1755bbba4b9394a4763893b05b9d14be46","f9aeddc7cfedf9d06ba7137c228774dee2ed563bf74341f87bc294389fb7bdec","bundles/CONF20_run_order_0p25.rds","a07458405fe68f7308c7a0c7a23a10b95b43202c7c34f23eda8f8def558e9514",TRUE
"CONF20","CONF20_joint_0p25",4,"joint",0.25,450,225,225,0.218637757799979,0.396813813772314,0.406908236447267,0.485181397416283,"~ phenotype + plate + within_plate_position_scaled",450,7,7,TRUE,7.6806720971008,3.59774934409811,56,56.25,0.622222222222222,56,56.25,0.622222222222222,45,45,0.5,34,33.75,0.377777777777778,34,33.75,0.377777777777778,50,100,0.35,FALSE,"sample_id;plate;order_in_plate;run_order;sample_type","e2452e8cba452fa669bc0202c76b7fc52f8d16e63ff273bbdac6c9ce5adfc3e7","b1802fc31019df769818297a6b21bd892909b7b05c5d3a24a43e6a2af98cbea7","70737d3abec96a39d4813bac162e4af5399ef45b83120e44aa84482af72747f0","6f9b37247e9bcb9091d49a1c85d33fee504c8df0292b39522adaaf3b957e56a3","74e3e612d6c04730dd2dac3e2e80701c465c3ac686f387ca4d0e852d3eef78be","fd4a5a2db4f593d054a4e6005bdc111384192a23a1b734da3462abb312da1c77","b7d59407a3cef323480a5495fa633bc3f13c9a57381758413f92c01659087947","490ab7c14169e34d927335d25074a142325c0a652cfea8b213c604983850fec2","9f5d37bf634e2e76c1848756a33c3bd7d0b07e1c24f6bb6c4e2c959cebdaa4e4","11a128be6e0054d7795dbdd341caebdced7c1d48fd1d7a30bc995539062c787e","3ccd25dbd841cc079c35ac620a8a3a4d70a0e7e660514a3f4a6a89ba39e97bfc","2aff05a7b4ffa4129384422ad528ddc1cc9c6b2c61018e5c87fe805de81ab77d","d3c04d62cb41b4783e6677db6e1db262d73ec87273dcdb5ca3b1083dcb20704a","bundles/CONF20_joint_0p25.rds","0a7b466b468eb2463cdfabbae4808abf9d7ce4f2b2653e2c2a6e67e520725327",TRUE
"CONF20","CONF20_batch_0p50",5,"batch",0.5,450,225,225,0.457151675399957,0.0556856634545757,0.0860690473983966,0.12937563043561,"~ phenotype + plate + within_plate_position_scaled",450,7,7,TRUE,7.79478908598136,3.55952289979879,68,67.5,0.755555555555556,68,67.5,0.755555555555556,45,45,0.5,22,22.5,0.244444444444444,22,22.5,0.244444444444444,50,100,0.35,FALSE,"sample_id;plate;order_in_plate;run_order;sample_type","e2452e8cba452fa669bc0202c76b7fc52f8d16e63ff273bbdac6c9ce5adfc3e7","7f8fe9d85d79c0884cd9e9e0b4bbe46675e7ac1035a99a4f2b8ccb5a6cf490dd","70737d3abec96a39d4813bac162e4af5399ef45b83120e44aa84482af72747f0","6f9b37247e9bcb9091d49a1c85d33fee504c8df0292b39522adaaf3b957e56a3","74e3e612d6c04730dd2dac3e2e80701c465c3ac686f387ca4d0e852d3eef78be","fd4a5a2db4f593d054a4e6005bdc111384192a23a1b734da3462abb312da1c77","b7d59407a3cef323480a5495fa633bc3f13c9a57381758413f92c01659087947","490ab7c14169e34d927335d25074a142325c0a652cfea8b213c604983850fec2","9f5d37bf634e2e76c1848756a33c3bd7d0b07e1c24f6bb6c4e2c959cebdaa4e4","11a128be6e0054d7795dbdd341caebdced7c1d48fd1d7a30bc995539062c787e","9f2a2200febbe581badf5ec5b6af4008a6421e50dcb36eae16c0ab9211682c79","b2f6aa79fb3510c57692ffc99bda9f1f427ef85b7b848a990f6af32838270542","a9f64fba1723417295598372ff19979c4a50788302818afb917e19299f8f397c","bundles/CONF20_batch_0p50.rds","ea12d3c36eab72c2d5bd7c86c5bb1889c12bbb7538a7e7b736b3efc494bfc48f",TRUE
"CONF20","CONF20_run_order_0p50",6,"run_order",0.5,450,225,225,0,0.667629190880127,0.667629190880127,0.707832358043953,"~ phenotype + plate + within_plate_position_scaled",450,7,7,TRUE,8.26536469104812,3.33363474381187,45,45,0.5,45,45,0.5,45,45,0.5,45,45,0.5,45,45,0.5,50,100,0.35,FALSE,"sample_id;plate;order_in_plate;run_order;sample_type","e2452e8cba452fa669bc0202c76b7fc52f8d16e63ff273bbdac6c9ce5adfc3e7","61f282fa9bcb6bf2eade122df60245f39055bda1123cb6e7a63e2010669b1bf3","70737d3abec96a39d4813bac162e4af5399ef45b83120e44aa84482af72747f0","6f9b37247e9bcb9091d49a1c85d33fee504c8df0292b39522adaaf3b957e56a3","74e3e612d6c04730dd2dac3e2e80701c465c3ac686f387ca4d0e852d3eef78be","fd4a5a2db4f593d054a4e6005bdc111384192a23a1b734da3462abb312da1c77","b7d59407a3cef323480a5495fa633bc3f13c9a57381758413f92c01659087947","490ab7c14169e34d927335d25074a142325c0a652cfea8b213c604983850fec2","9f5d37bf634e2e76c1848756a33c3bd7d0b07e1c24f6bb6c4e2c959cebdaa4e4","11a128be6e0054d7795dbdd341caebdced7c1d48fd1d7a30bc995539062c787e","7dcd338bb7bb16ded5ab88c50333fad7e1cd770daa8d98b22f8383cbd6564c09","3378c553959ab7eeca472ac345b23e105cba256e0adb2d588a4f44d7d382a995","2811bbc8bb4b4e7e1ab399273ed3a804fd68ff24d46445f734912ab90653fd0a","bundles/CONF20_run_order_0p50.rds","3d5397d2aea58ba8cf1b5ffa43148abb138dd991976458e488ec1f5aadd665ad",TRUE
"CONF20","CONF20_joint_0p50",7,"joint",0.5,450,225,225,0.457151675399957,0.555231400128495,0.624409695793381,0.659930712061522,"~ phenotype + plate + within_plate_position_scaled",450,7,7,TRUE,9.47518223105638,2.90749200031248,68,67.5,0.755555555555556,68,67.5,0.755555555555556,45,45,0.5,22,22.5,0.244444444444444,22,22.5,0.244444444444444,50,100,0.35,FALSE,"sample_id;plate;order_in_plate;run_order;sample_type","e2452e8cba452fa669bc0202c76b7fc52f8d16e63ff273bbdac6c9ce5adfc3e7","8e475d82fd6eff125996d99612084161e6f6a91c5cec7078710768d8be0637b6","70737d3abec96a39d4813bac162e4af5399ef45b83120e44aa84482af72747f0","6f9b37247e9bcb9091d49a1c85d33fee504c8df0292b39522adaaf3b957e56a3","74e3e612d6c04730dd2dac3e2e80701c465c3ac686f387ca4d0e852d3eef78be","fd4a5a2db4f593d054a4e6005bdc111384192a23a1b734da3462abb312da1c77","b7d59407a3cef323480a5495fa633bc3f13c9a57381758413f92c01659087947","490ab7c14169e34d927335d25074a142325c0a652cfea8b213c604983850fec2","9f5d37bf634e2e76c1848756a33c3bd7d0b07e1c24f6bb6c4e2c959cebdaa4e4","11a128be6e0054d7795dbdd341caebdced7c1d48fd1d7a30bc995539062c787e","342fead02d33b5fcb8c34153f33630eb6f6f11d50ff6219370ca36031a4bd9b2","2ac1e3e02958a0bb6375d5e6fc5534a3ed80d533589e11c324ffae117252c8ed","6d2092b4a8240daf3f52a56a9c7511ffff20171f8ec515742496ba6c7b162517","bundles/CONF20_joint_0p50.rds","a81c3a2fa45d53bad398065762291efd1c44e823f10590c6c78a0a0c74e9f8d5",TRUE
"CONF20","CONF20_batch_0p75",8,"batch",0.75,450,225,225,0.675789433199936,0.000256615960620158,0.0500545082510193,0.0881391398973742,"~ phenotype + plate + within_plate_position_scaled",450,7,7,TRUE,8.7693480743815,3.16457432650576,79,78.75,0.877777777777778,79,78.75,0.877777777777778,45,45,0.5,11,11.25,0.122222222222222,11,11.25,0.122222222222222,50,100,0.35,FALSE,"sample_id;plate;order_in_plate;run_order;sample_type","e2452e8cba452fa669bc0202c76b7fc52f8d16e63ff273bbdac6c9ce5adfc3e7","5e7ba12a19bdddc48fb6cc653330bebffca370064789657d16dbc2a2de6bad36","70737d3abec96a39d4813bac162e4af5399ef45b83120e44aa84482af72747f0","6f9b37247e9bcb9091d49a1c85d33fee504c8df0292b39522adaaf3b957e56a3","74e3e612d6c04730dd2dac3e2e80701c465c3ac686f387ca4d0e852d3eef78be","fd4a5a2db4f593d054a4e6005bdc111384192a23a1b734da3462abb312da1c77","b7d59407a3cef323480a5495fa633bc3f13c9a57381758413f92c01659087947","490ab7c14169e34d927335d25074a142325c0a652cfea8b213c604983850fec2","9f5d37bf634e2e76c1848756a33c3bd7d0b07e1c24f6bb6c4e2c959cebdaa4e4","11a128be6e0054d7795dbdd341caebdced7c1d48fd1d7a30bc995539062c787e","c60ce0860652f9936e55fcb959f429a05d4813a444354b8f0288b007ef03d413","75290810b58c79f1aaad722d903afaee3746c28e22be7dd00c3692f54115f756","9ce44e7534ee7b3adc475a2bdfa1fc8313a8ec2296c36d0fba57066972aef81f","bundles/CONF20_batch_0p75.rds","f93bb41ba436f454172706d2e81be4aecfa39c10e38fb4c5f5aab47b4034f2be",TRUE
"CONF20","CONF20_run_order_0p75",9,"run_order",0.75,450,225,225,0,0.813387056512381,0.81338705651238,0.82844185953543,"~ phenotype + plate + within_plate_position_scaled",450,7,7,TRUE,10.4995779241779,2.61905168294322,45,45,0.5,45,45,0.5,45,45,0.5,45,45,0.5,45,45,0.5,50,100,0.35,FALSE,"sample_id;plate;order_in_plate;run_order;sample_type","e2452e8cba452fa669bc0202c76b7fc52f8d16e63ff273bbdac6c9ce5adfc3e7","f4327ddb1f43234e383f13ff5f40ab4eab0b999aaa48af9a1cd2d739cc9ec89e","70737d3abec96a39d4813bac162e4af5399ef45b83120e44aa84482af72747f0","6f9b37247e9bcb9091d49a1c85d33fee504c8df0292b39522adaaf3b957e56a3","74e3e612d6c04730dd2dac3e2e80701c465c3ac686f387ca4d0e852d3eef78be","fd4a5a2db4f593d054a4e6005bdc111384192a23a1b734da3462abb312da1c77","b7d59407a3cef323480a5495fa633bc3f13c9a57381758413f92c01659087947","490ab7c14169e34d927335d25074a142325c0a652cfea8b213c604983850fec2","9f5d37bf634e2e76c1848756a33c3bd7d0b07e1c24f6bb6c4e2c959cebdaa4e4","11a128be6e0054d7795dbdd341caebdced7c1d48fd1d7a30bc995539062c787e","6a42bf3f6f53fbe1ba692c0578dc0a1efe2ec72d9e9f7c28535a985fb0a3e8e6","c6386fefd485bda440b295a44cdfa4ac24ad11e24269b4c05612796194af3de8","a6d34154dbe72024c6fc0549a5f66354760f37e9ad2be10f525823d4aedb0015","bundles/CONF20_run_order_0p75.rds","ae01daa3f01540a51992ce92095fd24e9c96a8dab2b9cc7869433500526ed8b3",TRUE
"CONF20","CONF20_joint_0p75",10,"joint",0.75,450,225,225,0.675789433199936,0.446597310132626,0.595132139470918,0.822454153787626,"~ phenotype + plate + within_plate_position_scaled",450,7,7,TRUE,11.0685434621319,2.49116639026938,79,78.75,0.877777777777778,79,78.75,0.877777777777778,45,45,0.5,11,11.25,0.122222222222222,11,11.25,0.122222222222222,50,100,0.35,FALSE,"sample_id;plate;order_in_plate;run_order;sample_type","e2452e8cba452fa669bc0202c76b7fc52f8d16e63ff273bbdac6c9ce5adfc3e7","cb6c6c68831b3a3fc955fe34f399e551838cd96b8c6d9167efdcb188b4aaa580","70737d3abec96a39d4813bac162e4af5399ef45b83120e44aa84482af72747f0","6f9b37247e9bcb9091d49a1c85d33fee504c8df0292b39522adaaf3b957e56a3","74e3e612d6c04730dd2dac3e2e80701c465c3ac686f387ca4d0e852d3eef78be","fd4a5a2db4f593d054a4e6005bdc111384192a23a1b734da3462abb312da1c77","b7d59407a3cef323480a5495fa633bc3f13c9a57381758413f92c01659087947","490ab7c14169e34d927335d25074a142325c0a652cfea8b213c604983850fec2","9f5d37bf634e2e76c1848756a33c3bd7d0b07e1c24f6bb6c4e2c959cebdaa4e4","11a128be6e0054d7795dbdd341caebdced7c1d48fd1d7a30bc995539062c787e","12ad9cfe04e091c05d8e9486e0436002ee725eb4d702d30d11fc466ce83f47fe","d984045abe66c28c2bf1d5191cfb424dfcd44783feff87dc484deb8059d6bcdc","0fb93245104b69d280a8b7a2c502ac3b537719a9eb027a853e78b1d787a36d41","bundles/CONF20_joint_0p75.rds","d04a770f25a9e698b05b44cbde888327426fd0bdef9ea7f8d27a67ffd055bf1d",TRUE
"CONF20","CONF20_batch_0p90",11,"batch",0.9,450,225,225,0.814922551799923,0.00881048131462564,0.0530046578209275,0.091316315250391,"~ phenotype + plate + within_plate_position_scaled",450,7,7,TRUE,10.6032975504149,2.61670404683577,86,85.5,0.955555555555556,86,85.5,0.955555555555556,45,45,0.5,4,4.5,0.0444444444444444,4,4.5,0.0444444444444444,50,100,0.35,FALSE,"sample_id;plate;order_in_plate;run_order;sample_type","e2452e8cba452fa669bc0202c76b7fc52f8d16e63ff273bbdac6c9ce5adfc3e7","ce97c9d3bd0772837533f6446c8e87fba5030cc381f82f02d8fa034419dbff9b","70737d3abec96a39d4813bac162e4af5399ef45b83120e44aa84482af72747f0","6f9b37247e9bcb9091d49a1c85d33fee504c8df0292b39522adaaf3b957e56a3","74e3e612d6c04730dd2dac3e2e80701c465c3ac686f387ca4d0e852d3eef78be","fd4a5a2db4f593d054a4e6005bdc111384192a23a1b734da3462abb312da1c77","b7d59407a3cef323480a5495fa633bc3f13c9a57381758413f92c01659087947","490ab7c14169e34d927335d25074a142325c0a652cfea8b213c604983850fec2","9f5d37bf634e2e76c1848756a33c3bd7d0b07e1c24f6bb6c4e2c959cebdaa4e4","11a128be6e0054d7795dbdd341caebdced7c1d48fd1d7a30bc995539062c787e","85492ed538369e49e47fc98a773408a5057712113632803396a6b59af4667e5e","6ca94a474f2dfd31f72348e07204727ba8456feff5e996a4fbe36d3929864ae9","82ce5b365be92333f345324ea09aa66a74985d45677528433080d4ee050994cc","bundles/CONF20_batch_0p90.rds","608d64842d5d81cf94245312d5a63d75e2ebb0de719ac7f68644164274e549d6",TRUE
"CONF20","CONF20_run_order_0p90",12,"run_order",0.9,450,225,225,0,0.860433315959411,0.860433315959411,0.862657320951452,"~ phenotype + plate + within_plate_position_scaled",450,7,7,TRUE,12.0197363927285,2.28635996448756,45,45,0.5,45,45,0.5,45,45,0.5,45,45,0.5,45,45,0.5,50,100,0.35,FALSE,"sample_id;plate;order_in_plate;run_order;sample_type","e2452e8cba452fa669bc0202c76b7fc52f8d16e63ff273bbdac6c9ce5adfc3e7","c2b6cb16876de969881aaae7d14554759903f9637bba91ca06e9b5c317243d72","70737d3abec96a39d4813bac162e4af5399ef45b83120e44aa84482af72747f0","6f9b37247e9bcb9091d49a1c85d33fee504c8df0292b39522adaaf3b957e56a3","74e3e612d6c04730dd2dac3e2e80701c465c3ac686f387ca4d0e852d3eef78be","fd4a5a2db4f593d054a4e6005bdc111384192a23a1b734da3462abb312da1c77","b7d59407a3cef323480a5495fa633bc3f13c9a57381758413f92c01659087947","490ab7c14169e34d927335d25074a142325c0a652cfea8b213c604983850fec2","9f5d37bf634e2e76c1848756a33c3bd7d0b07e1c24f6bb6c4e2c959cebdaa4e4","11a128be6e0054d7795dbdd341caebdced7c1d48fd1d7a30bc995539062c787e","6bb09739085e2ea8d75dfd2ba7b2565c322b0450d6257888ed34891130731395","2fd2a67bd74dec7d4c5b3db21262ce42db5c692bba686f9d7648d161f2d72f95","9686a6c4c6e4a1d04dcd524ec95a62a9e7ead268394365b965d504e0bcf23a86","bundles/CONF20_run_order_0p90.rds","763c587045bfe10e986431b8419e7df6daa18625f3a01eacfc945c723f0c5626",TRUE
"CONF20","CONF20_joint_0p90",13,"joint",0.9,450,225,225,0.814922551799923,0.290232651461406,0.458102486427877,0.862657320951452,"~ phenotype + plate + within_plate_position_scaled",450,7,7,TRUE,12.578104671954,2.19632759143567,86,85.5,0.955555555555556,86,85.5,0.955555555555556,45,45,0.5,4,4.5,0.0444444444444444,4,4.5,0.0444444444444444,50,100,0.35,FALSE,"sample_id;plate;order_in_plate;run_order;sample_type","e2452e8cba452fa669bc0202c76b7fc52f8d16e63ff273bbdac6c9ce5adfc3e7","921784dcc14b10210e12b910090826f04fe401faafc8eec8e2c426f9eb2ac838","70737d3abec96a39d4813bac162e4af5399ef45b83120e44aa84482af72747f0","6f9b37247e9bcb9091d49a1c85d33fee504c8df0292b39522adaaf3b957e56a3","74e3e612d6c04730dd2dac3e2e80701c465c3ac686f387ca4d0e852d3eef78be","fd4a5a2db4f593d054a4e6005bdc111384192a23a1b734da3462abb312da1c77","b7d59407a3cef323480a5495fa633bc3f13c9a57381758413f92c01659087947","490ab7c14169e34d927335d25074a142325c0a652cfea8b213c604983850fec2","9f5d37bf634e2e76c1848756a33c3bd7d0b07e1c24f6bb6c4e2c959cebdaa4e4","11a128be6e0054d7795dbdd341caebdced7c1d48fd1d7a30bc995539062c787e","d3cec3c799984b45b3af1d02ffcbfbc333661a6d3582b3846ed3dd49e678eaf6","e7ea95898c6869f8e5a957296a86c776503363f74d17222b7ce271770039036d","45f4cff6a1645bc0b141dded578daa895a8d740835434926c56a978c9e58fe0f","bundles/CONF20_joint_0p90.rds","87e1b2716d1b3ee95bbac53472074971f24a99929d70c97ec0112d2f9491f182",TRUE
"CONF20","CONF20_batch_1p00",14,"batch",1,450,225,225,0.894427190999916,0.00983694515710629,0.0491847257855315,0.0491847257855315,"~ phenotype + plate + within_plate_position_scaled",450,7,7,TRUE,13.3723225219719,2.07455351191211,90,90,1,90,90,1,45,45,0.5,0,0,0,0,0,0,50,100,0.35,FALSE,"sample_id;plate;order_in_plate;run_order;sample_type","e2452e8cba452fa669bc0202c76b7fc52f8d16e63ff273bbdac6c9ce5adfc3e7","f3c0bcc0de3ddeeec51f96c33affadbcf09987084e48a58316a7a674ff3ee010","70737d3abec96a39d4813bac162e4af5399ef45b83120e44aa84482af72747f0","6f9b37247e9bcb9091d49a1c85d33fee504c8df0292b39522adaaf3b957e56a3","74e3e612d6c04730dd2dac3e2e80701c465c3ac686f387ca4d0e852d3eef78be","fd4a5a2db4f593d054a4e6005bdc111384192a23a1b734da3462abb312da1c77","b7d59407a3cef323480a5495fa633bc3f13c9a57381758413f92c01659087947","490ab7c14169e34d927335d25074a142325c0a652cfea8b213c604983850fec2","9f5d37bf634e2e76c1848756a33c3bd7d0b07e1c24f6bb6c4e2c959cebdaa4e4","11a128be6e0054d7795dbdd341caebdced7c1d48fd1d7a30bc995539062c787e","de2e4472fc44885148e5d7e73442081fd6338c9eaa8e92fb98d32fc08d65e8e4","51a67c60a8f68ffafac00c2114464b2aff5ca3562c0de588bdb8b2de9442f49c","55866b0989cbc20fb8349fa86f94e035e3d73a79385e61dcee9b40707ae351cc","bundles/CONF20_batch_1p00.rds","4351e7782d5fc93f4ccd0b381dbc781baaec3189c5709f1654f758f0aad13b18",TRUE
"CONF20","CONF20_run_order_1p00",15,"run_order",1,450,225,225,0,0.866078867093054,0.866078867093054,0.866078867093054,"~ phenotype + plate + within_plate_position_scaled",450,7,7,TRUE,12.2571850578752,2.24189736854381,45,45,0.5,45,45,0.5,45,45,0.5,45,45,0.5,45,45,0.5,50,100,0.35,FALSE,"sample_id;plate;order_in_plate;run_order;sample_type","e2452e8cba452fa669bc0202c76b7fc52f8d16e63ff273bbdac6c9ce5adfc3e7","f858753b6a3bc752e6381c89de610d8a99c06a593b00f0ddbb065777d5d1d8eb","70737d3abec96a39d4813bac162e4af5399ef45b83120e44aa84482af72747f0","6f9b37247e9bcb9091d49a1c85d33fee504c8df0292b39522adaaf3b957e56a3","74e3e612d6c04730dd2dac3e2e80701c465c3ac686f387ca4d0e852d3eef78be","fd4a5a2db4f593d054a4e6005bdc111384192a23a1b734da3462abb312da1c77","b7d59407a3cef323480a5495fa633bc3f13c9a57381758413f92c01659087947","490ab7c14169e34d927335d25074a142325c0a652cfea8b213c604983850fec2","9f5d37bf634e2e76c1848756a33c3bd7d0b07e1c24f6bb6c4e2c959cebdaa4e4","11a128be6e0054d7795dbdd341caebdced7c1d48fd1d7a30bc995539062c787e","151e736f4ffff3859ba33d8926cb6489fe36679c09345d5c02f9e25a780677da","7b5a1aee42f5f5ff38a53d65c8da974844b19a2088f6879c9f3f87c5af4b275b","218747758c733aa2b8ad364d8eb7f963e1ef7be774b3525fc43a273dc4f2912e","bundles/CONF20_run_order_1p00.rds","290e2ecb95fab2ee060aec4a9f0d2931e20a4d905b01fb0d0240425d9e521475",TRUE
"CONF20","CONF20_joint_1p00",16,"joint",1,450,225,225,0.894427190999916,0.173215773418611,0.866078867093054,0.866078867093054,"~ phenotype + plate + within_plate_position_scaled",450,7,7,TRUE,14.8598036973637,1.86190902773352,90,90,1,90,90,1,45,45,0.5,0,0,0,0,0,0,50,100,0.35,FALSE,"sample_id;plate;order_in_plate;run_order;sample_type","e2452e8cba452fa669bc0202c76b7fc52f8d16e63ff273bbdac6c9ce5adfc3e7","00bf8e43df97885f60dc3942766cb9e75cf4027ddd439509df0c68da3e08e91d","70737d3abec96a39d4813bac162e4af5399ef45b83120e44aa84482af72747f0","6f9b37247e9bcb9091d49a1c85d33fee504c8df0292b39522adaaf3b957e56a3","74e3e612d6c04730dd2dac3e2e80701c465c3ac686f387ca4d0e852d3eef78be","fd4a5a2db4f593d054a4e6005bdc111384192a23a1b734da3462abb312da1c77","b7d59407a3cef323480a5495fa633bc3f13c9a57381758413f92c01659087947","490ab7c14169e34d927335d25074a142325c0a652cfea8b213c604983850fec2","9f5d37bf634e2e76c1848756a33c3bd7d0b07e1c24f6bb6c4e2c959cebdaa4e4","11a128be6e0054d7795dbdd341caebdced7c1d48fd1d7a30bc995539062c787e","1d24f34bcf9828bd8786043a3008e63388610c609ccf0d91446d58b3aee28761","bb510a7693a5da09f051c0d781f38f75998d06e41e53f04e4d3ebb5715b63957","36b831a5908cf7ad1a00655f8053db17c49b4960a24297b5bd7c6e644345460a","bundles/CONF20_joint_1p00.rds","5fe604d6c2b9b0b1784fc8bcff5bdd8447956ebe26e9661b11b0cb7c01c59e71",TRUE
