"array_index","scenario_id","pre_v2_job_id","pre_v2_attempt_status","pre_v2_scientifically_eligible","v2_retry_required","pre_v2_expected_raw_intensity_round10_sha256","pre_v2_expected_clean_intensity_round10_sha256","pre_v2_observed_raw_intensity_round10_sha256","pre_v2_observed_clean_intensity_round10_sha256","pre_v2_reference_raw_intensity_object_sha256","pre_v2_observed_raw_intensity_object_sha256","pre_v2_reference_clean_ground_truth_object_sha256","pre_v2_observed_clean_ground_truth_object_sha256","raw_intensity_max_abs_difference","raw_intensity_median_abs_difference","raw_intensity_nonzero_difference_cells","raw_intensity_cells_above_1e_minus_12","raw_log_with_biology_max_abs_difference","raw_log_round10_identical"
1,"CONF01_none_0p00","8385353","completed_v1_scientifically_ineligible",FALSE,TRUE,"fb418bded511c55db903409111fada4d5995475741061c0d150ef7ce94c72394","f0bec641394bac58a39826dd3d136762d4140b46a257aff4f10bc5f4fede0c39","","","44c3f9a34315778630d4b084f1b1c6892cc31a711d66f174b135b75beb637781","","64bd5dfad269cb1bbd0973c6f42080c62b9b4f2c529b6b92c1aa2caed22540df","",,,,,,
2,"CONF01_batch_0p25","8385353","completed_v1_scientifically_ineligible",FALSE,TRUE,"a549b2dc069be82ae2731fe127e56f3bfd7bc98130543185e306fc508f3fc5fa","9ef64fad65b12fefcd5a0a053bec80804b554a4312f65f3aa49076ea6a542dad","","","8d5082cbd29bfae25a515ecd6700a60a2352b97b1285316ede90c00317daf42a","","9e330a4a0faa6186f01c82944396c7fd521b78f2eb33623f254472dfc8246906","",,,,,,
3,"CONF01_run_order_0p25","8385353","completed_v1_scientifically_ineligible",FALSE,TRUE,"0c85fa49ac07d8eed4e491f61ed7646d6d13bdda42bfcea3fa9b885d826e4be6","253c0707ee5eb80777b798ff691fd5a8fadc3c869c8dcac8a3df73fa93c8fc2d","","","3d3c17b624c98b2a46b282aff174ece18991a91adb42bdd8619146c62b060693","","ee282bd9a92ada1018c65692125643a507afe5c990341ca91a55abccf6f3e26e","",,,,,,
4,"CONF01_joint_0p25","8385353","completed_v1_scientifically_ineligible",FALSE,TRUE,"54786f18cde6eb8b2b286ae6531c30fb477f7809c68275154a767f06b3603101","fc8a4f80344acef20f140b183794cffd0cf1bad84c1ee420cd0f306aaf6c7741","","","1d23763d9a7f109122cd80ac976db550d7acc804db7c84cc7245915013861433","","bf825246a081908576d220c5599aef88a5b9024e824dbddf82e47383081dc5a8","",,,,,,
5,"CONF01_batch_0p50","8385353","completed_v1_scientifically_ineligible",FALSE,TRUE,"37371e006c4d8fa58e80a38e586753125ebb37305eea4fa6360b09899a423c97","7e473b139a1dd0946493e3f8125e491c4100b4b0200bd2b73ade69529a9a042d","","","b4a370ce13c437a9f34982cf9f3ebeb7f020a2291dcc8caa5046fa71db0175fb","","c14c2ea82b9b544446d488f2bba25c56b4e5da6ace7a876f547e95404e986ee8","",,,,,,
6,"CONF01_run_order_0p50","8385353","completed_v1_scientifically_ineligible",FALSE,TRUE,"4dfcfd7291b09b1522ff34bc67fb483e05d658e9f1d1d67159aaa4a07ae5862c","be13df04e2dcf88d1114405fe0a0e9a8bc1ee211da5580165dee774f918692db","","","256ee591da8a0a4aeaa0ccbc0d6569b45145b7b191573367c4570a7036551e0d","","af831134b4c99241c752f1a530a4418407b87b2ae0d47f6286cd22e5f327c2cb","",,,,,,
7,"CONF01_joint_0p50","8385353","completed_v1_scientifically_ineligible",FALSE,TRUE,"01c3434d72530286b46e6e113531e7c884e0305872411ff0e183fba15fffb3c6","7708601c76a8515aac9d527ce0d2416637a8766796a11c8f2d6f2e8dfce05dec","","","436ed60bef520fdd0399f5df2a14331bbffed930e18cd0bb138940938833ebc6","","f1832ac6e62264367c0c22b4c8e92c1ab50b15e86ba0363caef983806dcc7c1d","",,,,,,
8,"CONF01_batch_0p75","8385353","completed_v1_scientifically_ineligible",FALSE,TRUE,"71fa51c04c69b1a04b0f6213728f08130a5a9c6b38c13e7baf1578b7cfb69b8d","70a97d29564849e336b172dd21acc43b53f2fa1c20760f0f63439c9f224ba4c3","","","04b114df7b80f34173800a22845a752bcd9cec93237a85df74478e679327e80d","","87212d7677a40f91af29f0c976e5c063dd3398d02fafd7a38a91019f61fef69b","",,,,,,
9,"CONF01_run_order_0p75","8385353","completed_v1_scientifically_ineligible",FALSE,TRUE,"b2d94be5e958d30baeb5ecc6de3a53baf2ad6571680ea7dab89b9613bba40b28","20b283f002491881d0eed8f224c4cf0d50c7bf2cad41e381a10ebb47b494edf6","","","5cfa0aee07a3ca35b67e0ca95a9d18ee14e8b31ad37b95384ea2869ebf462806","","e4b4fa869c30b6fda6d1af56784522e878c622b83c9eda4930df17c959b3a897","",,,,,,
10,"CONF01_joint_0p75","8385353","completed_v1_scientifically_ineligible",FALSE,TRUE,"5a006a477ec2570381dcc87957acaea99696e8e670be98628391dc3c7735e529","22553304028893b087e64e7da239acb2500c7882f11518f411d3e3b5dc333546","","","e68a54e9047100b550a95f593c1f904edac11b4f35e998ae43c82405e95ae005","","ca0ebdede404f679dbe9c7eae528dd5f04157f6d271280cceac85480caa46274","",,,,,,
11,"CONF01_batch_0p90","8385353","completed_v1_scientifically_ineligible",FALSE,TRUE,"75a426228c44c06d05f2c035250c7e00be07be9f383102aaaab1f6bd263776ed","0d1078c69194a197ef72bb29deed77485aec89a4afb2c0b28ee40eeaed1a382d","","","b7c4c7f7e9439d43a4de5e3fc495994c030b8743eda3025ffa85282d6eed78bb","","1468da917e0881b22dd8cd4f401a24433b428d004f5d6ecd5a4f1df9d6163e84","",,,,,,
12,"CONF01_run_order_0p90","8385353","completed_v1_scientifically_ineligible",FALSE,TRUE,"8375d6388f55a29292813c0df89035231b7e4bf590c676197deb82b0889636b8","9271c20c9677342eb9f1c6a06ccc00b1f407e644eff7d547bcd1e374e3337fac","","","b4168f76659912ad16a63d99f05c1a6b1744ff56c9a009c69999848e79b02c89","","6e4e584cf7bc731ac097f0125bc2b451aad251415cd08f491970eddfe02f0fdb","",,,,,,
13,"CONF01_joint_0p90","8385353","completed_v1_scientifically_ineligible",FALSE,TRUE,"a352a3a47ad230d39e3ec7d3046e52e06ffe23f2b00d1fd35106d2c73c26eed1","c613adc06a471e03427ec6cdb562c7edcf48707766dc8e9c05d54e090fb0d318","","","69ff0bc2f5caec424e09387312cddd6f9168ce60ac51d1dbebfb25d871b50b71","","9277a94c107eb6c67609c642dbba3c1214fab305eb103e608c00e89e1baadf0b","",,,,,,
14,"CONF01_batch_1p00","8385353","completed_v1_scientifically_ineligible",FALSE,TRUE,"6e32016eb632fef91601016393e69b8f2eb09af5d1c6c2d7780201986a71b4f0","cafdbb10c153adb5a7ce00dd3a10db35d5e6d73d78bb87736aba9d38163ab8e3","","","6920b04424471202b2cf21e9713bb6cac86a1153699de94086116e282533c4df","","0444bcea2d197181291b6d57f1341c476bb0ea67e2e2c30409399757a632256d","",,,,,,
15,"CONF01_run_order_1p00","8385353","completed_v1_scientifically_ineligible",FALSE,TRUE,"8a22694e852f7725d3da410f9264d581f248ba4cdd4d07c1a7be281c0bff7bcd","36e27be15a957ed6d87669070b32a646a5beb2a606107cff24a5940da2377db6","","","ca669acde58dfd82e2531e03345636fd8aaf58e47dbce2e091fbd7d6c3247802","","f2c1769f54673f8d2f7c1b16c8500708974208e505decf7c5f49e847bdb736d3","",,,,,,
16,"CONF01_joint_1p00","8385353","completed_v1_scientifically_ineligible",FALSE,TRUE,"d130321afcb6b4336a523199a338d743644c6bcec8a53809777b7adb0742be42","50728489c06b593d5262586bf7ec003329da6bcde8560cc182a2aff548f4850f","","","a2b22769e068c5355a869e654710bf2ebfc9049af7987fbb2f5049af3591b76d","","74efdaeee3c4b17f497fa76d3eb15071b7777d7e75fd45fb8baab463db44285d","",,,,,,
17,"CONF02_none_0p00","8385353","completed_v1_scientifically_ineligible",FALSE,TRUE,"39aa2cd730f038ebc90c3006d6ef66746eb8ab0fe696301e5cf6280f5237c35d","cf238bd047e9bf3664cc45920955ca11ced60e478e731591a96f469c11debd48","","","3876fead0bfdbb831fac978c63ffee23376d17ae0f3f1bad539072cdd990df1b","","1fe22f106c8bee44272026f315531134edfb35f5256bc90b6e7e287a94da1f2d","",,,,,,
18,"CONF02_batch_0p25","8385353","completed_v1_scientifically_ineligible",FALSE,TRUE,"27b19756c53e1979712f2e57f23733dac927a2f22c97b10b4376109e077bd763","dddee25e71ec68218c7e768197bb4c61a034405b1d4d1cf11e23e0a8bbd3b811","","","bd8daecd16e2d4817121846949f9f56ae7c115270d0b8fd9c15d4f80ebf417f9","","1bb77638cca73255e1f0d6542b5919fb6681fdd4c3d5d0c96cc1fa83b1cc7ee2","",,,,,,
19,"CONF02_run_order_0p25","8385353","completed_v1_scientifically_ineligible",FALSE,TRUE,"e850152e3f70e0c335cb1ca31210ad216b5b21c96318ffee8aa84c2c95ce0ce3","d65f9e5c9db51f8c67553d48ae488f852cb4d5dcccb0e8dcf4a317857e61b5a6","","","84749d6037d591019bccecd8b8e78d2a71e872663be770bb7c5631ea75dd4e83","","3f7bd89a65057c6720537d9f930b62dd7bc2f1956e116e68d81ad76e3f4c2755","",,,,,,
20,"CONF02_joint_0p25","8385353","completed_v1_scientifically_ineligible",FALSE,TRUE,"405113c53a8d86394a4e7eafc59d507c04b65810ee1c15346362c71077b8692a","aafc2d33196aaffd166d3e1f3ca46e7d7d5ded724e559ec2aab48c41ab656986","","","5142bbb0530ffc2d6f83bbb21ee7b897b2890b0cc8837b00f5b0c921b8a0b268","","d47895cf08207536f565f907fd9c381b93269a0c638e852640fe5c6484c86b21","",,,,,,
21,"CONF02_batch_0p50","8385353","completed_v1_scientifically_ineligible",FALSE,TRUE,"bbc83641c821d8e178168e6cf26193df51b9333a27315443697dfc9bdd7d60b9","ac49a5aef9edb259cef5198f4e38e145cef163ded188cb1e32edf2e6feed5d70","","","23feaebcca62d902bf0cdadbad24ecd1a384ec77198dba352c0ffab8f346c824","","7e180d0793a1f7aab4dedff67844a337597664164b3124ce3fdbf2f68f78123e","",,,,,,
22,"CONF02_run_order_0p50","8385353","completed_v1_scientifically_ineligible",FALSE,TRUE,"20c542b43dc2337494b6acf1b983db56a8b2f9240fb84a99e65968b55b3dc62e","3fbb2665a5253317d96bf2e4b16d1584539c9370c5e0cc7efaf6337d421a3083","","","d5a4b72a8b68106a96bbad70350fc85d657c7eff8891ec9bdc4037945ff624e0","","698419cc02770441bae3d16310057adba8d066bfedb692e1cf3d2709d151be48","",,,,,,
23,"CONF02_joint_0p50","8385353","completed_v1_scientifically_ineligible",FALSE,TRUE,"96bafda17b6712450ba994d8b553406caee57008514cc2d89764fd6d4458d39a","446b8ec419cfc3be385fbef472dd4036ad867cd0536f87afeb1915b62ba33fe5","","","0abe260a87b217efa7b8845152f4d53bed0f79d3b9713a163f25258738c2f2cd","","f2cf7de8e1be277261402ae060bcfb45b30c087ab41f93921e3ba84fd64d4239","",,,,,,
24,"CONF02_batch_0p75","8385353","completed_v1_scientifically_ineligible",FALSE,TRUE,"ae32ce896b74114949fdd4038b7fe789ffcb9545df897e980fc014de751633fa","fc8121d226b9e045c0ef191ad5e27bbaf4d37fe3269f822de4c4d5c3e3b4d851","","","0f084da1bd3336ffbd4d2762ddc5a5eb3e040a37c4be0cc6c5a11d8878a4903b","","cfc62cb8d0ab6ccf36dd4011f387dfe7c95097709e95ea71f3ee3e9ae5330864","",,,,,,
25,"CONF02_run_order_0p75","8385353","completed_v1_scientifically_ineligible",FALSE,TRUE,"655e7d4350a436772d4f79955c5d0821b0e20f6811e56afeaf57b0be1840c7af","6fef2e7d4b0499f5bdc02d27fe9ba1a1299521d03f090f44482b006cfa7fd7ed","","","1209808f6ad4c3973bbee20b907a853bb6f62d83b5203aa6d4afcaffcd31e705","","a618269812adb6a52adbbb07d591226ea9aaeda1b59f480bdc09f7148a0b6625","",,,,,,
26,"CONF02_joint_0p75","8385353","completed_v1_scientifically_ineligible",FALSE,TRUE,"62471995776001ad9a19bf42a214da1c5498dad4b9c7098ff0b7f823f1cbe742","ef0671b40cddff2e6bd345e996bf822ec59ff1493fb9da5a68bdb93d6d0c0f02","","","8c2e1d6619dca51d1286fafbb0967d6dfe6ee4d7ebd48a375f10c3fe7f37d4af","","8ef25f874edafb7fa6c44ad464abb87bef478df355ca32924ae2b4935f32da2e","",,,,,,
27,"CONF02_batch_0p90","8385353","completed_v1_scientifically_ineligible",FALSE,TRUE,"b9cf3ac910cfc178a3c4a61b158b7107bb7b5c629233a385fc830c34e3a210d5","e91e9a5aebdb263352d5ff3b922afbc85a1184c6b510f7ee28f19b713e78fec5","","","2ae22cb73cfe58916cd04705d0a12cf644361469bef3c0f52382f7d2eda31b06","","a7ab76510bb3847ef853a73dadc1162432a3847387047678c7b83fb0ee97c510","",,,,,,
28,"CONF02_run_order_0p90","8385353","completed_v1_scientifically_ineligible",FALSE,TRUE,"38637a6888c141c473381c1f356ded597204aa98ee407187d7a47569f3f1def5","91c7d9cd5883f99df988dd3d1ab09acc5e416a5ddec48e02189884637de0179c","","","5347df702feb61f29c16e1f9afc4ac5830e39fb25a24f8595d7b4438b20ed5f7","","debb691550b8607e012164f927ef4256517dc153c8bca792b0dda3aaef08a7c5","",,,,,,
29,"CONF02_joint_0p90","8385353","completed_v1_scientifically_ineligible",FALSE,TRUE,"8ab9e930936f8cdb5dccc427a6076a42f55b35d09600f245b44b02c9d8ed777d","f94df63f6a54d4a677ac11916660a85ef329c9bad434e6d8e276d41212afe613","","","2829de4976719530934dbd33784fde37730fd3aebf95822f844675ecb093586f","","4c43339e136fd62a875995d382004230898652443574b257d4f538f6ddf86150","",,,,,,
30,"CONF02_batch_1p00","8385353","completed_v1_scientifically_ineligible",FALSE,TRUE,"3869242eb0defe41bf644ed8bffd1157da17cc844f11b1bd33cb5d4bacf7a55b","fedaf2622e201c20dc2cdc4c2ee44d966d32e1b518695d3719b3296bda4c5da8","","","6873fcb7595fc88838be29c5edc5341fd996705f0a660b8b22eb2e7f40d3efe6","","cff8d47380e0fc87697503266db4c154566a5b5fe2e583873a61ca8aa7c85fc5","",,,,,,
31,"CONF02_run_order_1p00","8385353","completed_v1_scientifically_ineligible",FALSE,TRUE,"ba47f7f759de3a6b139b6798c9604eb6f8281cb45ddb84617444b60cb1126312","dfa4c5685073576e0870893986d05d157411fd2231af1e74518ce36916e23c11","","","12fa29a129210bfb7e6215be773bd601d3a7b37cd0ea6985510104561a9b3093","","3a38b094a76d65d8df08758f6e4cef31d2e6558701a9d94ee4423ee7dacca104","",,,,,,
32,"CONF02_joint_1p00","8385353","completed_v1_scientifically_ineligible",FALSE,TRUE,"3a94ec3bbd16b21eaf1a4b3c5733d974729912b42234f3903570fdb75474e999","47be605ba75ac63718a7c0851f31e10253dc6948c0b2fdc7958071f7157b970e","","","9ad1b342379faeb53abdb7db8bd38aaf42e99aaf6caa54fc35d7d18a12ef80ed","","82d677fd5b95591e447bd95363419b8635d9ef14ed95330079637de9772abb03","",,,,,,
33,"CONF03_none_0p00","8385353","failed_v1_intensity_round10_portability_gate",FALSE,TRUE,"52b4e33c21733791eeb2db8f49d75caebfc28d28a7cc4f5c305161ca1a2ad18f","8c43ea77bd96fd13531a20143d80ee569f69f3ab2c1ca33b4e1381e26deb0fb7","0c982504c0a5d613e725e928088210124195914311ed61db19c269c359bfb8ca","8c43ea77bd96fd13531a20143d80ee569f69f3ab2c1ca33b4e1381e26deb0fb7","04447052d09a23e9f8ed6eb0bdde3d7a73cc24a86340ad5ef6de584712753851","64d96f7efb42abb8e6802cfa54bbb600b7e8d5598eed3319d4870f85da191e2f","0eb6555f459a0271296653c814e915125556d1d541e4022fb5e2e48562b0fa72","885f6373160236d3810de7e5903100c0852bc486e519900942b5b291976143a4",3.5527136788005e-14,0,49116,0,8.88178419700125e-16,TRUE
34,"CONF03_batch_0p25","8385353","failed_v1_intensity_round10_portability_gate",FALSE,TRUE,"481e7d9404b1a419fa7498ba3917c90cc2f376977ba3cc52e0bda1344ef3aa3c","5e77de0c424743f9a18fd898d51ac007b8a8a42502b65d65ee954932c50dd0ba","","","172780f7ae2d7cc7700c98de2af7fddee73c13b915f1862804e454f24d826920","","58d646db2e01d7e0977cebb151e15c1b681fd3311127e28bcf3a515e04470dc8","",,,,,,
35,"CONF03_run_order_0p25","8385353","failed_v1_intensity_round10_portability_gate",FALSE,TRUE,"1626dbd117c782c3ad00829e4f874f25cfe8e63a08a6ef76164965a76284194d","429b95081beeeb3c23e9ed5bf067290f7ac60a79ecd31f457ca1519cb6daaccb","","","3b8abfa54144a1b246ddaf2707d699d691fb0f0adab65bfe555c24e68b4d0fbb","","2d4b85a14865ea78516e434bd8dc7e57ed4d85d40d8446075a08d7801b924c93","",,,,,,
36,"CONF03_joint_0p25","8385353","failed_v1_intensity_round10_portability_gate",FALSE,TRUE,"8fac40afd5584eb5f64d6f5378f95aef3314d4c00f1d3b7b9ad4939abf5c341b","4034814896c19d0bd587aecbbeb3a849ac3bbb72e5d82695e19fe0c628c7ec4b","","","8ede24a0dc66ff90031a607f81c5f67ae203d9daac7aa29251264b013c0d0de8","","a2aba36a98575875a236792b951cb3fc0493f4308a32c1df1f028ef2bf862592","",,,,,,
37,"CONF03_batch_0p50","8385353","failed_v1_intensity_round10_portability_gate",FALSE,TRUE,"74127c6f919212ef65ab29bf22cc758674509d714b4288f715d53078963cf7ce","815baca7a3fa0f113406aab04d7961216cfe8801476ae680dda332d3bf7e33aa","","","8e5188aaf2e4c8c0eae9803e7ae2fc8a6fde07b61da3114a76b6f4d6fc7610e5","","d8e98339526e5fd928c879a9ddd662d52f9eb26174fcaacad3522a7e2ea5ea75","",,,,,,
38,"CONF03_run_order_0p50","8385353","failed_v1_intensity_round10_portability_gate",FALSE,TRUE,"f800fee95e2791d28c5dab43416c2dccc339d6442d6828f164847edb74b262e1","3947653e9920a80c831c18cd10b2238c57c390586da4b73991e8c1cc2b72d803","","","6efcffc1059060cc0074e0d50c2cd260224792816fdcb87c99122e9883439899","","61987373dba0a17152c6c402eca27be02d20e17387f5846d2d05040839f15347","",,,,,,
39,"CONF03_joint_0p50","8385353","failed_v1_intensity_round10_portability_gate",FALSE,TRUE,"126da224bb67822919e24b1f935f57f4212521f1748a3dbe61c3d514595bfccf","06efc87d23d526ce7f78770c96ed4836b357e666e628bb88187053545b24ffce","","","d21173c6bd96ece36f195366d44aec1ddf0d745c42b256d0f933b72af8f3b229","","3bf5dcce7aa00e4e6a283246864290aa63559ad5ec2b05f5bacd70129c51b60d","",,,,,,
40,"CONF03_batch_0p75","8385353","failed_v1_intensity_round10_portability_gate",FALSE,TRUE,"8f4bd7c732cb5e2e54ef857e22ebd350acf57bd4fdc69cd63afd5a4aea39760a","642a26c143a1bdc6f9bcc963fefc86beef0d11cacf7245ced2865ae398d04b06","","","3b5f1632c6e4692a319915784029e28c3e184648aab1525a9bca8339f3ff1dd1","","b5e4ef72eca993a4cb3e62118a25ee13b62f8d2bc62542f8bfc3984587cdfc56","",,,,,,
41,"CONF03_run_order_0p75","8385353","failed_v1_intensity_round10_portability_gate",FALSE,TRUE,"3eeaa287b8c1bb6b33e98107af033765f03d9cf9ca8a7e598da648b3c174c877","bbd27ed905efeeae2cc94c6f3f74891b9899af1a42964ee8c32f5c0c3e6626aa","","","7e4a2bd161548b54d31f4ad38cd694983b111a7db395a3224e8b3c28b3063700","","d11d302563113096409a7ee43825d8ba811bdb92cf56b36e03a1b8f7c1183da4","",,,,,,
42,"CONF03_joint_0p75","8385353","failed_v1_intensity_round10_portability_gate",FALSE,TRUE,"5c429db883370a221a2d1a83cb8566fde6f4fbf591d5c60296cbddb79539691e","8bd3888a6fc62b71bc538fb9cb1ec04bd099a12c82370b4fa6d46ca59b46652c","","","b199317b097f3c141fd1e611d65210ed0def51f046e2651753650404c5d91fb0","","f313cd4019be4422d8389403642be78fae33d216eafeca185c188542e9be584a","",,,,,,
43,"CONF03_batch_0p90","8385353","failed_v1_intensity_round10_portability_gate",FALSE,TRUE,"71e2cf5ad1fe9f1d9e9dfa6f25a61d877361c9889574cbafa975fd615fa5df0b","d4cd4ecfcf640f9a3931433ea12a8d7954cbae02cea7847a03a837505200c4b2","","","7218d6e2950b07cfd59737cdab75293bfa1a345992102e5b2b9d37f41875f949","","6a29cd5eeed07b93ea7f8e829ba14883d37bd7967b73a14bf089e78eb7ba5119","",,,,,,
44,"CONF03_run_order_0p90","8385353","failed_v1_intensity_round10_portability_gate",FALSE,TRUE,"d7fb9cdf04d98ddd0d6efa6ad2c634702a615c536baa720bc1e65608f53257c5","a498fada51d6577a105cff50a085c499643533be8621594d21f7d3c69632cf74","","","d4b62a1a04c87e885f10a2e50a96885174e01cabaa58bc23ff9f9e364217640a","","57a0219752e52553012b382697e877ffbd1d96532e225b68b4c314639107cdc8","",,,,,,
45,"CONF03_joint_0p90","8385353","failed_v1_intensity_round10_portability_gate",FALSE,TRUE,"09562029ab29485a3171e0bf3ddc455c1aca8eaae21fbf64bb4db4e2d3ba846e","e1ecf56b7e22e75356edc1f8e44ab09326fff923bf627689973bc3bac6935358","","","a133797b69434cfe1c8c5dba0acbbb9719cf9b552f8321dbf47a26b09bffdd53","","16c85bfd1095fd4fac694bdf062b01bf58a36f138925be5e163ec5a72f16e63e","",,,,,,
46,"CONF03_batch_1p00","8385353","failed_v1_intensity_round10_portability_gate",FALSE,TRUE,"006d79ca6a78c340533717fbb394b12ebca660805b99a2c6e308e9ecfef9f621","747636e2234a0a4a150bddf444d9abf50a6b35568620676a5d4edb57b4e424b7","","","b2565f01039f9abc70e443c1c584fd88fdad4d38451b894566e03abb5e85459f","","c4141d589bcd1e7513d45b612bbd8e2896372149842ac71a5e5a71887209768e","",,,,,,
47,"CONF03_run_order_1p00","8385353","failed_v1_intensity_round10_portability_gate",FALSE,TRUE,"dc6e981f6677a792bde8ec54a5d3d294d5c5782c0ac5b316db10962616dbac16","529c7fc3f406b136a19368e38068bf310cc58fdda962caca73257522384d54bd","","","44c59a023bb41fd233b3a12ef18ae9b83e0ff309eade0ec197cc6bd8a8c939ff","","e4c7c2935e83a1b88256b8fd7a6c45ec028d5351f860f805ff9143b3e61bd28c","",,,,,,
48,"CONF03_joint_1p00","8385353","failed_v1_intensity_round10_portability_gate",FALSE,TRUE,"eb43575733668bc1ab30301b20201750dd9b8dc0c48df24cb9d802c890ee4394","5ab79b12cacf8d795771cd353858de2278a084ee961881efa6689a068a77909c","","","9a190432fb7d9c0a7392a6f6ba1901285e49e78972a9e2dd39488c31fd93ace8","","b8d9def8be82738532b3f6df60c76aedc42ab44046bf8058c9e3de935ca2f639","",,,,,,
49,"CONF04_none_0p00","8385353","canonical_directory_observed_status_requires_archive",FALSE,TRUE,"4b4dbf3fe5e3a543cd854270d3a2a5c3813aecc941c9d72cc0559f85bdc3e715","eb79f6847d2f2e8f0a7ffcc8caa8b4637ed78f773aed22467767d24c10d2b856","","","faad0ff33455cc1665cc02687e6d6a6582b0c3aee3bf88980fc32be8bd675f5e","","1c903086bf8a4d760753b100a0da3b403ac0ee733591a56a27b0632633d9b1d4","",,,,,,
50,"CONF04_batch_0p25","","not_started_pre_v2",FALSE,TRUE,"4ab5ab4a5aa05e0b88fbdd4f2be074f958e027ddeae38660e3b1ac26f7d96f8e","29b38e0e2bd17a299a9ea15e6184a04b709e35acd1289dc54213ee06216948f8","","","d392be81846d91bc2ec88928d4e568c017cae02652ecbe669846e9f0e746415d","","776b50393de962935ea2dc4c9c6c1d350fc0b5c8cb3b76734a06ae793eddf8f7","",,,,,,
51,"CONF04_run_order_0p25","","not_started_pre_v2",FALSE,TRUE,"27dd6c304a8a5c2b5f74872060881b67075fe652ef1ad6a34e7825d3bc64753a","39770381a5af10cc536f07557528be4c5d3bb0d99adde1b254e48d4dab2f9b83","","","54412d6c99c99f0cbe2def227532e61122321502d8ead3b8938df763d1060537","","e49fcd4f3cc0a21a47d9760e6b4f640a99eab22e3d1b12b5ec8103ad929b1def","",,,,,,
52,"CONF04_joint_0p25","","not_started_pre_v2",FALSE,TRUE,"359c0cccae190f60c9e4b08ca0546f69308490400a70e1d19d5e826643e7f041","64170ee8fd206f930a79e420ce5d40bf9e73a07722a46815f8bda0584b424ceb","","","4bf659d8103493062df8357c8d90ebc2d47e6ec06735cd4b03f7ebd3a69feab5","","63fe2c9dc02a5fca8aac365a0fc4d9ed67f53030e9eac987adc0f9239fde44bd","",,,,,,
53,"CONF04_batch_0p50","","not_started_pre_v2",FALSE,TRUE,"6614f6fc90749e4b001f3a664722723b354c5239f71d3c8806d77c391522d966","42b3e7503ffe236e76c51616d6ea87e357ded066f58f67c65405e73d0d63728c","","","f930d9bb8ee0532e12ff068c0fb30dec09b712c929c4f886b10a8a6e9729d936","","025169fceba2acc3620b7a4a3e56d101fc6b2883a0a0ffc3ac1ca77e05c20ab3","",,,,,,
54,"CONF04_run_order_0p50","","not_started_pre_v2",FALSE,TRUE,"241b8153aa06ac879b5e3f56e3574e2fe4ad517efaf089748771f04db5be37d7","d83e7eaba97c2c19a70afde264560da06c1a765e6488e089a1da3a1c1b552deb","","","ba3afaa2b38f5745784260f33493dd11c622b7e59e8428301c795231af16d86a","","856bfde8ebb2fdfb77fbf0ecf08edb96d974c24f0f823772b28164b18c0c82ac","",,,,,,
55,"CONF04_joint_0p50","","not_started_pre_v2",FALSE,TRUE,"a506f15630571e81e58aa063a5f4a1f6c6b0580a63436051944112675bd0acb7","de7fbce73676bd26c42a56b8d610d6dd0ddb9028ce12304e0ce603c60b9e9848","","","d272e48b9afc951973d4240c27b917cc7bfede2b919143c2a700272569cffcda","","f06a8eb96456c87f3036efb4eb2294255e954fb74ab3371ae204aa2381b826a9","",,,,,,
56,"CONF04_batch_0p75","","not_started_pre_v2",FALSE,TRUE,"c3ec4a145fc69c956b07374b18b2d42b4f2216e49de579888d29f5772469bfe7","566d9d1d87c5b361887c4c806f877ae03facb5de12383420a7c7d9caa2b199f1","","","f776265daafd8c9edd72a1ebe66adc6ae8166d396a920d9bf373c42c927c475c","","4b140c611ae44bd78e54820d28cde8739ac88083e1f4551b0bc229bb1715a9a3","",,,,,,
57,"CONF04_run_order_0p75","","not_started_pre_v2",FALSE,TRUE,"e34f81ad71930914ed0ef89d053732621736b349a2788e7629a1be78728dbb88","72986c1a86a6ccc449c2bdb2014e2a4e05653662694bf6508d871c1fb9662ea1","","","6de6a9b7adf8b71a96f0514e7483933fe04303df9a68e3622374dd351f32c36c","","ea4f3458e51751b8ef17d6ede8448148f2d9bd65c9a278545b2d73b79127757c","",,,,,,
58,"CONF04_joint_0p75","","not_started_pre_v2",FALSE,TRUE,"50f2d24b18df57ad79a6af6b97d08c0eed7c357dacbf22b8c8faaf37368fff33","9d2c7f3429ece978e690687f47acd7fde8422b08b68faf311da5557d87bd00de","","","2bee41cd03cdde17d30fb6b6148e940cc4aefdcd00f9c124e9e6dcc6c24104ad","","3903ddf305cb1f14437b9319d272b0e4a46eaccf6b8f666428f21a737f0b36df","",,,,,,
59,"CONF04_batch_0p90","","not_started_pre_v2",FALSE,TRUE,"61a095ccf852a24e0ffcd163b605732522903293f1c3ff3c106de829e9de1e07","bbed78a1c8a722d8d8ee779c02eb73b2add4702c792730dd2cfb847b3eeab209","","","2755eb12f51f6a421690c1f25801f8dc48c080c0304699aca804cf2110280c4e","","07caf8e4b1a46487afe1ef5f21c9ec0e5bf18978fe6132f39d9ff7709f69fcd0","",,,,,,
60,"CONF04_run_order_0p90","","not_started_pre_v2",FALSE,TRUE,"7ec3e6df9e394b8c1551d756f96b629beb035a01fe0e25ef16c050fbf4c71e68","5696184c6d7567045caf90e99f2fd1434b74948378a353ae39f04da362a44786","","","f15c860f38ab4f0714b3251104c50c1dc035c33b07944ce02ffc939881d74f36","","2b712178d0f86162a89625cb799e72857e57df62ada27ae2e440a6f633d99ce7","",,,,,,
61,"CONF04_joint_0p90","","not_started_pre_v2",FALSE,TRUE,"a5fd3f35a7f2701a50ea99006b6c7b6f756f6ca207ee88cf65204cb1252142e4","b46c6908757395ec9840a5ef8a58a2f56b577c0638c2de2260cd65b04be414a6","","","eaeb61d574ae14ca4e180f89997d03909a640f2082c5bc73f0945968b0d3e326","","3a6278d17c779f616c8ddf440e35f4e53f94a6492b436efbe0e6bb4946b5c5d4","",,,,,,
62,"CONF04_batch_1p00","","not_started_pre_v2",FALSE,TRUE,"68b94d5ae0592d943eacfbdb849c73f6e39ace20acd11fbfb6f8dec6d81e5417","8d69f82e10de2ac151975b995cc31b39c28a479ef296707882c9e202e536100f","","","2a36b6cc73e00ddf483454e69b24c7987ef6d9af102e9b7d31eff8a7433ddca6","","792d63bb87b67dfa9dcda709ca52c00abfdd242441cb09f716575ea0d8772cb2","",,,,,,
63,"CONF04_run_order_1p00","","not_started_pre_v2",FALSE,TRUE,"29e0cc55056f27b6cf0fce5a8951ce50c5e35162c247bedea16264479f6c45b1","69235514eb1117f04ae0c679229735551ead921337dfd6e9b4232bbcfc9bd453","","","cf2a99ab4a31cc22098a466d5e4542f5616c14a22976f58266bd3b0dcc4eb497","","450598abce3ffc6da26ab50fe5abf742eebd99cc6b2ad5244b18ca60a57e67e0","",,,,,,
64,"CONF04_joint_1p00","","not_started_pre_v2",FALSE,TRUE,"44d171692c497788945566f0c63f0770f52bec8a78abb1bcb2dca0654a6c362b","e53f0b7e9290e93b5de25deec89bf5c17e24c324876f75854a815835531682b3","","","9de6cde1e2b0bd10a83bf29c863c98aa9e8703006f8412726a07594c5a1047a6","","121581a2b5f46af5ed2950898857be318a8771b940b60ba32054a7ac200c1521","",,,,,,
65,"CONF05_none_0p00","","not_started_pre_v2",FALSE,TRUE,"3fb5855ae07519e40260fadf6926c74278ad329ba8006466a5e9913944181d8f","524ef439d8fe0a1f43a4ed9c07ce8ae712e19b1919e2dda5d22e0d1696013345","","","19a94f6e8cad105defa848c62bbf39fc5c6acc173b7cd33979b976c312de91a9","","11bca732de8f66afa97bc782f7150496f4a003b110aa91f781b72548287cf0b0","",,,,,,
66,"CONF05_batch_0p25","","not_started_pre_v2",FALSE,TRUE,"3b6bd61a0b6089c2b8ae977fcdda75c8778d1b14c4700a1690135c482644090e","fbabb3054e14c5286e6f56ca7d95af0ae172ec4e916a75d481ca49e1564c645e","","","c409e38e8442b2a1c9bce3cf8535fb02ceb84707733f860cb5c8c8c5361e4d0f","","84cebf79881fb5e75dc0b9e4f1a52765e198733e0a5dc0d7dfaa520a7cfa2364","",,,,,,
67,"CONF05_run_order_0p25","","not_started_pre_v2",FALSE,TRUE,"9df6cb143f9d46b1571a2779cafd4f0c1dc0ebd32cd3e1665db26b593f77d264","cf18d7bce90536b0172a39b534caa6fa88a00d7055721d8c86608857eee56a45","","","fe25bb35967bf10a0e047bec958a5b75400bf63ded182829593835152f7235ed","","69b2e8024e635ac63ceab476dc66501159ec925fe726be4f70e968b66f661f32","",,,,,,
68,"CONF05_joint_0p25","","not_started_pre_v2",FALSE,TRUE,"147f801964b75a49c72839b31ca1572174159c4acfba1f7f1c84ebacb06c74b8","969500a60e867caa448b147879f750f9a9827380df9021666ddb15550f06b31c","","","3b43144393790089d84d699c85c8ae72d4fd5bee400af44e2298feb2b02ab0e2","","6c8272cc08b204f3a19cc8c10735e7c0064fa0a2460511d1df5dab2488d2ee86","",,,,,,
69,"CONF05_batch_0p50","","not_started_pre_v2",FALSE,TRUE,"d5aa66274472ca082efacfcedf875e924f72dfe69b4cfea3a88ef03cf4173205","6c0f1fc88f89300f1845dfd68977adb11c23163386d0b6aea7b0ab2fdc8e717e","","","80ef081724e077d18847e75884367a92c07b1f317a85550b5211680faa42bffe","","0ab348fbc68aad59c2ccb9739d9aa7bf3de1ebed9e3790656a71a4b7e8119c64","",,,,,,
70,"CONF05_run_order_0p50","","not_started_pre_v2",FALSE,TRUE,"677af5a9e1546d3a9627273f1e56a2614a7a9d7c4a79920ecbca30f6a43cd9ba","de09477ccebd2427928fa4b9cd6475b314a48cf6a815439d6fff5053a57fecaf","","","3999ff8fc81890399f6652cfe4eefed65e28b18931684ce6e4d3c1a1affe8571","","e53b00a13e5e387b7874e3afafbebd104c0cea00b92073fd776ff9f251dac301","",,,,,,
71,"CONF05_joint_0p50","","not_started_pre_v2",FALSE,TRUE,"4e895806d58b30cdf9eac9f42c7e7df3dea46f233572d98cc068784d42949919","40f364095ba5caa866ad75c7e3d39ea7509cba948373e9cd401f96997aa1b608","","","f9bc7ccd97cf2155fe04b17272c442af8017ccf62ed72e9bc9918a928d33c6b9","","75aaf27682c352ab1f48db67bfa14c9bf44016814e0e3b6d11a185e0c0fcb805","",,,,,,
72,"CONF05_batch_0p75","","not_started_pre_v2",FALSE,TRUE,"9415dc7531fdc700bd0b54bb553cb06e3950d59413327d2511dfaf0f08e2d6a2","fc80462b73ccaff9d882aaef754f5dc4170bbb52b98a7ae0bb44ee5b2d6a1da2","","","c6555bef8f8c2afd7b0255ceacf2642f570d0d256d6aac0416cb5a4ff0607fb5","","348a22257059fc8cfd6dd0d70c5e528f0f84d136fa2b7b31cf5904385f27746e","",,,,,,
73,"CONF05_run_order_0p75","","not_started_pre_v2",FALSE,TRUE,"353cdf7aad9c027f532be0e8b72c0a3549aa0b46f19a1b27caab0c559f482666","d6614883db196d59845dd68801f5d46797ebae59402e6a63a55e1cd55611dab0","","","f33c11e291bff8e941efa1b3f91b4fe8fb2ab199820bc9f93956ed8b51abc9f8","","8c8dce3e5e866000e21db9b411bde32f290df1a7708e9b716b6be2d40380f35a","",,,,,,
74,"CONF05_joint_0p75","","not_started_pre_v2",FALSE,TRUE,"88f3c97a5839822d1e97860fd1f0c8e27cea8e819cd72d691db15744fe0098b9","4f96706dd17e781be3afddcfd0e1269229e971a845a516e541e709e5a1984505","","","5e56dc4da8c48ec2679a6e6dada03de50c3151f288aa3d347e4976c14b34bc98","","4fe04899cae9d20ca23ec48101443cb19efb867b774b0144ddf24ce9a467295c","",,,,,,
75,"CONF05_batch_0p90","","not_started_pre_v2",FALSE,TRUE,"ddc91b5fce0f720b45152b5728290315986c8d7708d584eb2102cdaf81ec6524","cb3908214a67aa8df3767765f7ef427439c4c9547dc594efbdd72672cacacf75","","","d1411d725ae9ef6d8c0a32eee3a1fc7e44d509cff9a2b9161688791537ca95dc","","c3f268ab6566032c090dbe4d8bbf33af2f1d5e6ca0ba94a234a4a8fd9ccae8f5","",,,,,,
76,"CONF05_run_order_0p90","","not_started_pre_v2",FALSE,TRUE,"a210bd4030e251728ba814de949e65075fb4e478313c748cdca6bf55af5043e5","c50900cb7f80fea607b288acd744156e5f4d485ddf9d906e9352a010bdeb6413","","","189db9a55ee09d949662eca90b9537a04d98c4de79789d2511d412e5f5dcb2cb","","88087f4187fa2fc0c7747bdeb8b62c622a45bae4544a443b93766110e8976c5a","",,,,,,
77,"CONF05_joint_0p90","","not_started_pre_v2",FALSE,TRUE,"c4a20dbee9217cc1aa84935717b669caa54a051301b7f3adee36c71859a9dee7","12169928969d79e77cf447beca6e60c8209d359083c1f169c5823e708d516d53","","","0d711162f66abdfe7c348990838c3eb873dafd08f189eed0cd2f11078ef3a79c","","64ab16f77ed6591f7ff36aa929d3d29ff2de63afcc3d1b64fc1e0867bf2ab179","",,,,,,
78,"CONF05_batch_1p00","","not_started_pre_v2",FALSE,TRUE,"3945155a5b3f710994f18e6e1e8ab14a0b370b711940ae760232db2b9a03d19c","1ffe4b47a4c83db5942676e54d5d49acbd8251df50018a0ae736df279315b7fd","","","39410e5e43a41d562133826251503203b523c80d80fe63aac8756ce3c35cd697","","02f4cbc2e1b4f349a277e04d6fa4bdd51e2d5310a2e544db13303e97b9dde63b","",,,,,,
79,"CONF05_run_order_1p00","","not_started_pre_v2",FALSE,TRUE,"fa9791fe5c33e8c4be93b22b316386abf4496481ac4897dfac7b9dcdc0887b41","559fac5fefa43415754412b0f546d077fb8598be48a32acccdfda33673dd1190","","","e39f3a3cf62cc977cff97c32bd23da9d034ad8de7b24ed0fb239c3d4e5e30e33","","076b9c78012b87f752b3673daec6e64e788737bfc7978d9b6b8bfde1e90e0dd3","",,,,,,
80,"CONF05_joint_1p00","","not_started_pre_v2",FALSE,TRUE,"ad3f397cbe13456fe89675efbcb974d7015ae7d7353a0bc6b132ff3b0ac8bfe1","7ffaf95e5041fff21ecdc5629daa0d29efb815d2b7bf62aba92691c87daf906b","","","386c6055860550e4cd4c3eb98984a95a2b0f09501313aaf6f9c261fcdf7b0147","","7165bf7b6064bb1bce0d1e67b014c4abc4386049a0d4395f35e757f1d00ef34f","",,,,,,
81,"CONF06_none_0p00","","not_started_pre_v2",FALSE,TRUE,"2c4654dbc910b215421a77970d380488c452bce1ab50782ed7d3e8035105796b","658eaa3b6400387a95d800df722daa581eae541664f6b382aee5d4fef0719e7d","","","84bc46c4d39b385868bd239b075b7e48cb7834b7823c7860e329abe5a063569a","","2aaf1e5865d965860de68452e5de765d6f8fa3f9fb30a4157a3ee2afba78c510","",,,,,,
82,"CONF06_batch_0p25","","not_started_pre_v2",FALSE,TRUE,"b3292a21d22eabd27aa762aafa7a26a7cb30298a56d140372783b248406fb410","fbac9b9c76180174f392eb1419842e4709ed1ae60312e06dac7de19fbf96e77f","","","a760af8f9c854569603cc31096de5279ed6dba7ff50364913f7cd4ef62b6ff5d","","c05f6fdba19dd3c86d75a4e2df97d876a0b9b6882741d7e61e914c7cc8c15b90","",,,,,,
83,"CONF06_run_order_0p25","","not_started_pre_v2",FALSE,TRUE,"c807da6f7f35d94109ab6acf2c846935133af47fa698f5d7a8aab8e637190003","ccfcaf809cfa0ef743277b348638d5de977bc3a753562d9e67d7d71c71a9b453","","","f743f644029a444388ebdaedc0249be00c4990d8b99bf623384ffe0a44c93adc","","d90182ba874311dd5b45640fc5ae82e06c112aa76bad58375ea1efe93e9da101","",,,,,,
84,"CONF06_joint_0p25","","not_started_pre_v2",FALSE,TRUE,"569e38a3c806f6f4d5e7a46eaa44c38e8208d78dc55ca9e347bdaf867bbdda94","86df8d0efb3ea39082db00d20a861040a696173af4b285e3ebf8610485bdf10d","","","574cf68b12f5d1180d988eaaa343376a6747d3414945aba27689e33bcf438071","","77b5ceaad995adccbeb24fb5dbde476c8956b60162000556e0d488bd5a414d08","",,,,,,
85,"CONF06_batch_0p50","","not_started_pre_v2",FALSE,TRUE,"b7361991767c86c33153335794b1351ad92fc4fb3545d828a532a28fa5f9e974","51501a887ab5435b9df6d66570c23203e0dd0fa8c18a43f2a78aa0557339c787","","","cc4342be8ebdabb30b3ec12c405d68b9e468268dc4de779c870b497990795fe8","","8adeff8e59ce0b6d9c34f152255a3c48caca4e9862ee945cc88fd43f1904d47f","",,,,,,
86,"CONF06_run_order_0p50","","not_started_pre_v2",FALSE,TRUE,"d9b17b47659aa7228dd3d02de5601e72f3255c8b841f193fac47b7f20903d6b4","b98f6701298c9a2dd2e18314b4593d003ccf2e67d167cda4755985971047724f","","","23d0c057b06191080824da542175d352743ea72242f755825f7cb302bf39febf","","3958c493b7a9923abbba9ec0de57d89f1cda5791a9a23e58831626ad0c0e85d5","",,,,,,
87,"CONF06_joint_0p50","","not_started_pre_v2",FALSE,TRUE,"be80f1a46e6900cc59874d9e027b3fa6332accafb760105c4bd09406819f2c04","fefe9460dc43b9cf59bd2f7d6da973f60446d56b9980c9fd6950dd57ef3bb85c","","","d4ee555669c6535ad21ed4381182e4cf1ad30294654b5a4aee7b147d71bea476","","46f4f1b824f05b2e492c2107aef176026395b8ef5f17d5e0536e79232efd3f2a","",,,,,,
88,"CONF06_batch_0p75","","not_started_pre_v2",FALSE,TRUE,"62c70ecb3dae145d6bb186c8b159eaee8cda91a4c5f6e35bc1b4f6ef435b2c10","9ac164182d9a6b0ecb9cae34f30a04266a6b172c055c118b6edb673ba904aa2a","","","565cd99cb22e57144e819a081a2f0f9839b842019e068e0917369f8e90f0b706","","2e34093e7297aeb7c8faf8b858b4b1c752d7710d9af29d3f2eb6254b35eb5785","",,,,,,
89,"CONF06_run_order_0p75","","not_started_pre_v2",FALSE,TRUE,"1b6fb11e6b50a36bb4c0c11955f77581e71efcd321aa4e2084dccc6369a58e77","911ac1a3d303496fd148cb7929180b896da0c5dea4aea3cdb7973a27788925b3","","","c10d13ff5109d3aee7e8e522561fbab2e7600839d616c31ad3691c7b573ab65c","","d45593ba5137d65a7df7dc13d8259bb97895ea092fb30b795613a801670115c4","",,,,,,
90,"CONF06_joint_0p75","","not_started_pre_v2",FALSE,TRUE,"ab04a24f8617650f562c51a8df2b4a43f4d53a6a975d0f4e59554f83721176e8","9b5ca02730eee9d0454f39831e0314d4cdf5c20cc9982efd7cfdcaf38fdfe901","","","c3aff9e4c8f97840ab21edc0e7704c0cfa1d9affe272343f7305fbf10eae714c","","1d8581f6590c4d4a5d31c87be1536a0e3aebe8993977fd856bc4fdfd52706432","",,,,,,
91,"CONF06_batch_0p90","","not_started_pre_v2",FALSE,TRUE,"ffe1db6b61f15d92264ecbc7cc76a132155770e67f98d54f6e9b83026a092e46","ecb9ec8fed708cb76cb757bb224f7621c905e8390fa3187d63dc5535a8e9cbe6","","","de110fbc82af960e16ac7a878d726e8f3663c05b3f382d37a1b748d189d58702","","db9cc4dc08257003e268701424b66b7379a541a97b843dba5249503e00ce1e5c","",,,,,,
92,"CONF06_run_order_0p90","","not_started_pre_v2",FALSE,TRUE,"695d419e78c4c7ed764f0dbbbc381b653a5b7660361cba5ec8cdfa7f793b4f31","1aa45522a69c74f6baf6a450b2ed4c1cee7be0fbd6d72c32220a2d2031019d8f","","","7e3320e9204f4fefc65283e476c43b98334efd34b036ce250aa9b5e8cf34c4bd","","93be4594a98ab08ac470f316d20d7743a1c04f10dcd9cff5c23bfb5f00ff0b7c","",,,,,,
93,"CONF06_joint_0p90","","not_started_pre_v2",FALSE,TRUE,"cd2771d162b42b28e52b590a5ce95c47f2074b733a92b0a61896b5523656a0a1","614b56fd9ee71ad8aea64b702fb866973027b82dc351d9ed723fa7a812dbd32d","","","1b31af82ef38514dfabd64e558d9d4e4e9618a273dec3046f1a3260527bf4b14","","c871e5e6d4133611cc6fc93070db8ece9b3af8a4f04db347bb59560589ba1677","",,,,,,
94,"CONF06_batch_1p00","","not_started_pre_v2",FALSE,TRUE,"68cfeff7d766ac20952599e442fba5c998102dbc6e28a080fb2316b9b921603a","3a25d19bb0b6188ae1db6059478dcfbdf57a2dcfc80b70203f1deaae096e2310","","","82813651178245fd79a9563f26609550d72ab49a40eac5a3016e77c898d2887c","","5652ac589bc331645714133e736550a58964fc5bfcc51502de040d126b4bafb8","",,,,,,
95,"CONF06_run_order_1p00","","not_started_pre_v2",FALSE,TRUE,"0b440618b00c783de159b919240045bdc129d2c9c6638e29f6ad89363dd7acd9","61d928eea38f106f31550eb12871e0fb52f5fb903fd893753ec59a1ed8688547","","","60bcaffe21fe4c01df0c6ecd1d74c0ff65b243af580d8e9372c7e93abe74e3e4","","0639eab6e681288e73190d94773cefe97aa2cf89c094a54ba06122ce8bbeaf9f","",,,,,,
96,"CONF06_joint_1p00","","not_started_pre_v2",FALSE,TRUE,"c41992e8fa33b3ebfaccab2fde39be9832c2886ecba59bed4b7ee42895833673","7fcabe033893c664a887abc524116483aff536beb733ccbb34e452204e525401","","","641b4b1b1e727a71cf96b815ac338cfb9cb06a246942292a0a9a12c1a5bd5822","","11197afc95dddf13108441edf7f070b45796cc73408fe95988d12634733cfa42","",,,,,,
97,"CONF07_none_0p00","","not_started_pre_v2",FALSE,TRUE,"5fcd9b18974f982c87ccd88be887e53409ec6107adaae3c598cdcab071dcfd16","ec9dec6905936e7a296a647a8b44f23c263733a2902f850d441051aae205612a","","","110c362637e15bba0c8b862f8e10c6afb25d960530def77a8c4ef01eb6c23ca6","","77ab71d4e70d7e25fcb68a0a76062ed8cfdfd198a30d77e80b1f06b31b380fd5","",,,,,,
98,"CONF07_batch_0p25","","not_started_pre_v2",FALSE,TRUE,"8bbb5ac9d113ac91d989eefdeea413e9506db76046e0c8d0dacb3b380836f2ea","2d69a6334c8e9701c314e20c36c6a1b3624a62d99d3357a8d9adf455c7fe5473","","","2469ee1fe544de400c406791c101de2845371a5dac8368794f24a3a24b8867bf","","d8454adceab089d5ff416ff1bc1b4275fb28dc0efee41fb23bfdd1214353d697","",,,,,,
99,"CONF07_run_order_0p25","","not_started_pre_v2",FALSE,TRUE,"48727734ffee3ae363b3ef01f9269cc32957cc880c2a0f22f9f3c8545034793e","4d613ab419c66aa5bd2170dc79414d964f329f51080958acd0fc561c823b669f","","","24b474787f726da7da23911fc404a7c7f0112f0e02cd90a65f98c741d472557b","","07cb742b38d1643a0a551acd8a8163fec62d8ad1ff56ac34f606891b42f7993a","",,,,,,
100,"CONF07_joint_0p25","","not_started_pre_v2",FALSE,TRUE,"bcb9b9fdb1ec7e523c75a6aa697a43b32b99eeba7febacd0e9aab62d5372b209","beea19b41e5486c40103aaba30155a91f629a9b2a781a5339e098187e29936dd","","","ff4e47912f9b976afb57bc339dacefb25a233984ea5bbb2b8a5b2324995351c8","","3dfc5e168ca58d188e5aa2a40aaada65648351f0280def78cc429c4fcfaa453a","",,,,,,
101,"CONF07_batch_0p50","","not_started_pre_v2",FALSE,TRUE,"ab94adc7f8b66f7c8089aa33095786ecce3335e83b9392967d88d97435a65d88","51fb0aacfb81d2d47feca954117407c15c4ae27580587e8004b21bcc568f3147","","","f3cd3dda25431ca3979df74a366ccad6551a280f9f90a364f0f4207ced7ba14a","","e97df27f7cdd5e8ed97d653ff8409d22fc61a708f6002f6d8eb0a01534e7819b","",,,,,,
102,"CONF07_run_order_0p50","","not_started_pre_v2",FALSE,TRUE,"457a19117929c8b91d87656bd4af9bfb88c061878da00112ef98cfa69e6c688d","703a0d4ff425841817af2fd55795ca4321e705dbad3d6dcc36b5b753ea9f2d58","","","0a4316b4ee26b558b09653bfd30550288e3684576747e151fbbb866dd5ef1901","","f8237dc73db9797057ff45880509c4fc75b8aa235ce35f98081bfa98aebaf7a0","",,,,,,
103,"CONF07_joint_0p50","","not_started_pre_v2",FALSE,TRUE,"0d8a9fbd02fa348e56a6c05fc701deef6746ec8354fe31fc71ab6fc34a902342","ee9a68c1dedffe4316468a1964d3a3091e28ba4aec29f5c74ecc3a615776cc73","","","5a42490f62851926cd5f65fcbcb9ef4d8919a70b2088208647cd3e8a3ab5f17c","","b8f8f2b96d91bfb47b523dd9c4ba3b84bebaa0eb6d0b0c84b616839827631cf1","",,,,,,
104,"CONF07_batch_0p75","","not_started_pre_v2",FALSE,TRUE,"707d7ff4b3f10bce5d1276ed0eb164ef0990c1cbaf672fd5264333a437e03fcd","822aeb2e043b8925a66f8c164f7cc486ff35d07eb3b84c6bd3596e919586ee4e","","","44724e8a48283c39b876b6aca85aa9794e988b275dd4907750b04e08cde76dc5","","37655374bdd63d9c80cc0b83af4baaac229c17396f25110ecbd06d77e8581f6a","",,,,,,
105,"CONF07_run_order_0p75","","not_started_pre_v2",FALSE,TRUE,"31de76a1313cefeca52508b46d6086a294454d36a3b0feb65abef3c5b85233f9","97828d5579c668f649f972cfe5d55b644d462abfdae4cb9a74fd5f559df23793","","","d537df120c478f92f6d2797497dd16d35fe8eca732b1dfd809af99a73cb4a314","","d06838cb10bd4e4795a79a58144a177f728f8e0bc4c3ba2e8effeebcd2149358","",,,,,,
106,"CONF07_joint_0p75","","not_started_pre_v2",FALSE,TRUE,"9a4d005acc4db618c337bdf4622bf28b1974fed42e111b4e686e3a623c2d233a","426cd918093da486fbe5337279bf372b88ea94dcc795aca5e5bc2c7c4eb71cdf","","","bbffdeeba7608f76bcc399d451cc524667d9aca58c90719dfd0f65c50b12119f","","181535c9d0afac1f287cf09560d69a371e0232faceef24ef5b148d62a5799c2d","",,,,,,
107,"CONF07_batch_0p90","","not_started_pre_v2",FALSE,TRUE,"92998e30e4e4c39b5b5dc22bc9cc4f7134b285b22294786663d87c8147d3e53c","9f7a06916a39f01535fb5a0c651297ac6a9d48e949282e51f0a35cfa09be62ff","","","2d90c22e41ce0644ec15fe75b02f490973786b86dfae0ed0333dc3a1327ed909","","b2f1e60d0916cc0c9f87123f4c0201fc1da9cb61a24dfe06565d245ab7cb382f","",,,,,,
108,"CONF07_run_order_0p90","","not_started_pre_v2",FALSE,TRUE,"0f946aced63765de93bc6a58dd77ab4853aa5a78cf876bdbeec68d9444ce61aa","33ab77807549340e6ecedf3b836f993f35047677cce8e580fcf0e0f19fe443e1","","","06f41a3d76f83e391506aefb4d7acc3140138b2d68dbe79833d245242db53d1b","","646d685c5502de6c85c0e9e5efd2a44e254ffb24adcf190d1fc9ef5b9646cb7e","",,,,,,
109,"CONF07_joint_0p90","","not_started_pre_v2",FALSE,TRUE,"fffaa170d009859f80ab46446e9bb7ea8f9e638199731dd4568b340404ad254b","0eb6704d620bd9d0843203a3fa9a6efa9ffce83f458d93576dddccf28afa5ca3","","","c50f806f7e3bbbea18b083c017d0159142e483087a07a8e1897cd10f1edd3375","","908525998bdccb6645f38b95c120be6788ee3b379682be8a858502c52073145d","",,,,,,
110,"CONF07_batch_1p00","","not_started_pre_v2",FALSE,TRUE,"7415e132d68a0de4e0c9aba82318e8549336f0af486d552adc4783d4b4713218","5898bf4917c4ae05c6fcfad40b6888e2bb7c967ba836c38135c5809c77c61238","","","805b398d21fa77bc7692e498a3e1d0d3c32db81ad489ec2d81a7316748c3c1c5","","8ef144777874d495f6aed82ef1f646608d0c66a1c9bbe014256ed9ae9b4a6440","",,,,,,
111,"CONF07_run_order_1p00","","not_started_pre_v2",FALSE,TRUE,"33d645fc12526de40158faebf1a0ed68cec2a6890980bd853133977117453deb","eb9570e2dbd3adf197051c26b2dfce02eca81d35acf4ebd27208bf23a5a3e1ca","","","06c3906090eac1f7d065a5372594044d17d511cd35dd96266fdbaf18a7f57c02","","190d0aa3dc1b4621c753fe4e13e37eaddd065d6df95cac08225dbcfec70e9ccd","",,,,,,
112,"CONF07_joint_1p00","","not_started_pre_v2",FALSE,TRUE,"2132b480d0ac9f7f826b184e1f16b86de2ecb05220d72ceb08ffb1036126e2b9","b1c1eb1ba8839c9ccfa64a6aa3cc38fd77eea32ebb583d7eac8c2ce197ef8a38","","","ee70d96c6a8b53e28612477e28cab72a50dc7864192a5b1dea9569b8295ea577","","c023f169c59886e7e5228484f017c7713f178018e6fb1a041563b5df5ccbcb1a","",,,,,,
113,"CONF08_none_0p00","","not_started_pre_v2",FALSE,TRUE,"f84c8a8e5e98503ebad339c126df08526fd85edf2da13e0a980f5e5b40ba4a04","c555f4f28cfb199d193a6561faf06158e3289db1adafa22ad4a8f840f8fb35b5","","","97552ca6a9f04e02e22d2b6004de3c8ca5ffd5928a9ce8133abaff7f22f46e4b","","771d2c51678f1268174eb29fa20868ca818dbebd19a3dba00ef94599ffba9bf5","",,,,,,
114,"CONF08_batch_0p25","","not_started_pre_v2",FALSE,TRUE,"129347b805eb437a92cb3e1f317e178a43ffbe5f304112494ef5eaa11a7caaed","61b7680911ca152cef1df486a2c4218fedf44fbad213310a3af9cc45b531c979","","","6f393333adaaf6fa3da83d10f4caf7988f173253c972885ba1646ed95f6916e5","","5c418d96c02869dbe9b1c3fb5f3fab8f0fb4d0d96a9f43963541b778091bded3","",,,,,,
115,"CONF08_run_order_0p25","","not_started_pre_v2",FALSE,TRUE,"f351004f2377ff075322c723f307ccfc6a0f44d0b002fb6a9c396ee3344d1256","4e1d0102526056d6206c9651f097eb6292143601b57b409a6b139cd55efb1f2a","","","d21eb749e37378f58932bf3539e641472979361aa8de71580b210c07b821c239","","f8ad3f53aff977abb876a8ab6abfdfad608f86335ea804408edaa37c938a58c9","",,,,,,
116,"CONF08_joint_0p25","","not_started_pre_v2",FALSE,TRUE,"71066a482010f4f46bdf90a25264831496d1971d26f39bba15fb734ec85a6c75","2878b2e0b957071dee2744014f91058ce2c457026769171a335cc57f874a05e1","","","c5bbc6473d110d69373283539c788ab79bd289cc557ecd0e380adf73215f27d9","","9bfa999b97e9a86b604f83b334ac5fc488828531846e0383bae45148e63520eb","",,,,,,
117,"CONF08_batch_0p50","","not_started_pre_v2",FALSE,TRUE,"efcfc3b6720ad7557cf84720e20e46231f1b8af23777c6952b587ae5e2dace81","3e831fee6a5107be996f638343a457b959ad41195075137c815a940c71c91f89","","","c423550954c9a7299293c84a8d9dec0e32a294b30b69c5d39014774152f1e6e7","","59d1319471ba1bc2412f471b30f01da53257eb19077f8ddb24cdc9297719461c","",,,,,,
118,"CONF08_run_order_0p50","","not_started_pre_v2",FALSE,TRUE,"b34036d9816174f1b876fd29a1d6901f952771ededb26c5cbb642196b0a3294d","6f9791e3a40355cc145417104e577751a8ffd3c2eb2285dd63c8f9cca4cd9a0b","","","fa9212e8ef033677829d51035663ee62574c786290ff2732e30648e4f8a643a1","","6d4b3c52cc34134b9e9a352b11bc0c493415d1d4017b820c48cc84266c9a202e","",,,,,,
119,"CONF08_joint_0p50","","not_started_pre_v2",FALSE,TRUE,"dfc22f441ba5bd153c5d11dddab5cf7cddd462ac71ce229adf06c055329d859f","ba8e07e81fac24e7f9e88f2d97caa09b6664c68690baf82a49273467b99f9c5c","","","8c801ef1517772c8652b2e1706f23002fa76ccf3c7f07091cd1790621325f537","","cae6e2f1a875bdb975a29ee46af84448c7dbffd33bc8c289896c4f0b8a85982e","",,,,,,
120,"CONF08_batch_0p75","","not_started_pre_v2",FALSE,TRUE,"5583a0b9730103379b57b6e35060bec5760672892cc2b6065a426672485f1b35","138bbf659d5a77ed90b5b5048fff438a501bf78dba46d2fa2479f17ca6798ceb","","","d109a310d84fb171778f62d86d0502d86105263f4eb2570b9a7adad39abafcc0","","b6593070186b8c432891e839030006ee54df0b087b6872f8b5be5f3f10e9d534","",,,,,,
121,"CONF08_run_order_0p75","","not_started_pre_v2",FALSE,TRUE,"81ca3cdd949ffc90561e550c2ae1b1ff502592189595e35964012b161a0ccf35","f5b0f3a1e52cb5f00bc4392837433ab2d47ab349872447a5b4f13075a1cfd89c","","","387b8cca4b94038cd354d7b8b68b81da3a6de6dec59a4c24e90cad8af5f029de","","ea239bad43909f32ed0ed8db11df404fe7285ef5cda73f492b57e80f90d00f7e","",,,,,,
122,"CONF08_joint_0p75","","not_started_pre_v2",FALSE,TRUE,"b1768e4e1802b9575483f6cb6ee918158d2c0c805798b97616fffc4061bc6840","d0e7ef752d58144df8922a963c676820f49055ffc4849732ddc03640aa5bdb27","","","37e98a3f9c7cdf04dcb718320cd16bdb72c53c944233be229a4a877c1e56d91f","","234608855a02445ad7052c97db369c9f9b407c9c307e60eda2188b7f37c6c2e5","",,,,,,
123,"CONF08_batch_0p90","","not_started_pre_v2",FALSE,TRUE,"f2c92a740aafc5ff3ef40b1b95e1033891588d31cd4e1bee5429771d7c34edfc","1e946f6269eac621e88b149ee6669e218b9c87925cfedf3414f0e43b340108d4","","","2e34989676a72bef129a6178b08060767a17d4e1722f8cb19f846ef45ac40fae","","7b8a8d8ebc33e7a5aac2938eae7823b35e557eeca8322c448ec0d4a7b46f6823","",,,,,,
124,"CONF08_run_order_0p90","","not_started_pre_v2",FALSE,TRUE,"abc30bebbabd387a4bd0dd0b53b0dff5393da5ce9797519bc7e7d72208633c10","826c9fe079aaad8f8809de38e4eea5c9ca289a9df450a05a173f32f31ea98410","","","e990f0b43e73401016b29cdc9f01e8c6ca3aa849786f424276ce2618d0e038b4","","2495c5eee6248008fd978aa4725befd0f65920dfa83ac0e6659f87f55245586b","",,,,,,
125,"CONF08_joint_0p90","","not_started_pre_v2",FALSE,TRUE,"3962c3879c24e806ee99d32015b906ffc0b14ec15f82f50163fe7e7adba7236a","f64bf944bc5d24c6b0c2b24ac5b6a453c3d623ddef0085308dd4b61ceb759f01","","","5e9d7dd7c5e4490e3c5d5f0a5bb80aaa92bede0d866b350008a76d8eae903ee9","","9e5fcc1559496365d952d4c9655fac9404161e4dba914c59677dc417ef46cc2d","",,,,,,
126,"CONF08_batch_1p00","","not_started_pre_v2",FALSE,TRUE,"ec1391cd9e9be935620a41f9bb960fa480910e7ba53f6d4984c2efab5d5bced9","79ba53959c9e434d3f5146346c9f24ba6c0fa7ea5935e242ebe7f52d29a11601","","","f6619d4b0c97343adc9d410ac28770761a0beb7f86abc8c58ba22bde3e1bf696","","a2fe1643a70a1584c0b18c4921f7ab4a1244149c218b9340cd857360fa08e550","",,,,,,
127,"CONF08_run_order_1p00","","not_started_pre_v2",FALSE,TRUE,"8fb1133d7808dd97866c0c583f92e62e3f333614e80cf862f1aeb3d7ba1900b3","92abaa3cfcb580379f5beadc02d228edeecb8585a0eb9c7047c86167a01a7598","","","ee3a40fd73dbe72e6a7fb4ea9323bb58810b47b1697220452aa2a513eb90e0c1","","c02524261bf0db020486232fb26f9a961454dc5aa1e71754208c587497a801e9","",,,,,,
128,"CONF08_joint_1p00","","not_started_pre_v2",FALSE,TRUE,"32cfbb77f646a83b2df532f053d05415a60479bc40a4099aa0a5eb4fcb6f73aa","5cfe10dd3f22873a85a77f2a7a2ad26f59b597d9501fb894f865885b8714cb38","","","2716706488d12a51de07303b34b8ff56cd946e75f24781e58ff21a2a228d8392","","6acef4eb414516b866a62eaf62ded2e2ad1ec0c5b3879e5566ae63dc630a57bd","",,,,,,
129,"CONF09_none_0p00","","not_started_pre_v2",FALSE,TRUE,"330197e081a547f0534da0ecb95e769cf48f8b74623fa9c9aa53e12de1176980","e698c196c87a2730e59871c735a60ccd071eae840f05d246b70c4fc0768bf91d","","","41d73a213356a1f16bd2e03bd351b542edef552f8a6145ead9c5ec81b9e18996","","393eeceb7075c52f11fca540f7e999968b7c1523b849d3cf435958e8f9764123","",,,,,,
130,"CONF09_batch_0p25","","not_started_pre_v2",FALSE,TRUE,"9d2b2ab04038f25132c1ab8b117f6b47bf52f325d47aa63d2f247e427f54ae37","ca3df29524007e6e7186b7f33d9c8986e07ab07589fd31b5a67d05cdc7e26c91","","","0b3275d883aa56618c737c6feedfb75d1878cd93f209f7cb760ea8b718d9ebb4","","9234da9ec56fc12594d3949fba01db5314f1a2938edb05eec1f9ee207dfaeb39","",,,,,,
131,"CONF09_run_order_0p25","","not_started_pre_v2",FALSE,TRUE,"450779a0d1731f73b4c7a5897b65795790b7f302bd30945de525fb6b758d4c84","df9c9230418b9fbd40511a54d84056643b80db50f07fd51efa79ad5f9e513012","","","c30de12a88abaa9e577f9246a48c796bbf958969ef06b5501b1feefd1149269a","","b84f5f658408fc2f6bcd1b2f4f180b9c8d7c7ee388ef70583110e6245b8ef355","",,,,,,
132,"CONF09_joint_0p25","","not_started_pre_v2",FALSE,TRUE,"fb8995ecc581a41683c99c0235045a96e96dccc553a77146fff3097c1042e0a8","7632f7a3db7f3db8f43fcc29e991d3e8e08545105004fd3e903df5d1033943dc","","","2f737204b2f8965a6acd23a5babf91bab38ea9179b905c2c3d0ac1f277dbf2c8","","230060cdf7b3091151a1e8509bb263c0726a4db0e32dc62530baadf273aa6ec3","",,,,,,
133,"CONF09_batch_0p50","","not_started_pre_v2",FALSE,TRUE,"efeecf449220323de661ce94fb34b74a77733a7118313434d9406af6fccf832d","c4a23c2498955da3e2e179794e8747569a6ba83cc6081aaf8996970befef72c4","","","82a3f82c93ebb5135324f731cf40f07198e18c44bcc594cd428924a410224a8d","","1e5a7146e75d696090c86a916e8f6160460813bd2bbca1861087c8257005415d","",,,,,,
134,"CONF09_run_order_0p50","","not_started_pre_v2",FALSE,TRUE,"337af6e8ae9d8442da30da30a29e6112defa76faa84a5c0331a22b854b02ae2c","cbc2f9fb7701db20e5116d9358e970e9f953fa6d9827e8c2a2fb0f991d17b764","","","6f686c36266363ab803c718f7568be5d4e415d1ea579563b6294504592b63248","","556c25064c533bbea495eb4683ae136006cb359e3158ce640140da39bc245c98","",,,,,,
135,"CONF09_joint_0p50","","not_started_pre_v2",FALSE,TRUE,"f8491b2858a25985a8c0725c016ccb3a1fab2ddc788c6208d4dcdc9fbf1d6ad8","7d356e238be9f8d8c447996552d45618e8a5e658b63e16652cd7f2d99de90d05","","","4fa6b201303b84e5666e80cc0827fc5af9340b0c28c96cc65a75f53850768abf","","92758248381472435ce098c511487ed9824a5a8c58dd0a58ff598d3034d11910","",,,,,,
136,"CONF09_batch_0p75","","not_started_pre_v2",FALSE,TRUE,"412cb30b6eb78bf586bfd55c3d28c7330cb2f12f527678e6514b8f8700867a07","c7edbde415e499f6bc4c5b86be6e182eacbc076f6704bfa2129be49e69e2e55f","","","777c1f23690cb276ccb5ee05913f55e58a1b5452ee0fc76f044cc53bec4dd41c","","d202424e99ce0d04d108d08d50709f8bced0cba14990d6d4774f91f5ec0ebb74","",,,,,,
137,"CONF09_run_order_0p75","","not_started_pre_v2",FALSE,TRUE,"038a0d82699a001f12b9db5ada26e66bd7257ad6cae30f3d5dbccf4a38a0d326","b1a383b302d20a27114b4045036287db1e28dcf561d92d221434473e60fb3d00","","","506897d2914dc7d8bae1fdc4983c3a56e6767d3757249dcbec7802375aec2ec1","","edb6c7cc32f0f049de9b17d117cf7bbc42457b54222a0180555e54395ac106ce","",,,,,,
138,"CONF09_joint_0p75","","not_started_pre_v2",FALSE,TRUE,"686ef6ea095c1a4a59a592c94ceb3d08da4b8269445ef0dc9a5516c293482c17","f58229693b15d93b041af485f4e52b962e514182ad750669f50fd742a4148d6c","","","7e2924b04c32f0e82070dcf4534243b84969545805f613721e80db5c7fde85a9","","70c1986180d0ffcef4d07451fb1bb20717b4b6ec2ef28d1be96e1e68e871485a","",,,,,,
139,"CONF09_batch_0p90","","not_started_pre_v2",FALSE,TRUE,"2a59b4dd0690ec60437462352b6fe3d9597687279f9ba3ac3dd036eff8fd7e1c","8836ec9ca70d4b77538303ca925056e1d52980acca1debb3f729e1d646122d0b","","","b5a655b3156c639aba9a2a6d9d9e90669a87483306a0fd1dd28ac96ebfbee3cc","","7c0867da798f8b8f0a29594ff31da28d1d505e0ec2d152e701f09d6b9f42e5e2","",,,,,,
140,"CONF09_run_order_0p90","","not_started_pre_v2",FALSE,TRUE,"9223eb23152c510c8a3ba2f223ed2e12756a21c098503bbed1d5b0cab568223f","4a8769c28a99afc7ef3bdfb0ef7a1d4e0a4d4b6a5eb7eff5c244d45ebcc00597","","","12bdfa1bd6434d568ef051a9c6536f2db230b6f69f4064dd3b26c099f80353b9","","5e49b867914dc4b5d3ca048ba3ae1b60a627da018733cdcc5f608d42b9ab26bb","",,,,,,
141,"CONF09_joint_0p90","","not_started_pre_v2",FALSE,TRUE,"91896fc9544cba91f9b157f60e9338324a2111a41d7a370a9dd2765c0130d8e0","33f26331dd061e7ef8251992b9cde9f3b9aa475a475adb4572c5b123525272e5","","","5c84a503d58a67ec3dc303bf03c96dd55a7c0f38e0f7e9c9fe3213c55145e8ae","","386f0b0be1b40f4163099975a7e85b725d7713a2ff21a13d0d8c11049c086928","",,,,,,
142,"CONF09_batch_1p00","","not_started_pre_v2",FALSE,TRUE,"1c1234510868d7cff60cd2fed19fabf2a0529fa89cc953621b9a3ee906e143cf","d19c1384e59f1d03c53902d33435ec345eb0be6cf6cf50707864d526fb9c4907","","","3835193022ef14d3abc2146f81126dc1283ce6fba02fad931624b67d8883df7a","","fc159b534ddaadcea7b4ca26367582bd4900b309bda6af50a0521d20ef5db6cf","",,,,,,
143,"CONF09_run_order_1p00","","not_started_pre_v2",FALSE,TRUE,"4386f8b17d306660169be21a3651212d86049b0069be6ecaab6f9ae3a8933923","97dbcb697a983beeb0b6137834f1132152159137105706433144affd0dce1b32","","","2cf2c201715c1cece81ef25afe4ceba4f9ea11937733c9b65e1b3c6fdd96124f","","d90dcbd733cc7fe29b7de4384a01401fe1872462f3dffc8d5c45431ec58711ed","",,,,,,
144,"CONF09_joint_1p00","","not_started_pre_v2",FALSE,TRUE,"186ef83b86c7b8d8bd14042295870b91979a79ea2f73c304367214769175b634","1869bfe85ff07f24cb8a9ef78fc3d159d5ed7fe09d8cd5daa50d1116b671c429","","","48f69067d95adae555dd0d7eae1d8c5be1add624c4eed0c3390e6ae4dca517d3","","69866dccaceb56eb329f3cc4512cf06838421051a738a95b8d93324c358d591d","",,,,,,
145,"CONF10_none_0p00","","not_started_pre_v2",FALSE,TRUE,"d9eb042622baff5a6817fbf3fe24886c85d51695f1b864515b1161962e952607","cfd6d6c19b74f4560772c36ccbcd30bafdfd832ee993ce6f51d09964c7adaf98","","","dbe52dd87e95030952d96e3e713c72e000173f724ee19a1160debb3a9faddd96","","16750b16386b6e69d10ecfdb0e3fa180351cc971ef1dacce05a7ca3d5249fa1d","",,,,,,
146,"CONF10_batch_0p25","","not_started_pre_v2",FALSE,TRUE,"a115471223fe1292c7ff1cbd86ed1fc6ca135f94bd330b08e559c8e87221047a","04c7357e896d36e8e93857d0f779770d0b4115749a63d41a785010eab190bbb3","","","7bd5b04c9640bca307af61d939ff438b3116808cf984ac900d5f9bb03f798d92","","1fde7e7fec5f99da68e3f31a60f3e1f6da4ca566dfa9a150c7999f1a8a17fa61","",,,,,,
147,"CONF10_run_order_0p25","","not_started_pre_v2",FALSE,TRUE,"8d6579fb3487d135278f8855845ed03fab28ed896308332c53e7fd8ad5daef98","05b50b03e5cbeebcdce42a6d3b97edd9c33d38a6695e94f86010fc114124002a","","","5b0fa1d75339b4f74b28347225f99809a4cc2fb018e4ee7adcc0ba95ddb474d5","","61d22f05d2c8fa81591f91511133bb715e845d9397a857b89f6f854d95ee0a02","",,,,,,
148,"CONF10_joint_0p25","","not_started_pre_v2",FALSE,TRUE,"9824d3c0626a94d2829e63bcada05f70a141b2b9e1cd2fb9265774ef91aabd31","7818226604100237a9a956ba5e491da13cb851a9dde02c6eb262a9c77dbae5c6","","","52e408af282cf6deed555689f788b95a7e9a018da796b02215409a639511a9a3","","04a23dd2132ca8ab48d4da0a8e46e6b3eb752b73c6a452773b14e6dcdc8b1ee7","",,,,,,
149,"CONF10_batch_0p50","","not_started_pre_v2",FALSE,TRUE,"c543e4095d2f50fb326cc41f8fa2e087b494c2780ce576ee68758e3d445f4e34","e49707f7327a0faea65a125e5772b6f7ffd722039c17f64c72f36a7f765fd179","","","4c7fb87dd2d554b0da41fe68694ab2c29641928b0398a5b50eea545152415678","","a27f37642bf9f25c31dd7c57f94060b4c1174103c141d87359371ad1ad7bda5b","",,,,,,
150,"CONF10_run_order_0p50","","not_started_pre_v2",FALSE,TRUE,"e94feeb587f9cd32c1ecd0893747f30287820c80baa3df6f7f96a42b4bdf16c9","22a1745f5d51485fe59661c04173b907af930699ffd78bf6e76682ab43ef9909","","","76e480e7bd2f6fb7d632dd56af721c9af75816e16475de946d7c41757416fc39","","3e486426fbf3e6126031ae1327c571364bcc3d1e6980b7dcd60162b414fc62d3","",,,,,,
151,"CONF10_joint_0p50","","not_started_pre_v2",FALSE,TRUE,"5ae7acdc4db2932553800ca5ffb5ce6d90ea35acbe6d5df12826ee0a5ed5d8b3","06083489c198a1d66e7f1643fbd478d72268ef0f0e6e3bf39118cfb3ea06c1d0","","","d4ea2c26c63712bfd8c5b9cf60c50a8e4e20300789d2e79f58832418907a9148","","348ad0e6ee71619eb20bcda0e3450f271d371d1780e332996612218e0c3d6f84","",,,,,,
152,"CONF10_batch_0p75","","not_started_pre_v2",FALSE,TRUE,"5cf7e209dafce7eadd1e4aba37b305954d7bae237e5e692f68890f18d74f3f4f","f738b63cc00c147e1f802dcd0c9edf1686af50f264d5a24e4c21559e5cfe54f1","","","ff0a7f53ade34a6938f46545735934a3d8b4e1b92145a15d0358f489b4529d35","","d04f94ff76d501b0cffd321c7a2a2231f7f7a2e6df6da87ba95914e14e768f36","",,,,,,
153,"CONF10_run_order_0p75","","not_started_pre_v2",FALSE,TRUE,"cccf375230f2497874e0fb1c2dc7db72cd24961f856fbeee3497829ac86291bd","467855c48ca6e70645dfa678c0fc9d1addd7a79f500f6f46d4ed0c311c390335","","","ae0e747a0dfbe7a22816caba30855de5dc6028864eb15f44ad46b4c44fd25fe3","","825c85c02e196109754b7cc3e9b510c84421a0fe754a12d88761a557f6bf05a7","",,,,,,
154,"CONF10_joint_0p75","","not_started_pre_v2",FALSE,TRUE,"8498725ff9a49caa39ac64c76dceabd0a03ccdfd189186d19afd8906d0c00161","8fa1dae8f5b77215fcbd5249f655e337e570f8842ad7ffd9f45b55d92c387606","","","25bfbd89bf965f58c6fe95d91cd5ac25820ab52cae0ea5497ff1ebb4087d606a","","f2c912c36f27d953f2448b57fc492e319e26705e1eb5d96fe81ebc1d1d6345c5","",,,,,,
155,"CONF10_batch_0p90","","not_started_pre_v2",FALSE,TRUE,"18e9358391e5fe3095e4d81475064d51e20f8709401a5811eae2fa8c30f7c1bc","f502c213a7e9ff053f77099fbe47e54ca861d366efbeec111f2e77e88d7a6135","","","cdd592f507912dae9e8936b71c32fffa3195000a21783a8c9add023bc13a3918","","05786c611831c9d7f8f9130e85617850bd37e35368ad3c47dbd5e5e4ef4d0ab6","",,,,,,
156,"CONF10_run_order_0p90","","not_started_pre_v2",FALSE,TRUE,"c02ddf4460f776c835a454dfdf186b0befe7110e30d63ef28d503a5eb4c8aff3","011e3cd6dbf603c63f9195b623e4c94fc8846a5985d71390338ec07c150bdb19","","","837b49bea6625d6e51545ad719b128242006b5c5dbbfc007b5d3e7dbc893f229","","8f95cd6bded3c48e05c1fb888e993a4fbbd41ff4857b95f5079c319377647e59","",,,,,,
157,"CONF10_joint_0p90","","not_started_pre_v2",FALSE,TRUE,"170c04c81c9f36bdd7e2b32db49193977da24ec05f12cb86ba97121988ff6b7a","cb46907f5978f3f28bc7e6882407f606a6461ab62deb698d2ed6266ef41e31a5","","","9e4ef82bfab2e748d171dbb1449b8607675a477649f0a149db12dcb2b06ce0d6","","6a3ad36e935b492ac0094fa5676a384f10d534706b208b37bec7f7bae06c482c","",,,,,,
158,"CONF10_batch_1p00","","not_started_pre_v2",FALSE,TRUE,"094105681aed6dc53ee878587031d3e35238b848dedc36d831b5e07fe0868452","77037520ea326d8ab9d536af927be38ca310ffc4fa2c2547890c4e690cd57335","","","791d3cbb60449e57b90a51104d4dfbde5be406bd6c14d06a0f0dbf5228575923","","bb2b440f6783b5435b7220600e564297f5f27471ccfa32ea8a4baa461cee4e14","",,,,,,
159,"CONF10_run_order_1p00","","not_started_pre_v2",FALSE,TRUE,"56da954e5dba606a11ba5d7c6f118dcb725a4106038bd7388e2d3e3687af2fab","3a55909b2dfd871391d09a11ac107ecb39023b3d0e8744064216c79cde5273fe","","","97a137f81985a504a3205586e79243d400259e5f9092c704fc3edbadcf9421ae","","867af37d3b870c17fdc95799d24f00e11c1cd66e501606fe538ab6f585269d12","",,,,,,
160,"CONF10_joint_1p00","","not_started_pre_v2",FALSE,TRUE,"87c981ab170110121b73f88d1a9334af629648588c243de15d482e95b3aab702","732c018c837902a20d562023800050c735df7aceea006dcfcda09446bcec4da5","","","69c9d16f417eb519cae5e8a1d647363b3adab2b0f6afe07e492eaf4ff58db25c","","2c7283c4551a0bedadc34654de060987747245fa6f300a746a812a129925f6c5","",,,,,,
161,"CONF11_none_0p00","","not_started_pre_v2",FALSE,TRUE,"f5a3f52ea448632ffd00194a8c8e48f6ae056cbbe2a7bf06b18214d235ad3bf5","cf3b6dcd2ea032359cc3474941e7e857c6f812587dbf86c6f3cc30a43a177aa7","","","c810fe663a1c23e21dec328bb32e21d03c585e02422927ae1c3a0044dd619cfa","","0f2c40284e1f32b65c03ef14e3d59942052cce59d784fb624e95c4691a60ba5c","",,,,,,
162,"CONF11_batch_0p25","","not_started_pre_v2",FALSE,TRUE,"61199a54a4998f1c870c7e7a5ec0e02a3deb923c74c6b6ad500685e1bb4aeae4","13a0e55c94ed765a91665ea353144ec70f011a303a67bd004f99cf142011326b","","","9246abb68f02401a25376e01b8285977a5003d02dfcc98076c44fec007c50924","","073fd9490337924b02a0bcc18f792f37834bc673c445ee17e327579f45852b4c","",,,,,,
163,"CONF11_run_order_0p25","","not_started_pre_v2",FALSE,TRUE,"57b24f3957e5b969df9306e1cfec6a3f94f19c185b10ab15208e8f09a63cc5c9","c7f7beabfa6c04a7f3ebc63a58ed68d099a4b7425cf1f0d2c65a4f5bacff3d6e","","","e1746b2119431611852412301ae4c243174ae05b3a4cd388aaa85198113bb6f5","","d181b2d4286b1303ca3327820a674f8a6da45f6f2d1cb84fa59eb8d62c3b5bc6","",,,,,,
164,"CONF11_joint_0p25","","not_started_pre_v2",FALSE,TRUE,"00d35868c49f0784e3ee191014d254e7b6e95168776885f0ea850d55574db8c8","2ee49ead7b94d42394b37ffceddb4796a40ee4c1a06317a816af90096f6d815f","","","fcfea44311b03552323bf364f3047f5a1a31723af0d23a6e8521ba22a9472caa","","e97f149a6f70f52a0d0ab868004dc2c5d50243a2d848c98ca28a0daa70ee9301","",,,,,,
165,"CONF11_batch_0p50","","not_started_pre_v2",FALSE,TRUE,"a0ec159fe1eaef24ee196da4b186e66dd8861c7a64c424628c2812e0e6bd3a72","5f17642dc2dbb4fef2a064efb8fad8b2b84e692347caa99fe4aa56b466b15c53","","","4c42fa3e467958204bb151f0843f6f73c6fe82135320c08c9781e3046c5b121c","","9f80ed8a402bfa005d9e9774e14add5f2a1fc420bcf4914b64ca933dfcc92c79","",,,,,,
166,"CONF11_run_order_0p50","","not_started_pre_v2",FALSE,TRUE,"92fe350190dbd36ebc79595c2a6acab5ce43158c783adc4729a2ed03e82aff74","bf803c259e53b7e3ba76bab12097b204361ea1bef4952e8a7067e456a16557e3","","","9803b34e8ea620f989670d9bb2cb92bdf461df91c453ccd6a376b4ca7b404225","","76f5720ef257c9bf32944b5f356ec8dc3e3284c4058b91276d6c99458e56889b","",,,,,,
167,"CONF11_joint_0p50","","not_started_pre_v2",FALSE,TRUE,"3809c19ba375657cbebf5a509cf67a2673c1b41a1f5a9831b46f5cc52b1a36a1","ecb6a1f0583d3e74b7a7e3268dbbb29d480101e72374ba7a052385af7a3bbf19","","","f490b1ab11ccd4f12075a0f92c9b19e44b8625fe478af47b283b24298bf22b48","","ec663a00c4fb38745f4778dbdd4b322c59d412eded2211a3665c0713927e948f","",,,,,,
168,"CONF11_batch_0p75","","not_started_pre_v2",FALSE,TRUE,"a5d240cce2afca16918734495a06e53bd131dd8d214ae949c79eb9a61c2ad4e1","e37a058932de134e2d556964c847ab4d68cc1a9c2bb26f6a576c4570a1d495dd","","","1e2e6138d90070f0dce8828478fdce8f2ce6e7423441aa4bc8748a5e64482426","","cff48f3de95ac821bc9488ede7b35778e019fa3fb81d694b11f0506b0fb1d005","",,,,,,
169,"CONF11_run_order_0p75","","not_started_pre_v2",FALSE,TRUE,"a0b15642366828e50cb9ba5a297b4eb034af896aed0c5cd8cf2d99d70723cb7a","209fd02538aa9d0434e9a5c104af1e6bdcac3c791ff6fbf5ca2a57629430422d","","","4502945d7286ac3f6f4a8f7459d8101f6ca918356fd93a89d5558a4e95b1ff35","","8672d11392348b25054e5aa048cc07329ff689580d0fa476a5f0b05bb07f31c1","",,,,,,
170,"CONF11_joint_0p75","","not_started_pre_v2",FALSE,TRUE,"83a8e1cbf000eaf3ab6d4469df248954f05eb78f269ea2038be37cde1f3dceda","17ae0adc19a14fb70d1dba123349467bb34718eb9a6e118d4ef4c8806bdeb3ef","","","f839833e1879922e22909cfe91bca7cd006f4561e566c713c4ca73d3cd14db7a","","773693e495abdfa5cddd02d65ae4bae1d5ca776bdb2c6730489f06d043e4f534","",,,,,,
171,"CONF11_batch_0p90","","not_started_pre_v2",FALSE,TRUE,"72a1377b73662bdf39f95d9581401cb58ff51e5f8904d9b431b09b3f4fd6474d","140360d1984bd8e604abd088f8d2427338f50cbe5598d9b3093afb122162f66f","","","bcc8301d661b829c3a28c337765a661d34a104cc029b3d61799d0a1cd3aae41a","","9775c5e89ac0eb6c148dbc41b6819356d43ddb359aa7a985abb5b8b30eebd15f","",,,,,,
172,"CONF11_run_order_0p90","","not_started_pre_v2",FALSE,TRUE,"87c390d2ae2974d81ab5ac49ab3430604547492d895f22d08bcc43ca01f30034","6e3a1fca6b934ff60668d46abad6faa8e722605d11d656397254c0743b21e7a7","","","91d7954fe6a0a83980a983b84ab4f6d2ee4531f54642ec9931eb5026034db021","","53a3477fe7f87d7b66322940e41c1bf695a7d5d14b7dd016b1bb0d76f8e1d707","",,,,,,
173,"CONF11_joint_0p90","","not_started_pre_v2",FALSE,TRUE,"29eff3256b7d0b9b56e0a249b9de5d1700d99d7d92fd48304cb3448cbdc0704f","2daee87b1070ac6ab6fed3b4f1c769af40b520696ed30297a6885142161572e6","","","2f6250197b27615c170fccf4de6a64cdeefcd924a8279c2293bfbcb807820137","","049e5a9c29ca06fefbb19e88de901e719f3dd86b78496c2e35a55d5a44a4eb79","",,,,,,
174,"CONF11_batch_1p00","","not_started_pre_v2",FALSE,TRUE,"6f4c4d76830f2b4bd0568b2ff015bd77929019d93e7230bc02268b50c9f86659","b43b702608b262e029e41d327532abb4a4140632455bff16bb92ed8579df82ec","","","0955cab57388c99f730248f84b1be7d252fe020f5f62a76ed03ee2d683c7796c","","7635b7ef5691331e2506d552bfb20960d1ad06575d0df703bf8ae7b2215b4705","",,,,,,
175,"CONF11_run_order_1p00","","not_started_pre_v2",FALSE,TRUE,"e5c66eb3dfb862ecd694aca0a73d8d5457f8b10b1d2e864090971e8daa4115db","40cc58734637265779df490e016a8968aff8bd83b40519d77683f0c8c5867a5f","","","a9e8a5a608196bcd730816cb42626d2f6e8998389afd6833c2733e3156e8d56c","","aa9dc387fd55963986ad4f68b92af54cfc2b669c6295cb12864fa51ccdfe488c","",,,,,,
176,"CONF11_joint_1p00","","not_started_pre_v2",FALSE,TRUE,"90d061fb0e95b805b8e4db246186076a8370b1fbecd70de55b871a9dd6b2ceb3","c879a77f800dcd26c0165aae2e2d9928e481880dfc53f67aa2c91bff068bd652","","","542ff4c4b4a4a6906b9001da62eb3b8750c2072fb8160fcdcc1608799e19ea3f","","d285ae1771786a67be04996eb583eb36ced0594b4ad06099db2d3a4d3ef99bed","",,,,,,
177,"CONF12_none_0p00","","not_started_pre_v2",FALSE,TRUE,"b07777d80b4b010256ae5f238440337b66129b19474f633f14deb34585b86893","dcecd4df72d05ebe13918a3e2bbc590244bf38b738e321a5b31e52920ce0ca6c","","","82de40864d4a558f285ee932d21b76381234113e78034cd70552ef754b59ebf7","","65b979abf427eb4f634ca9e0432780f6bc366fca1d31f5653c39840f3b80e222","",,,,,,
178,"CONF12_batch_0p25","","not_started_pre_v2",FALSE,TRUE,"75ffe28a15bdf435f2bdaacf34db201fcb4fa40ef8385f396dd25839ff77ac0b","d874970b12ec8a7f5066fbc38e6e86cae3e30280a1b5725189755a80a4b59ba3","","","e94686e3b50ec923392a255924aa61b78ab3ae2c4a5f122c90182bbb31f2b118","","7e11ed5ff657b0e51f9a8ea5a51b8b1faa48f9be87fb49c77ec3f5f89e35cc30","",,,,,,
179,"CONF12_run_order_0p25","","not_started_pre_v2",FALSE,TRUE,"5f5d622b6c894f63d5413ee84f92dcf79d18c80310d8aa35c7257a41790ab9c8","450a07827aced5416bb4afb85b7967b5bc33cd98526a3d3200f8833b2bf10375","","","b0f1d646d49387eaea78122c44da7ad47359a1e36d849bacd85c2c5de8f5311e","","a68102d20d8be9bbc7baec3153ee627da4f759c493778c4d1f436a99ad9a485b","",,,,,,
180,"CONF12_joint_0p25","","not_started_pre_v2",FALSE,TRUE,"2bc1c303e92479cea69599435630e54f7211be22952b0e46d3c948d38798e484","2c867abac4a8feeb4f50d836386649df3b8af3ad660a3a06c2780fcf4a6dd924","","","0b985be79a098bde1d3ab7b2893d6b162eee0222f26434ef990eb1227a4450ea","","6b4d9742656756fddfab55ebc5cfb88bbc6c146181332d4fcd91a1d3df5de85f","",,,,,,
181,"CONF12_batch_0p50","","not_started_pre_v2",FALSE,TRUE,"d37b91afff832768559963777adab471505be67ae8ed534179e3872f745731d4","66458e17dcdde1991567708da5a1d1f93c514b082ca369b17ed28afa68fee6a2","","","fff37b96634c8b24df87125f16974f680aaa6b65c418023f5322b643ccfc8964","","33eb46715bccc97433badd46da50a92933653cb39b4aa4ffc894734311f967ae","",,,,,,
182,"CONF12_run_order_0p50","","not_started_pre_v2",FALSE,TRUE,"b33dafb9fd2968e8e3d5d42edebb881363d073d50cd077c1fec9bcd0a6121005","ac5c8a26a933534377396c9d49f868a019fb8b7bd8d66abf51c1274850d6e2f8","","","4cbc603781f948bc05a8d180f12515a0e9424d33251dddb7e0ee1221ce79a4ba","","99c91b62e553fa654ba2c0ca5182c87b15651697f4e635e98a2c68355a134e84","",,,,,,
183,"CONF12_joint_0p50","","not_started_pre_v2",FALSE,TRUE,"64056f9c589549f37f3310da8fe6fa604c5f5ef78f7b03d2cb76ea9f468fbf9d","737d5b02a47eded7c835ba6db77df13cc8eb58633c28bbc712d631fe060f9d5c","","","044ab18dc48cc4bd71c2248b51df117dca284811248f70e498d706e17d3d7df1","","231c282bf2b7a816a84f81e77d59fc6b2cace93200ca182a290c632799e36138","",,,,,,
184,"CONF12_batch_0p75","","not_started_pre_v2",FALSE,TRUE,"6dbb85d524ce28e501c6a2c3761b229d8dfa8bfd87ad76e9ac4f1e7bbd356482","ac76b6144a333a3aeff6f013834a5e423a121320a780fd1c0b31ec67027f52d3","","","722c437ab5a8c929449f641e88e225798ecb587ce8fd538bd77b1f0d4ff1f5e2","","8f91b6cbdeccce1c70d8377b5b80a6f5aead423789b04777c72e089c8df761a0","",,,,,,
185,"CONF12_run_order_0p75","","not_started_pre_v2",FALSE,TRUE,"d4893c45defca79fdc543a41d5e80b85b37668bc6cab536661ca53c812e618d4","b410e2a277554f53f789134d915cc0eac98345a78121ce2698b945bc5b89bac5","","","a8a1e32d93ad33d62957c8cb27342dda6264ac9b998a6b6cf7e45ce85b11b6f2","","5835e76602d37bba53169841b02566476118772597e23d45871a21bed60e9788","",,,,,,
186,"CONF12_joint_0p75","","not_started_pre_v2",FALSE,TRUE,"3b7dc5cda297523808ff8d3f098b4745664d5c46cb6334e591e0934f222ce660","53ee6e8ecfb77c2b838973450327b4cddaffecb09ffdf69c80f8f5a4e243a90c","","","e73620d13fea3b0c756b563e703cf3a8cf92f19ecdc33877abe60c27e7c4994a","","ee0673480e5e53c7ad24c684c8f6b703038d18c970d6144aa57d2ae53809d13a","",,,,,,
187,"CONF12_batch_0p90","","not_started_pre_v2",FALSE,TRUE,"68d158ce056760f5f548b3e22629806419c995e7dbe80bbd7f7b2bb9cebd9218","fbe055515adc4a7204f80c41b9a4cfa98d1d33ef5a4c139305ebf4809126f503","","","9b4aee109c8612bbcabbbdfe23ba317126d048181988c3e8398b9e13c6e194b2","","c41a588aca871038e7f2e465cb7ef3de32763cd12e08504ac625cd141b5d4304","",,,,,,
188,"CONF12_run_order_0p90","","not_started_pre_v2",FALSE,TRUE,"b0450e91d8051c4bd42cf90ee94ec2f804ec2c011c5864eddcceb525c46ad148","04a525eb021a4585aadb69430830622e6b1014e33dba358c2de0d8827f20eb3b","","","270aeb950f1a73ab4d0498866cb2fc37602d87b844744ff2d7502de46f14fc34","","86e89b9750a82283e727fc3b661b418653049e711c73e0754626a0ec2402d688","",,,,,,
189,"CONF12_joint_0p90","","not_started_pre_v2",FALSE,TRUE,"daed0a480439b175b2e1794b43699e8af91c864bce902ce68d65b8c1ed748bec","6df3dfdad0248f60d07a84d138da9454332ff4471f1b099b8d565d9727aa4235","","","a0b0e50f0a575391537998e0bba2482b69aef08946fa6b796535bc884480e2fb","","e953e37b98cdbe41bf93de38f2ec59d0e2138be1de1584873bc23671e01b15e4","",,,,,,
190,"CONF12_batch_1p00","","not_started_pre_v2",FALSE,TRUE,"80fb4181a6c7fc469cbd84efc5bcfbb01a48567dbe95f0f0c56058dee23c573a","90c63e86d0b6028de17d1451bf506e11e8e279c85d4fbf1c22283720d0f58789","","","bbc047cbfcf4846d03b8b5b5759865830e3ed52b2ff82c18fd4e210670665d1b","","cf38bf4eeae8e2b1f7acffccab37a1eadcfec468c65a8dfe81a64ca3e09f554d","",,,,,,
191,"CONF12_run_order_1p00","","not_started_pre_v2",FALSE,TRUE,"55ba70252e1cfcc77052f0d219ea64ead4851676186afb0af6c1b70ab8fb8089","bec8d6d0389295611b9435656d1c580f48194a3395b8be3da967b92c19feaf58","","","baf87ed0341b6e2e8cb997c993d42e7a30dc0a301edc9f6efd97c6e09a25841c","","609d5013b3f1a0d2691569507e511d602325e7274345aaa8878dd1e68874e047","",,,,,,
192,"CONF12_joint_1p00","","not_started_pre_v2",FALSE,TRUE,"36116208c67324a19945ce207027a3306fd21e4ef47d063f854ac311616ed16e","15bb148e607963fb895d4ac1668898fc0f5a58ff4b90ed9d2ff9cff9bad007a6","","","3b2798149bab5e713fc68713f6cfa78e0b05ffeaf180fcc849b05a0848018813","","da2901b3333c04b16e74ed1244ecb3afcd446fe1c7ec1e9bc28ec39d694aa5fd","",,,,,,
193,"CONF13_none_0p00","","not_started_pre_v2",FALSE,TRUE,"479e290fc68aa12612127f6d686d8291ddbc8a1760a447eebcd9eb1cd6878675","e451de9a167e6e6c8c951b65bda7e98511bd511a452ee2563e156fcb30976300","","","e6858bdfcc67496ab6cdc51726138507037adf3433cf133db04bb175fa2dd175","","13c2ba2f834422f6ec44a9d637be68b965e5a2c9d8ef662bbcdf87674800d2d6","",,,,,,
194,"CONF13_batch_0p25","","not_started_pre_v2",FALSE,TRUE,"8fa3c68b42370b5be78a0d457f64fa3d73b5fcfa727557bbcb450c64258be472","4fece7c3840afbd5f8fdc736308996ce7a0725fda29a329792ed0c9b0a6d2372","","","19a168710ab1e9f7754c4d1145cf7288196d31193c2f7aae4e300ea3a67867b1","","330c4ddbff431df87f9d4c37266d8a085edb6b5619ade7e18f2f897ae1640079","",,,,,,
195,"CONF13_run_order_0p25","","not_started_pre_v2",FALSE,TRUE,"41223c6aeadb199f3c9b7dd12d5d2ada88bc1d982b5ccb01374f965ebbdb00f1","ac61754e210d978a6f069cb1c2931b8b638e3296934eca3f2c417f280b4ee10d","","","747cd2f981e121598bbe6616b2b72cc3dbf98bddf1eed31db9e7a759ceb50968","","d5421076dc5da6778ea04bb1c9fa02dad6ec2ccbc092ee82bea68ae9494f6808","",,,,,,
196,"CONF13_joint_0p25","","not_started_pre_v2",FALSE,TRUE,"8b9896df54573168f0378b1a39767142a94e59e289f621858a77e047e5f13314","b9db192119792ca168afbd0163d3afcd4687925be8f0697fa32896840be13aef","","","333ab06eeb79f843306ff23bdf949e45f8de63eee9cd42d58a1365899515ceaf","","22d506d6c35d8226028312667de75a574ac6579c522c1ae062575146547891d4","",,,,,,
197,"CONF13_batch_0p50","","not_started_pre_v2",FALSE,TRUE,"828fd9f8ce7dc3bb75ed765e5d14faff62ff4f53a689e1a2ead79fe9d150212c","517fc8b52d98614b29dfd98c90a9324a14a4e2f25e0db0f0f8b167bcf89b6317","","","bd9edaea0ce547071b85d7c8b52d37eb9c472897cde90e04d6ce3075416aafcb","","07393cf4c60e808754132328cfd7aefdb1d9ec1b86e1a2b28d721d9722d91eba","",,,,,,
198,"CONF13_run_order_0p50","","not_started_pre_v2",FALSE,TRUE,"dce34e8cf0af7ebb5b9d8188bb89d4ec44ccab9ce8a974007b570f4929059819","39700a3b745d3e53f06a0e82e9d7e4cb764a5273a1c888fc8a20dac3e40b8c99","","","f76650d5c4318cc423ac5c75eb738a328c6679d6c10e952bf2804d153832e220","","b751ed288d628d1043bc639cd510a0e9c579bbf18b5220ba6cbfebcdc65401ff","",,,,,,
199,"CONF13_joint_0p50","","not_started_pre_v2",FALSE,TRUE,"175652caa6c0301a9140d9d49223089ed96a13ea6ea4ba4cb5e4b205bdc2ae02","a35096256da2958363edfe56e98ae1748d9c8fba4c8c9fd83798b514fdd2dec2","","","819a80bd3ad822a1ddf14293c771ac9366b3223772830e645d92065387650242","","bb2db6f9a9875003be12956f4bb77cbbf4534cd29494cb687c03fcf207a1d7e8","",,,,,,
200,"CONF13_batch_0p75","","not_started_pre_v2",FALSE,TRUE,"b390c495fc7e148c4654f9c8994ad0f2a2d59807c930c4567ae4902deed2aefd","1f285814b7ded716d0b0ac09e00913e41ab1b8183b9e2b9a9b463266f2729e6e","","","8ebbde57937f3c221683b3c0c44222fc98c5f93ff3a2fe517c13a6ad31b166b7","","fef1ae7e2799471691473fbacf4d7d9ad1a78a6342657984c6b1b832f66bb74d","",,,,,,
201,"CONF13_run_order_0p75","","not_started_pre_v2",FALSE,TRUE,"7152ceb53b45d3b657e29fc5c1a3834a005920f7bbb0c01aec3a66333933ce53","2a5414c718b0cba23f80fc3d49aeb6884e26aaa39c5286ecf8ff7bd89a5ed538","","","8aa8e2b2b4b048a3f274d4343cc8fb15b0997d50437bbffe9062c5f27e12ac72","","a028c18ccbdda112a8a10f65a3b297dcdf23310ede8987b42478fa3d4f03a324","",,,,,,
202,"CONF13_joint_0p75","","not_started_pre_v2",FALSE,TRUE,"a96e15e3880ee7ae6bbaa56f155cf03e226825afbec6a865a526c204997094f2","551f78aa0b7473e1f8e4ff76c282b8acdc65b68146993889fe96abd8be10fe77","","","b388278f97b8886eaa78100eb236f8e33b3e8eec2aa93db4470764a9c1892763","","13967b9a5bf9f3599c04d4671c95bb225701cdb2ad0559ccc41a8318da86afd5","",,,,,,
203,"CONF13_batch_0p90","","not_started_pre_v2",FALSE,TRUE,"2107799677572b9ab8daefd02b02399054160b049b0e040512078247f7fd14b9","1136397dacf0e123b24e0b01a6b48d7cfade62c04ddc8f4b1d5b557834a25635","","","ffe4b0c7d55e77665be50bcee95ec8873de2df9d4a96609418bc04c14562dbe3","","0ae56c27bf4b083c7f24e0d3a6a4afc0be413c91e218f24a8073966109a3cb4c","",,,,,,
204,"CONF13_run_order_0p90","","not_started_pre_v2",FALSE,TRUE,"9ae16fc286836b1e3fb2909bc2e36059d4a55bce681c1b5bc444a5c6764ef827","74b3a249599fe86eab6b0ea514f211229b0493139937bf403ec2641c243e7bd6","","","f5b8dde858ffbb2e5c1d6e83b562df118a021fdf89569e65f0cdcf25798a2983","","c74e75bff9d1b87bbda7963be445c88b50755406b252ce4f3a8dabe2f190c117","",,,,,,
205,"CONF13_joint_0p90","","not_started_pre_v2",FALSE,TRUE,"c18887c59d1a88eb0601c850eeccd9156b05480d8914d84bfa129b3b5acf7c48","1ede6155a5c99d07056e0e67af4c89e742d09458ef024d11053446ca02a24777","","","3efca0a2f7bc74a6bc3b475d403307c0bb0719ca84a4561041921c79e7c1f531","","8d8b6cede0ce05fb9fa7bd9d9f9355c71d63a745aa33799ce7a1211f3b2e5d9e","",,,,,,
206,"CONF13_batch_1p00","","not_started_pre_v2",FALSE,TRUE,"bffb95a8c6d8eeb4d37f0d7ca3b57ea283a4357ea3f9f901e466f044675fffb8","0d771f568eb03fab05bfe22f8c0bbe43fbebdf96fc7f338e7e7717be5806be39","","","45cd2b3ef8b832f85a985e5cc9317118e827f231f868f081d9d8699dc41febf2","","9ede364b0d5bec3be96dafcb670c84ccc6a179a3bc75f1d6a3d682d5139bc0dd","",,,,,,
207,"CONF13_run_order_1p00","","not_started_pre_v2",FALSE,TRUE,"e42d05e615a9b51a5216d2c135a9d083ffb2dda745c05665954956676775cb24","6389d84c33758da5303f334c08329c10671ee71e75c81f52b95902a9ad1bb320","","","79d9907517587e4097ea6a8c9fedd81dd6992587f6dad4ee808cc39365bab206","","b5b1292bb6df4623c7f7c495ea7435355c8d259c4d37e24b948f1cb5641d2be7","",,,,,,
208,"CONF13_joint_1p00","","not_started_pre_v2",FALSE,TRUE,"6546bde42e1957456545e2cbd6cde6ea1e20a661359834f6ae41a8d5a0bce74f","344af2fda92ba568778d38cb94080cb0c455204bcc808e3f5e37500821fb41a2","","","e603bcce6917440154815513f72999abac89156dfd1f022289a53f095c5e4922","","42c4faa06cdfc1e85740bfc12e071419aacc57e2c0e00c058cc26500db0f1aea","",,,,,,
209,"CONF14_none_0p00","","not_started_pre_v2",FALSE,TRUE,"d5a142dbdb3394f490a864ef04d2015494e2cce6b7347a50d02b358c6716d00d","1525387d4a0f97eb0f330560cafe7d6f1ff8ca9145bc236f4244e38ef0c25496","","","cc9d6352b453e94f817845a92c09e03426a355981cf956a532ad34e44232a1a5","","a012cd75ac8448ce4bb6ccd024032348ec3b94079eedbeb3cbf4307dac570447","",,,,,,
210,"CONF14_batch_0p25","","not_started_pre_v2",FALSE,TRUE,"c66636a0fd601b0e7290b4ed7ea507c6b432f9646413158856f8e0a98f5962e8","2c46731dd43ee7a1b11355484ae4baf59f81038faa9a293aee39b4cb2d3a48f4","","","9e51e9ab72560ad4d2f6822a497f977e3e4b0bd590dba0c5d3ae5879269662b1","","486c06b911c5eeb1992d5970215235fcd9c8e49795454a6ed76dd97f35fc6053","",,,,,,
211,"CONF14_run_order_0p25","","not_started_pre_v2",FALSE,TRUE,"4d8d28b3d1b1fa955899442104498542ac9ecf45c1d6ceb47275b09464f8ed02","1653864c247386400c5bb811a0522664f74c5c96a59dd23c7efc8d9f9ce493e7","","","cf806a403ee3b405502e6f4d8c477b41297dffcd50de950811fa521c2b39d56c","","3ebb4adf0c420231f1e88c5736d8cfda21f40a90edcccb3dfcfbb040ddc756ec","",,,,,,
212,"CONF14_joint_0p25","","not_started_pre_v2",FALSE,TRUE,"03ccc763c4fb82f6ad8252efb2051b66533c1f69041f77d7ecac054b963d8296","e43545b0c054e3103ed4e875d56ed5975b91324238b6b611ca3307cb72b01310","","","dbd3d7377484d2ef191d9ee30f80951be68a1b516cee6f16208997506c549adc","","d6eafe268bfc4b571ac755d2695dcacc4ea9441fa86ca378a60da2e535f56f8c","",,,,,,
213,"CONF14_batch_0p50","","not_started_pre_v2",FALSE,TRUE,"13a3f05bbab8d6175c94a25c58fdcd0028a5046b87b409d666367205fe15b15e","4b01bab276c1eb07ac31c27f804dab6f4d7d69d2c2aad8ad72ac1891d4a35caf","","","72fe7e4e779bdda28fcc9a367a503c2e4dbb7999309ee318e1dc245430700efd","","17c283eccf330147276626866d46be0c338e15f622014279a0ba7ba471895d44","",,,,,,
214,"CONF14_run_order_0p50","","not_started_pre_v2",FALSE,TRUE,"091563424c526defb2359c6904355d06ffe6b4ef12be2b28de032645c87885f2","712d371b9e7aafc59e82f8e3a951d21e0c12e7ffb3540a33843a46e71f9f1d00","","","6daab8dee57f5fdd0496951c90e0237c97e9c04ba3fbb274ff9d681215af669f","","166996f8630d7cc7cf3fca624e348038e2925b6123925b84478da4f603097355","",,,,,,
215,"CONF14_joint_0p50","","not_started_pre_v2",FALSE,TRUE,"2b01ef918638b8702ad97edb639f1290da233b4003dd298fbfde606cf75ca586","8a5cf380aac04fcc37ed09518db38d4405b1eb46534ab3237999fb507ca9b447","","","b78cca0351dbfffc2d964f44760c16f87d5ee00e37099cbeb2c6cd981b0a8405","","1a6559be7d32a00b48d2902339857211a777cf294356d173d112ed64aa83b674","",,,,,,
216,"CONF14_batch_0p75","","not_started_pre_v2",FALSE,TRUE,"ecd0477900da60595e16de51765dccc9cbd4f19d2bcae36b6e9daf4afcc3853f","b3445d63ad85334cc5765f3c120e369d2af6aac064b7053e119b241f7780db89","","","87bd709e0f3603bc195ec13cd1d831b859a6fbc37265d3c15b6c0c9c45e85ba3","","5df2dc599d991f046eefe13c003e0a84e76cf19a501e990490fd0dde206b69fe","",,,,,,
217,"CONF14_run_order_0p75","","not_started_pre_v2",FALSE,TRUE,"34cf45e9e62699ada0171f42ff9b2ad4d139fb79ceef70131e62e4cbcfc3a5a6","a677f47cc0f7f84ea51006c80bd603d72835e93cc8e6a9d57c69105672ece796","","","7dffecad3e5619b69d87623b11c22dc0da8506832de9d363b7ea083797420936","","e3a1ce933bfd1637971a5211ea4eb3034c43e615dbfff7cc7d02509790568a6f","",,,,,,
218,"CONF14_joint_0p75","","not_started_pre_v2",FALSE,TRUE,"1f8a252d4fca5eb4f6c744475ace94ca39a4a1928e5081926524b5c7d069f11e","c5e6980d669ccf4e1b9e332adcd6043b3f6f6be88494b5f603d6183882039298","","","06e219e8326773ff63cfe64f52c7e3ef04c35167ab86139d8c3a206469454121","","85c997fbb5bae66a041741a22fb3c11961af415fac3c82ca0fac4ee75ec3c162","",,,,,,
219,"CONF14_batch_0p90","","not_started_pre_v2",FALSE,TRUE,"3491b7e1b98f600c5a3bffd428adb6adb918947c35e6eca015916844ee63d8ef","f90254e4c752c1b14159f0b333d061f6405846d9945c4cbf6d704eca4d077f35","","","2e69336674675bb836f54ed1863035c8c025ba78abb0c52a58dd3805899acf04","","2f458d704994b1a7ef8d5a9ac09b9b0dd0653552bcd7ec9bbbe4b03041ffe2bd","",,,,,,
220,"CONF14_run_order_0p90","","not_started_pre_v2",FALSE,TRUE,"1c396974dd42f55fbf08d3fe57315933674e73a9454fd7669ba43ff5917751f2","4127a0893eed6851f03d1cc25af8a2c65db58e455bc0b13b444da016c66f8483","","","dea3bf4ca2d6915a6969ced08177e05b0a955987cf88f06e2057d08c1c22b76d","","d6b694d427b387dbfcf65adfda8bd4b261b5410d2bbd744b04b5474a463d29cb","",,,,,,
221,"CONF14_joint_0p90","","not_started_pre_v2",FALSE,TRUE,"40e87eaa3daa70e80c9143704bf9488cee32308d12dd1c24e58c903a09dac8bd","85cd605a3fa56b19d73a9a7e23cd4a39a43be29abbabf163713c6087b7de36a6","","","a1164c0914c0681ce12cee6b57d0f8663e69a541ec6e3f9cca729ab3ee543083","","f76a6c94bb7dc6e6850473458b161a92a80d06a5fda1e1f444ae37954b3b0cb2","",,,,,,
222,"CONF14_batch_1p00","","not_started_pre_v2",FALSE,TRUE,"69e78a86ddbe95c14af5193716244da39999afc4a610b04a9289530d52e1d64d","9012bef775d54c263c1efbf0c463245cbd9ad9aace9a8cddb8abfb0c306dfab6","","","7b753137f04ad43028006301d35c675d1753273820a4d7153c60489d9d655dbe","","cfcbdaca56ee2446e0b6d625d1dd99721f5a1b07a64f5cdddd1a86eb395dee21","",,,,,,
223,"CONF14_run_order_1p00","","not_started_pre_v2",FALSE,TRUE,"6325c93feaaed09f6e8a8cd2b034e3d5bcb231b14a57bdf3179ac86b8eac86f8","87fa4cec8500e7da56e7889418d87ba9cab51896103aa4d8f564a70030d77b19","","","b70f4f6d039915996205e98a5769c254c632161605532779853ce6ef6df9410d","","058b35605da99e0896f927e0ef8c396c651319133a2042d9137251f5d86bca3f","",,,,,,
224,"CONF14_joint_1p00","","not_started_pre_v2",FALSE,TRUE,"3436343c856e1b6105c0618f31944f0e4e6370afe8e9a482e1c9c94449758faa","05c1e764a76db816838ad958a849cdb3459515a2ab32b2b2befc3f392d8bb167","","","91e46de22ff1bb557ac371adc7fcc5864cb2ecfe559d66520a3c800eb6abb65f","","aecc4035b20cab094eec0955dfc7e9d7ca2a11a1f371a7b9b46ba8a78d90cf82","",,,,,,
225,"CONF15_none_0p00","","not_started_pre_v2",FALSE,TRUE,"b339a6e8b620d2734d35ca4e2781bd513384b9c9d305a3e11f974c26a40836e0","c6ab0d6e1cecaa38a10d7ca423956bce15cd2b1c1c21b6ad7aead1ecbecf6645","","","be9a7c6801aa585aacc67626f661c9cf4785cfead33620a5cc2ad0bd1f2bf5cf","","c19379d461e41a3748df7024cb4661b2637f036ce2fdbcdaee47fc5e2d7371fb","",,,,,,
226,"CONF15_batch_0p25","","not_started_pre_v2",FALSE,TRUE,"b50deb47c3acb3befeb80359cd0d1d9df28457dabfb77c2de569c5cd38a1f7f9","2bc2e330b879db60b27034caf10f82f836453c43ecca2eb79fff789d1da295cd","","","94f0cae2dadde116fce65c7f152c84c14ac023b4516b60b20358149fd3c56592","","2bd22b922e26ef3c28356af380f5e285083f35a3c130f7acd773c50277afbf20","",,,,,,
227,"CONF15_run_order_0p25","","not_started_pre_v2",FALSE,TRUE,"4b81f0fd3c031ba2c5ef3ce0710e132c441fbb5676f44687ff7e117eac7a3234","145781e714649f400c78d8c015d6304e9e3cd21ab37eb5b9eb9da572b996e3e7","","","435f6874a401fc2ba4218be0b22847e6e0a21c554736f8ce716b576a65dc38eb","","4cbc918179d6458c102b4b9d7cc559fbd622d997234e33a4bcbb866c4c19ad2c","",,,,,,
228,"CONF15_joint_0p25","","not_started_pre_v2",FALSE,TRUE,"311ff49e95b2661b10c73e4573d4089a008ab510036e00c4bb5639c5855cd56e","9cc47adc2750af90eb611864defe944e78aacb4aa1df877fa2f649ab0ef18623","","","c8b6c42f40853f538fcc6915c6e63b0d276d88341f9cacace7ade07a5e956ef7","","9b5e8aaf48b77da5e91672e9aa1220e2006a88ef9ae5b1a5eb10d0cf90e793c4","",,,,,,
229,"CONF15_batch_0p50","","not_started_pre_v2",FALSE,TRUE,"9717cfa38921589aed081a8f3796791cee66a2358d64281763527f2b553a8adf","13feb9e2f56ce5bbe8d03c659f75ad36f263d417f8c670de98a95e8bbd71e4c0","","","37b5b4629a86e612997386d4c3c70679ed9a1efb327c45b907857858fda83577","","96b9529b9350c60e95fd508f02c81a4127e5a44519303a6d9ca492b3c562db61","",,,,,,
230,"CONF15_run_order_0p50","","not_started_pre_v2",FALSE,TRUE,"dad8bb281119b92dc8bfcb199378e2d64a09e9910b36431e12272524683c6360","86ef59cffe36a30d96a2b020d0fb9e6b1a66c180f7d98a4ab26fd58ac4fc6d89","","","842de555e47de2970b9ced21f37c1e93eed0801a867139b210feeea49decaf7e","","57dcc9897a847c4cb1e9a30b91ee65d669031d5d80116fa8f4958b9ef6db60ea","",,,,,,
231,"CONF15_joint_0p50","","not_started_pre_v2",FALSE,TRUE,"e9ed3492cc203619e4f77db848e434941611c927f466843ed08687e437daf7ee","7fdb19e20539634e73f50da2e75d0567b92f820935ecbd21c2dd3c9605b82367","","","963335e9b54a19c56bddd1e6680b2fd654167ab8487082850ceda4f5ca8d8672","","33023c4bd8921ba6f32c0501d8c0475e82f37fd6c1adef18101c9d4aeb0e5e08","",,,,,,
232,"CONF15_batch_0p75","","not_started_pre_v2",FALSE,TRUE,"bd8e0a6948249285d2502c493210806ec2624a5066c52c32819298b31957adec","5fe4d1028ae6eff827812f417399e14a5878a233e739e6508d59165b8bf656cd","","","62b9056246155292649665ed649f7ebf4c8433938a58ffe10a0233dc0a9fdaf5","","5c4e078ec151fb183c67a22040cf1b04e9ccf12fc088cf63375eea53c796f96a","",,,,,,
233,"CONF15_run_order_0p75","","not_started_pre_v2",FALSE,TRUE,"413c0fe71b088bdba87086a85596d5e5719babb3b5d5b5af540e807ce146256d","71b304e833f52495aea3f4fe91576674f80bd786cb4d67d8354d974dfbba913c","","","3524a14b0c663a58fb649765931b23dd1e25d44732c22cb0ec48dd203b9b306d","","a9e035eed43a78cd9ec5c8ea3ca59c9ad8fb07407981c18ea54ad08b329d4160","",,,,,,
234,"CONF15_joint_0p75","","not_started_pre_v2",FALSE,TRUE,"8bfb87d4a9dcf1968b58d6fddcf6abc5442d5d986a463c7991b28a20610b4a0e","c50c7d6bd3594530994b80fb774906b2b9d7182dcf8230b5950f230c56b9ffbd","","","b833d48d813533077101aa53c64b0d188d72d382f453afc15a14411de7d6d899","","bf96f47984054dc5cf3ed8ed7211b20be9599d0403e04b477a65daac1ed0b028","",,,,,,
235,"CONF15_batch_0p90","","not_started_pre_v2",FALSE,TRUE,"6954f523df12a9c1b8f9147f145a3c74975e4193561afa736e9aa0612947d811","f8c6efe4f5809e29aefdbe4de2228bdcd8047a32278d92f6435b2eea1ca22057","","","2a13ab182f21e8097013ea4cf6a8b0626e8626acdc9d94bcaa2739f3e401d4b3","","346dd57b7b78f66aaa60f4e13d08e4229737d393b10500b89885717114f8454c","",,,,,,
236,"CONF15_run_order_0p90","","not_started_pre_v2",FALSE,TRUE,"bb1a5ae90b1f58e8639156e88bd54fb9f646aabb49ee6ea671130f070551662d","c6a175315ac9fa54d826610deb069786e22e76272faa63561639bcf4307ca392","","","c0d1cec1ddf0a1add6a2ed32693a2341efb0d7c984c3fc0e381faef1f5c2ca1c","","adfe346a44bfd3100adf79e211d638dfd77be6751c8861830be2770fb15e6210","",,,,,,
237,"CONF15_joint_0p90","","not_started_pre_v2",FALSE,TRUE,"bcdb48004bf739dbc39d5fcdf666c2fdf38415d56a5a1db672248729e48e936d","108b74aefea9c061059c840843180933d8f76bfbb5e8059b6e9a98058145edc2","","","c24df51d1883ce1a59e03c84c46169faac8f9e73a6a37f1fd2fb0bc8a8b8312d","","b55ae865be6c334c0979ecfc52d6d654ae6247a1b3d6c49b5b52f1a5315aed93","",,,,,,
238,"CONF15_batch_1p00","","not_started_pre_v2",FALSE,TRUE,"c12bc658da89e8ff1dac970572061aba2495490334f3708d48357205bc303239","06b07dac32a10ced8e11168ee0e7a7d22d62fe7dce46f657d637981840c897c3","","","632209711720a9d791a8bff15681fc1f688b442b3bb9583e15919c9bf92972a4","","c107247235fec6edeab4fa4b4be3491f77eccc8c635ec24cb98e48c92054fa83","",,,,,,
239,"CONF15_run_order_1p00","","not_started_pre_v2",FALSE,TRUE,"d0463021ac9d0fe2837a48374e3117eeb601b87d16f338c6e6fd152e85ff570a","476902bfc146325439b084ed9926f692bd86c61d7d5a18772ee14553054b9458","","","e3af687b1e530899b4b3afd7884ba862d0feb5eef2981c01159364bfb333401c","","0504bf74fe833efea1ba04a0ae9e58e9b919e5b07b5104a789f2812c7e389a13","",,,,,,
240,"CONF15_joint_1p00","","not_started_pre_v2",FALSE,TRUE,"305393d57cdfee8ddd6080a76efc8bf1b97c6055d7087f8e464a92c389cce154","1c02c59d057e1f63dc675aa3a56d5f99d8279188a81302e852a7901c9b5c19a6","","","80c5e059f8c816440531325840f9087492d7f44e1bba0e81d5e795a83b0e3b9c","","3183cb90b39b7c4f8b9613f35fb99c0eaf867551f40895b05ba1b9a41a991ca8","",,,,,,
241,"CONF16_none_0p00","","not_started_pre_v2",FALSE,TRUE,"8987141c69f1af21a0211dd56558a0452bb406467b250df66845bef423753da8","d99f8867a4744f709930fb1fdb31371131113266a48ab54bb2fbc438c6aaf0e9","","","5a8bcaec7d979cc91bac1139c3a39bc7fdc002c42800d161d896615ad3ecd8cd","","4715e00c2ec2222c776dbf8402a771583952e273c742c8ef1acafa5f4d1d42ec","",,,,,,
242,"CONF16_batch_0p25","","not_started_pre_v2",FALSE,TRUE,"57cfe7eb4296a520f2866fba91f5e10a67a1b8251a75ec10ee29b3d2c717f6bf","4496346af55c995e7c7393cd751cce3d3b2cf29613436455eb297ef850fbfdfe","","","91667e91e695a7c5fded2dae2bf4fa3a72b0375ae5db913f509c7e46d4cb2f26","","d36adcf2c67dde78bafb11b56a50138dc70c63681e91655ed776b6f3165abfa6","",,,,,,
243,"CONF16_run_order_0p25","","not_started_pre_v2",FALSE,TRUE,"a1e8d58978a0b0e72dc2823eac7a6ed870c98121dec0690e6adf590f038127cd","7536ed93b0733a3a201b52215eee1c497f97f13e58f4c6fd7232b067f8b48cb5","","","776cbd1c3df49208e70f9e2e5fc4c55eb680cdd58feac825c0d56879e590ede3","","c6a345072d42e17a73444990f82368741ad8857252a51eb8625c4eab2ee89f98","",,,,,,
244,"CONF16_joint_0p25","","not_started_pre_v2",FALSE,TRUE,"16782e1a5f65431a3ed7328024080f9e943e1af30ff7ec398eda13350a001661","3db8776d6d9f155932e8c8a649021bcbdcf1efadc4d43cd89a73e266824a0957","","","c132c3eb66e0188b404420f00d1417f5b8a94cb6ff4e44bebdf4e5145cc05d13","","ed3a4c4d5b406a4c8c73ee70a6905c729e611a84b80d80b55c72198e81e3361e","",,,,,,
245,"CONF16_batch_0p50","","not_started_pre_v2",FALSE,TRUE,"e9b1f67665a8398d8025fb3259b839ee4d9c360aef78af2bde56c7b50f7b0dd0","8c5f2c129d6f72ee073529f040b5a6c656221501b783de8f300d0a5ebed12a91","","","ba4d2e502f8f2363bb6b38d5348553c061b6614e89cc65e53466081d90e90b18","","392111e211e0274a984d49b355f022e26e5a804907f208a48eafd7b17526122e","",,,,,,
246,"CONF16_run_order_0p50","","not_started_pre_v2",FALSE,TRUE,"70edcef746c227f81702862e00f844f501708015cc2fb45291b4be30679ec4be","cd23e93aaef37f8e1ed5aea354b19467cb1736e0f97d11dc0a099224af35d78d","","","9a4dc71d908b6502c114108a8a5361b80f3a1f5ff35b60283133e425028c01ad","","fff4853c954e02a4e833c0e7000ceace987da10a23966fbc4311f0c4f924e5db","",,,,,,
247,"CONF16_joint_0p50","","not_started_pre_v2",FALSE,TRUE,"0d9dea23fcbfb1adc886db5acc8f123e50cc539237ddc4eaf9b74d09d5b75a70","472340ef1e283b90cf122a6edaa61f8233c3fb63c7eaf6e5ab54a4d7010f06bb","","","780dd8480de5f3dcb847632c21de89c1d3a9a5fa2b14ae876a8f3b2da72e2e38","","3858a73e6a44cce0795d216e2c83bb0131aabbcf89be76956450e8cf6e3b42d2","",,,,,,
248,"CONF16_batch_0p75","","not_started_pre_v2",FALSE,TRUE,"cda0e0eb30151778209692213d6f549fbd6e92e84a700e650e9ace4037f99a6b","cced682e8aebd17afd4ed29972664ace36836193807fee5fc59c36dca6852480","","","32d3d97fc9b688f93b57f9d9047ff3b19e3bd69d25cf792772a5153a4f9f472d","","89782270051bd00dfa13a6d89fe481babbd0a5535b99af715360bd514c6e0e09","",,,,,,
249,"CONF16_run_order_0p75","","not_started_pre_v2",FALSE,TRUE,"21feefa144c877cedd2b640171a1451f0b987c38f4aa60a0f83a82d97cb47de4","43a8b30ded21f71ca0fa539c09dcbe7c73fa30cee1bf000cea64e123174a82f9","","","3f26ce8141e47e96b2ade4ab2ef09edef201757808e7a2be906edc9462a89def","","2aedb7ce1f10bbd8dea51a1a042fefb14cab434ae120a50f49f0ff6ef30fc7a1","",,,,,,
250,"CONF16_joint_0p75","","not_started_pre_v2",FALSE,TRUE,"4dbcf69a33b500a5d8c3c1d6913677701590d48b922f9c0801bf4f33f6d4ba3a","79e934c9f962a6908273a66608a34412d3940b71c2619ff882382f5ceca3a621","","","2bded44515a85e8cae6646d9e2011dc05fc932eff011b952d59889afc7230899","","2223385e12f5ed282883f97c8bab51824e8b1ce0441d97c943ac7ce342b47dd7","",,,,,,
251,"CONF16_batch_0p90","","not_started_pre_v2",FALSE,TRUE,"3f072e9c1be0423104868d2b89973b76b3b96eb0c1a45a0131c9933c6a45b565","225a53ddb2a1bd256a31f3087cf97ae419217deb982ee7095e132c1a8182d224","","","8181dbe7dd067ff7b62f1c31622b1688e77e87dadea9853bd51fd462f16af9de","","68ddcbca40403e469d351b3f99f9580420a27bf2b6c8555668700548470ff8c2","",,,,,,
252,"CONF16_run_order_0p90","","not_started_pre_v2",FALSE,TRUE,"c2e5afb7205be4eaf89606b400ce06622cffe7e3c756f36674fca862d6358875","dc354af8d15f659c8bb4b120a605f5746877b8ea2c30a2d80fdc5d100d652c69","","","b9ada9716ebd7264552e3210208a281e4e49506587652cfa82233528773f9bcd","","fc434ccec73fd56a2441d8fa2bb5737aea9fb710c4bce575be5bce32e99ab106","",,,,,,
253,"CONF16_joint_0p90","","not_started_pre_v2",FALSE,TRUE,"6da9748843dd355eb7187257f077fadf4e0b75ba32f826e06e8b1032a3690892","abbff9ea7ae7f29fdffa24fe9d16b30898682d0e2fd446d273fa3f5111fb52cd","","","79466157a59f13342f969d35bba12b236bd60db029a26ba14bae08ca7493daca","","77ab3bf3c637f280a8f684c4c9552184b3700a3f1338ed163a98465e1c3c2c42","",,,,,,
254,"CONF16_batch_1p00","","not_started_pre_v2",FALSE,TRUE,"ab17c35df38e73b710b496af300b8d67438ef9fd383076dd45fea6dcd0c80f20","6385c7fc7e24d79607f715576f949c9333c15f016644222868d565aade19e2f4","","","8f9f8ddb18017c48c5ad0bb69b3458af27331b56c94c2a68bb284f91c436f3bd","","f6dfb12b33aec4c624b9d9496a0feaf6d575d9a23bf1db40c9b4625945bec1dc","",,,,,,
255,"CONF16_run_order_1p00","","not_started_pre_v2",FALSE,TRUE,"a4f9ffd54480fe7a22b2f8665670a50c58d4303067977057eefe9a9ef13db373","389f3200e129f0381bafcb04fa7a1a24c6ee148fa9bd74513fb82c05002f2fe0","","","8e16177db4fd18bfb3f4de51770590bedf71eceeb4c6476e8c9e5d13097299ab","","33f92ff545d3a8669b335fb463eb01944d728b50597103a671a0710283cb9893","",,,,,,
256,"CONF16_joint_1p00","","not_started_pre_v2",FALSE,TRUE,"fb2733ef31e3ae3f96e282da7bd09e03928c8f75d5a686040e2328b02f1a6816","8ca23f706de0f271f1aee4851e1333c00e86752f18791b1f6b03cac5e4ec4037","","","05de13c5a88649933425a4134f3d58cfa387c933fa8adfdafb0cb96e1387f841","","be06d4821283dc57e6f3268f60204a0768db6102de7d1c684f49926db766633f","",,,,,,
257,"CONF17_none_0p00","","not_started_pre_v2",FALSE,TRUE,"9dc2f14268861d0936dacd522f87c72c12562b69cf2b180c4a7334d94aefd513","f2e96354e7b05fa63523bdc4959e2a777c23d1bc9084ee0825e964bab2e36c1b","","","2f9c3c3fc0adaf70ff1868679c274683b1779ea26c270c465940c639922e5b3f","","8901315039a25a42c6c077857f0b1c3c8fc2e61e684514c4ad7df6143e706161","",,,,,,
258,"CONF17_batch_0p25","","not_started_pre_v2",FALSE,TRUE,"74034340aced7cd29fc98e118c216d98fdb7f3f7c06bfbebcfd1e2230f05e225","fd6d11cf73dae02357accfc97dc25722c27ebd374d64301f531b0dd350de4ad8","","","1a0b261b185776ab70002255462bfea338d6a92fda29cff5b410382d48205a56","","ca8b86c927e5444604947f34813a4b2d57b38d4d58bd29f434a35bd7c22f2580","",,,,,,
259,"CONF17_run_order_0p25","","not_started_pre_v2",FALSE,TRUE,"093adfc9c2a33ee030a6b378807426c1156fb51d460469feb0b30a05626fdd6b","d166ed4024f1182e9c99704e629b73ecb1c0da34f6ca2de4f916bd38eff370dc","","","7749d2692f25868aaca36e0d9b8fadf107f0096c4611c9f825aa99bbf7ddd56c","","4a5f0170338e4b323700d70cca5a4d0f8320fe083473efe5f1cd6264053f7c15","",,,,,,
260,"CONF17_joint_0p25","","not_started_pre_v2",FALSE,TRUE,"a3c573cb0de385da82f31bf89bc6734bc4c4bbc85512fd0a19bc211d94b6c735","5df46f68234338d7ee314265725746a48649e0bd6db82d5d73134a389b223bdd","","","a0046046af0ab90b6e0e67c3a304d10f298260d31fb8d3a328e70d308f0d281c","","6a50d70992345ba1e227c22d3283676b5fba520fcac82c9d61934d05a47873cf","",,,,,,
261,"CONF17_batch_0p50","","not_started_pre_v2",FALSE,TRUE,"c05ab4769453644e842831a858e02c7c2b00ece448d21408ccb25bc5be002530","f9ec9d1d6cd8e5c4a2917410bc03b9ab45c5ace942785eaa85c17a3916580efe","","","a583c980f9f230d486edc90e9e2728fc8930f11506d6d26207a5da41ba16a07e","","605380e2666f20fe65e283811139fa51567b98a9e15edba8cf98a7ca3e49476d","",,,,,,
262,"CONF17_run_order_0p50","","not_started_pre_v2",FALSE,TRUE,"6e1d514848eea3b555fd4d7f81f7d30b9a73a7323890a795a6a1e39068c85607","8eb16ca947d180e48ab6c61d3e4c67698c79cde038218947b6221b82a00fb18e","","","f2708a8193f8d6fd8eb3dda7d1b65288ae32403dcb3b8a044204f3dff4d46df3","","69e7dab640744b3cc9209e94bdb5adedcb0066ef4f853d03533d369250d22895","",,,,,,
263,"CONF17_joint_0p50","","not_started_pre_v2",FALSE,TRUE,"8809ba7dad03cdb5032817bc739f9e1c72b6eac21288cc2716310f29a8769cca","25b44bdf8289a78cc00c2e1bb364d35d4327ce09b7c2ce34fdd1ea605277a181","","","ab1129c78a6071aaddebe4773286258e23c98f6eebce7d3df781a8b0ca403c99","","a09cd31b6e600b0a8b3efa662147f2fc3eb75c06878fca5ce3673d7024dc42ac","",,,,,,
264,"CONF17_batch_0p75","","not_started_pre_v2",FALSE,TRUE,"73cb57fa9e78359ebc3c5c43aa5d0ea17e5ee87fc529de45dd355865b7584432","d6e26c9899bbaa10936b48ecee2203ec0560731f1e82f903d7a1355d11f10461","","","4702152c7135af9854dbf9f565d8ebb90706af80ecfee4872f6e1dbabe9ecb55","","22a64429158df2f19f4a75b4e193e6438c7ba223f8b8a0e0f501871673ca8184","",,,,,,
265,"CONF17_run_order_0p75","","not_started_pre_v2",FALSE,TRUE,"fc9129cd8c8c2e8edd95032f76b56f872c223455e908489e735e52cd44f9dfe3","9525de1c7336a49768e3ab14a1bd1b662a8f244bc4724c305734aa08ed9f3533","","","aefb8067cc8f2f54a921ef847e123d408c4663c2531c7080d923a5a6c935a8ad","","980663059d853f73aafb24efcc10349be1756dffe79503e24f80e076c201c0c1","",,,,,,
266,"CONF17_joint_0p75","","not_started_pre_v2",FALSE,TRUE,"87c38113d4d76385ba379455b6f0e4908e9ec17f7c12533d97b1567542c8f152","9fee081f0ec4bbaf7ab45cba93d4f5d6cf16bf911b8eb0fee5000dc1ce736f04","","","cb12e534ba3c4d43806eb7f683cdaa6374893de3ed3d9024e5c40727fc9aa681","","a04e482778b9a1a21fedd6ce2baf0d40e32073483adc93fadba3c45a609bc1a3","",,,,,,
267,"CONF17_batch_0p90","","not_started_pre_v2",FALSE,TRUE,"9532c4892be13424790fdd6b348da929004de06adf0e1f52efd44c2213a154ff","3d6813e56ce82248c06c48bdb5e3212e4ffda1a5f9e26623940b533c277c64fb","","","849e88fcc55682ac3850627611eaeddf3c488de03787bd4d07e36fcc5feccfc6","","207fd27ebe9d2271b0de1de3e46fbe8303710e7e194725b433d08c94f8a65408","",,,,,,
268,"CONF17_run_order_0p90","","not_started_pre_v2",FALSE,TRUE,"be58473872879e246dedea399ffe0693f2cd9ac12b541c402a3201a7effab8f2","626431eeaf4e25545bb432780e0c543b8b7824073ba453001173b22852175e0a","","","b27c487682fe79490ffbcb7bd5aed79929954678314a42ed13b358b09b722896","","cb2fb3e040d3e19f206030801439cb8592953b045524d6361ee5a102f94bc81e","",,,,,,
269,"CONF17_joint_0p90","","not_started_pre_v2",FALSE,TRUE,"ff4bbb96ec8a7058b1376559f6423af1e63ca93b51a3726329edb855e29c0f31","578e0cdebc8a6e8958c3e59dcfdcac9e2e18702123228e466c4c10219d89727a","","","9b634ae21574881c9d814e59d19d6e1fff052e616f2a96f346be51dc3e351062","","2f043da6822f54675c8826e4928ab9015a84a4e05a80f44697cee0f736aad3a5","",,,,,,
270,"CONF17_batch_1p00","","not_started_pre_v2",FALSE,TRUE,"7f7d8c3e1766b4fe1d24839c3d216bfded9653e81005d4b7bc571ea3eaef7fb3","aa9879df8d0b4c77aa0a13588c5591d8102897dab49334dbd7d2ba1e63d8616b","","","24a2ba5c0f1491492065fd0600ac5a535ac33f7adea393207f3ad54909a6b1a5","","8968e2159df8d7ed17d3400aaf0268e0911ab41b0e652bb7859b45cbc5e0fb7a","",,,,,,
271,"CONF17_run_order_1p00","","not_started_pre_v2",FALSE,TRUE,"66440eae86256b18a6748f148fcaf1d5bae40e9a33813585f8bd3b9576e4f141","2ea9967f135d87bb5a1aab7acf1aa2545a6a98d18bec5cd4470b49b3ef6a705a","","","ee5b0e8dfef548985130e629132254898827857495e2b221d413204eb11fcf93","","17d03b582e691867c6ce94c2d636d4487a16584e14102f4316e180da70103305","",,,,,,
272,"CONF17_joint_1p00","","not_started_pre_v2",FALSE,TRUE,"8ea959f3a747e3af5a30130077879d761539a4f0460e3f8f052457f6c241c5f9","efc96baa0d09a15501e4d5b4dffd3aff50701d4bdc259b08c6fc24bfd7c9d8d1","","","140a3f76d73183447fd685f1e9a0f49e5bec91746752d2655cf2ee1bf186f2f3","","3483433001cd058235ae7f40866b9d57e75029488f1c16aeeabb53e6ff6b5e30","",,,,,,
273,"CONF18_none_0p00","","not_started_pre_v2",FALSE,TRUE,"1a86e5a4307fccc88d40e38f5250377c7488d53b9fc545d86c0d6139d5309d17","9b2cd875fc739233c548d17ccce8ba7017097b43077b1b014da1030897774514","","","d67b5135d4c48ceff0876111d8008c7bb8ffeabedf378c345540ca67a8f2b21b","","e3a777142da2344babc1fef83b89f23219e307486318a8a71a9fd53ea75e7926","",,,,,,
274,"CONF18_batch_0p25","","not_started_pre_v2",FALSE,TRUE,"4d95fb69f5aec37c527d2203b079ce8dcfbda328d36c35144b2d0d95b9d6c0ba","b7350dbb28d57c15439c64382c363712546cfb0725d4910991db45ad195ddfdc","","","3383f6fa23cdfda3e450bed938a480a9d9e6307ac94e1446c2418a7babb6b27b","","4c3ec06277fb16736aaed049264765307c59d02f358f62a8cc4ab2851819ec19","",,,,,,
275,"CONF18_run_order_0p25","","not_started_pre_v2",FALSE,TRUE,"89fc7fde98ccefc62696550fd07e2b5536de8b66b59058d1eae4bbfac4ea14d7","052ccbb58122e5a6734011c9dea54dc589a82ad93475a1c3047127597dd814de","","","00759927f655f37caef7aacf38dbda5858987120a6be565c7c52a180bddb705e","","91e3e379b4275fc3b44db5dab34960c6b1a2bb725a1ff4fcfb8909e4b7a6d17a","",,,,,,
276,"CONF18_joint_0p25","","not_started_pre_v2",FALSE,TRUE,"cfe72bfe8f83e3a391692c5aa528a90be12c60808e6d270eb5482fe1c36c1621","b4d8b05dfc2da0faa459107840d29f1cc56616ea1ca5486808b197f32aa85a11","","","f92bd7dd3ad4ca5c5fc1a57474568502e7e415750e470839da4401f1fba96e41","","c71271ae55f20a499548ba6690e0fd2de5492f8c0b9f2e993ee5587ee1accb43","",,,,,,
277,"CONF18_batch_0p50","","not_started_pre_v2",FALSE,TRUE,"73882c3d4640071570c821dd832bdad9e738cd7caaff39a7e64df3b2db22b1b2","becedeb662b5f7ab9eeb21a47f335ccf778d425a6698fc26576a17e54b528296","","","efd889219eacfa29ae4a34e2f88f702a7f8a3b873c2ecda86beb2e73ea35a952","","98fa3ac406bb72b8d17ed277933988f0489f12275cab54f3a3035c54b1046fff","",,,,,,
278,"CONF18_run_order_0p50","","not_started_pre_v2",FALSE,TRUE,"a6aeb0ea20661cfa3835a19380ed74a467604bf19d6a6bd5583c26b568005701","cbb28fd21ad1a1d7058a9ebc42cbf7ab812bdd12b19347cf7dae3d7eddf51564","","","b24ea768cc3d0e35fb50315fb02aa94e551862d519705c0a3a36bce49fa21c6a","","1dabd862b3b0fa04e147c433bb0040696c72ff1290ff4c05e817dc017e15c738","",,,,,,
279,"CONF18_joint_0p50","","not_started_pre_v2",FALSE,TRUE,"20cbfc99fab4c168e2ad918dd3d44eb894c532c79e2652c4b5c2c967f79f177d","15033a5afe74a8c8b9efd54d9533ce7cb4a8ae71012f123ca1c00229dd0fd83f","","","fabfd40e9b8adfd2ba89246a885e47ee93f92aa4561a1e8d1854f353875627d4","","fbfc19edc3ca1ab96c259e82f9835732ef6f7dc79a70559eeb95a240d9c94502","",,,,,,
280,"CONF18_batch_0p75","","not_started_pre_v2",FALSE,TRUE,"e9831d982463748bb43cfe210ef66b01b90fe623660fd90961ea09abaa85884f","1a40f551c49743846b72753880d2c3276a748560ecb3f6338e5be229b6b6ddb3","","","f03d07124a2f7b4bfb8910788493fd22af87a0b933f0e7dc885012259ba2aabf","","84546d6a982026652830baf98369d23cb20245d4ddffb325776bc178d5045450","",,,,,,
281,"CONF18_run_order_0p75","","not_started_pre_v2",FALSE,TRUE,"da7b499cdc78314e0f0eb12045b7a753411e516a7fdd2c89ba7f1419d082cb3f","d5918c1b2b6863d88c9b30e7c0f46dde837a7f833c254b110af9c714fed453b9","","","aff6110531e54cb51240a92dbb36b1a2cf5240a035216d173dabee159a1015b9","","feadf8fc710acc005394f4d90cf7837ac5801f09db42b057b3df179d6864580f","",,,,,,
282,"CONF18_joint_0p75","","not_started_pre_v2",FALSE,TRUE,"82a3504438098c160cf6dfb0006a80ef247ad2f834c34ebb00d3984bf1480f48","8f57f9348b12093f862295bc51479c7fc9a7ee98d822a6d7fb18c1ad0960f8df","","","31cff9d801f698ba289b8a72851d9f4e1d1c3d6758d4088aeba393a3a148dbfc","","da3e2464041e6e451a1bf6d8b7d15b973131ef2c51d5743e82e358dd5ba33438","",,,,,,
283,"CONF18_batch_0p90","","not_started_pre_v2",FALSE,TRUE,"a10233b7fa2f8189f98350ba642562e06b25d8e78ce051d4caa5e32b2d18ecf0","a97f194d183744251a6f50ea38d493d5809396aca061347498fa2540796921dc","","","622d796d7e5af4cc55a2f762cf1dcf8508808453114b13c45320f6c2628fdc3d","","91fd0f4dc9984a6b94ce27026c69c0e919dbaaaf41cd13232af8492c10cce2f2","",,,,,,
284,"CONF18_run_order_0p90","","not_started_pre_v2",FALSE,TRUE,"ae6eb800e97d63c105f840b738c10269e3270c53db36bef3c6b2a835e4e00b78","816e576eb720ae88457bb06048362041a5ee40d022e918315fe769ebe5ba984b","","","b865454f820d74dd23aff889cef853c800928afcf0b88d6dd460def3adc00fec","","f94dd646543f533cdd6a216bab953ea2d7326cc7e826e2da56496d9eaa9316f0","",,,,,,
285,"CONF18_joint_0p90","","not_started_pre_v2",FALSE,TRUE,"f9306bcc0ee1f114044a2fb47a90277a326545aed32248c5184476675e5a387f","62de575e56e142354d0ecc8d8b51b1ed6e1b25cbb49c5a00709ae837482d1e9c","","","d5abc2f6b463804dada19d7ddf2d827e7b4d0ba4d74f15bd36894109ad2ea09b","","bcbe9f90aeed24eca76598598ecf1ef8ec909da40761e949664c3874403c92b6","",,,,,,
286,"CONF18_batch_1p00","","not_started_pre_v2",FALSE,TRUE,"f4d727f29d5e4d07d47fa77ed9d4629442a24f94145a1bcdeb197a9f231cc013","c12575e4d6a986a7124302e6bdd9e468ac8b08cf8004ffa9ec646ca100703418","","","27ad9d557e3bb399ad40cd98f341c5cd1080ca0c9157a4368a430da086571246","","10c72b609b68c2d830402989b839ed87a33910f9ca6bbf0e2b44e4d26df78f1a","",,,,,,
287,"CONF18_run_order_1p00","","not_started_pre_v2",FALSE,TRUE,"044104ac4b6c31359757d4d4f7f80e62706aba4d3e7db6dfdc4d171c2930ce1f","96b93bd3895014291f693748951845e9865a8acfd9f1e02c2076a126f59b079f","","","b5da227e4e3e38f63dd0000244cd7ce0a52d7179d590d33b6c9f5240b0505772","","d98c03c85f87980cb13baad9dfd6066588d5d0a14f4eb9b6a167bffc446bc73e","",,,,,,
288,"CONF18_joint_1p00","","not_started_pre_v2",FALSE,TRUE,"ef31ed55b612a6d401e075a049582f9f745289e33c4ac54ab596310a0e929731","7ab2fc6941a6b86aaad04e913cd91ccffd0221e7c8ebb3a12721201160c21a77","","","e28ed600da8f6e7fe19867e8fd6dcae3a396e5b0e538e716e4a0dd2f503e3d90","","ca4351a7a6c917eba69a62bfde69174ac35817165e9a626bbc2cf6804d2a1b87","",,,,,,
289,"CONF19_none_0p00","","not_started_pre_v2",FALSE,TRUE,"f9f63d857b6a47d9ff8e45c9552fbd752ced434e5a0c697333086ea7f6089b8b","317279f54e9843b05ea39a9e758185e46e34fe3140ca82702e0b0edd5ee0782b","","","08823016d044065760b40ba8a99b78bf77d1795cf151f9052f581e04ab73371a","","3dd177e406758e25cb3fc279359da1d11bd843a1b8bd2e3b90cef6fab0844a8d","",,,,,,
290,"CONF19_batch_0p25","","not_started_pre_v2",FALSE,TRUE,"90009a1388d1fd42a238cac27f2264374c9cbb98c6e514f668ee20789b707890","a95a0b530eef218e5991d86da0191dca059bc4e57c3dd7337154914ea8dbd9dd","","","fdf889cbd846ec2bdc5b30dc718d9f2babbd6ac9c5f3a3b6011f1e9303345f94","","0a93141b7f585f96b54dc4f2cf0b93dc8333b4edfbbdb5d7e82e7386b8cac9ce","",,,,,,
291,"CONF19_run_order_0p25","","not_started_pre_v2",FALSE,TRUE,"2f489337fe4a2d49969536be05b1c47fa5f4cbbe072aaa81ef21f79560584bbb","866cca9a9ecc82ea4fe3b2bc09c4bd00289bea67617ac21d61d1cdf81f09ffc5","","","dd155f97d08028a09723c4aa32e6fc656dfa1dfaebe97faf5a8820736197ad91","","aab5edf1d45a153368683f13d956de12b26d81089703b0bb0bb78919a50fef68","",,,,,,
292,"CONF19_joint_0p25","","not_started_pre_v2",FALSE,TRUE,"d138dc0af445bd6773c416c09d5557b9645284ffaa610d6ed460b5cfc15a49e5","6dc1701f285b404394ba73315956d26239f6f3daf6a81aa12858a693ccd45c03","","","ecd4b0d071ed2f16a859bcc7b49faf13a5a5510d9188d496174ded1587e22f51","","20f7904b937e8d4fc0d0cf401d4d9eff5c1357abb72bc3801bfc08cb67675663","",,,,,,
293,"CONF19_batch_0p50","","not_started_pre_v2",FALSE,TRUE,"1d3eb673b1b30e285066a0731e3b33cea1682151e9144e88e7a3d28deeb7598b","ba657cc7aab71dcc0e616e4becffd3e5ae433a04ae18827a620edd70ee4f75c8","","","59e39599ff48472233acdb516aadf7c246eeab46f9794deb91b3ca683a103377","","f9f636b55ad96df414e7abe0cc0ac27683e6dad84015673f91f44f3d0efc5c02","",,,,,,
294,"CONF19_run_order_0p50","","not_started_pre_v2",FALSE,TRUE,"7bfb03eab067d50d2b0f327ea9f68ce597cfd4a067589beadc734910902e8588","bd9a9d1eb61dd7557bf907519dc6f8737cc0428e400f6afae6a64dc753a9bae7","","","e3f08013ad64e4e5ac984b6db03119c0eeeed5c9d758ea70574833d17ca4dd5c","","711e16b8f152d787069793ef60b723e7a74e6d4652062553289744d0ef0b26df","",,,,,,
295,"CONF19_joint_0p50","","not_started_pre_v2",FALSE,TRUE,"cd01b0fdb89865d123f807b9132574a534e5242dd67d59cd3e02a41ba504e0ab","7b5924f6a9c046066c5c968922190c1d2cc911ed66e94cfc7c6dafcba0f26fcc","","","5fed94ae811428b9720b9ebc9400d03408c83db11af055842c3b7fc6503d8bbb","","43ade84b48071af3c85bb037196df876392ffc551946a0b7949a2fca35877a8c","",,,,,,
296,"CONF19_batch_0p75","","not_started_pre_v2",FALSE,TRUE,"f96a2dd9d4bc8dbe2675b83a6174a63c3d4194c04d1c36c6d4281aeb02f85f28","966cc74e8d2b3475b9aa7e551054a5316ea67bd815cab8f42e01d3d55d1b0687","","","b22fddafefe5cbf31071fb30bbbfd2bff9e504e530719626af30ab1335859675","","dc8d071709d942514bb79e6be2b54646515c425464998dc959c20d3e52dbc872","",,,,,,
297,"CONF19_run_order_0p75","","not_started_pre_v2",FALSE,TRUE,"1cf269fcf0964e08ee13f3eea3b492170b026ebd1cb0b60dc3c6e23b3e274476","8aa5643085dfb05b448b7e5f78dc8b66b78229659a51602002a99cc4325beca1","","","1bd4489501be47e28d30072f025772849220678452857dcdebc73bc74132db1b","","0056d5ef1a8b0fcd5891c5af3cbcc93a4552fbb80ada3edcec1cd7bcc05bdcf0","",,,,,,
298,"CONF19_joint_0p75","","not_started_pre_v2",FALSE,TRUE,"7067dda1a4b69c94c22e70744c3441547e8fda14a54fef4d816851e37f75f1e7","a1acdfbb43b67de2f656ce122ea7d29f811ae3e4cf996aa15548956c25ac5af6","","","7e75e7e46394faa3733896552ed30ecfdc3ed8b6c729a77a42720efdfa52253a","","6027905d8365e1bd877013d570798adc9373ae11e8683ffb548146c39736b48b","",,,,,,
299,"CONF19_batch_0p90","","not_started_pre_v2",FALSE,TRUE,"c1b07ca57b8df02d9d38bcac0ba00077b932c72893dc9ef9e01b626a2f75d1e7","cf99a12eb0157ab9c2674ed7dab8745e62390d57dbef8802c402ab01da1136ca","","","95e863baaed9302cfc78997dad0b43c8cc4887cfc7d7fad66900cef14de8cfa2","","d384da837cd728d35e4cd09f5b051f9f86fca08ac959c6f1e9f7a60e46c24b00","",,,,,,
300,"CONF19_run_order_0p90","","not_started_pre_v2",FALSE,TRUE,"c2ab8fa9a82088dc1d0dcb97bdd3e17b9ada3f0c849b2505cc777d8b1c62103c","cd1d6e36afd36e3843e8f8a6bb1cf3e12b617f7783caffa652f39e29eb933fc7","","","94c52ea65f8d01fad542ff46296410de4b9efcb69976d689cc892506f51117b5","","481b170da0d6da57da22a8db4815ed2e7c2c00cc79cdf0085f695c409a7cc25c","",,,,,,
301,"CONF19_joint_0p90","","not_started_pre_v2",FALSE,TRUE,"93f9c113aa17e9a7085ec34b043da8819bba5bd78f9161e61ebaecddbf672f1c","12e4aa41ea1f7fab65ed8e61e5779b24b9a13d6fd0bd188d4fbd2703c717dfdc","","","a2e4bbf24c408d834df23b1cdc4d9c05cb74540b088fe9c7701ad98eda0b44fe","","2879cc4cf90ad27972a79a945ce0219561d518950c34ae34a8cfb1500b77b7f1","",,,,,,
302,"CONF19_batch_1p00","","not_started_pre_v2",FALSE,TRUE,"672d6f7141c262abe0fd73c149a9dc146f967f004f9bc1dad97ed744b66e56ab","cc79135b0f4966fa64fabe11d6562e660a3074ce388de3b403e70ddb7ba9d254","","","3a74ea2147da9f5eec2a71c4ef91046e85492655f6243bc467c6957254672e30","","c560933943b5c98e8ce6258c77657dfe836985cf078cca59c241645a8e635321","",,,,,,
303,"CONF19_run_order_1p00","","not_started_pre_v2",FALSE,TRUE,"df47a3db3eff134fc94cf407c2047504fc6387946b5626b08b713bfcefa14aa5","ee81b7485478516b74933ad456632f144627d4706eb35f6f8c397407678f2701","","","590a2383f80de2f8935d12cf327cb48e1257b4653ac6146662b7a92909de9f9a","","c37add8958e7737b589e1a67d0306d06bbca57dad4afd8dc83f067bff1cd4704","",,,,,,
304,"CONF19_joint_1p00","","not_started_pre_v2",FALSE,TRUE,"e555f8519c700920347368e1edacb4d88b7c81c794e46c0dc947f47ad2123328","aa45b753f583e524df7182c522cd40ca27dd4f027a687e154df3919db2e70bbd","","","c1f0e6eb7a43ab060d885e41da92fa5801cefffcab1825754d0b8bd6546dc083","","2dd123dabaa4394428d9e976c9d22197c2110a5d5a2a638514b1c16c20a1095d","",,,,,,
305,"CONF20_none_0p00","","not_started_pre_v2",FALSE,TRUE,"70e8d679656db25a5312351dcde2108c4e752abe86a1b2dd966164d1e3a02d92","f7b1074c14d608d02cb2a90e2103057b2108a72f59c783fb39c66ee910fcb9fe","","","e392f2b7385417d6ecc2b6af3927af2c5048c9bc9f79135380851efa855e6111","","51356e65530d8db5acdf72cb817fb28cb030b7a4a44bfd6b3a4cd6954c8e8f6a","",,,,,,
306,"CONF20_batch_0p25","","not_started_pre_v2",FALSE,TRUE,"1210cd28ce8db13f3d18b39ee441fce963994e13057edc7c9b6aac806eb7aae2","c39c1197027d8c4026e68afcea85797fec952db9f399d8760353207de252b04e","","","56ed47baa386c12341b4b8542e82c1ab9a566d653849b72602669cd84d4c925b","","4243e0cb51700dac8791c4f08310911d4079ec92ef8ccc90e36279719747fc41","",,,,,,
307,"CONF20_run_order_0p25","","not_started_pre_v2",FALSE,TRUE,"9b702b7d598252074e2fbd10ea1b644c0f5846e51a503798296551d3ab9b7c35","84f6b3b851cda4a833b00c595cd8b6c631e7342aa6c734f68639af4f0b61b61b","","","f9aeddc7cfedf9d06ba7137c228774dee2ed563bf74341f87bc294389fb7bdec","","8e4dfe6ef3c64ed90572c61a080fbd1755bbba4b9394a4763893b05b9d14be46","",,,,,,
308,"CONF20_joint_0p25","","not_started_pre_v2",FALSE,TRUE,"81365cd108ce521ffe483955160187c9478816f14588c77be965215f8467f2eb","1c68385eb47a2a6d22037a60b8665b3cfeceda69db4aee886dacda9300781c60","","","d3c04d62cb41b4783e6677db6e1db262d73ec87273dcdb5ca3b1083dcb20704a","","2aff05a7b4ffa4129384422ad528ddc1cc9c6b2c61018e5c87fe805de81ab77d","",,,,,,
309,"CONF20_batch_0p50","","not_started_pre_v2",FALSE,TRUE,"ac9d5ce8a966066e86843c69741fc196e8fe7ccd30dd4c0c7902d90734348277","35c102365b9fe1328b03bb2108740c4c5d8b5a9c01e82535ba677865d02e5f65","","","a9f64fba1723417295598372ff19979c4a50788302818afb917e19299f8f397c","","b2f6aa79fb3510c57692ffc99bda9f1f427ef85b7b848a990f6af32838270542","",,,,,,
310,"CONF20_run_order_0p50","","not_started_pre_v2",FALSE,TRUE,"5fde0be611f5d4f3d63e8b7f09864ef6fd4ef4b3a996fc4aee307dbe2ba100a7","19cecbf46ebb3f2819150973221a55ca96bd8d70a5641638bd59046f3540e437","","","2811bbc8bb4b4e7e1ab399273ed3a804fd68ff24d46445f734912ab90653fd0a","","3378c553959ab7eeca472ac345b23e105cba256e0adb2d588a4f44d7d382a995","",,,,,,
311,"CONF20_joint_0p50","","not_started_pre_v2",FALSE,TRUE,"9893b9bc8e814b168824924a3e7bea52803fbaf6246e69c0bf3e41c0e76fce82","242f3d65fbba40a98a54adb27674164e29ad2ce23b019d43635b819689e11f29","","","6d2092b4a8240daf3f52a56a9c7511ffff20171f8ec515742496ba6c7b162517","","2ac1e3e02958a0bb6375d5e6fc5534a3ed80d533589e11c324ffae117252c8ed","",,,,,,
312,"CONF20_batch_0p75","","not_started_pre_v2",FALSE,TRUE,"5d42cea69b52aea60381ff2e02351e5b3aa50171b35e2c336346ce331798d299","0ece7ce2980a05c021cffbfc1432801a0b098b7e762e11fd727f3b509b734802","","","9ce44e7534ee7b3adc475a2bdfa1fc8313a8ec2296c36d0fba57066972aef81f","","75290810b58c79f1aaad722d903afaee3746c28e22be7dd00c3692f54115f756","",,,,,,
313,"CONF20_run_order_0p75","","not_started_pre_v2",FALSE,TRUE,"5cbd471f077b4ed5fcc9d630d8d1ceb76abea7c87b870827cca8de62b7b563f2","29d7956239f7cd63d4f31c20d3a36f1d8f351afa0350e6b15e2a0c4dc51412aa","","","a6d34154dbe72024c6fc0549a5f66354760f37e9ad2be10f525823d4aedb0015","","c6386fefd485bda440b295a44cdfa4ac24ad11e24269b4c05612796194af3de8","",,,,,,
314,"CONF20_joint_0p75","","not_started_pre_v2",FALSE,TRUE,"46415a5af096c771bf4add39fc6935b4320deb8b65d6066e8b91f7c3a7fdff94","9fe5edb43c6acc374d491bd9b03191acd3f15f5db23b4bf5fcd29be23cca3550","","","0fb93245104b69d280a8b7a2c502ac3b537719a9eb027a853e78b1d787a36d41","","d984045abe66c28c2bf1d5191cfb424dfcd44783feff87dc484deb8059d6bcdc","",,,,,,
315,"CONF20_batch_0p90","","not_started_pre_v2",FALSE,TRUE,"ba47866fa75de686066a3940272a11975856649bad525e5b42a01ba302554b86","e3ee0f29323c68fd1ace88714e8b0888f1491f3f69d28cf507287d3a3db4fcb7","","","82ce5b365be92333f345324ea09aa66a74985d45677528433080d4ee050994cc","","6ca94a474f2dfd31f72348e07204727ba8456feff5e996a4fbe36d3929864ae9","",,,,,,
316,"CONF20_run_order_0p90","","not_started_pre_v2",FALSE,TRUE,"f99ecc92953fe478373364445d564ea3a0695a954922863a5e63492e66145e84","08fa5a2c77d86c62219f4e9c8a262fcfed24680f4b7ff6bc71c28ea73a790f04","","","9686a6c4c6e4a1d04dcd524ec95a62a9e7ead268394365b965d504e0bcf23a86","","2fd2a67bd74dec7d4c5b3db21262ce42db5c692bba686f9d7648d161f2d72f95","",,,,,,
317,"CONF20_joint_0p90","","not_started_pre_v2",FALSE,TRUE,"fb2ea8827c35ce7c7ed1ce40381d03f7ef545b4ce711daa5bb6298782b7a9593","8f6139b20d85f6d94df559cb79da0f383a434c3896cccd748cd5711fb1e636f5","","","45f4cff6a1645bc0b141dded578daa895a8d740835434926c56a978c9e58fe0f","","e7ea95898c6869f8e5a957296a86c776503363f74d17222b7ce271770039036d","",,,,,,
318,"CONF20_batch_1p00","","not_started_pre_v2",FALSE,TRUE,"63b87a8d35cd9d52d8b9a0f571500af57d8faec2ca69b5fb9a870d1be1d4a6ba","5722ea8d0a90406965652b49ac1a496b7d3ca5e960f517f678252d1f9366778a","","","55866b0989cbc20fb8349fa86f94e035e3d73a79385e61dcee9b40707ae351cc","","51a67c60a8f68ffafac00c2114464b2aff5ca3562c0de588bdb8b2de9442f49c","",,,,,,
319,"CONF20_run_order_1p00","","not_started_pre_v2",FALSE,TRUE,"0da47278c27b73d32e237366754e4c0abd6dd48b7be2517f2b7eb509128e01a3","00bc85abb06d385bbaf605b3cbe4d065502c1f7608a2b0ff3dc52db7e7d6f167","","","218747758c733aa2b8ad364d8eb7f963e1ef7be774b3525fc43a273dc4f2912e","","7b5a1aee42f5f5ff38a53d65c8da974844b19a2088f6879c9f3f87c5af4b275b","",,,,,,
320,"CONF20_joint_1p00","","not_started_pre_v2",FALSE,TRUE,"a5a7e2dc2ff0fb3b20dd4624c8d24192c8adde500db03e0df6becdab5e0bc563","f8b332d7a90492416eee0527c171855221c84c5ab0f00cb6b782e87086b2929f","","","36b831a5908cf7ad1a00655f8053db17c49b4960a24297b5bd7c6e644345460a","","bb510a7693a5da09f051c0d781f38f75998d06e41e53f04e4d3ebb5715b63957","",,,,,,
