"array_index","scenario_id","v2_job_id","v2_scheduler_status","v2_scientifically_eligible","v3_retry_required","v2_expected_raw_log_round10_sha256","v2_expected_clean_log_round10_sha256","v3_expected_raw_log_round9_sha256","v3_expected_clean_log_round9_sha256","v3_local_vs_euler_login_round9_match","v2_failure_archive"
1,"CONF01_none_0p00","8395516","completed_v2_scientifically_ineligible",FALSE,TRUE,"cb1f7c5bc18a30446150936599e0112f4086a558719b6b7d22f2ebd498cccfe2","5033e4b140f49b0e8db15625ec79fc09a350868a3d301f86202543e2e326f356","e3b795e06927b23161c0dc10b88f3f2c86c08425e266f4af7818d83be1d2dba9","3d2727899e40ee7be4a0fac0a3ece63d8469c452fb303314373e0a54b97892ad",TRUE,"full_grid/archive/partial_confounding_v2_round10_portability_failure_20260724T1000+0200"
2,"CONF01_batch_0p25","8396751","completed_v2_scientifically_ineligible",FALSE,TRUE,"d3f5fa4bab51851b1958336b8f9ee30a42e76524df549b4aa49837c7c68da75f","aac71697e64caef6b9a75434e8fcc7c3a699ca04b1a5208312d7b7f5b1803d33","13386499e7ffbbb9ed803975ef8c6f019c3db429117f4f45fc2129ac9481b57a","ddbe40db6f42eeaad9bf081c7554198a2ceb09f302b790d34aba2f661a79dd78",TRUE,"full_grid/archive/partial_confounding_v2_round10_portability_failure_20260724T1000+0200"
3,"CONF01_run_order_0p25","8396751","completed_v2_scientifically_ineligible",FALSE,TRUE,"1a836c2b100c4dabbc018fe47107470c008b4333a4ef70c73b492f606feb5465","f48fe03e827149f067b84d19b3b229cd99a74ff665c403f64e96c763eff64621","78b0255c1e61d9d436aaf88b604075ed238132c4a14e10d6970ff29ddc09c66b","938895d04aa972351b94ff793962c2cab9e84b1ec2f76663e0c70a73c42250b4",TRUE,"full_grid/archive/partial_confounding_v2_round10_portability_failure_20260724T1000+0200"
4,"CONF01_joint_0p25","8396751","completed_v2_scientifically_ineligible",FALSE,TRUE,"197b34ebf768173180729f5994cd1e8c3ffbc7492955cc2141cbecaf9c14a843","149c195a52a356e485343e45b6fe100ff6441531065022811c8bd55669b777b3","1d3cede33ca5c36f53ffef987d57dbda9c3cb8ddff4b7f5a8bf40eadcc3df8cb","cf5e411ddaf7190be33505bf221538b9458e3312e371fe3fa9d3c961d28fde00",TRUE,"full_grid/archive/partial_confounding_v2_round10_portability_failure_20260724T1000+0200"
5,"CONF01_batch_0p50","8396751","completed_v2_scientifically_ineligible",FALSE,TRUE,"954d042dffd4885fe4f35537861d5bd5cedb85c38a6adf34c775a56621bcbdf7","f46190b654b0b4f4f59e3e2fdb559d9cdc85fe7ff41ecc9fc2f0ad093633dacb","79fcf9225c482f3a948e716cf5d6961b0cb3e3128f91ff095476eceebb6ce6c3","cf135728fd42d4e8753798955be5f4d1009e0a12b716d51696a9075b10dfa2d1",TRUE,"full_grid/archive/partial_confounding_v2_round10_portability_failure_20260724T1000+0200"
6,"CONF01_run_order_0p50","8396751","completed_v2_scientifically_ineligible",FALSE,TRUE,"b6246379b85defb3b7605e27793651087093b4d15a2b43c420a0fe157f69cb16","c955f30dcfb8e968a65bea70d866505611084599ee196375ff04aadee8a9ed3b","bad3c67705ca5fca45ec84f5d01f002b70802f4cb642a105eb2daf88dfb29681","c6021462b145e00d77c016d8829e59cdc7a4a3b7ad3deaf71d27f2d4e4b72202",TRUE,"full_grid/archive/partial_confounding_v2_round10_portability_failure_20260724T1000+0200"
7,"CONF01_joint_0p50","8396751","completed_v2_scientifically_ineligible",FALSE,TRUE,"b5a72f60938c5bda2e87e4a7d7f0a7b22db4aa57531acff94451133f6b1cecf5","9db0367f840d5affe877b06f24683699c2dd1a8b13c15e14d1d982ab3c2e78dd","fde150421970c7959860cd78ecd32d864bbffe54af980bf1c010621f27406d93","98857eb3c1a99d3d6830e50cf190e302207fe2b149871721f88cec1649c51499",TRUE,"full_grid/archive/partial_confounding_v2_round10_portability_failure_20260724T1000+0200"
8,"CONF01_batch_0p75","8396751","completed_v2_scientifically_ineligible",FALSE,TRUE,"441fff0455848b3d89fdab7e0ab546558af7f256fb41135efbce3e8f6bd1f171","2a4e44f4650318bf8adf7c1b32bbd287b03facb82f57a121f9da5a28920b8751","81a61c59d2bdb77dba38ec711a88f8b0d69ff116d8327808a17ed247b23a1633","7eafccb5e2c18d6ef9f700a2736a8990bef5bd48ca3244c21ada7479592903c5",TRUE,"full_grid/archive/partial_confounding_v2_round10_portability_failure_20260724T1000+0200"
9,"CONF01_run_order_0p75","8396751","completed_v2_scientifically_ineligible",FALSE,TRUE,"e55058a5e0ac456a63fcdbb6b60a4c03efdc7dd5440bacb94814f53bdacffe27","955c007203352d4810c21a607c4df91795c13c0837a876f8f1f7ed568959fd54","74200333e4a21f6e83e1623a4164abb6f0f28c4534a0cc2a43966391bc4f459f","33f69a5709a65e3a19ec88e258414b594590941984966b7c7c48e0cc0611c6a4",TRUE,"full_grid/archive/partial_confounding_v2_round10_portability_failure_20260724T1000+0200"
10,"CONF01_joint_0p75","8396751","completed_v2_scientifically_ineligible",FALSE,TRUE,"f7edf285590688853eb7fd666334386949cdfee91147db2308bf292fb73dda98","c136bcf87b6097655690c90cd427f0499469d06a05caa9435e3166c3e6948a41","4a02eb0bc4a619cf704a85399ceefd54bdc8c9cb4824ef72deaf0fc7be713607","3745aa775905890d7b5566f624ddfbaa6c4ff4bf20a879f27cf2b759f97b9384",TRUE,"full_grid/archive/partial_confounding_v2_round10_portability_failure_20260724T1000+0200"
11,"CONF01_batch_0p90","8396751","completed_v2_scientifically_ineligible",FALSE,TRUE,"eb0fcbd88ab4622e9d5245efa0b5f13cd835aa628ae022e31e9bd63eeb9cbf23","441eb598ea53b634b6b33a94146730015a61c85ad5982b171553171d5f1cb0b3","87c6c46508935334f3ab4f22472089d0f344bbfaaa14540e3b6b29dc36c56c98","2aac940b7a5bee0ed2f687364d53627ec3de109ea7d819c355f73760928f2eff",TRUE,"full_grid/archive/partial_confounding_v2_round10_portability_failure_20260724T1000+0200"
12,"CONF01_run_order_0p90","8396751","completed_v2_scientifically_ineligible",FALSE,TRUE,"60f39b63cc7e6377aabce38ce5cf80e0a442f2c24950a149de7ae4ec430ee392","d73cbaca9a74e5f366695333067cd06297a5660b3a8da443a9fe29ca64bb713f","2bb022c39146a9a81791598b2497dcc6b22aade9d20c441f8987b9f596f1dc9e","a6e4019fc6cf7eda17f9387a8804e8e518d11bcf0c153888513dcdaa46455b03",TRUE,"full_grid/archive/partial_confounding_v2_round10_portability_failure_20260724T1000+0200"
13,"CONF01_joint_0p90","8396751","completed_v2_scientifically_ineligible",FALSE,TRUE,"51000d438fa30faf6ff0c83e89cf0be8f7f72cfaa01d1486b14b04142fd62ee3","dba6bd74f3d8ff8fbc7c1ccfeb0bbed4b5053dc6daaedc9bdb7c53f53913c147","503c241657a65ed1803972d6c25b9931cf81b6646aec8f515c64825aaea1279e","a0ca460797f23b3b0b9ca6e2132e4f2d2f81853b4ea3a4fde23cd35cf1c3fe21",TRUE,"full_grid/archive/partial_confounding_v2_round10_portability_failure_20260724T1000+0200"
14,"CONF01_batch_1p00","8396751","completed_v2_scientifically_ineligible",FALSE,TRUE,"399bf2c6cc7ba64e139c11aa7bbeed2f9fdf173084955252e7df12dd9d89307b","67ad792f846af87af666154e97ede0405adc51d7e27e07bb1f8851e4dd08d5ef","ef66760f34a1a1a6c2c3411cf0ab6dce4871871fd29c4121b56b86659a4e9974","5589b83f5e131af57495bd1af733bfd6b0ad6ca2a21d8038e3aff30c6c3153a9",TRUE,"full_grid/archive/partial_confounding_v2_round10_portability_failure_20260724T1000+0200"
15,"CONF01_run_order_1p00","8396751","completed_v2_scientifically_ineligible",FALSE,TRUE,"8c9073a9475b66f771725207c727d3d34dda5ff02e29fa587995e31c6e7dfa60","4a1105b0e009b91b7919247c3c65715849a7f5992937918256456b4002fdb3df","34217e63636a305652dd81bd91b77f774fbbd00b28459ad1c4ee0472fa866fff","6756df47dbd0a7a0cecd391a91fb1eb17703b79136a98a25898db4d286a6215b",TRUE,"full_grid/archive/partial_confounding_v2_round10_portability_failure_20260724T1000+0200"
16,"CONF01_joint_1p00","8396751","completed_v2_scientifically_ineligible",FALSE,TRUE,"c56fbe52bbef7d6f05a959cef65ec6819af47f28021f35eb19278ebb194cc73c","9f4d87710aa49cd51e23fc53e83502b0874628412fa10e7114bf3e3b179e99ce","ed27b89c630177756a39d973393423b5bda139ecbe019d300686cb4293e35c1e","3d1467032b637e0c08547f4e4945243e97dc1644eff7e92c9d1e0afb614f56c0",TRUE,"full_grid/archive/partial_confounding_v2_round10_portability_failure_20260724T1000+0200"
17,"CONF02_none_0p00","8396751","completed_v2_scientifically_ineligible",FALSE,TRUE,"4e0b7e2400c9cb7c269a7ccfc77ebca6cb08cecb136a4e89836b9e31c22628fb","db36fd16a1e2552d3dc0643cc8cf825bb5313aa06e258175e57219a9e4f28c08","7858d1dd628d59b6bc512cb17c1246a12220e08c75c87f373e672691647e66aa","fb0f523f4a564d6d236cf3d4e260fd6190fed1e68bb49da364a96feda48436f8",TRUE,"full_grid/archive/partial_confounding_v2_round10_portability_failure_20260724T1000+0200"
18,"CONF02_batch_0p25","8396751","completed_v2_scientifically_ineligible",FALSE,TRUE,"433477e12bfe3cfb67fab99797d881158b45655c9036e9b8205868b2a7dd4ba9","3bbbfd0bba44ecd2093e7f01b48217e9d92799ca9c72b1b06240f225295f182e","a3d85f2d0184816743023f71c842f3905e71402970479a2304ede44a855b6b8d","0c2e9522bc94c17586361f48d7fb74898268f5bcf8c531abca19b1e18cd88588",TRUE,"full_grid/archive/partial_confounding_v2_round10_portability_failure_20260724T1000+0200"
19,"CONF02_run_order_0p25","8396751","completed_v2_scientifically_ineligible",FALSE,TRUE,"00c535ce02d1c081340cd5ef7c26e3e74f69e3f5f3cf580794c41abe7cb073b8","5091ba9806b9fa5e33336787a3dc37288b28bdbc477e945222a5fbae121182cb","37f6cba635059168a87fe0317988e55f8a819ac626fcf426bafb3149f3268e76","b50ebf96217ed747f2fd36af4a4b2ebc9a512888516857cd4c95355af3141015",TRUE,"full_grid/archive/partial_confounding_v2_round10_portability_failure_20260724T1000+0200"
20,"CONF02_joint_0p25","8396751","completed_v2_scientifically_ineligible",FALSE,TRUE,"0735665c1556baf763a18e253f204664a88221617ff4b0a002a954f89b257073","e028e9350aec89e5063c1c42a92ad76806442577b859a2a2a07112979226d302","f828750ae40a0237a65a4d4a04e32b6007dbbe5e196ebef433e0dd5848220cee","07264c54c93b063908df2b9c2066c8790a11cc5d6555bdb1bfc379deb782db1c",TRUE,"full_grid/archive/partial_confounding_v2_round10_portability_failure_20260724T1000+0200"
21,"CONF02_batch_0p50","8396751","completed_v2_scientifically_ineligible",FALSE,TRUE,"e651842b0fedaa2fd88c565cd54d9da001b6b89505c6ec5dadc3992cea67c737","706798b05285e74d6a3b4535ec55d9f3b95c3c3896b2b72af5b4de5196cd1a58","d1799f32d12a2ee4f178e422dbddb77338fc51323b3d272e9cd86b21b6034bfe","f421cf1eb80ba43e2db6138dad6ea2dd19a68f1b984548d088cffec68a80aa2b",TRUE,"full_grid/archive/partial_confounding_v2_round10_portability_failure_20260724T1000+0200"
22,"CONF02_run_order_0p50","8396751","completed_v2_scientifically_ineligible",FALSE,TRUE,"1257a2cf399b138612ce11e0c2e3ace0d5fc19ff2c27010efe9899024034d0a8","26bbfe52ad7315c02c9aa5e9ad8afb68ef9891aff22d0c78c18363b8789d6ccb","b60126972ef9f267b654a6731107fb4ce8955d4b6bfb265ef5020cc5972ab6bd","731ccd1bd972357c4883a545df5208ad25c4fc14a81f97df137c67a17ef2e901",TRUE,"full_grid/archive/partial_confounding_v2_round10_portability_failure_20260724T1000+0200"
23,"CONF02_joint_0p50","8396751","completed_v2_scientifically_ineligible",FALSE,TRUE,"dc8bb30fb740a78c17a2d1ed188436ebce854e8d733ea72310dd4d8475e9f92c","3ec99d841c6238046b6985145e2a9ca056d70d3452871a25f8052f6656c550df","d0d5100ad72156253f5fbde0f68e77f2ca6f3d8c56394f2f3fac39a75da78442","37fc90e670c98fa2878139e12b81a689cda51c9f20eaee10f19350810d866b0a",TRUE,"full_grid/archive/partial_confounding_v2_round10_portability_failure_20260724T1000+0200"
24,"CONF02_batch_0p75","8396751","completed_v2_scientifically_ineligible",FALSE,TRUE,"84736fd199ee88d4cf88d855c9e39fd08f18c53f3f4214fd3a69f14faa41bee2","237b9ba03e52d73a7c96ffb03247ae1d2f953fba1a114651d9808aec03751780","46c9a90d04cf229cd292a759c66c46c4f608b1a2d6babd93a53f6c772023aa1f","9b644c817318f27c42f608c664a5ae18375f9c2a0cdcd1a90dc3ec3e390a2110",TRUE,"full_grid/archive/partial_confounding_v2_round10_portability_failure_20260724T1000+0200"
25,"CONF02_run_order_0p75","8396751","completed_v2_scientifically_ineligible",FALSE,TRUE,"5c9e6f74529b2a19cbcf9e9d8be9e75348b455fdd311eebd4c9aea51a08fe314","2e4968e3d2fb72611f100d087cc32224fae3d94ff1f83849911a4f26e89fafd9","b48ca6a69855edadff11929da2db4c121ba4b671fd33dd1ea03be7ed51deee01","fb604ca3bb684e05ef54bc93a7b7b84214851c21010a5b71a72b30add473489c",TRUE,"full_grid/archive/partial_confounding_v2_round10_portability_failure_20260724T1000+0200"
26,"CONF02_joint_0p75","8396751","completed_v2_scientifically_ineligible",FALSE,TRUE,"da032a1e5ca5a8f4881ae24fdc1e478bddd0ea9c9f3ac08affab6432f40ce43d","b6df3c58fd3b6acc46df8235b46fa08f8058edb7d68a539f351463143db359b4","1bc52709ff4289dc1c3264cc17539e188d7bf82f767b569c8082af87820b2abc","be6c674395b962157a1dec9b4346e414646d13e1e41058e38c4bd3c1331711fd",TRUE,"full_grid/archive/partial_confounding_v2_round10_portability_failure_20260724T1000+0200"
27,"CONF02_batch_0p90","8396751","completed_v2_scientifically_ineligible",FALSE,TRUE,"076f2bb081f5599aa2d94bdf6fdf2628d8f9bf45a36e931898cab1bbe48a4a05","9914e3ddbf5818081f683bbf9e9641483463f17c4d4f70e88adbefc3d614666a","fb153a206c8b04cf496bd614e82496d7bdccd969a9ffb896561262ed54134332","f2865fa442a9b05181b4d3a40bc74a0593ad9e6388ceacd4d15fdfe641f79da8",TRUE,"full_grid/archive/partial_confounding_v2_round10_portability_failure_20260724T1000+0200"
28,"CONF02_run_order_0p90","8396751","completed_v2_scientifically_ineligible",FALSE,TRUE,"bf54dd265c86713450eb999e8945638edab47dbfe8e341daa179a9f52536d9f0","09d468968510df39342f46d8a4cb2da8a312f9d53702807662bb1a1ffceceb34","5eaaccddc75bc58a1defa639feabf1668e03c64c815e36ff8527879420f72e02","a82669a8a36dca3d7703e6679dceb692aa05d97a553a002a53f2d7bae2edcdec",TRUE,"full_grid/archive/partial_confounding_v2_round10_portability_failure_20260724T1000+0200"
29,"CONF02_joint_0p90","8396751","completed_v2_scientifically_ineligible",FALSE,TRUE,"30995d3bc86fc69fba547e9e348a39a37d8668a9d919630aa9b3faa24ec71cde","29c2ab489c4c658e820ef670df3ff80ed4b50fa198d49f6259ec55ff2aa65845","4f362283b7c5cc982f64048f2617b6909669b1fa26ec12be2923f0e05763def8","b63acbfb75575b35720886e77cc75d5766d723b164667f61815614beaafb5fc3",TRUE,"full_grid/archive/partial_confounding_v2_round10_portability_failure_20260724T1000+0200"
30,"CONF02_batch_1p00","8396751","completed_v2_scientifically_ineligible",FALSE,TRUE,"ad8c1e882d81464e46e146e157a7eb00f714c67d3e3d2738fad4f1f5630a5ec7","cb205ff23eed7b26de0e2946e12e4f2b6dac79eec610f71c3bf2c19f10a1de48","8488a81b9b5d2cb1cd36034dd39c6cd63263ec18e1bd33d784cfec94bddb5e4d","532559f689edd633dd4c55ad8f1d25ce25913dc725287bbf7e4e8e1549ce0b3e",TRUE,"full_grid/archive/partial_confounding_v2_round10_portability_failure_20260724T1000+0200"
31,"CONF02_run_order_1p00","8396751","completed_v2_scientifically_ineligible",FALSE,TRUE,"517b60a3796cbacce03ad79ba444a0ab102efa078c42d5c2cb228aa877253456","a10068d5bedbd0c32168524b86d80ce3d34d0e7d367c6563869efe654affbb5e","e1aedb9d64f903a96a1d031629ca037029fd078b33aecfc25ea325b2f2dd29c4","9b1c57f575398d1b4f5581cc55146f064697b2aad31c25f694038a923fb7e067",TRUE,"full_grid/archive/partial_confounding_v2_round10_portability_failure_20260724T1000+0200"
32,"CONF02_joint_1p00","8396751","completed_v2_scientifically_ineligible",FALSE,TRUE,"6167cf1eb5817bc64c2bef278861473dda931da42e5e160fcf0413747fff0dca","5029de3ba4c6334ad6343ab044213a39977ded20e06a6e962c34226ebce74d5d","400f75fb4d8c9e92b869c9637d876eef2389f9d1bf3d2e3020029ab9530ef4ab","a7509beae9cec679555147582e590b61c1229f4fc3f162f3d816fc939594514f",TRUE,"full_grid/archive/partial_confounding_v2_round10_portability_failure_20260724T1000+0200"
33,"CONF03_none_0p00","8396751","completed_v2_scientifically_ineligible",FALSE,TRUE,"7132440dc642b7f0d410a40a62c2ea7a20973a697eef214e5e4ed61916595f09","4f08c166f75496d0fb0a121daed88de636e77a9d49ffbb0ac314789b22d8ba96","5fe832934f7a0c1549ee1486f70e658c47c070b798cc2819defa4277233efdb0","01126b8afadd3b188c028bba8e6aa862cc5bb184256d00f9f57552640b7bfdad",TRUE,"full_grid/archive/partial_confounding_v2_round10_portability_failure_20260724T1000+0200"
34,"CONF03_batch_0p25","8396751","completed_v2_scientifically_ineligible",FALSE,TRUE,"a9cb65e954b54b05b59432e4c4f2d7de82e233a32b80eaf5df229f2361e61838","aa51a2c535d9649136a75b0326d170e46bf46866516d99fc19ea37a2fe97cfdf","413b79ae1a1707f34672c2609a9a024b005f8bea39f89a2de3877625ead6664d","70a2bff2a2b8b6ea8479c7458b4465118aa60c8783a268ac075c45137168ea32",TRUE,"full_grid/archive/partial_confounding_v2_round10_portability_failure_20260724T1000+0200"
35,"CONF03_run_order_0p25","8396751","completed_v2_scientifically_ineligible",FALSE,TRUE,"a53e974263b08ef738e9fc17a4606726f54429ecbba757529bee7b3c91950b87","bf1e22e71883855d27ce567d6775fcd1d4591ecfc3b5efa6b98e57438b0ca348","8d2561385582679bfd4cb10e5ade525914037262f81bfb0376f5b2a30de9aabc","0262b4f680a785e963834d566ca4892640873505fb2ee16f50fbdbd32f9346b4",TRUE,"full_grid/archive/partial_confounding_v2_round10_portability_failure_20260724T1000+0200"
36,"CONF03_joint_0p25","8396751","completed_v2_scientifically_ineligible",FALSE,TRUE,"cb763de61e388526c114515d0aaf35805ac2e76754e57c7f8bcf776ea78ec9c1","c919e6c26a9d6803879043b26cd4b022acf94eb44e565d87e441b00938fc5d21","c8227a85c4afc80f85a5ecda52f97087d596d78469bb030eb9ab5117c4002f04","bb6e49dd21199071cc1bef8435dd57bf23932a7a99840ef9dc961e965f3ec002",TRUE,"full_grid/archive/partial_confounding_v2_round10_portability_failure_20260724T1000+0200"
37,"CONF03_batch_0p50","8396751","completed_v2_scientifically_ineligible",FALSE,TRUE,"51777a3299882ea3f921d3eeaed874109a5f2c8a155ed72e60a93cafb4cd5968","b5c1368bb850df0c27c25448121c1d8caaf5558a2fa3d5d6f9f991d9dd20ad14","cb2b88673a62bf87a8239737a71ec4d77985f315be66760a95f4e65f71afa69e","1a88010d8569ce2c441f2b679b91dfe0c68efd92778f5b634581a8903ffd28e7",TRUE,"full_grid/archive/partial_confounding_v2_round10_portability_failure_20260724T1000+0200"
38,"CONF03_run_order_0p50","8396751","completed_v2_scientifically_ineligible",FALSE,TRUE,"90ac42dd6b2463b2e5946c84ecf79fdbb1db9a61ada4792f71ff463388f23611","392d7a5bcd99ff129dfbd0d176aece0fd96e2673efd0f5345c84bbf445e52174","d668acad42fa2d84a11a56bdcad5469d117d7203d265d8a4b123b2b925e48a39","3ff2c9b14342577e20c079e90c2649fe693ce6082309c08502b45f14d5fe2de7",TRUE,"full_grid/archive/partial_confounding_v2_round10_portability_failure_20260724T1000+0200"
39,"CONF03_joint_0p50","8396751","completed_v2_scientifically_ineligible",FALSE,TRUE,"a022703360555d20bdc2714c6d26a48e8bfaea94cccc095af27f15f0b9c68d62","49104baca7aef169b2fcee42f28a5c7d2b12ee9ef025c9b044d2f47d125d1398","010aeffef5d3d6dd5ce5cb31bbd9bf3f85f4383b5276ce4f722dc2671ca32623","b51800819749ab9ff48919b75f64484620a69a41f023af279db038703ef2d829",TRUE,"full_grid/archive/partial_confounding_v2_round10_portability_failure_20260724T1000+0200"
40,"CONF03_batch_0p75","8396751","completed_v2_scientifically_ineligible",FALSE,TRUE,"a7c036d3b5fcb97823bc1a7f1c37716e166d83ca78da09645d256b491e0503e3","361e63518c6594018e39ef7c2a982887e651bf147cb071ba3c0a50a1499d50d5","abaab784406e1caf927f526bb387e808f7b1ef7fcca9b1ae4b35a7f6ee510ada","d1d6ac81965df8e9a9a3bca7833493e549c684e438b9ab9555d45afc617148a6",TRUE,"full_grid/archive/partial_confounding_v2_round10_portability_failure_20260724T1000+0200"
41,"CONF03_run_order_0p75","8396751","completed_v2_scientifically_ineligible",FALSE,TRUE,"f24d445b25b1f95827da5fc2e637f5f8363848f5925554d68e9541872c7e8862","6e16754976e75ef2cabefae1e943e2d9ef8b61f3db8eb9f47906bd1faf03a316","f9df50cdea48de3d2319b269aebd6c720b47fdc3f7d6b49c1bd641eeed17e557","539f590aa9dffdcaa2ee48e450f4606fdb288729a9fcb11c8fb30862ac1ebd9d",TRUE,"full_grid/archive/partial_confounding_v2_round10_portability_failure_20260724T1000+0200"
42,"CONF03_joint_0p75","8396751","completed_v2_scientifically_ineligible",FALSE,TRUE,"641181dfc0869b68c9a53a529bd008c0bc13a549033aed2a9d420720b20b540e","10271b448b7c5b293466e93a3b9af9f06b5c07430c8c0bf6201488a899471a27","fec262d66a5989f91beed4ae34bab5b8f2f900af97c3455b9abd8bf53cb70225","caefbe52b8fe2b87b0ddb07aa798dc23cde1abdb296f7ec4d1d85bd853947b9c",TRUE,"full_grid/archive/partial_confounding_v2_round10_portability_failure_20260724T1000+0200"
43,"CONF03_batch_0p90","8396751","completed_v2_scientifically_ineligible",FALSE,TRUE,"46dec709aee9678d8f799e64a45680521c6b9b55a988b71bfd7e966b0860e960","1b58d792465dbd5683e3348599ed6950a9c564fae3373d14802d7616f5d6037d","abb11763c5ae668408a0dfdd28cad70bc86cc6f8cbc3608b8bcea317b86bffdc","c15f8e267a63cd816a27bb498fd886623c66da0c075b2c5ebefc0a5f6b23f214",TRUE,"full_grid/archive/partial_confounding_v2_round10_portability_failure_20260724T1000+0200"
44,"CONF03_run_order_0p90","8396751","completed_v2_scientifically_ineligible",FALSE,TRUE,"5b3a31fc15c2abcd1af03f1f5da755d947bb58b0fdf74afe3d37d801fb83598c","9b38f7c2f36fac113317207efe6085743a788620276d91364c50f826725fc5ae","41ed962ff0bf540aeabd947708d4276fcab3e238626c9fd893cded0410b600ac","b5aee9e087d3e4b1294d7902a07227968794ae2aa936368973bbe6c33d2e6ef9",TRUE,"full_grid/archive/partial_confounding_v2_round10_portability_failure_20260724T1000+0200"
45,"CONF03_joint_0p90","8396751","completed_v2_scientifically_ineligible",FALSE,TRUE,"671b2a24dee7851ff93e7d68cb7e0a297d9e8988f711833a644ee9438aef0fb5","ecb0aa163fa7e2b6f94edfb413fc50c0f6a7c5f47a80fcd6f88110c1f3934b2d","857db5e1772c36e40cdc7d3ba222b9090ecdff67253a2bd67dd051b9fd4a45aa","5b69fff368317625cb444d163ce9c04686b72d60cdb5e2962548cc3dac73dc87",TRUE,"full_grid/archive/partial_confounding_v2_round10_portability_failure_20260724T1000+0200"
46,"CONF03_batch_1p00","8396751","completed_v2_scientifically_ineligible",FALSE,TRUE,"770ddf0dedc9b0cdf7cdff76e742c62866af3ac117018723dab440742963c9a1","fe68a90781f91fbdbe73c618a5977f415d9c3e79a3304bdd6364d0fffdaf7241","223b004bbf29244b7d506980b4d9042935abac914ed0739077302b2db3a70528","12500788295ffe7c35dd1db31bc45bef793a17441339d8db0b6032aba1a80a97",TRUE,"full_grid/archive/partial_confounding_v2_round10_portability_failure_20260724T1000+0200"
47,"CONF03_run_order_1p00","8396751","completed_v2_scientifically_ineligible",FALSE,TRUE,"63215e885ee4f118a2a952cb5a200f8cb95fa13ba1baf59d1b88bbd058e45598","e05b4ec2e3345e5011f711cf3b8114865786df112386688546857b5131d6316c","e464eab4ddab7b5a4b83a2cd0b781665b78b28bd774f6be3b7342a230cd52d76","cc1865342484968dbf7f03a0fe23fde6863f20277e2e872e49f51238c37ec390",TRUE,"full_grid/archive/partial_confounding_v2_round10_portability_failure_20260724T1000+0200"
48,"CONF03_joint_1p00","8396751","completed_v2_scientifically_ineligible",FALSE,TRUE,"64a46a1642029ce65e32cfb85845b3a91df5066ca1f5e27d2d4e2da6ef32d707","1f5822feeb62193d506944f9a34d363473dab4f0936bf1380dc2dc4ab5b37d33","63a434623c2b813f8086d41890ba61154cddaacde434a77beb9c5822369cda66","800669b7d3272bf947050c4658d7de29f5ebd0a568c57769ff13a4fa55e43d8c",TRUE,"full_grid/archive/partial_confounding_v2_round10_portability_failure_20260724T1000+0200"
49,"CONF04_none_0p00","8396751","completed_v2_scientifically_ineligible",FALSE,TRUE,"a094773d0b6de4b9e2bebddffd90d9d15a730c9fa3021ba72e2f540f8086c2a2","0ab2efd9fe61e9d87138620428b0632d10e89aa86d99c3b208d03c93ca08f840","b45091ae39d64eb43f0bb7d7a1471f408630b565d5897eb3bdc63e23295d423e","ae183c38e3876f51b6e22e1c74747e20bcc9ab77fc40cd3ffe92a321e69bd757",TRUE,"full_grid/archive/partial_confounding_v2_round10_portability_failure_20260724T1000+0200"
50,"CONF04_batch_0p25","8396751","completed_v2_scientifically_ineligible",FALSE,TRUE,"864c5db22a54291c3c2af91d59ed3648945eb06e13d6acb5a3d9f5f5eae7821e","4608460f7767a666a227d187f285d0be9dcd4ee77ce01c46fa02a8273e68ad8b","a08702b0bb89b96a1e2e36ec9e90a22322f4bf6925c6470fe1a16e578a8da074","534731546ad503e7edd83e6fbdc4a7f9f749a78a4676520541010f500ed9999b",TRUE,"full_grid/archive/partial_confounding_v2_round10_portability_failure_20260724T1000+0200"
51,"CONF04_run_order_0p25","8396751","completed_v2_scientifically_ineligible",FALSE,TRUE,"8d470d5c98b4f67b02d1bfc7c9b004a2f169f8277bf1fbfed46e7569a05cebef","97865355fa941c0bb9fa28d9a3512b449c5a5b6d340dba7142994253d71c9763","9c731c0be5b4089587204891b5861f114d7e3517349f7c6e7a4dd4100dcb67a9","4796d73bb43781b6e50eb0cc51631c051d8fca2f61f81537fc673bc0d2085a6a",TRUE,"full_grid/archive/partial_confounding_v2_round10_portability_failure_20260724T1000+0200"
52,"CONF04_joint_0p25","8396751","completed_v2_scientifically_ineligible",FALSE,TRUE,"a40041aa4d2448e5331fd3731559eab3590bd54ce65f22560fb2b638610dc46a","cf07e4fc5181d5e1c3555ba2c984697bd3704275dc648639da3a3b67fb2ffa60","eec04bae87241225e3d23048dccfedb224538b47f4d315e007736d9bafff83f8","490be8e1a751bf35635be8bfa905bcedb0ab8d004924cb6c8c61cb5b9cc36dc3",TRUE,"full_grid/archive/partial_confounding_v2_round10_portability_failure_20260724T1000+0200"
53,"CONF04_batch_0p50","8396751","completed_v2_scientifically_ineligible",FALSE,TRUE,"57c272c86dc6b2a78cf35f233410050783f8e932736250f87d6e3904e1ef26b3","3f38729e3ce4ff7d0c0c1138880d27fd614a7571068c00c8217526c4c967e85e","63cc569410a8a994c4cca4bcad136a796b8a829841caaa3e6d6fd06a8557d4a9","8ff3ec2932f66dc8a1072d7c7669c6e708843388847cdde1732c7fa0c4664022",TRUE,"full_grid/archive/partial_confounding_v2_round10_portability_failure_20260724T1000+0200"
54,"CONF04_run_order_0p50","8396751","completed_v2_scientifically_ineligible",FALSE,TRUE,"d396fa993718ec33da4467b3d75d87c78cd894e1ae467e882b88cbfac3ede715","9512e1135b3d9fcbde3043c8de466d6fcf5c9d86c06c8d6e29a13cb1878467f4","0b3366f6524ea500e6191bc79dbc5eb7e1f22bbe6e65c38e28670164becfbeff","d3ec39c154a2d953d79494ce8a590fc4d9a30d9c59664c9722dc827f77a37bb6",TRUE,"full_grid/archive/partial_confounding_v2_round10_portability_failure_20260724T1000+0200"
55,"CONF04_joint_0p50","8396751","completed_v2_scientifically_ineligible",FALSE,TRUE,"bbf3d22df203a55ee78af1356f02abdb0b6d596f8cae5fd44d8f9ce7623a34df","94778e6fffb3cbd48ceb989f4527eb1161ab9ed80e4ccc2fa54290e7cdd5ae36","e68dd553fc6b6d041464dfd5081d0ff69523192242fcfd3e725cddee70347f22","3977c1be5359399090eb00ceff2697db1c120fb3561336fb3b48ca927d9137b9",TRUE,"full_grid/archive/partial_confounding_v2_round10_portability_failure_20260724T1000+0200"
56,"CONF04_batch_0p75","8396751","completed_v2_scientifically_ineligible",FALSE,TRUE,"dc802ac84f8c04521c93c621311a25fc4a5e737e0d76a0a6aa5a6678f40164b9","dc62ff2ecdc9d884fb153bb8220ede9a6924e1941b4bcea269c744339b49b37a","980ac587539dc0ef7cc60ca2181bda9e5b880cb321d528cea1c54bf50fa1f44a","5ccf5735d72d613fe90a1a9fec48fbfe0b558cf7c37606805f48343a6a8089b0",TRUE,"full_grid/archive/partial_confounding_v2_round10_portability_failure_20260724T1000+0200"
57,"CONF04_run_order_0p75","8396751","completed_v2_scientifically_ineligible",FALSE,TRUE,"bee1898f4ffbdaa1b5e7586f85eeaebb25560360e0e27a091ccc25f910d7f660","aa5211bb7901444dab9dc24cf930e611ffa671dac1947d848744b55c0f2273de","799512e105c4c2d52ceb25abdd2b4d7b937c546a36186d2d038c96882a25e6ad","9ed0524ee67613d33e7861eebe3502deeb445b68e288c4d291678ee831ce5bf8",TRUE,"full_grid/archive/partial_confounding_v2_round10_portability_failure_20260724T1000+0200"
58,"CONF04_joint_0p75","8396751","completed_v2_scientifically_ineligible",FALSE,TRUE,"6b38aec3243a257acc3606abcd836ca2671a6c6e5f5c0c65ab0b0f8adfc784f7","1e918c7d3fd0751c3ea1f734b23d415dc02d51d5b28b1fa971e07a64d5531b05","8df0e6c4b9175b5e2832fe43689c507f6a401605ea2c13aaef1a7af5c79222bc","75520b03458b8eb6b7ebda423731e5fcbd83e515996b620a3aef553011522d08",TRUE,"full_grid/archive/partial_confounding_v2_round10_portability_failure_20260724T1000+0200"
59,"CONF04_batch_0p90","8396751","completed_v2_scientifically_ineligible",FALSE,TRUE,"0c6ca8a7541d131a170ab7cb7bd72adbed6ab9c2c3a03df6a8a0b6bbb1d66a41","028f87b4f3aa3b1c4a623ac98d5b67965ae0b79b7396fce6685a4fc9b7f59fb3","32fd8ac2450e50fe99776da94797e25e7d97259b2cc834d3b9db33c003f59583","6e4bce6e1d67968af7574784038bf5716e7421d67bd26631ecf7cb1acd891549",TRUE,"full_grid/archive/partial_confounding_v2_round10_portability_failure_20260724T1000+0200"
60,"CONF04_run_order_0p90","8396751","completed_v2_scientifically_ineligible",FALSE,TRUE,"c6583c91c02e4d08cd824e4c02e5322610714584fb67ccd174fd705b89d5f014","398ef19848f85845752e4ad1649915db79f73de179d07d71a0a9fbb12741fed8","cbb798c7a5532388b169ac66a2b099c747777dd8616370cf3de0194e85971e97","70cb77a6ba75387e3eff8da6a0df584d058b0045d03e4f0e7f413e4300f2ecda",TRUE,"full_grid/archive/partial_confounding_v2_round10_portability_failure_20260724T1000+0200"
61,"CONF04_joint_0p90","8396751","completed_v2_scientifically_ineligible",FALSE,TRUE,"ce40f0bab00af4ab5b488d2a63e94d2a01effc47c92b5a7e3058be8f4cde47b9","315b507c1f66e0488c8aecfff7860bdbf56eb0ffc03daa88e3e6a9e3782fa330","f97d17fd63b5c232c655d0f149a04c6c2b4431975fb1c431e8fe5319aa8d7586","84f0e2f2b1687505885092c17250ecf1939c12681d633c996eee04bb85d60e55",TRUE,"full_grid/archive/partial_confounding_v2_round10_portability_failure_20260724T1000+0200"
62,"CONF04_batch_1p00","8396751","completed_v2_scientifically_ineligible",FALSE,TRUE,"b35bdeb87072838e748551f5ea13cae08ba6c15a532c7a796cb2160cda9767c8","efa6818ca635e38f417afad0a560953d1355b733900fc746c16de43ce0890282","81a8f268bda13bba546862238d8fb57d9ab81e7f2b736e24b550c41a2ca9e332","0e430172ffb0e56db5656bc04a04a135bec4750e89c63e0f87c76f9f49dc570f",TRUE,"full_grid/archive/partial_confounding_v2_round10_portability_failure_20260724T1000+0200"
63,"CONF04_run_order_1p00","8396751","completed_v2_scientifically_ineligible",FALSE,TRUE,"3f2cbae5e0b8c7b407a080c6d41a571fa3215a8e630fc5373b9c48730173b8b2","2116fe1f44e6aa066ca3de0b39d03593681c5bca0e365c81d850c5f759503c70","a098b1351b01e4de619f36702f49ce4a2c291e651c50846df6cc3daa0fcbb330","207245f13196146a5f0b6f89e941efa900458b583714ab36bd8d9e88aef8cc11",TRUE,"full_grid/archive/partial_confounding_v2_round10_portability_failure_20260724T1000+0200"
64,"CONF04_joint_1p00","8396751","completed_v2_scientifically_ineligible",FALSE,TRUE,"1fdf3cf9723a8f722da43b96de10dc579fc6d6c648cd68ea4e7b8e3fff7781dc","95e9c050495d10e183bae4daeabcf6bab0602799f3742c725b09a406fc76cb33","7f7e1bef4916c58a8b54abb99258f14c2e1ba5c82011a904cf8bf349ad6dcb3a","ca9cf83357c49ceb8f9f95889fb7f5ce6df4dd5da970d14cbfb4bfd15a35b05b",TRUE,"full_grid/archive/partial_confounding_v2_round10_portability_failure_20260724T1000+0200"
65,"CONF05_none_0p00","8396751","completed_v2_scientifically_ineligible",FALSE,TRUE,"380462c5c297db502bf2022d99d529c1de520b62f6a520d2de4f99b109b0f514","3235dda7605710a1d94f787f0813832cdf5cbc8e351905ce971c3678c163594c","df87e12a79f64cc4e6b4d2dd06b4c4c804d94dabb42e581a513e74231aa0aa3d","7eb21d35793ae6a8b70d9a059ccd035471a2e033c052ddc968345f7a85e08cb8",TRUE,"full_grid/archive/partial_confounding_v2_round10_portability_failure_20260724T1000+0200"
66,"CONF05_batch_0p25","8396751","completed_v2_scientifically_ineligible",FALSE,TRUE,"753ea15b6bfb3fe8be9864982aff076bb11a2caf58db97e5369a835529acc0a8","d89d66f26409fdf7b4e20731696896fe04342d1cf6e871c9465960d6bb81d36e","4c212f56f292a950410ce2d0e7941845bfbac3a5ccdc988122b8f8ebd4503bdf","3a64448112b174fcce13da1774bd9b5a0ef1657914e0f05b18769760e5e7c300",TRUE,"full_grid/archive/partial_confounding_v2_round10_portability_failure_20260724T1000+0200"
67,"CONF05_run_order_0p25","8396751","completed_v2_scientifically_ineligible",FALSE,TRUE,"89a50e94bb6bb15fe084195b2f7fe8ff76b1fd72464bf55559f5614217afb35c","6d48802d8efe039b016b99364346054ee19260a0c171d87adb275aeb7ccc03be","08a8f52199371d82cf1ddf8d80634b61041db395735c095671d05777b0a4fc8a","291db839c174f82942e7c294fc2256fd2fdd552e91c8682729d175ba3b53319c",TRUE,"full_grid/archive/partial_confounding_v2_round10_portability_failure_20260724T1000+0200"
68,"CONF05_joint_0p25","8396751","completed_v2_scientifically_ineligible",FALSE,TRUE,"b60e7b77583f8c0518e0d724e43539eb252237305f4d8a47d81ff62a70bc15a8","45964bca8620bb950627935d8132e034fe42a36d15b90eb95116bde93f1e6a28","55f3cf16664847f7359c6e3336d40058be329ac81c72dc962810bf143c5bd51f","f8c6e4cbdab3645272d8645269edb3d00163f7d6446dc2f03ce4e3dec5679c49",TRUE,"full_grid/archive/partial_confounding_v2_round10_portability_failure_20260724T1000+0200"
69,"CONF05_batch_0p50","8396751","completed_v2_scientifically_ineligible",FALSE,TRUE,"fba0df7cfee20ba850c088d9cd8d5592ce86652464a7089c3bfc8ddbe210e23a","9d512a9650e8ec25196776dc8afe205f18055865dfa69c0f21e9627996dfcaa6","15252bfd80909185019112bc1c8bc201470f71d4800668aa587fffd695562905","37fccd8f23ca7296d20dd5e8249051bffc792d2720cf74a4244cbadf4f370ee6",TRUE,"full_grid/archive/partial_confounding_v2_round10_portability_failure_20260724T1000+0200"
70,"CONF05_run_order_0p50","8396751","completed_v2_scientifically_ineligible",FALSE,TRUE,"2c4205ab279769a8f7559a63c6626a2a99a361fc92b1f1a37d4728ade6eae960","0accd5cd4fda9764b55fbc4ca53545a22e5387b3f6b27bf2328b2ce4e7c4ac9d","89dd0aa273c0ec8b9ae4ece9ee77e1959d0d250ae5c4bdfb4f1baebda2a8dd10","0a101771e1c2456e18894123d842b5bca37bb9433095b9dc48804af93a6d3143",TRUE,"full_grid/archive/partial_confounding_v2_round10_portability_failure_20260724T1000+0200"
71,"CONF05_joint_0p50","8396751","completed_v2_scientifically_ineligible",FALSE,TRUE,"d9c748cc53561adaa3ac488ab58737fc614ee82b84607fd04e0f2b6c2c3ba097","7299f391944289e48c3623193b9ac19ff3662a589a6063949a4f65e9b38b3dbc","cb5fe2513e5667a94c9642543cd7188227f77c907ff012a493edc6806599cc77","0a2bb463fcb9421fcab861ec512f79f0445292b4641129a0456e070412d80dfc",TRUE,"full_grid/archive/partial_confounding_v2_round10_portability_failure_20260724T1000+0200"
72,"CONF05_batch_0p75","8396751","completed_v2_scientifically_ineligible",FALSE,TRUE,"a084e08903d6defd68eab12d1861729157a42b653cbe564a342d56a6ee3639bf","98de75f73ca0be9368005c6e02810e60d30ea1d30bb7cdba572f3e2581535228","fd5d845ca6254350e74d9255e1af6fbbd1e0673e83918c3f5e86a84253a8d511","1f0e4d8c574bc07c2365c134a2a5f44daf01bd569347800281ddbe2db8f51617",TRUE,"full_grid/archive/partial_confounding_v2_round10_portability_failure_20260724T1000+0200"
73,"CONF05_run_order_0p75","8396751","completed_v2_scientifically_ineligible",FALSE,TRUE,"a94e5152a5856aea314903455ed01452d83ca809855048ab718797185fbb1e3b","e2ca72314aacbb41e2e613fd2e94e5c44fe78724730a9dd94b725291fe0a42c1","156cbdc6b61d7af535727d99f950df501b09733e3d4fedd06eb8284e1ef610d8","a966b2381e9a68e17adce41f6102d1415f140e4039581e51a3db7504411842b7",TRUE,"full_grid/archive/partial_confounding_v2_round10_portability_failure_20260724T1000+0200"
74,"CONF05_joint_0p75","8396751","completed_v2_scientifically_ineligible",FALSE,TRUE,"d7563978007797d3757f3f7075bfb9495bb63a9d9f148dbe58f430caa9d1b664","3ef5606caeee1a0d3ec87d78d876011fe2f3260dfbbe8b8daa55606cad72634e","9ff7632ee209089f7ece3671c8f3a03f3236c64ec6089ba1748bf5d2ebfd04ec","3353feb05c09a06dc8b3d4c360b5eb31b9eafd27027ffbb51e75eb7b3797a432",TRUE,"full_grid/archive/partial_confounding_v2_round10_portability_failure_20260724T1000+0200"
75,"CONF05_batch_0p90","8396751","completed_v2_scientifically_ineligible",FALSE,TRUE,"e3b2902da2b19f9b1115b3bdcee138e5e7040e7d262985ff9f4eeb74f64800c4","688af660c33a141c89029e86db517c1c78f0f36ce4295f8371797a20fa08143c","03910e5a9fc64f518591c082136a385767edec88f3007bcbf50bf5fc82750864","013d3e5f99da8f892a40ca9a6b0997e253f7dba6aeda73ef3427c17fd1634785",TRUE,"full_grid/archive/partial_confounding_v2_round10_portability_failure_20260724T1000+0200"
76,"CONF05_run_order_0p90","8396751","completed_v2_scientifically_ineligible",FALSE,TRUE,"31c5471eaa2359d656cccd45dc8d7c71f26ac2edf1c7956e702de54ed3780376","6ce4026f3e5b5e727801bc0589b360af57f765f6051bef466b7ed1e95135d6cb","a6f20723ffa2b1b69107f7ae5f8e052fce47c337ba1cd0f81d680a337d76e31b","a57cca1d34802dd25eddedf33d8e5111fd0da7bd8324d44bd9fa6ad6c332c233",TRUE,"full_grid/archive/partial_confounding_v2_round10_portability_failure_20260724T1000+0200"
77,"CONF05_joint_0p90","8396751","completed_v2_scientifically_ineligible",FALSE,TRUE,"eafc1c6393dc0302e3f62b7d334d89a2c4a8d428c2bdd3c1c8fb20311eb8cba7","29231444bf5ee30fbbbdd955b96b96bcebefd6ca2991f93304889042233834ac","ce1ac887bd83b10e1995fd4cd64b357120a8d8feb0f41219471eb87492062eaa","0909a25789df3ce72b41baedb0494bf7cb1126674b5d964123d5c2739164221b",TRUE,"full_grid/archive/partial_confounding_v2_round10_portability_failure_20260724T1000+0200"
78,"CONF05_batch_1p00","8396751","completed_v2_scientifically_ineligible",FALSE,TRUE,"7b045ba8294079091eca6ea3ed653b5302ffc037e9eef6b03920a3a5b8935d50","03c5bf485ba86bbec76798bc19c28614b91d5a326e2afca2d74cf59312eab425","db1e2b1af9b7aea4b954eeb4087256571f4c75f931559d4bdc3a70df32f04b53","f2262396a32aa98c22313f880fda86fe106db6bf8acfcb628c459cc4ae2e2e06",TRUE,"full_grid/archive/partial_confounding_v2_round10_portability_failure_20260724T1000+0200"
79,"CONF05_run_order_1p00","8396751","completed_v2_scientifically_ineligible",FALSE,TRUE,"66ef07290645c302be432dd484d6ea473907e9ab817b13eb969d814c5a19b426","ea82bf3149e8152447fe75fd7d546f2c1513140a945983dc06bd653c8ac42602","7c1c32bc830eca23d979fae5d653ab3c1c9c3ca6a2be188e0d7da14d5a942729","04a098773d581ed99103b8dc72e7cc89fe2a69c23143f1865fc41420d6b72ab0",TRUE,"full_grid/archive/partial_confounding_v2_round10_portability_failure_20260724T1000+0200"
80,"CONF05_joint_1p00","8396751","completed_v2_scientifically_ineligible",FALSE,TRUE,"6567b50fdff624cf065b342c78217e0f3f997acb3883e0c09a807aa760baf8aa","64bc29b61951cc8607cec259ad9a6fed08a295e1291d35c154b5dd86ee50d594","75745f76a7ba0acc38a82bc83014e4eabc30a29063374f837f0698810627d5e8","89b0666c001eb372cb309b0c921f8417ad85fda55ed7d11418c5bc47216b00e5",TRUE,"full_grid/archive/partial_confounding_v2_round10_portability_failure_20260724T1000+0200"
81,"CONF06_none_0p00","8396751","completed_v2_scientifically_ineligible",FALSE,TRUE,"a68501f3340b98745b383427758bf7e190c6923e440d24787dc74a8c1dabbd61","9d7cc00011ed15a3b27f8ea927066c6ced88eeab1b3c65c933d308e2fab8451a","550f4c2fa44998e1380f0cb6621b23285c172b658baa30fdbccd02887b116757","59aaf1decb95cca01c7a4d0bcdc94dc59c7ea7efe05278f9b4c8d3defce97317",TRUE,"full_grid/archive/partial_confounding_v2_round10_portability_failure_20260724T1000+0200"
82,"CONF06_batch_0p25","8396751","completed_v2_scientifically_ineligible",FALSE,TRUE,"ece415127843bf5f43f7fae2997c2dc852c133a8cdf882ba2a9030338fc81519","1b8d50ee527fcf5c258d653127dc9809a324d6e2259ed108d62bc43c9627431b","0853c7c285fc4ccc82fcd1a72230d6a550ba89f93a347d98d77d7f587b029e09","0fa1f30ed32082354353d5089302f4c4815d649de9e94935192451d11f7fdc49",TRUE,"full_grid/archive/partial_confounding_v2_round10_portability_failure_20260724T1000+0200"
83,"CONF06_run_order_0p25","8396751","completed_v2_scientifically_ineligible",FALSE,TRUE,"1650eeda9a81b0ad33aa60c0494dbb9e519b41f93227f91f24a0103aa79ea282","adbc3c999413d07ece5b118351e4f402cbcb02ea20e4276eccede85e72c475a8","aebeaf61ae115ba1c9c4392c044061f61ccfc260a4363e318a714bc9b69eb016","2c1563c11dceb1810f0f206192a9834df489a6d03e2ae97fc9192bd62e425356",TRUE,"full_grid/archive/partial_confounding_v2_round10_portability_failure_20260724T1000+0200"
84,"CONF06_joint_0p25","8396751","completed_v2_scientifically_ineligible",FALSE,TRUE,"c60b2d1eb4b3da8d7a8204973b8cd30bea02c481583c7ee40f95fc9dba71b746","c72d230c7fcfd8ce1a7a1f15efb98c67267959d03ab0709a186fc34ff14fd46c","54a3c771fe021b767842c770980bc6899c82f7a5ac9aa37c0bdc16336270d45f","d2aba4c4c11d4c4673cdc723e822e29bb1b0ed555793cd77ce039f20a65f0c1f",TRUE,"full_grid/archive/partial_confounding_v2_round10_portability_failure_20260724T1000+0200"
85,"CONF06_batch_0p50","8396751","completed_v2_scientifically_ineligible",FALSE,TRUE,"defef47453632d2e4109d962002f850515e733f92bd6c72df752de0d2e4fbb2a","037be4b7ba1d85723ef33b3d56e396c48aa2e7f984322e3bfd6b22191d1c4cbc","f9ed3fa6067f50144352e7879b3eac4131b1abdb32a54eba68660de244987c26","3bc0c881d315ad6d355b459925f78ab2e48aab40c9e175567d68f7fad8712fb1",TRUE,"full_grid/archive/partial_confounding_v2_round10_portability_failure_20260724T1000+0200"
86,"CONF06_run_order_0p50","8396751","completed_v2_scientifically_ineligible",FALSE,TRUE,"e78e930846aaa6c45277c187692921c253c7f8c1f35eea781bbdc9d9d1aca4e1","793a92b09b6da500d5701159d915a5825ca8c06cf4cda4019e73137d970f352f","0f5a28ba898b520a52df154e7cdd74242dfd0b2b9c1b4159d432d6f5492e6121","6f8cbddda951bc2e87ca1991b4dc79cca2adaf02329c22a64670480f7018a731",TRUE,"full_grid/archive/partial_confounding_v2_round10_portability_failure_20260724T1000+0200"
87,"CONF06_joint_0p50","8396751","completed_v2_scientifically_ineligible",FALSE,TRUE,"00ec572d31c7b46d21dc44321a9dab1f9a5a53ef9185d23bbcfcd19768719236","8670312b334316ab21d380052735f70807b0a25dc9a6848fe90b54b885550e04","a8b0e5e3a3376eff19cf7981f5f36c25402f5651c71892fac8cbad7df5df524a","8a1107e1e706fe7526f5ac0f30e47379752415abcc8ee5e89c9a587f3110dd1b",TRUE,"full_grid/archive/partial_confounding_v2_round10_portability_failure_20260724T1000+0200"
88,"CONF06_batch_0p75","8396751","completed_v2_scientifically_ineligible",FALSE,TRUE,"231fac6edcb5d53c20881b09fe9aa140d0ecd36fd317120ee51cb444951961e4","98c53e9bb2213d2f1d1281dde56004b5b6dd9a196d1575ab6270cbd926122782","13fb9381adc5569c2f255860f1500a2bfd03e8cfbca59df9f3450a72e25e1dee","9a29615b40391ad4c89e0ad511669d06b478374d8ca2e6f527a52ff88723e2e4",TRUE,"full_grid/archive/partial_confounding_v2_round10_portability_failure_20260724T1000+0200"
89,"CONF06_run_order_0p75","8396751","completed_v2_scientifically_ineligible",FALSE,TRUE,"b51237682d16df6cf1d47a1a6503932b2b32742904085c773897e394c919b6c5","ee04e4cb2901a0958b2014af230e77d7274eaffeed6ac579c87906ad891c7f02","8f0de70716700ef6266f15edf6809dc80be8476cd701388cbcd120390c35a310","cf8492a19886f178e76de887e0c459ff928f3ecedd09a9cfe3fac477012e78e9",TRUE,"full_grid/archive/partial_confounding_v2_round10_portability_failure_20260724T1000+0200"
90,"CONF06_joint_0p75","8396751","completed_v2_scientifically_ineligible",FALSE,TRUE,"04ffcc7072deb3abdeedad168193d5beb922ad936f7ce14fdab3f7ad14df65ba","484da655f8a08d10500238c3e05647c9bda37ee5882a2e757f5d82f89bb7b37b","e53637315734f2b5e12df730b2dbe9082927bbd8088fe4e64d13283a8e47cbd2","bf16f3d0893621567c027d556bafaf4b63514304dea2b608253e2a6f9ed09664",TRUE,"full_grid/archive/partial_confounding_v2_round10_portability_failure_20260724T1000+0200"
91,"CONF06_batch_0p90","8396751","completed_v2_scientifically_ineligible",FALSE,TRUE,"36883b2b47708caa0dc7f3f108748a67740208498bfb73409761daf403c44e93","f6d7f9f5a1681f6518acb792e91c939a551c8888b076684b6032adc5a5716072","1b719f6838d8bc947f568485ca8604b712411f85c5a8fad85d6a51a847e93655","69522fbafbf9a50033164d905f1c846eac3592e33a8a96ee4a968ff0d7270615",TRUE,"full_grid/archive/partial_confounding_v2_round10_portability_failure_20260724T1000+0200"
92,"CONF06_run_order_0p90","8396751","completed_v2_scientifically_ineligible",FALSE,TRUE,"9056625170509f4f86e2b7235d7cf79ed23fe9969e943148af1953fec2685d2c","83e63212ab43704ba8419b8fd0a68f261f748ac01428df07f4dae8d69688ff30","2f8bf784230d50ef1a53af92dfc86a73bed9b53b48d0116444bfc1a34afdcb02","7a634a29d36ba0d584a7f10351068aa06afe23912ac0b98a6a2b3e04d6a92477",TRUE,"full_grid/archive/partial_confounding_v2_round10_portability_failure_20260724T1000+0200"
93,"CONF06_joint_0p90","8396751","completed_v2_scientifically_ineligible",FALSE,TRUE,"46fd6d1f828e9be758f81f55520a1c9c68452d6ef107e56735ebdbe8e76c8493","06ce6db13f8aaf909aff19a04bc4b8e1f8204b5a4e7c14d53b88988c7de72d3c","9b207674b99d5a2e7e803e0d41a438634eb1602533fd6bbcc0fc3e7b830e958c","a85437c953b92c17ad48043a32833012b7aa3973376c7ee633deec4ed6264c02",TRUE,"full_grid/archive/partial_confounding_v2_round10_portability_failure_20260724T1000+0200"
94,"CONF06_batch_1p00","8396751","completed_v2_scientifically_ineligible",FALSE,TRUE,"f34e5750965ff1c31b76334fb3058cba9495b4d5737c86261fbee6224200b696","a553bc54f3c1c24fff4ed184708e6b4660f63cff24a32a6a2c897864ce6c8761","8860f5de9b0b403d91e761022afd761b8e47609433703698488e8d0977011e7f","b8705b3ce24c11cc42e57439a650d193e78316d92593da0ad9992326e136b780",TRUE,"full_grid/archive/partial_confounding_v2_round10_portability_failure_20260724T1000+0200"
95,"CONF06_run_order_1p00","8396751","completed_v2_scientifically_ineligible",FALSE,TRUE,"06d3621f05799b6fb861d6f1d049fb16ab681ba8c4720e6a90108c93193cae90","7f5cdeeaaa15a542855527b8b721436607399dd4a4d80c3cc6f6b95b41f036ab","bd904705855da4cf8fb20d7774f3079be73a752b70c8201c8bca20479fba583d","3eb7c714e582885ec5bc3acd6c0393807a3e80302a416b02ad5d380c3701baee",TRUE,"full_grid/archive/partial_confounding_v2_round10_portability_failure_20260724T1000+0200"
96,"CONF06_joint_1p00","8396751","completed_v2_scientifically_ineligible",FALSE,TRUE,"23449da1bb70e2b9d04a921c067f274d0166695da21958b5c980f25485b1ede7","df1a442a8c93ed5201678519cc72cf68ad320352402709e8edffba42138a4854","536df9c37d30c335a54be58ae2bf9880688d5a9e16ed255a13e3553439eb0ee7","d22db3e2968fc3d5e565b38e6eeed4a9eca0c85b4691bdb1f60261396d2e48f1",TRUE,"full_grid/archive/partial_confounding_v2_round10_portability_failure_20260724T1000+0200"
97,"CONF07_none_0p00","8396751","completed_v2_scientifically_ineligible",FALSE,TRUE,"634a0bcc8a0d925b3117c3d3b5cba5b39b8f9c1b0a07cb4cfd01443ac9cae32b","8f7a8e657272e1b9fa697ea47ce8966ec22062bf12a9e683c11c6c44907a0331","dc9f3ad3525bce685577b0d8e4cb6fdddcde225ca7c58c8d6d932ccc2ffd3cb2","c44b853a23a8e2ce053218ebdb72237705144ac03fd3d146ca552c76dc889e6d",TRUE,"full_grid/archive/partial_confounding_v2_round10_portability_failure_20260724T1000+0200"
98,"CONF07_batch_0p25","8396751","completed_v2_scientifically_ineligible",FALSE,TRUE,"4ae263d2f40c67540770f81c48a1ab29aeaed4645bd0c2bf8bf650d383bd8588","6097f441a2357f7c799414eeffa331d4676828c03d802f6beb186ca29b72c0f5","7f21d63f7442b5e0de0cfd0c748b893ef3978bdac56bcea5242f16ef10408a2e","21daf57f894b193836304237897e0694bc8bc4fb88e60e123ef6a5cdf21af85a",TRUE,"full_grid/archive/partial_confounding_v2_round10_portability_failure_20260724T1000+0200"
99,"CONF07_run_order_0p25","8396751","completed_v2_scientifically_ineligible",FALSE,TRUE,"8bbf1b141d07692ff88e77754b1d1964c269163678f37c0192c1b1dbd4587b2e","8554312306e22eabb0c4decdd7e01f230d187f202b5e45f96db9bb4f8f14719c","7f91598aaa26712837ead678e9503d987892dadb3b7771b4351e40fea20eca60","a21a7308d974a3e1e1c258f9df663737e6e8e19c3b9af5a092a568da0a9f443b",TRUE,"full_grid/archive/partial_confounding_v2_round10_portability_failure_20260724T1000+0200"
100,"CONF07_joint_0p25","8396751","completed_v2_scientifically_ineligible",FALSE,TRUE,"9199b9ad48eee92b0977fc523c5b973d9c3d9d5a5a7eade1b79e86bbce9eb2b6","3e7cbf90b7808c2e27827f7f67e9738f3f5fe885799fb125f2ef3e1acc947b6a","270f74f9441e62f563aa2a59b3d01d6fe5925293c31280bfe74c10c550b81a42","cc82edbf0b318578cfa511bbfbf87e6354d9a2a4ecf0575f7a676554f30eb9a8",TRUE,"full_grid/archive/partial_confounding_v2_round10_portability_failure_20260724T1000+0200"
101,"CONF07_batch_0p50","8396751","completed_v2_scientifically_ineligible",FALSE,TRUE,"99909cd87662cfe19db57b065d8340701685fb08c51c3dd4a9f8a4160bf0dfc5","10835f32147c3c80f88c6d338af8bd20d9b3071db91f6edf4656e609e383298f","9bad5f60f29e8fe9ba7c08eec82eed7c9d5e81dd0c710759150249d43b7bb34f","d5d13cfcdcbfd58983a843b9a2faccce84e3a682469208381838ac360523d1b4",TRUE,"full_grid/archive/partial_confounding_v2_round10_portability_failure_20260724T1000+0200"
102,"CONF07_run_order_0p50","8396751","completed_v2_scientifically_ineligible",FALSE,TRUE,"0074aa305a6dfa04efb5b64b2ee9653912296348a94bd7b57b56592fc187a0d5","6639b0331ec5a104a31bf557fc5cad2f89f479d69b6429bb848726d39419d90e","777f498d4756e92a1b69a9d99df1e4277c01613459037efc7f16b44e8806ffa5","fa79f55315cddaa95eeacfb2a34e7a22265019f8a532e1604e49a533d4aa73c2",TRUE,"full_grid/archive/partial_confounding_v2_round10_portability_failure_20260724T1000+0200"
103,"CONF07_joint_0p50","8396751","completed_v2_scientifically_ineligible",FALSE,TRUE,"76c5a060cd1fbb06643e67ea2ff63eb0337a35d24e30edc0542267b601a3c1ac","6b9f7ad25544d0f7c67fef0b7ca93b81c2bb4f26656d82f6ec9aa15e18b7185a","41aad93e378b26aab19dad6ef06b0c9a4274f0118a213480b3c64c4e3b4051d5","1d0dea1621033d68e79eb152fd4b6495e7bee53737f1b959fba4d03faef135b3",TRUE,"full_grid/archive/partial_confounding_v2_round10_portability_failure_20260724T1000+0200"
104,"CONF07_batch_0p75","8396751","completed_v2_scientifically_ineligible",FALSE,TRUE,"fed091f281cf533f6eb3012d975a461bc5fb3f589d716e61df559c4a8d17e371","f10c982889cba595d690a9c049225f4eeba81e53882023abe1fe9ebf0e5d48c2","20166bc5b5bfd7fc808111d6537a7c1f65cc3541d8360f27f1cc8269e2c2b0c8","03e8852eb51573cb0fa6edd52ec1ebd56f82300cf51d0a4f427a2c153a9605d2",TRUE,"full_grid/archive/partial_confounding_v2_round10_portability_failure_20260724T1000+0200"
105,"CONF07_run_order_0p75","8396751","completed_v2_scientifically_ineligible",FALSE,TRUE,"1544936c0c0711a9665ddeb2da6e4a39fe31166e7f6e7873fd3ba06e152e2006","edba00476a92d2d18e8a137c129d31f6eb9dd48697bf9bf9a535fb9af4e31f49","da82c2e6723370f94c68873af63dd5f8fedf64b07ebdd3e34846c842b3ad698c","78c650cc347625eddb7a71e76c6a4d712729b57b9af89b672c9c6951699b3a5f",TRUE,"full_grid/archive/partial_confounding_v2_round10_portability_failure_20260724T1000+0200"
106,"CONF07_joint_0p75","8396751","completed_v2_scientifically_ineligible",FALSE,TRUE,"cabdd473b4f03e40919969d331db43e4d518125103a2b4cae1e25428fdc0a822","d9c0f68e31bd64fd1fb527ec8eeb4e7cb23138c755c5ea28ae6b678fd99256a0","15cb4c6ddfbd29173b3cd3f4b8fa95c01b1605e587d5996b0a0254c3413d04b9","feff067ffddff5545b23e4a21f7b7ff20b7ba9c0f524ec4fad5b5e135370fa44",TRUE,"full_grid/archive/partial_confounding_v2_round10_portability_failure_20260724T1000+0200"
107,"CONF07_batch_0p90","8396751","completed_v2_scientifically_ineligible",FALSE,TRUE,"fcb6800d0ea6caf5bce2df9e273e88d508d71a763ed54ff618b13abd609b4a37","8351a68a4ad963121f56cef28ee5f930d9ac11f1b9883779eaafad36ef76d002","ac3f14a08cd8d891234bbdf9780f2f0b9be23a2071fcdb37eaa8098f71dc3014","b6a8c625d45f9e9b6afd63dee6798c4099793e7182128da6ce822200d3e62ee2",TRUE,"full_grid/archive/partial_confounding_v2_round10_portability_failure_20260724T1000+0200"
108,"CONF07_run_order_0p90","8396751","completed_v2_scientifically_ineligible",FALSE,TRUE,"644ed0893362f16499ca5eeb32bcb7332ed81086f9afb1acda8cf2ffa19de22e","e87bb79f913d2918f17786b2e2e1dfe151e0cfd88263fb60aa610d2f28bf0f95","73a809b38fa1610aabfa71b0c0abd8e2b1b490f8b1f1acf97eeaed67a74afff0","13bc97123f22a6a7afd5926874a950c081f07f67204cd8c200a228bac8d0465e",TRUE,"full_grid/archive/partial_confounding_v2_round10_portability_failure_20260724T1000+0200"
109,"CONF07_joint_0p90","8396751","completed_v2_scientifically_ineligible",FALSE,TRUE,"09f1731332b4cd46c2b1e5ce24f87d196c48fb00734f10ec95d5ff870ece398f","42a84d6968dcc01182ab78812a4b2a4a989862272cbd8b77ea9992c9e11d6e50","df186f30d4f9903ad4d51b0d9e5431ae2907293224225568785996c2af39c479","6de6af9115a22173cad62dffa9524153203f5b134d211dc6bfb4e4063306d47e",TRUE,"full_grid/archive/partial_confounding_v2_round10_portability_failure_20260724T1000+0200"
110,"CONF07_batch_1p00","8396751","completed_v2_scientifically_ineligible",FALSE,TRUE,"81161727cf48a625c31d87417d3bcf2fdc0ca3179a5049a2c076cd0cb5ca0f13","ed66dcfe937d70daaaf80eee46ef05261b4d3e7320895ba6ecfd256ef9e0b87a","7dfa9d42b29b05667931a73638e5c1a7efe8765a0d73806f56999463b875acd1","aa6f76b31dccf4d07c1a4b7148d64699fe10a861c3cec45da633c95b16194dbb",TRUE,"full_grid/archive/partial_confounding_v2_round10_portability_failure_20260724T1000+0200"
111,"CONF07_run_order_1p00","8396751","completed_v2_scientifically_ineligible",FALSE,TRUE,"908ef067ecc05a7cf173e5fa0d444b7e80f0918affee2a9ee5029caca2888be2","46e0a3148ac778667a909cfd83d3f43f35e732491b9358e7816ef3e21470b1e1","cb4f4f72858a119c8e32fef3afeeed7c99a548431fc7f8fc98a6080e8f6fb8b2","3ac873bb9a56fc320c98d3ce6218f07da959c5f3c1d73decc7bd5e09ebba099d",TRUE,"full_grid/archive/partial_confounding_v2_round10_portability_failure_20260724T1000+0200"
112,"CONF07_joint_1p00","8396751","completed_v2_scientifically_ineligible",FALSE,TRUE,"839ad6c742e8e2b95aea7369213e159191a4722cffb651319525041787a9a26f","ec04f84e6ae460abbe94fb943634a5e6f2ebbb21102e0fc652c6a49f834df487","d3e2856e07495628e05456507f0fd463f367b93f46c433940ac190d6c0161567","d0996f785b48660df2e37e6dd7fff3b98faa0c565cf76628e423a10bbaf7444c",TRUE,"full_grid/archive/partial_confounding_v2_round10_portability_failure_20260724T1000+0200"
113,"CONF08_none_0p00","8396751","completed_v2_scientifically_ineligible",FALSE,TRUE,"e13b6ce159420b4fd8d3a1a02bf047667c46561745d3ea8a520dbf093f4b5831","629fc46cb284bf6d7fcfefa547852cc4320d92e27078955568dbaf89578b9f45","cd33efb3cc6119ed41a7b7773e5e8bced4b7e1c7faf6340be32e38fd75e748c8","10e73170d5de2345ea43b2a2be3abb084284448ddf5dfdefb606e6011e26b186",TRUE,"full_grid/archive/partial_confounding_v2_round10_portability_failure_20260724T1000+0200"
114,"CONF08_batch_0p25","8396751","completed_v2_scientifically_ineligible",FALSE,TRUE,"e821ec4e58e55f2618c6401e70705faa37e5bbe5fd7413cf6195d9621f75200b","a35b18ff9b1794de4ce28e87675d14662f34dc37416d33d67fba1c6f022ce006","a402532874059ac5ffdb933dbc28798dd8809fd7303fec8e186a5876aab9d848","20489977a00869999cd7ba3980d665a053105aed7913d57756f240cd20ad8ad1",TRUE,"full_grid/archive/partial_confounding_v2_round10_portability_failure_20260724T1000+0200"
115,"CONF08_run_order_0p25","8396751","completed_v2_scientifically_ineligible",FALSE,TRUE,"42db8dddf0013d0f27b03f8e12d9839e37870b727b104456431d10f9583923a0","b62f0423e5f7560c0aac8696e26021f596f75304a26a3b2f3841cc71b2c33e30","2d40d7ca09157815963a72b3174f1dd12c35ac206d49626f9e4c2b62610181e3","2f6c06c49941f1ca725b6a63ea2039e7d2b4ab4d3329f0858781219038a0105e",TRUE,"full_grid/archive/partial_confounding_v2_round10_portability_failure_20260724T1000+0200"
116,"CONF08_joint_0p25","8396751","completed_v2_scientifically_ineligible",FALSE,TRUE,"1e9a22a404cf9cb3182ed3ba515acb3d5504f68e05356b6ad3649ac5b5c60594","7172f371820c511b3cb4dd38752d46629db608d229f4a01e05cba37ff1c0910b","0af1a1f85ec5b83fcb35952fadad46f6e4d5e274bdbc61fb4383716b03bdde87","1a19477e8828f7e504aa7a97b5c18132a2e0679e592c2b78974af08c47f5056e",TRUE,"full_grid/archive/partial_confounding_v2_round10_portability_failure_20260724T1000+0200"
117,"CONF08_batch_0p50","8396751","completed_v2_scientifically_ineligible",FALSE,TRUE,"bf15b8319bfd5b42632f1dfe51f6a6183ae807c0efc3013463462018604941d7","8cf3af76c34b6db14ec18370f8c6efd00b32641cd21be43bce3281b60e8404b8","ea4bba1b0a062dab53b5a0271dd7210573b43d4a21d8d064eb3a17cd8a3a9c81","058fd351d3443a4ba48b276819d45a0abddc56ad28157f836e72daf3b2bf99ec",TRUE,"full_grid/archive/partial_confounding_v2_round10_portability_failure_20260724T1000+0200"
118,"CONF08_run_order_0p50","8396751","completed_v2_scientifically_ineligible",FALSE,TRUE,"4af44e1ee52b14b5563c459eae554f3ea106f6a5141df8ecacaf081acea9c9f0","3f0fa35675c29ba27edeaebb27f9956a20373fe6d3bfb7ec83974dc714460768","dccd07d378171fbf4a4858d26821a4e747e84dea11519be6a890c03f53e5ef7f","be8dde40c661d390516226a3d2050e348a2576edcef4bc7cc62175e128770c66",TRUE,"full_grid/archive/partial_confounding_v2_round10_portability_failure_20260724T1000+0200"
119,"CONF08_joint_0p50","8396751","completed_v2_scientifically_ineligible",FALSE,TRUE,"95b8f38b5ee487ad2691b86530736d76cca85bd8572f76f6c8e91ee2dbddbce2","a553cb92ca175e795c659fadd86b416d8884ac4ade757cf00e08db9c25d724b3","dba73acefacbb2777f63653717c5cb0059553200e84ade0f123625d5fada31b3","0477ba799a773b9c086fff8f74ee240af4eaca1d393547c90a5a0459265b4055",TRUE,"full_grid/archive/partial_confounding_v2_round10_portability_failure_20260724T1000+0200"
120,"CONF08_batch_0p75","8396751","completed_v2_scientifically_ineligible",FALSE,TRUE,"13f50408b8f237ec15080f22fd385c9613d3415ebcfd5f2847f366f872e370ca","df29b34ad78cdddde2c09f1530f7023995d989b6d6ef2cf28239f51f67629e01","0070bbd6f8eb2614e1dab7824074170dae4a60dc2d4bcb7b42c1e284b64fdbf7","385f76dfd68a722f66194ec9937cdb6dfbefc524b059de813ffd2b40439df7ff",TRUE,"full_grid/archive/partial_confounding_v2_round10_portability_failure_20260724T1000+0200"
121,"CONF08_run_order_0p75","8396751","completed_v2_scientifically_ineligible",FALSE,TRUE,"ca0ec78ce678eddb64049a70bcd0366fdb4243f8b4766e9056419a4ce85d3205","5676b287d9242b119ea133cec4d51ada318299eda4c7ba715f3c8dbc745c8ec7","a9041903af5ab560c7f254ab1c3d724c0babec4506182ee1076a86dfc0332973","be93037a88a19a74ac6b341df685361afb01dbffd01f9bac53b1f2a0ad3f3f2e",TRUE,"full_grid/archive/partial_confounding_v2_round10_portability_failure_20260724T1000+0200"
122,"CONF08_joint_0p75","8396751","completed_v2_scientifically_ineligible",FALSE,TRUE,"5e390a03e0a5c944232ac319960a95fa9cce08255609cfa90e16c30a243355ed","d57a58e8a1b83da1e94fac0386154b837e2782841ba373a78e51e0b471d588b0","9174bf57fa2462a5eaab8f6f26877929e06cc4f75988b38ea98d1208f8cb5d22","91870193bdb0bdf85cdb6185a7df4d99cffa0cf03b9d0d6aaadba1bb292ac466",TRUE,"full_grid/archive/partial_confounding_v2_round10_portability_failure_20260724T1000+0200"
123,"CONF08_batch_0p90","8396751","completed_v2_scientifically_ineligible",FALSE,TRUE,"eab572a877dd3d182ee018120ba9a0ea1132b1a34b4faeff08e41d47f9e52f7b","0224fa9a658056d7ea754879ded06f1cdffdcae3618313a4177023457ea37272","ea541d86b9f6924c005bccbad2a7275410520151aafa2a63e176009f035bc128","e2624d525515622578e8fa20080825ae7bfce3bb36cea1b96221005c0314e9a1",TRUE,"full_grid/archive/partial_confounding_v2_round10_portability_failure_20260724T1000+0200"
124,"CONF08_run_order_0p90","8396751","completed_v2_scientifically_ineligible",FALSE,TRUE,"0915cace5796a9470f4b5a94ac48dca0765e521e92bd6a24ff94880cc3c32df3","af59afa991dceb0e44f719b27fb70940373a563161ad44eb33d99ab0992207af","b52c2324c79fd5dfac65b9e9c77193d3bbfb825d589ca6e6ce17b65a55002193","97f06eb1d40a96a1ed348ec18c5e8b76530f8b71a3128f14ec587cd167b82ee4",TRUE,"full_grid/archive/partial_confounding_v2_round10_portability_failure_20260724T1000+0200"
125,"CONF08_joint_0p90","8396751","completed_v2_scientifically_ineligible",FALSE,TRUE,"467f6f442015e330d895382ee2046b8ac6b352928c15f654924c1351895214e2","32d92a88ee58bad974988b81598e91a294e70bbdc32a24f609606b1a69d794fa","086830abc50b7b7cc5baaddc6a94fa666c6992b8e635319f99d6b24dbbef4ea8","8c63046028bddae4f4b9d03f3a95267ba6831617b3970a644fc1213e2a1cc46e",TRUE,"full_grid/archive/partial_confounding_v2_round10_portability_failure_20260724T1000+0200"
126,"CONF08_batch_1p00","8396751","completed_v2_scientifically_ineligible",FALSE,TRUE,"cda228fb95ca8c8dd3f5ab475893795166f3c544003d5b642c719cc10156363d","cdec4252c6842a2ba277bfdb6906d59a167b9fc1214474bdb181d9e53b738984","2ed516aceef7148f89fff6e313e2e3793e217af2ed490261c8fdfbe0e3be0f7b","e8926954f697382cdbe63d03e726316208ca06ff84f121b931d87eb20d942166",TRUE,"full_grid/archive/partial_confounding_v2_round10_portability_failure_20260724T1000+0200"
127,"CONF08_run_order_1p00","8396751","completed_v2_scientifically_ineligible",FALSE,TRUE,"de030846368859c70606d69708bd48763a0ce5bbd62eb3aadfd539d05a667f93","535cc5c309acb5894968f5d2eadfc6e9124c0917d9803483ace9b384a59cfac9","f4f9f2892bebf9ce4b857b6e8e43e63beaff5e6156435fd52dddf64bef630759","1c2d4aa22afc89c7a89570c1baa8fed851aec1e4190f16f707c76860fc7bb299",TRUE,"full_grid/archive/partial_confounding_v2_round10_portability_failure_20260724T1000+0200"
128,"CONF08_joint_1p00","8396751","completed_v2_scientifically_ineligible",FALSE,TRUE,"0aaced40efbd86b8fce930d347d464f61cb15a83e62eac26c8f7636f36fbef48","59069b606e8fb98aaeda584b280283c2cc78d48bbd7f6f11b82307614c5d32c2","441fd71d5de9287be8035aaf69abc58215ba514c483b23e499e33b37711d683d","cb0e0ee467e72a8121a650fb81012d376bfaad2b0960f3685db615af70273521",TRUE,"full_grid/archive/partial_confounding_v2_round10_portability_failure_20260724T1000+0200"
129,"CONF09_none_0p00","8396751","failed_raw_log_round10_portability_gate",FALSE,TRUE,"5150b1cf1edc605add9ac087c98b116adbf8d76ea62d0fc1dabb27db22b6bf21","f299151900cc67598d30332136528d631ff3e9b6cfd5f8c2f7bbb0e22ab425a2","706ee26412b9b4f066b8371d7ea67573764f973a870dcb46372fa69a3acdc6b4","c7e987082e3db66a2e00ad03e0a6726c5cf6bc3239954a71ca9dbe9096fa0bc3",TRUE,"full_grid/archive/partial_confounding_v2_round10_portability_failure_20260724T1000+0200"
130,"CONF09_batch_0p25","8396751","failed_raw_log_round10_portability_gate",FALSE,TRUE,"70df4621acad93b9eaa08661cca5b3ccd6d4052592d6c8c88a44c34a1f82ad0e","d6e2f541d7326b249f449ee27f3428247f2ccfac2997b2789a59858541d0341d","5c078dc6aa3e83510b4c7472dd00e602a907c9b2fb66434943e3599b459a48a3","75266ef75bd8c1e3d6f386845ba01c3210c8f80c6619946d6efab271934eb3af",TRUE,"full_grid/archive/partial_confounding_v2_round10_portability_failure_20260724T1000+0200"
131,"CONF09_run_order_0p25","8396751","failed_raw_log_round10_portability_gate",FALSE,TRUE,"ee9616a153d3dcf41525930f84941bf7e599e47bc7c44a669bcdce2b322037ce","4bc20e9a5264f0643658eaad5cc95e03e770b4c77face7d306ef9eda6798015b","6213de7aa38c4f159c47426c6f824d22cafb22b6a01eca0f501edc13b2b64d79","4b823a46cefb1099308101f7a78ce8c03461409c0aa1c526f80d02d188e87655",TRUE,"full_grid/archive/partial_confounding_v2_round10_portability_failure_20260724T1000+0200"
132,"CONF09_joint_0p25","8396751","failed_raw_log_round10_portability_gate",FALSE,TRUE,"42334c34d5a33c398d35ce7ae2b6f4b607fb52e606987afa4e389e2e90712337","8dcc85a009319914525f2988b2eafbcd6a152b89c1f6f22732e27111fc1edade","1ce942837f1ab044ac013dbdd69a05a90e71726c4b66d8ef7eaf5a1a473bcd3c","d6020a7808bc0a11e4757f6e959ef1784326b50f742f6438bd7a418d2db8ed52",TRUE,"full_grid/archive/partial_confounding_v2_round10_portability_failure_20260724T1000+0200"
133,"CONF09_batch_0p50","8396751","failed_raw_log_round10_portability_gate",FALSE,TRUE,"1fa17d7692ed38f2299faa2c7442c43c5cab376289001b668dc30037ee36a2ca","973e755f274a41d6c0d050a569ce48b896dbb87d242345544ccb1b0a004115bb","54002c4849d7288cf9dffc8d3176ea1e5a29f49ea8d84b2c06edf86e2cff1114","02e2578fddf9655d5fdebc81131040bb870b2596791d86256f80feec222bddc7",TRUE,"full_grid/archive/partial_confounding_v2_round10_portability_failure_20260724T1000+0200"
134,"CONF09_run_order_0p50","8396751","failed_raw_log_round10_portability_gate",FALSE,TRUE,"e58297115a937e7d9e821336c90746c7ee66fe773d6e95ef81148ceca199cea1","1987e55b54580895357b626afa2d56660746bbdabad3738ce930e73673ebf1a1","de6a9718bb93abb86d396af32d4cf99152b97d69ad6e1ab42ece7234cab9dbcd","cc45702ffcbc5b21fba4b35e6471f32dab72edd09d4bf612950716ba71278c5c",TRUE,"full_grid/archive/partial_confounding_v2_round10_portability_failure_20260724T1000+0200"
135,"CONF09_joint_0p50","8396751","failed_raw_log_round10_portability_gate",FALSE,TRUE,"0f7a9f1fb2f447318010b07c487d4350e7287c002eb9d020035df6693f76cba8","af1cd7971754a53902d6b4bc59b5939ce7f291831a881c9da69f5394c14bf54c","687558ea0ff7f20fae2c830cd810af3dc28508a9636f052fdfb7ad4ee32df7fb","59f973d456a56fb42c1f1a3aa8fea2c3719aa7262fa27c1fec316b8ed03ced99",TRUE,"full_grid/archive/partial_confounding_v2_round10_portability_failure_20260724T1000+0200"
136,"CONF09_batch_0p75","8396751","failed_raw_log_round10_portability_gate",FALSE,TRUE,"dc6e9dd14673271557e59ca2b97446df6979d80466385ce8b49f6fabbb88e731","8485f8c0bcee8daca1df842d6ebc14b6c476baa56699f1d2d8fa33ccaa42e56c","adab2e790876d149ecc3fa7b8f8b530b15d1e4a58e6976f3bfcb5d80eacde001","8eaeb92bf38c8c7764918f25c3c50dbe20518e08f8426eac40255f644a1b5b8a",TRUE,"full_grid/archive/partial_confounding_v2_round10_portability_failure_20260724T1000+0200"
137,"CONF09_run_order_0p75","8396751","failed_raw_log_round10_portability_gate",FALSE,TRUE,"7a80a979f3cba2c46075a7cb69ce0260d3cf22aa095168bdbb2cfb2874b46f9c","d81804d6c5908b134278f564a1bb506243cc813aa41d1d1a2b812fec75f3acbe","f1a9c28fb3a9c7355a2ff1cd187085c8aabfda5c63ebaf16ba02e0b9561e65dd","c1c63efe5022022da0cafc30d7ad5efd351769ed7818687d699d2a4957fe6339",TRUE,"full_grid/archive/partial_confounding_v2_round10_portability_failure_20260724T1000+0200"
138,"CONF09_joint_0p75","8396751","failed_raw_log_round10_portability_gate",FALSE,TRUE,"19dde04c63c60acfea035d213c715161ff881779a769cb104f8f26886cea4476","3c475133e8bb970efa1d607b74b95da70a9056c3cde90e04abe5f255c33152f1","f8a949098585235b7c2d5c638f849474a6e4088e0748958faf71b470cce0b42f","178e26c52452994d382b6f672e6e200e17b8bf6eb84f805b33ae84eab06df029",TRUE,"full_grid/archive/partial_confounding_v2_round10_portability_failure_20260724T1000+0200"
139,"CONF09_batch_0p90","8396751","failed_raw_log_round10_portability_gate",FALSE,TRUE,"15efac1e66e4726258c2254b011a0b491155fe595daa38b9819839cff330d849","721269806da74d3ef0901c0111b3b5cc47efadc25f3da25f50329b9157c9fd71","c21e1aaa6159d0a29b35e875a73ae1b0b6a0856da38c68c164d58c331c7b5e71","73153f40779fe676d61ec2c45619944c4182b541576513e4558a82f99d283418",TRUE,"full_grid/archive/partial_confounding_v2_round10_portability_failure_20260724T1000+0200"
140,"CONF09_run_order_0p90","8396751","failed_raw_log_round10_portability_gate",FALSE,TRUE,"ccaec999268244a14221eefbe02d642fbec0cbeda4e79de04e3652f3b414818c","fa0bdcb4071f23af6de30d0aa848efaa26fd8b626f6801678210efa14feeadfa","6a689a64002b7aafe1d90e3de02dc956218f29d85c781b06908d97dfba95b661","f0bba00c0d90fad7d60426e54b31314e92730381603b7785de1966fe646c6e3e",TRUE,"full_grid/archive/partial_confounding_v2_round10_portability_failure_20260724T1000+0200"
141,"CONF09_joint_0p90","8396751","failed_raw_log_round10_portability_gate",FALSE,TRUE,"9775713c671a8d8597c5f2dbd49477d3dde889bda1dc5f23036486bf6c560c1a","a6f79f4acee355d6116ed7930da8ecbe65ff4a827a84499b5cda94beb29a2152","68b89dc323102c17dbcbe05f9921a6f08572d82702361a49ba06f241316b7f0f","1d787b5ec7f88866711af87fd200387d3ae6b96a70bafb5292a08435df7090ad",TRUE,"full_grid/archive/partial_confounding_v2_round10_portability_failure_20260724T1000+0200"
142,"CONF09_batch_1p00","8396751","failed_raw_log_round10_portability_gate",FALSE,TRUE,"4235f5eb5c665fd9bf3de85716e35f7a93b3eda478fd2e0ba67d08f86262c10b","d99d49e73b83e816a44b138cc8030a1945df218c8bdd7afeb255eae031708a26","4581934a5083fd1d00228d218b424c1f98a909b6ee3270f86fe98707f2878e30","2ef19e30db347ce5cfd0a404c058ad08abc07d57d544413c0aef5b65d9163932",TRUE,"full_grid/archive/partial_confounding_v2_round10_portability_failure_20260724T1000+0200"
143,"CONF09_run_order_1p00","8396751","failed_raw_log_round10_portability_gate",FALSE,TRUE,"ab55571fe50cd46b2bd65a2a878f416672e8de405a5251513f8c99d6daaf7864","c4d4ac9e56f4eee8d09838efb7ec9fcf561ea89871561c51e165747c7c9cfda5","b73ef1491ec718f245bb8526e8be648d1d46d8ca86680ca1c308cb2cdc47788c","1fbe552209d82a1bc203e5d6501b65d9cf3e9ba477d01918eb8df6f48dc1dfbf",TRUE,"full_grid/archive/partial_confounding_v2_round10_portability_failure_20260724T1000+0200"
144,"CONF09_joint_1p00","8396751","failed_raw_log_round10_portability_gate",FALSE,TRUE,"388dd65a7a9715367e13001c6f37831e7ad6aa89cb0e9aff3185e77c2dce7cf4","2751d430470c877da70135239ace29ee2c6c113b6f083a18bc743d90c4a44974","d177d10106ca95cb33386f012a65a58cb1dc970961d7e78738ddf1b8d97c0336","244fc38819cc504941ce61d0e1ed4c8a145be405fb8322d24162085a010a3bcb",TRUE,"full_grid/archive/partial_confounding_v2_round10_portability_failure_20260724T1000+0200"
145,"CONF10_none_0p00","8396751","completed_v2_scientifically_ineligible",FALSE,TRUE,"ce54000de0df8b787bf0b744be4dda8c4d5327999e7d399462bbeee5f801111d","f421223f18406667b9da6a69cfa60b9d6870a6f41326e3cb47a59c313d5aee4a","21047753be424486c1ad933f3eab5ccd20346671847e6a9521cbe251a90c1658","d5fba90db607178d63d25f8c69a207b45113ad23fa1e1b0da5ba3d5143b303b7",TRUE,"full_grid/archive/partial_confounding_v2_round10_portability_failure_20260724T1000+0200"
146,"CONF10_batch_0p25","8396751","completed_v2_scientifically_ineligible",FALSE,TRUE,"7369926ec1c4b20975f6059bd3e0580582e7d50950e8b785b281a3612b418f8c","f2ba293a8a7f4617d3030871ddc6df172e9aace976b8eddc39ad1446ad08ad58","0ac25fd25671fec46507968148e146fc2d57abb6497c2234c3951e8c86450909","9ee7e035e226be9799222fef22ae5c6c8d0294ed6e2d672a621f8fe999b0dee2",TRUE,"full_grid/archive/partial_confounding_v2_round10_portability_failure_20260724T1000+0200"
147,"CONF10_run_order_0p25","8396751","completed_v2_scientifically_ineligible",FALSE,TRUE,"fff5722008de0deb15b49909ffd3242a9474026822877be49d3ffbc5f91171e7","ce3cc0d0e8c2a732fa85ae32352d0e962d515051e0833878e1e1a44946b2e2f5","e7fe6ab522a1dfae3ab086a8b411de706adf3e4481934bc9a4d3765e6bd8d0ba","ef450fc1c42b4ee1c64ea0d72d11bf8b84291f9bf47d09f5d63c6e69a823e213",TRUE,"full_grid/archive/partial_confounding_v2_round10_portability_failure_20260724T1000+0200"
148,"CONF10_joint_0p25","8396751","completed_v2_scientifically_ineligible",FALSE,TRUE,"ff1294a8d2337059aef95e6de75ff5a540ebc8a614994b67788af49dd885c9ea","1dfcc70fecc596537f97e449d5fd297b7566cb577828a84ace4d7fd16f909701","2a4925d9be8d13531f759b3f44486a7c98d676982520400658107c2447a47f32","419230375d2d5305519b041ce2c68096bf5e4f7267be1a0766b952168846e36a",TRUE,"full_grid/archive/partial_confounding_v2_round10_portability_failure_20260724T1000+0200"
149,"CONF10_batch_0p50","8396751","completed_v2_scientifically_ineligible",FALSE,TRUE,"3fcc6063b4852d1e60d535c2f489e09c9050df9bb9be3797f596fcba120c705f","c878ab9263376df422ec5547c484894f02674dbecc229da5f857a6ac90a21d0c","5f7bb02118e887a79d39b6cca3f67ba0200d2e01be7ead087bd32c7f46745092","928d42b483ba5fea4097b3bf5d37875e8d6cb4d799dbe9140878fab6236b1816",TRUE,"full_grid/archive/partial_confounding_v2_round10_portability_failure_20260724T1000+0200"
150,"CONF10_run_order_0p50","8396751","completed_v2_scientifically_ineligible",FALSE,TRUE,"e618afe721d9e33c0d12abbf046b1c9e8973fdbf89de1ac58e6d2136dfd1e40b","367934056ac83d8268968794b2338a17becb92ebdee52473e3bcb0262ddcea18","29b671372e16f20d720819b29cfbf8dced254ae4401736185daf64fce0638f54","184a3a82dc51e9a0de5c94d320526f55be980691949ed14088f422cfcf5219ba",TRUE,"full_grid/archive/partial_confounding_v2_round10_portability_failure_20260724T1000+0200"
151,"CONF10_joint_0p50","8396751","completed_v2_scientifically_ineligible",FALSE,TRUE,"ee1873a47fabc1de62af02d6da6c5d9688d73790ccc9d19364eef7a252154e17","560a16d9b5ccbf543b68bb00930ac415990b4cceabc6a14c3151992e67cb6068","391f017ea9b7a220e208ab62c97e285d68044d8d023d4e29c4f28370c01f610f","d21199d1baf4dcea4d422ebc01cbd3de1f3e8dbb84dbf14e29262cd2d8705f3e",TRUE,"full_grid/archive/partial_confounding_v2_round10_portability_failure_20260724T1000+0200"
152,"CONF10_batch_0p75","8396751","completed_v2_scientifically_ineligible",FALSE,TRUE,"abab188b16d2c374888d00595e283d5a20aac84e547bcd4f783a23726d697334","05068e05230d6b02b903a940d66af9bb1fd2e66921678be63b79dea81f797bd5","83aa29ba8ecb8d5072fa637d5e977690fab4eca14f8650a709e4623d9bc45550","974ba415fc6691736c47b5ea8f48e498d861c77251ab1e310d038fd27b7e6341",TRUE,"full_grid/archive/partial_confounding_v2_round10_portability_failure_20260724T1000+0200"
153,"CONF10_run_order_0p75","8396751","completed_v2_scientifically_ineligible",FALSE,TRUE,"b38772c7b9b231a2c127939dec9dcce1477ba71e23a4d7b819dcdf1b3be89309","bceaedf6a03f3d201a862c12c2c51391070602dd909dd99a328d1b8590011af0","dd6820ce40b4694e7f2871400a7c110582039c7f4aad2fb94c3f9ddab520fe66","4c51e0ae0dc53708497f2a5a669da69c9a6b58687241c6b3bfe0afcf96ff59a6",TRUE,"full_grid/archive/partial_confounding_v2_round10_portability_failure_20260724T1000+0200"
154,"CONF10_joint_0p75","8396751","completed_v2_scientifically_ineligible",FALSE,TRUE,"a73b2f6fb831b6c12c9ba6f5c0c6891371c6af8fabde5ba586232ea68ee6a178","44ac473e7a37e47c352e980da83026ebbcec7472879b6b714f731ff117249320","9b39a1505d8169d81bc326d09061961585b4b21bb7b6b9efc63d3f74f5415ce4","bed8fe40ae14aacddc62fa514aa9f2489bff4a1c7ccc79bf732087e78112f01b",TRUE,"full_grid/archive/partial_confounding_v2_round10_portability_failure_20260724T1000+0200"
155,"CONF10_batch_0p90","8396751","completed_v2_scientifically_ineligible",FALSE,TRUE,"555dafcb99b7be36d8ade3e61a64d9bdae7411b657cb75182ed07f723cdee1ae","df4c04bc2cf249501c98c0e05dcbce009d16f57bf9fab784c5134ed7f0271537","4a10696d993627b6ed003cf78ffcd91992612655bcb8eb5681ab7f9e0d074aab","a85fd9a26e8b810dae2a0985ce093003f484590ee285f049807acda3aefa8fb6",TRUE,"full_grid/archive/partial_confounding_v2_round10_portability_failure_20260724T1000+0200"
156,"CONF10_run_order_0p90","8396751","completed_v2_scientifically_ineligible",FALSE,TRUE,"2b70d149727530a6a962d03797642b6ad7b511e1a900f75e4d78c9079132f100","b5f75547faf5bcd0338932d994d8162dce5dbfa58ad5f36c00d9a08aa56cefd2","2d9e06d9decd85b95325f02b8dc22b3d0431eb5f36af5d6ff829488565eb6239","dfff0971319fcf7273317e6c459651a12c6f6a7028fb38dc02a64be75a2fc8fa",TRUE,"full_grid/archive/partial_confounding_v2_round10_portability_failure_20260724T1000+0200"
157,"CONF10_joint_0p90","8396751","completed_v2_scientifically_ineligible",FALSE,TRUE,"5f19ce537f06de52e2fb0dfaa791f30c21971cf93b675fc67fd269d750abf6c2","52064db39a81f257f6578bc95beac5526f686e2564a23d7db666c396615226a0","7f8ab1642cc0392b85e6b6f4bfad04ab5753922b5891e5c2fef48dd5ffe81ace","9d6b27a818d9c233314b8a4e52c6a90a14b8d4f9b4d274fd7b98ea4db9b783d9",TRUE,"full_grid/archive/partial_confounding_v2_round10_portability_failure_20260724T1000+0200"
158,"CONF10_batch_1p00","8396751","completed_v2_scientifically_ineligible",FALSE,TRUE,"f2eb7ce09dc90b8cede076d83ece40445c1863b73215d070f67435ee02510314","310e3c539d96410171b40fa155eeec3097b5c73d65ed0a6a3279044adcabc404","5f1ef229c2172e09309480b86fa4bbf538b1b77ad5520f170594f9a40d43ace6","38e634d12d5979df5b451d0600659d7c77a9f031e56cf0c9ee1d6d7e7cd0a166",TRUE,"full_grid/archive/partial_confounding_v2_round10_portability_failure_20260724T1000+0200"
159,"CONF10_run_order_1p00","8396751","completed_v2_scientifically_ineligible",FALSE,TRUE,"e6a0f78d4d63b8f06ee3c269cf7e72fa9bcf4646d657064b64884cda8301d308","00f99edb8a25dc51c2e9c3a632bbd497dc60c2cae4fb39ded7c973c9d5d31d21","cc9c5f89d28e2d8975969b37ccba4512eda92556b21ff1e2d04cf9960ea9a48c","fcc85ad86372ef5ab08304cb7688825ec6cae58b5c0e9ecd02e5b9099033e107",TRUE,"full_grid/archive/partial_confounding_v2_round10_portability_failure_20260724T1000+0200"
160,"CONF10_joint_1p00","8396751","completed_v2_scientifically_ineligible",FALSE,TRUE,"3ce89cdb07b0c902cf5a86b64171cb6491c9af5878a0778c5516ceafec89173a","483f36ee889cf1daec99567e5aa839bdbaaf8ac95608286fbb98ae5cfe32c3b9","a4019bf35eac8bcee44b030a6e49515947c4172ba9c356830c96e2f23db0d749","526d10412caf91ac1843d909724cae7053add00e9c56fa696b8db1d99215db1d",TRUE,"full_grid/archive/partial_confounding_v2_round10_portability_failure_20260724T1000+0200"
161,"CONF11_none_0p00","8396751","completed_v2_scientifically_ineligible",FALSE,TRUE,"0b8d5f6a02fdf9d4a0dbfe2aa385b96740d9b3898b0258b757bf26fc6b1eff73","aa82e92c5c2460a44c0284effa2cbe3a7248401d818cea6f2f5cdada8e204a7b","8b72d70c170d25afe1d45265ff45fc9ce1e6d19caccebe5c480dcb64aef536e1","8df19b116a358a385f093e0605d243995b0cc2b1cecd1a8f37e48d7212539c41",TRUE,"full_grid/archive/partial_confounding_v2_round10_portability_failure_20260724T1000+0200"
162,"CONF11_batch_0p25","8396751","completed_v2_scientifically_ineligible",FALSE,TRUE,"61088d57e08ee03304f64f49b78ed5325d97c45d716beb2c2dcdf7e5bb9dac84","5ab6378f2d1549fac7d0361025a43f838ef5574fa3807252d6ad9bb2e09a0cc9","e2ac9bd92b8b0f6c83bea2272d20af2bd650721e16dc1a33d64f6217c345b772","71dce67438df1667d770d73a27e62325ebb24e54b70c1ca08118fec8ef210d22",TRUE,"full_grid/archive/partial_confounding_v2_round10_portability_failure_20260724T1000+0200"
163,"CONF11_run_order_0p25","8396751","completed_v2_scientifically_ineligible",FALSE,TRUE,"45d642669b1a6fe25b7dbbbdcf7a0908cd6e5a7a5fb5c27e7888f10bf5eb8876","96dfe1b44da354dc6610d0edbb19c5eefc739965bd2123c8b68f20270f0ffb1d","e12f9313c7d1f435915b2e4aa91c5da6f08a7b836eae83094df197bff4aabceb","03cd02a68e465da6005d0476fefb48c19f8856036319fecf6c524da8c0e0ad4c",TRUE,"full_grid/archive/partial_confounding_v2_round10_portability_failure_20260724T1000+0200"
164,"CONF11_joint_0p25","8396751","completed_v2_scientifically_ineligible",FALSE,TRUE,"e4d4523ce6fec564993448ed321ef5e081cb94e9242705998d3fede48a2086c7","8aec3c5086a85cb761da5df7ea9a7197434d6de6dac2e0ce0617b2580f37649f","a4b2242bcdc9ea56be23128e1d54486e3c5a9130593c137ed053688f1e4aee6e","bc323cc5e5b1cee9254f0ccfd66a40e6030892c15ee9dc9fb794135a4fde70a5",TRUE,"full_grid/archive/partial_confounding_v2_round10_portability_failure_20260724T1000+0200"
165,"CONF11_batch_0p50","8396751","completed_v2_scientifically_ineligible",FALSE,TRUE,"9312543087f5fa583a3d59cdebe8ab38bde8f631e232172b9f97bc847c32cc97","55e7aedafe4add5dfe73d75e7d255509de2fb0d201e39eed0f3cb1895356eebb","8ab0a728c1c3a5bfe0eff651481676b5709b37485c3a43da63581cabc06cc73b","cfccd554c9b5e566d7a70d0a1c5277349518ff58ad3db502fc852b80e7bb0c22",TRUE,"full_grid/archive/partial_confounding_v2_round10_portability_failure_20260724T1000+0200"
166,"CONF11_run_order_0p50","8396751","completed_v2_scientifically_ineligible",FALSE,TRUE,"cd2dd0dd869c55e628f30b1fa8dea2539a4bceac0ab86fd2243bcd7ce8385044","561508d89d26688fa61beb353d4e3c614be4616db3810762bddfb3d6bb61437c","91939392c933e1aece0afded6acdae174ca7fd3a97f3a38ba1f93751d3fa6a28","b129132dfecb5e0f3e5cddaceb378407e92046f4bdf2441ed7f4ed4a1dc5847a",TRUE,"full_grid/archive/partial_confounding_v2_round10_portability_failure_20260724T1000+0200"
167,"CONF11_joint_0p50","8396751","completed_v2_scientifically_ineligible",FALSE,TRUE,"210d23e59c19cf56903f5a8c1d55c4f6c72dea6945c566c4795d964bff930ec3","09fe13be36915b23ca9367909bb56363b2510bc6ced1c04f86418315c9032c69","e174c8388fba9f414e2ad57ece1b3efd806d435745e3fad991c32e41d3d5a74c","00bdcbb5a2c3684b7a6edd9fdd385256f4139b137c31764ee2346768947a9fe8",TRUE,"full_grid/archive/partial_confounding_v2_round10_portability_failure_20260724T1000+0200"
168,"CONF11_batch_0p75","8396751","completed_v2_scientifically_ineligible",FALSE,TRUE,"9b810ecba2521db56ed91973cd74e503f451c43e0a303e0f1a22f36a00b7c92b","0bf21736b769ce27a5f63b82361f54be1706c743a9ee76dd35e3d8173af71650","6126711c20556bc534036b4438ce7e5a149269662fa831fe80ec8d65dfc59f35","e0f8d684d349d33e007dbee03cb2cc7adb60c05338210ca7f8feab78529a540c",TRUE,"full_grid/archive/partial_confounding_v2_round10_portability_failure_20260724T1000+0200"
169,"CONF11_run_order_0p75","8396751","completed_v2_scientifically_ineligible",FALSE,TRUE,"5f9f763020aeafde4f6ef2c48b147665a5efe6ddb2e027a56c261c0756569532","f1b48cb1889b2270f4fbcb96ed4b6133df7f8f12c9807457f8cf05a7aaaa8e24","b2c5ff8b1455e55946b715a3e3b125c3422aab43f45b4806f212a393a9b3f122","e003efe24fec44d8c4ba8ff7d4cf1de1548547eef2fcb64fcbd10015dd15d817",TRUE,"full_grid/archive/partial_confounding_v2_round10_portability_failure_20260724T1000+0200"
170,"CONF11_joint_0p75","8396751","completed_v2_scientifically_ineligible",FALSE,TRUE,"bef03a82325929dc963142f0e3476d0d8fa56cb934e18482c7fcfb9482603d3a","076fce5f8118bc5389554056df9e7013a6733dcb8d1ec9d9e1a34a9c9ce91521","6fbd31e68a08e4b621b82e62397b03130a602eded4e87373a456e7c9263b00f6","563d2e7462d593602c17e3f3fbc36830d2c4aa71625c331db155cd5fdf42b086",TRUE,"full_grid/archive/partial_confounding_v2_round10_portability_failure_20260724T1000+0200"
171,"CONF11_batch_0p90","8396751","completed_v2_scientifically_ineligible",FALSE,TRUE,"be294b39d2462c824ee51e7be5da1279ed4f93900a8ddd0ee44c6ba0bedaf191","a74bfafc47f46af21871223701ecbc9ae4a0123c94f3f94a3afec3c9e5f1a70d","c0884dad31e0d962aa212c4877ab46576f7171cc7c7874ba1965c8348606b7fa","3cdc398598418d1c7a7d862a2c76c788ac6f62209db9c8101955b55c52c76f37",TRUE,"full_grid/archive/partial_confounding_v2_round10_portability_failure_20260724T1000+0200"
172,"CONF11_run_order_0p90","8396751","completed_v2_scientifically_ineligible",FALSE,TRUE,"268ff1865650b2f136a24fc6af87ab6282739f1d099368bee29e28d392fb75f1","c3bc94673770a3b04a5463a7c4d440877be24c2dbacce8c192e961c5006dd251","6042e4ffbd67635afbdf2d3b8905502793268f0067d72b7fac3d020c661cfd56","5a377ea79367ce0a5bd099bdca7a5cc286bc5ce0391f7450e347d91bb34a807d",TRUE,"full_grid/archive/partial_confounding_v2_round10_portability_failure_20260724T1000+0200"
173,"CONF11_joint_0p90","8396751","completed_v2_scientifically_ineligible",FALSE,TRUE,"ed773fe26244d6f2d8aa31c3d8f8d70e3f24849aa3a3baa4934baba2196050e9","e483ccf785ee8449b5455bc8d94cef7e7bc1f6a920b754697c53309f680e31ee","3b9fc7dae718d6da076ed366fd2a45ca726aeea952e23d0da3e8d9f4fcfa1f06","a4094e4041b2e3439cb3692733e9e6269a6e4e0ec7993bfc024d072642c0d44f",TRUE,"full_grid/archive/partial_confounding_v2_round10_portability_failure_20260724T1000+0200"
174,"CONF11_batch_1p00","8396751","completed_v2_scientifically_ineligible",FALSE,TRUE,"28c45fdc9864f14a51a5418407d37f463d7ba9a435e49512d5dd9497531260ee","4698f147cd10671c8395d701ee6bd348a33385a801b195d5528c548a26edafd4","9cf0733c483c35319d13c73ea6ed171bfba02525fe3108ee2d4795998a90a4fb","397bdda8bf61de869e293dc1da8852791ae873855aba404383bbe11edb48d3fc",TRUE,"full_grid/archive/partial_confounding_v2_round10_portability_failure_20260724T1000+0200"
175,"CONF11_run_order_1p00","8396751","completed_v2_scientifically_ineligible",FALSE,TRUE,"f63d5ac9db41eb09193a34cde3fb650b8006389db246e3b648130eacc0fbf21b","04a6e3585cf5be0ca7aaecb72c2ce8af8208f52a74f82bb8d7058936706c2aaa","3eaf58e8f71b9722bcf7b1462070ddb7be6c9667eb7d0cdbd4137eaf73a82639","25b261357393a6f5eeb01b1a97c3fe3cd297f0238100f7dc1bc89f87a3ddcce7",TRUE,"full_grid/archive/partial_confounding_v2_round10_portability_failure_20260724T1000+0200"
176,"CONF11_joint_1p00","8396751","completed_v2_scientifically_ineligible",FALSE,TRUE,"d26a30c2035ba45d7fec94b6829ee1a2e4dfad4847c9af08cfa82c6ff680989b","5529d57cebdcd6a97813f2693ffbec79ae5a509cd5d43ee7eb85de25cd9aadc9","9a24d1378b3a6a59f2cc5b8dfdf8520d4a98d5b49ba8ea522ba47614ea4585eb","5fc39ef73b8dfb12004432b8d94dc2127428e26d2205ec4e334a56603fc0e1ff",TRUE,"full_grid/archive/partial_confounding_v2_round10_portability_failure_20260724T1000+0200"
177,"CONF12_none_0p00","8396751","completed_v2_scientifically_ineligible",FALSE,TRUE,"ebe438ab69adc49b2a5ba0ae22933201fa827689128a56fe59f16a5915a51d37","02b0bcc3613c4613fff510721824d6b04ba93e4d4f22f811fe1c9024884fa385","4dbbd3f799268e38c45067fcce74fdd216a4bd0c2a3e90c900abecf7535584b0","01ec827d77e459aa6d21208093a08185fa54ed16626471b9ab4692d4c7c835ad",TRUE,"full_grid/archive/partial_confounding_v2_round10_portability_failure_20260724T1000+0200"
178,"CONF12_batch_0p25","8396751","completed_v2_scientifically_ineligible",FALSE,TRUE,"d3eb98c67c83c107daf3853e6f19768e657b192d3e8f01a63b2cb16a1727e11e","5b9bd481b9e1b56ea8a9d2baa1767cbff1077637621dafb8f73cbd653e720a26","3a372a58b0059c6ea8fc71a23b6d6db7a47da8f78a92beabdc43262f2848f595","190c07def256a2ae629f4a18dafcdeac1cb3d5506c028e9a2dc09df0e7c3a793",TRUE,"full_grid/archive/partial_confounding_v2_round10_portability_failure_20260724T1000+0200"
179,"CONF12_run_order_0p25","8396751","completed_v2_scientifically_ineligible",FALSE,TRUE,"baa4d0b10cfdb971d5be40c2b81bd3b6ca9c4b9c6d941f90d1efc40b224d78c5","1f283170db5216fdb2ef9b0966a0dd1a167b7ae03e3edaffd76ac0e0be72abfe","28d7014141bbf057c7f090c88ef465d4a180c618fa08b37683bcdcefd46f8bab","6dda913cad070d1e0b7e695869220fc639dfe759c2d3549ceb7bb716d87180cf",TRUE,"full_grid/archive/partial_confounding_v2_round10_portability_failure_20260724T1000+0200"
180,"CONF12_joint_0p25","8396751","completed_v2_scientifically_ineligible",FALSE,TRUE,"328fb7c9cc1ec997071e83597afb418f6ca41a2dc1fa4b1b101a403178d3787d","d02834455d7a27099f2edc75c971b71482a3bbc823255d19d3dfc85f1a156c8e","6397d2c79b1439b84bda06732315ee772dc2ec9f3490f0df1d86ef5baa466f7f","c56b066655b726a9d1e7704eeaf3d70a13eead4e590cc62d2ccd09840acd0e82",TRUE,"full_grid/archive/partial_confounding_v2_round10_portability_failure_20260724T1000+0200"
181,"CONF12_batch_0p50","8396751","completed_v2_scientifically_ineligible",FALSE,TRUE,"b0f0da390fbf71d7dcac7ff7b58d6bab72877cfe64836a26d1aa3044d2d6c1fb","78d7efd8be7e0c09a3bd65b0f7a6addef7189364fc3b419ec333963b8752f1c1","05a2c29f1ccd25597523e295a613da7a7b667a38e005fb8edacc64b921101741","789b72773cde2df020bb45f3c8aa314708f001c2560e3169f8567c0f21e9c786",TRUE,"full_grid/archive/partial_confounding_v2_round10_portability_failure_20260724T1000+0200"
182,"CONF12_run_order_0p50","8396751","completed_v2_scientifically_ineligible",FALSE,TRUE,"ca9b7df1dcf41bd3e3d75ab5a6c98fd3193f203d289f5e3023d13b33b0124d4f","b2a5bbcd0c77e9180bad8f91d27c27f4a4a76366af3cc81f6f5f8b449f86235f","1e01d996046f71def614020b6f873768419dcae8423170feeb15b21de50ff53f","1d9ed645845920a9f73e52d30c25549c72bd14ef458aae8fe0df1c6c2db835ca",TRUE,"full_grid/archive/partial_confounding_v2_round10_portability_failure_20260724T1000+0200"
183,"CONF12_joint_0p50","8396751","completed_v2_scientifically_ineligible",FALSE,TRUE,"ef18e57696428a805cab536ec6e19c9c325887bccab201e5f5d24bf16b37fdf2","ec3e429d484ea4b0b3191f5cbced8c3d0b2e343ff320e13524182eabc220541d","698364c74418671d6415aed5660556cc127c66cfcc5ad48a1693ebea29248df8","e58637fce1f3e937b69f1eb1c92c83fba6ec114f8934e9c402bb507c57ea9d16",TRUE,"full_grid/archive/partial_confounding_v2_round10_portability_failure_20260724T1000+0200"
184,"CONF12_batch_0p75","8396751","completed_v2_scientifically_ineligible",FALSE,TRUE,"0eaf4db1191cb5be915af32c8b2e229e9f231bb5492a27f92d28c440a8c549a5","2eb55e97cb00daa7567480c3ad7c061316b5e688969544cba6e9f7e136821bce","4c76456d5786bbb70615e1322adcd30512911da8e929c4a185f7c2e4bb978b69","c6d411c50c394ccc969783a28943a9b83866fedb60925cac0e0db0c3833abe3e",TRUE,"full_grid/archive/partial_confounding_v2_round10_portability_failure_20260724T1000+0200"
185,"CONF12_run_order_0p75","8396751","completed_v2_scientifically_ineligible",FALSE,TRUE,"dcb579eb511e71dc9909a18115dcc9880d9e59b942f02ff33ca98319b87c1fb0","7ff0e783cbf9e225a23b315d6a5b875ee4813af2a03f3600112f20b76a53679a","d72b003f417d77547c4d0434d6d01b09b68aaf440614c36f971d3b07f9799eae","01771e4359ba89b7217bbb536dea62d863be5ebf32c7deb7c9fd1782323a1583",TRUE,"full_grid/archive/partial_confounding_v2_round10_portability_failure_20260724T1000+0200"
186,"CONF12_joint_0p75","8396751","completed_v2_scientifically_ineligible",FALSE,TRUE,"ab96ca835056f81e9f715b68f54b29aaff5d7dd7ad1e58155b87a5571382bc39","f97b651efea46db23108112f0fbd05a8c31ab5833cde16c6b819125f65dd7b46","c76704839fe180f253d148516fcc17aa061da9eceea5f089b54bfef34dab165d","c86d52a9d7bb01a2562ee64c5e288dd3cd1edfa1e777fec90077891ed9182fa9",TRUE,"full_grid/archive/partial_confounding_v2_round10_portability_failure_20260724T1000+0200"
187,"CONF12_batch_0p90","8396751","completed_v2_scientifically_ineligible",FALSE,TRUE,"dfbde8b15fcd7649f7c80d81077271b2dfb81fd2b69d4ce17de67cbde098eac0","21558f1ba84854bca46bd33d317234cced1ffadc15a87a560f3c88274077b53f","836d2f45bc57ef364db71dc9bd2950c732f2705479eabf33fa3ea2825abf305b","f1b03809286c5837af7873ec77e849a12593888684480cf5a25d6d7e71cf72b1",TRUE,"full_grid/archive/partial_confounding_v2_round10_portability_failure_20260724T1000+0200"
188,"CONF12_run_order_0p90","8396751","completed_v2_scientifically_ineligible",FALSE,TRUE,"ab40990c6429c0508b9132c28528125ebfd190ca449d29b03ba17110aa566e68","2f71f3285f049e18e7222e161842d0f6c39450f40faf7bc9c2baaef33e7ec9b2","d62dc3ca00ccc26bec6ad49a02d39fea764dfc64269b0479cd8e874ae4427eca","bd1c8562923c768afb6163a17bc71c090d804ec6955225c8ee7709c913d76e1c",TRUE,"full_grid/archive/partial_confounding_v2_round10_portability_failure_20260724T1000+0200"
189,"CONF12_joint_0p90","8396751","completed_v2_scientifically_ineligible",FALSE,TRUE,"a18fe101a90614c770429c47eff71193704f26be81ba2be25ac646666adb88c1","e02f78580c052cee699ceb2576cbea60ebd3a1095f9000e8ebed181c58fba50a","1a8daa5c8317f2c96a6087ed866eccdc801bc5c13b3635150cc2f123281ccdbe","747f67797024fcf248d899c4cd288ac4ae191ab76829e4a383d085dd0b33bd6e",TRUE,"full_grid/archive/partial_confounding_v2_round10_portability_failure_20260724T1000+0200"
190,"CONF12_batch_1p00","8396751","completed_v2_scientifically_ineligible",FALSE,TRUE,"4e4ee7340904866d0f50557a4880ce9c2c4080b16348fde7c75b9308a04f5c6f","d475fe4bcb02cac52651522f87c41562e0fb0a1381dc618742b8436c765982bd","2117eaa1959eea815030621218da6938ada529234762a726afbc25d09edc9658","ffa94ca1dd15a672657b43fbc53f8f89aeaac038e2fe580d3583da6837003e4d",TRUE,"full_grid/archive/partial_confounding_v2_round10_portability_failure_20260724T1000+0200"
191,"CONF12_run_order_1p00","8396751","completed_v2_scientifically_ineligible",FALSE,TRUE,"85695c0cf73cda05a2d8028c3d4e334ed54affb20685b475dbb32e634e40f008","bb576ddab7e346e8ec8762599d7e94b8a415016eef84981fe0b9748c57110e29","abf7c9a04af0dfc976650eef95b59eac79d4e24bc533a5bea147562eb82c1275","b0cbc7808a105cb4ac0e30257bd7ca75571f430575aae2af57b74b496e783378",TRUE,"full_grid/archive/partial_confounding_v2_round10_portability_failure_20260724T1000+0200"
192,"CONF12_joint_1p00","8396751","completed_v2_scientifically_ineligible",FALSE,TRUE,"4d0281b1f0e9395f6126a49fd6552266366fdcd43b6ad9e6a6f955c625485031","9a405dd8dcc7132d6120907427321123117c3eefc04d6f0e989545773f2c4b1b","83b57b38805df8f30946a6ccf4c4bcc2758557fb76bf1b190b11ae0d42d3b6ed","ceb902b1803e38d6fa71a16d8834151311ccfa4fb72d6cc47f3c946d015fa8c4",TRUE,"full_grid/archive/partial_confounding_v2_round10_portability_failure_20260724T1000+0200"
193,"CONF13_none_0p00","8396751","completed_v2_scientifically_ineligible",FALSE,TRUE,"04535207ed9e3dcebc522f2053df91cd63ae253bb7eb245f3c8e407b2532ced4","b2525047d7d47a3626011b72a3e3465fe22317c754c828b4f68671121a63a345","97a2e72cd6d2d15c4be9c8ec36771983a6f8b07fb73dd4727e82121ab97881db","62216acb41922560556e7f8f867d20c0bd3db8ff088fbb371873fadb56d5ddad",TRUE,"full_grid/archive/partial_confounding_v2_round10_portability_failure_20260724T1000+0200"
194,"CONF13_batch_0p25","8396751","completed_v2_scientifically_ineligible",FALSE,TRUE,"32b5eefabe1ad40472fcb440e46cf9341b19a6278f28e0fc529dcaa2a1241709","b08bf0082b10e19e78276cf15b130994c023de7dc801d17d194e66a661a029ef","db2babe665f728432c24d6027c8b9dc8ae47471c00e3231e39ef1e9f1fe12878","1fce4839a9085b7832c591b6c36b1952b570dfa08ead6e508506665c53a54bd9",TRUE,"full_grid/archive/partial_confounding_v2_round10_portability_failure_20260724T1000+0200"
195,"CONF13_run_order_0p25","8396751","completed_v2_scientifically_ineligible",FALSE,TRUE,"fb1c6171d1cabbe611abc260cf2b039ef8673d63b8c5bd37880a8e51f68439e7","10043591d1ac72a78411348e3492bedcd10fd2c97b5a308d9cc03c8dc179694f","2ea717480336f56b5cf5ec5e4e895a278d95868926f4ef2a2ca12b381ea36237","56ea09dbbbf9a5d1bce60daaebba12c266a4b5807d57e090f01ff9f99871c4d6",TRUE,"full_grid/archive/partial_confounding_v2_round10_portability_failure_20260724T1000+0200"
196,"CONF13_joint_0p25","8396751","completed_v2_scientifically_ineligible",FALSE,TRUE,"6dd32cf6faa4d9304930a7cb41f79af285877a4ad196c1b78cfd83e7faa1339e","ba17b3f12fa42cd161038dba115b0fab8c325c9a171ffe3515f3bd4a4295451f","d840914e16853286d97f2dd811eef051d9b6d5140627da3828787e5648b8bb4e","9add4b9704d6e6fc6cd62943ed0757f15037e0d0a753c73911fc056634661cd9",TRUE,"full_grid/archive/partial_confounding_v2_round10_portability_failure_20260724T1000+0200"
197,"CONF13_batch_0p50","8396751","completed_v2_scientifically_ineligible",FALSE,TRUE,"00a7eb443bc1a7bb5b35c87baf06de8a7c54cb2550f418a74cfacbfe2351b8f0","0ce7c4100f6abc440154cc9fd62ea6185eba05e3e0fb0ac4f660e25c345069b7","3288a87eac185f68bf1e012053531559c8216e9fc5935ffe757edb396acba2e6","8fe7369e41d60e2ba644cca9a69dc0516ad8000a8607181b3b8e0c6dc97f1149",TRUE,"full_grid/archive/partial_confounding_v2_round10_portability_failure_20260724T1000+0200"
198,"CONF13_run_order_0p50","8396751","completed_v2_scientifically_ineligible",FALSE,TRUE,"4d3d16d5262d723946eb9b7b202d505eaff0e3c29f6137b30b911bd936125ca1","4a9cd1841151a415dcc4d37f07ebb3a91211033a7a0b1b9b19d701a9b898d59e","3d508a105920c1fb59c3ad0696752717c7e39d22b8b6db090b5b768046335c15","6be1fa7d0f6b44df2169fc4f868962f7c7569f658b99e03a6f55ad58926f640d",TRUE,"full_grid/archive/partial_confounding_v2_round10_portability_failure_20260724T1000+0200"
199,"CONF13_joint_0p50","8396751","completed_v2_scientifically_ineligible",FALSE,TRUE,"2f7a0522c10994bbdd48e7849948591b432c61b71268f5d3b59f2dc1fb140bee","e17f49eb977d0d75cd1fc4718b0024585abc5914ca386e66994180a2af4661f2","e61f92643ce29dc1fde552e99b3e7d495e6be191f8a7c9de5f08bd198ad2d59a","8e61d64b7b90f85184eae4b4806e7169e61eea1cda37e963ed7a6f0e3fc7336e",TRUE,"full_grid/archive/partial_confounding_v2_round10_portability_failure_20260724T1000+0200"
200,"CONF13_batch_0p75","8396751","completed_v2_scientifically_ineligible",FALSE,TRUE,"be4bcdc792c6ec163be65105884a17ca8f8e634e464a679d03ebd84bbb485ece","10645cdfa5fe05d09522c07cd6f380e361d710038b0a45d136c51e4c004448cd","3d644f3a7422cdd611a46c823146e6fd69813a2da4f948296352add6238514d5","79c7b411f7e7771a90577bb0c8b41a631003e6a8529a1e274af4dd59782e99c3",TRUE,"full_grid/archive/partial_confounding_v2_round10_portability_failure_20260724T1000+0200"
201,"CONF13_run_order_0p75","8396751","completed_v2_scientifically_ineligible",FALSE,TRUE,"cc5917122b864d33bbca791b58ab9146b8043f0cc98ad18ae9bda69c3966ff3d","569e85b68201bf38b2cc0991f3df69248478a960f4ac7cc62ae7534989f8effd","c223861146e19f807d911be8194ad05b026576fabda6a6bfbb53cc64a01a6281","09a18316d332f9046dfcf7f4f6f0ef90ed255c865a71963e22ab10120063c8b7",TRUE,"full_grid/archive/partial_confounding_v2_round10_portability_failure_20260724T1000+0200"
202,"CONF13_joint_0p75","8396751","completed_v2_scientifically_ineligible",FALSE,TRUE,"5e8462f6332ef84e7d316c2413a2201a0160b4e7a0dd0fa29c702241173c92a2","9618d009819cefc6b1947e1d261f5e348ffaa2c69d22bcc60e8760f4c9a44909","57ac50515b4dedd295c763e8477fa959583dbfa86142b4bb6a1b5999f0b2f6e6","e4fe32c36b23eece6dc6a0096c024b9daf1a6874017184f7364f0febb5ab865b",TRUE,"full_grid/archive/partial_confounding_v2_round10_portability_failure_20260724T1000+0200"
203,"CONF13_batch_0p90","8396751","completed_v2_scientifically_ineligible",FALSE,TRUE,"0e34c759a6a13adfc658d1139e1d332cfa2a9a948c515a8764c367e94b2850c7","a9ecce17d2ddb0ab11a46f0efdab69f9b34b4716645356136991b329ee61da06","eda359e21cb7b4bd31a502586a6c7c94a6e625a22a37421d519d877341132897","c8ec4171d49c8eff8b3b1279ceea5f76789eccd4ca5b5fdecda3038497d1596f",TRUE,"full_grid/archive/partial_confounding_v2_round10_portability_failure_20260724T1000+0200"
204,"CONF13_run_order_0p90","8396751","completed_v2_scientifically_ineligible",FALSE,TRUE,"b38e0fb28cf3fbd44f1936364735fe2adfaf76bf7fc269ecbfa08a7e3ba2421a","518f1237e70611016d85a5a53586968827eba748ce6cbe1737bf4a912f87e770","828f744088c110fea5a95957eae3a28bf44c30cdf35b534e8e2e2015a90e1681","c7c5f60a4bdafbbc891071757b573c5a0ba0e47adec600e7492ea0ce3784d56e",TRUE,"full_grid/archive/partial_confounding_v2_round10_portability_failure_20260724T1000+0200"
205,"CONF13_joint_0p90","8396751","completed_v2_scientifically_ineligible",FALSE,TRUE,"15999cff20b33cc9d454eaa3202c0271f29ddd806153e38acbf9fc9c4c44e07c","a8049420e4fa3d0c800e789d20e9a7597ef6bb9cf4ad51f851c75b4f7b21f5e2","c4e55791f8933f780062690a23fb1082ea8713c53b932e9f3c9b04e0fe4f4a42","1ca4cb91245fef12ddd23fc06795b4e6c52a9c00e2b24de8362da38b4a0cfbab",TRUE,"full_grid/archive/partial_confounding_v2_round10_portability_failure_20260724T1000+0200"
206,"CONF13_batch_1p00","8396751","completed_v2_scientifically_ineligible",FALSE,TRUE,"ef613a7bb4487db3103e7995a3780d43cdeb3803045958a9485d1b7be53adade","2d3bfdd6f5cf3be9709381cca35d7ffabed445f1b501ea1e46de367d6c9c2680","10ab150d977325522731ef16992db0290d636041c463e3970d4dd0bfb59fb968","f09d613ad351c06d58b3c5b4e43c0b680b43e9cfab55bea6871433a773e38659",TRUE,"full_grid/archive/partial_confounding_v2_round10_portability_failure_20260724T1000+0200"
207,"CONF13_run_order_1p00","8396751","completed_v2_scientifically_ineligible",FALSE,TRUE,"7c0156801c092be07cbeb1735126853ef6e721d057b1e8a8056e222beff929a1","7c0f724ca9b38c4a1695143adf55d90b2be0013ee8c5f87b9af6f3a95f80d115","b243d2a460be9dd96a9601b20fe56a5b66f5de2ff1e8105f2190768043d55ef3","d44a114cb4f43005c15d02d6878b4b5b0bf214aa387e48e95252e64c104a3211",TRUE,"full_grid/archive/partial_confounding_v2_round10_portability_failure_20260724T1000+0200"
208,"CONF13_joint_1p00","8396751","completed_v2_scientifically_ineligible",FALSE,TRUE,"dda1d66a7230134a9cfe02b28d71e18dc5b7e6cbd6656df0b8ec0d1debff5874","804eed1de6a6988a92255578f1428751e1f1965829120cc058e0a95b74aab1ff","9f2365841a643dbd8c7fc5823b760a3f4a9aa98c8adfa727dfd6d4a0bfc7e8c0","71ef80e2d06bbb28f6273b93b3795b02e0dfa05357d5a60d244883504aa9c53b",TRUE,"full_grid/archive/partial_confounding_v2_round10_portability_failure_20260724T1000+0200"
209,"CONF14_none_0p00","8396751","completed_v2_scientifically_ineligible",FALSE,TRUE,"615e7c0e4496ee4503b62d612ba96223ed83d8ff1580fb30a88af7d3706ba610","6bd9855deacf480c74b0c039bc470be14aa5fcca84f484e3ab1366d19def75a5","5d4e329d5c31973d9c6b4f316a25ef89d01cb08d18ed1e0261b7d2cd6b1fc025","37d56b6e91edef8d9f0c0087511125d3b173c10dfbcf5043fda265add3032259",TRUE,"full_grid/archive/partial_confounding_v2_round10_portability_failure_20260724T1000+0200"
210,"CONF14_batch_0p25","8396751","completed_v2_scientifically_ineligible",FALSE,TRUE,"6994d8671a21f46188bf10e4dcdc39491e633301d05aa3c8b9cfb982c40daeab","e8438076cff762484ce2b7e7bf4b444a694ed5c82d60534c07193551b05b14e4","84e6e23f83658da465daf5b93b83a62e1bdc9d706e50325c88fd8fd7b041825d","a6704eb9a17b4e9fd6f6485f24fd4775596230a53e31c7936b0dab6f5a2a1afe",TRUE,"full_grid/archive/partial_confounding_v2_round10_portability_failure_20260724T1000+0200"
211,"CONF14_run_order_0p25","8396751","completed_v2_scientifically_ineligible",FALSE,TRUE,"cc0ecb3d23834782345cdf88276937784774f10929dac2d33765c23123c27ce6","f48e611f1f98ba1fdb0c9d9dd27b4d48f621b6f3c7f2de35a8c2e23a973860c8","522331640fc49e9feafd1a47494d016101493603c7a2bc6d1624d1c270500032","2c2424b06f728328fc268111d38b6b39c5fa31eb22698b94db5d4eaec865dea1",TRUE,"full_grid/archive/partial_confounding_v2_round10_portability_failure_20260724T1000+0200"
212,"CONF14_joint_0p25","8396751","completed_v2_scientifically_ineligible",FALSE,TRUE,"451055ea11ad58a5610a1fc9e568869154808d01926d0c05abce29fa6808b88a","b38192e96fe3fd2e5131afc5a5e6ac1fd50b89910a281cdaa8531a53cd556884","a771af484a56e60e2604c142da7678edd1d1d571dda4449a806e6ff30220c1fd","3e69062e5b49a8aa207d7176d299116480acdc692edb5c3a4c11a61fb1d217b9",TRUE,"full_grid/archive/partial_confounding_v2_round10_portability_failure_20260724T1000+0200"
213,"CONF14_batch_0p50","8396751","completed_v2_scientifically_ineligible",FALSE,TRUE,"e722dec118590b4af756c0c99561fcd4ddf04aba2077a229a5bab6b975d1cf34","6c4cb259cefe9ef516c6c50b3dab1ce468d998e8ca96a2807a5ab605d852dc49","1496c1dff8310dfaae98ab4ef5698a7b321ae24ef834e8a6861711b9c1b43576","6eeb4d92b81fc48cb32eb6408fbb6a804d7d4479b431ad84bcc243996b60558f",TRUE,"full_grid/archive/partial_confounding_v2_round10_portability_failure_20260724T1000+0200"
214,"CONF14_run_order_0p50","8396751","completed_v2_scientifically_ineligible",FALSE,TRUE,"5735d6afeaf9ca9ca63998d01bbb383c70268176d2b391c66396b805aa1c7e0f","1ce79ef08b786c47e02e2a5136dbdc70b9f5053486c9df0dd3283bec23f89cbf","116e7e9f7f339c05503c89d1e42f830a6c2f9415928e160f409a215a5d6d5b8b","fbb4fac962876c9eebfc8ae2b88fe8ed276063b2d955ffdd4d19421fc3dabacc",TRUE,"full_grid/archive/partial_confounding_v2_round10_portability_failure_20260724T1000+0200"
215,"CONF14_joint_0p50","8396751","completed_v2_scientifically_ineligible",FALSE,TRUE,"dff4699964c29c31fc1a312e40aaca8ee1f40274a7c93ff8b3e8e6d52d5fcf6f","62b43dce869509f5fcc308caf3b9cfaceb938e82ff91cca35ab049ccd04da916","c9fa7685608776ec23b48cedab55950c24524f78be7a19ca84eb240d546d819f","d3917abb7336e821cfa4391d918a80d402e333c0cd144591743b167429e59c65",TRUE,"full_grid/archive/partial_confounding_v2_round10_portability_failure_20260724T1000+0200"
216,"CONF14_batch_0p75","8396751","completed_v2_scientifically_ineligible",FALSE,TRUE,"e6ab61f0a71afe8cddd2d94ae1c42e41d0388414ce79120c85633d95b99db913","95fb1d83af01f34bacd78663e50f96bd30b0f040250253c635edd616173dc986","b0bbb4d41bf484d73810dcd24bd003862b69a5cdb90330dfc85c55ecec52e2b1","2be583ca5f695b2e11460f4df3ff996b5a482af76ea955f712aa0189fbb16d94",TRUE,"full_grid/archive/partial_confounding_v2_round10_portability_failure_20260724T1000+0200"
217,"CONF14_run_order_0p75","8396751","completed_v2_scientifically_ineligible",FALSE,TRUE,"861150bb458d561e445999670a5fe27996bf69c00dde4a99938bb27c501ce3e2","580a601430c84f18c900c82ae96c84222fecf35087450c9977f4053c3e15326f","45b52fe2d13831f38a4ea3b0014250e426a07e9063168cbd96657b80c5a200d9","ecd80cd27606a0985737f07fad7ac5eb8da829de6a23cde20460f54099932a46",TRUE,"full_grid/archive/partial_confounding_v2_round10_portability_failure_20260724T1000+0200"
218,"CONF14_joint_0p75","8396751","completed_v2_scientifically_ineligible",FALSE,TRUE,"ca9fa1f4c6cae729b130c4d62c8b63e48049771d3686a0baa13916913fc862df","575c04a867220d6f1da35c562490ed6dc5713fb53156513967e1f995b39c0556","ceb678669f06d06f79c4d8c098683c65ae505f3f216c178cfeaefe05c2f484a6","68cb3f5573b882a679bb3eccc39441ca24631114f96793bbd822e3bd6682c7a4",TRUE,"full_grid/archive/partial_confounding_v2_round10_portability_failure_20260724T1000+0200"
219,"CONF14_batch_0p90","8396751","completed_v2_scientifically_ineligible",FALSE,TRUE,"23fe1c9174ffe06d329ac288f3f3aa8069a47ac8a7d4e5848c4d3e3a374fd3cb","8d41ac7771571680341802d6b8aeb4474bba69362a8053262c07669058cf03e5","f5da9043f46b737476ecd9f4bde0e82a6c61eb07d92ee8faa4a06109fc570788","178d191eb05c68efc69a9860f5602c5d2f8ba5f214b445ae0eeff85f925b6297",TRUE,"full_grid/archive/partial_confounding_v2_round10_portability_failure_20260724T1000+0200"
220,"CONF14_run_order_0p90","8396751","completed_v2_scientifically_ineligible",FALSE,TRUE,"fde70f3a3c6424c0562418aeb35c67687dd6db1c0680b1a1e8c53b8befe93859","b83561f7eb10c593e0b9c2d81b0df39c7d2f200f815f84e3b9bc77311d1f27cf","b62e60429945fc51d694f51baa34d86c5a310bc81a9fa01dccbfa6a471ed553b","d25895e826bc98e2fd70afe6600c14dac7d5f951fb24953d951cfec88d35c9eb",TRUE,"full_grid/archive/partial_confounding_v2_round10_portability_failure_20260724T1000+0200"
221,"CONF14_joint_0p90","8396751","completed_v2_scientifically_ineligible",FALSE,TRUE,"3c48be82fef29ca5df6caa7554227900309885e650b169eba0fedeb43e392e3d","c03524eb8d4ba172113b1c1b9dd08b62cb3f6557cd0e6c0cefc0dfc3f6ea01e4","c106811385831479a33b70fbda5f6f32840f831f544c530723e898d7272fbf51","8d1421353e4e247492fb11710eb18b55e25749c042ffb478093a58ac7f5ecbf4",TRUE,"full_grid/archive/partial_confounding_v2_round10_portability_failure_20260724T1000+0200"
222,"CONF14_batch_1p00","8396751","completed_v2_scientifically_ineligible",FALSE,TRUE,"2bd82f176d02ee6837647e21ebcca946d9a269b591e2ae2fdcddc1e1bdb92631","5f2ebb115ca90c5d81c5d80467188a9dd348b436182d64dc16fcb01a0c9bd4b0","d9dce08a5fcb076327bff54687df1adde470fd42689951c57abfd84a5d47d93f","356ec15872a66b4f931872c9cd22df36323a99c543032d33dd9d4dd2394e0f28",TRUE,"full_grid/archive/partial_confounding_v2_round10_portability_failure_20260724T1000+0200"
223,"CONF14_run_order_1p00","8396751","completed_v2_scientifically_ineligible",FALSE,TRUE,"4ae020bfc2af36b99e47480ddd802dc7cca08341edd27aa81dfb331ccf859570","8d5cf1ab34ebab0c7af832cf4046a2d330e9d389ba12e1da9dd770c556538a5f","5f3a504b4cde1ad64b3191659ba07ee40bdfcfd2d9ff4c19165f4c584c9fc81c","4fb82756b7cea3223e713a9987c4c7ea530df2c621db23de1ce6cebb002fe695",TRUE,"full_grid/archive/partial_confounding_v2_round10_portability_failure_20260724T1000+0200"
224,"CONF14_joint_1p00","8396751","completed_v2_scientifically_ineligible",FALSE,TRUE,"a8d10772387c2aaf589c1155c321ae753ae87c69f159ad564af9f29fec8c057a","29e728548b3bb0a4051d8f287f03db9a1555625d196c4e19e9c12d55f8229c48","ad26d28da5043c039d07d82b61179f3764cf4c01189db016cd42871600df42e8","4d94ba8d832a5584061273ce644ecd1c62dcf4a9fdd6e78cd0be4d46ed79b3c3",TRUE,"full_grid/archive/partial_confounding_v2_round10_portability_failure_20260724T1000+0200"
225,"CONF15_none_0p00","8396751","completed_v2_scientifically_ineligible",FALSE,TRUE,"062940592125692922b93eb835d0da34605430741864ebea9f3ecb6f8e6e0c2a","a502d9f42fdba4f167b2a0f07f16cd1736e168c62731c3f09c830cba3d44ebbd","41e8c044756301ba61c335628f04bf1cb4c8181c73bcbeac5d8917965439ed02","959342bfc200c0d68036e38c2b90aaabc622d0786dd6dcb926d225e3031b3689",TRUE,"full_grid/archive/partial_confounding_v2_round10_portability_failure_20260724T1000+0200"
226,"CONF15_batch_0p25","8396751","completed_v2_scientifically_ineligible",FALSE,TRUE,"ee7cbf4e7c51bac8b8d5beea0507707a5fe4726653c4e4bf5c7fe952c21ae533","3cf338139e3c2dcfd072d0bb3be34ac2f3d17656de7eadb2ea1118bfb47bb1a4","f82fb2e858a6b035ecf690749c867767a10ca954b77f83c8b4bb2a8362a54e12","91509c531389c9dc8db42dbfc4bb0300010fcd3fde20eb0a9cd6bb25f1711d27",TRUE,"full_grid/archive/partial_confounding_v2_round10_portability_failure_20260724T1000+0200"
227,"CONF15_run_order_0p25","8396751","completed_v2_scientifically_ineligible",FALSE,TRUE,"7580629c741ca41d63b13689a90287940c0d943038f8914cd539b351bbdab4a4","0bb5f5ae2ef43098cbf17d5ddd52f2f259e3801b4f55387dfe846b290ae0348f","42a375b307c01d7e8e39f33dfb3f348eed8559c5963e376a19d14c3b23c935fd","480dcd96f2bc3ad2715337377003c340c87761a9ab15f88b5c614b4b7a1f350d",TRUE,"full_grid/archive/partial_confounding_v2_round10_portability_failure_20260724T1000+0200"
228,"CONF15_joint_0p25","8396751","completed_v2_scientifically_ineligible",FALSE,TRUE,"6857068ba7924c86087d658090b312a91773fc4406ad096023c8d60bd39bd011","7f6a904ba0b9b9d2a3a4d955173417512cde6e158fb0fbcec9d70d0eeba361f7","caa906b665c7b2685b7e8365b4619235bfcdb346cf44eddc2198f57c4a4830a6","105ed68d2d4012b55b58d12e7fc531fc19fe54949785e54029f6cc00802fd317",TRUE,"full_grid/archive/partial_confounding_v2_round10_portability_failure_20260724T1000+0200"
229,"CONF15_batch_0p50","8396751","completed_v2_scientifically_ineligible",FALSE,TRUE,"31afc9e4bc69d09f5a1158f6625fdd4581c11b25a10e1cbe60e7a5e7a922d9d0","b6c217fd69eed0bb131443cd0a7e02f10c407801f70a1d9c7720f44a1b733d9b","79f9ee4187fc04cfeade3ed156b5450efd3025713d65d041ef2a4cf5cf380df6","42d0a05812c2102311250a24cc7229a21959a5dc5f08bf73564c0b6aea9b2082",TRUE,"full_grid/archive/partial_confounding_v2_round10_portability_failure_20260724T1000+0200"
230,"CONF15_run_order_0p50","8396751","completed_v2_scientifically_ineligible",FALSE,TRUE,"d62c36b95abcb332d1372763dafc7faf3500fe08c4dc08060074ab23b48a6565","1fa98fb3e55c0c8e88cb75284108798886512e92a95161f50fb6c4c1367d13b0","93a4ab023f8450623cf709e19e1d5343a4ad7486b7f02baa0f2bcef7ccce6a3e","e1822c26670a03e0889326f16cbc3acb1b5612c7af1301ebb4cf1ff3608381a2",TRUE,"full_grid/archive/partial_confounding_v2_round10_portability_failure_20260724T1000+0200"
231,"CONF15_joint_0p50","8396751","completed_v2_scientifically_ineligible",FALSE,TRUE,"fba9af389e85fa04f6d342234d2f54b4913b1677c082be7c8eec71ffcabb750a","0d6b8aaf66ab7acb123000ed8804eb5d4034fcbe8d95d129866934f4df46c1ed","560e713c3bf9184fd57eb704aee2c599fcff6178ad6f065d26d08cd9d881eb67","605c35fe56dbf3cc8709b3b139347f996255eda978bdd53fa2633b56b80f5960",TRUE,"full_grid/archive/partial_confounding_v2_round10_portability_failure_20260724T1000+0200"
232,"CONF15_batch_0p75","8396751","completed_v2_scientifically_ineligible",FALSE,TRUE,"cb50e70795a9312ce09ceb0160c2e8d3ab554b47e85d0d22e36cbedb5d874a4c","da56799b1db4c34ae5777a2c09eb4770fa71e6a948f7f1313a34d444dc5edeff","4d5d7a3bfb6f3892b1ff1e8d808013ff3dd9eb93547ab0b2158b6bf6764e4d61","6ddd77a95b1a4ef6df1cc090a4e6194caf89fac085cdf3b1f992c88cac90c342",TRUE,"full_grid/archive/partial_confounding_v2_round10_portability_failure_20260724T1000+0200"
233,"CONF15_run_order_0p75","8396751","completed_v2_scientifically_ineligible",FALSE,TRUE,"7bce7024c6e7b192b9281761b5ecb49fd340a56ee6ecfd83ea8995da67bfbc6f","f18745426817f1f913656c666aa039996a094b2efd2a3a3d1611b55036af7aa9","bcac9214b901f4c08af5e675ae54cac0146263de936ddc96b5289703fe541b84","fc652d1dd27e22deaedba5e34e3b8439be392cc7056ea98cbc6c4a235e4931e3",TRUE,"full_grid/archive/partial_confounding_v2_round10_portability_failure_20260724T1000+0200"
234,"CONF15_joint_0p75","8396751","completed_v2_scientifically_ineligible",FALSE,TRUE,"6f10cefb65dbd5ad7b5bd5e894807a4495a43841e8c7d083251e4fa4b1e89bb9","3a1c7117b3eb46f980e2a0f32cb4b1d63f16c64511d3d7eb4eee1fee8e077104","b648fccc5d9a687e67345b36ea703630c151c40933e24b2efe854783a3e01f5b","3dd9fc35399013ea71802814eabaac4bdb12bf4667adcd0f0cd64d9a42a95f44",TRUE,"full_grid/archive/partial_confounding_v2_round10_portability_failure_20260724T1000+0200"
235,"CONF15_batch_0p90","8396751","completed_v2_scientifically_ineligible",FALSE,TRUE,"08a63dfc69ca0d18cc2e333c7dd6801ce0b3513a9e0d6916b1910f9c3d4ca51c","d2ce280c28197a6cfa280ccaefcdb31f6771fed99b3a2c95a769930774d139fc","51e6d27bd89bd2c8d27b8fb8a7c46cda8b488d1f5dac7415abf683ecd3fd9355","bec944738965eff7f125f849d350948f367870026a7bf6c14afb2efc0a2bd283",TRUE,"full_grid/archive/partial_confounding_v2_round10_portability_failure_20260724T1000+0200"
236,"CONF15_run_order_0p90","8396751","completed_v2_scientifically_ineligible",FALSE,TRUE,"8ab54aecbf767d0dd8cbbcc32edc9f80cb0a78c59787f68412d27432985c3d03","a2c6725cdc53db009b48ffbbd8049d61abb61bab0881d89aeb21d527018b2635","9a5eb253c07af8bbe042cf6f16ff8b371156b29aac104863190b31851ffdf62c","4908cf04b5ee4f2faa7b0c4103d054b6ded4fce51a302f8012d24b4bd2501c8e",TRUE,"full_grid/archive/partial_confounding_v2_round10_portability_failure_20260724T1000+0200"
237,"CONF15_joint_0p90","8396751","completed_v2_scientifically_ineligible",FALSE,TRUE,"228b28bb654b73e4134b05107825ff721947020722fe4fcc9eab9ae381722420","c375389379b4141233d9eca13f859f8fd379b0fdd9cec00977caac98a6b12e54","db09b14a4ddc65ad46212dcb17e1208a61eda0b1542272305f1044c77698bbdc","5da9c6edfc94d5c1caff1fd2eb4d151557129448d75be8409f08593dda359ff4",TRUE,"full_grid/archive/partial_confounding_v2_round10_portability_failure_20260724T1000+0200"
238,"CONF15_batch_1p00","8396751","completed_v2_scientifically_ineligible",FALSE,TRUE,"13b6ad5b5318ea31695da19857674acb94fa874f6a1f035352ea4879b00e5a54","068e8b49b55febc9a59fcb83357c727e4fd46a592b3ed8045a298500ca5b4739","453545cd977707d51c769b47c7a5ef2f9ddf13e0f677429a1cbe5709d4261e0a","73f1e48472962218857d399be19e923c65adf14cd1cf919bf9edfa38209b2004",TRUE,"full_grid/archive/partial_confounding_v2_round10_portability_failure_20260724T1000+0200"
239,"CONF15_run_order_1p00","8396751","completed_v2_scientifically_ineligible",FALSE,TRUE,"dbbbe64c10604d7df47922ac9650885d6cfc32c28ba50db485e4860120d245fb","d007d73cb23e9a9ff83a12622fbb4fe637bfd94f3c01a236cdea21efcb547458","198e6489a203bc6e8a9d9ccbddff6abd25849e806cdcacbd501502ed13f68912","a09b6ef174150431430e7a6f3b01dbfb804084292bff5b6f84cd9ea607df743d",TRUE,"full_grid/archive/partial_confounding_v2_round10_portability_failure_20260724T1000+0200"
240,"CONF15_joint_1p00","8396751","completed_v2_scientifically_ineligible",FALSE,TRUE,"d293875bf7ee3f66b4665187dbbd5b2b95dab323320257a96b802f1e1431e9a7","f551d79566d78dae813c6344fd0fe5ccef576363d34ce99c02571201fa54362a","eebdc36ada21510b1b6d360e10b2eb747c2922ed63a9c84da068934e8d293e87","626512abf3981282008edbecfda765b1431bce30529f495f72a9eddfa4da35e9",TRUE,"full_grid/archive/partial_confounding_v2_round10_portability_failure_20260724T1000+0200"
241,"CONF16_none_0p00","8396751","completed_v2_scientifically_ineligible",FALSE,TRUE,"d57fe7b4866582f10063f7e54c4033b143d8ef51e7190ad545b8ab7b83346b29","b45cc91d2d4c3c6552536b1aa3c4d4576e0e7826885a8d4c9ffe9c683dcb402e","12faa250ead0ae2feb56ca2ccab87048cabced206a86b0928bf0c8512d6b1fe4","f56ab6d75af27175695380284bfadc219b550d202b53221f3247937cc7a73497",TRUE,"full_grid/archive/partial_confounding_v2_round10_portability_failure_20260724T1000+0200"
242,"CONF16_batch_0p25","8396751","completed_v2_scientifically_ineligible",FALSE,TRUE,"4c90a3f128c954cfcb4a5e8f91d17c3e839a59eedb4b4bfa148ae0d419d15e13","0d3047bcec5b96a79e455da1c378dbedac58376fab6000cc526d7865488ad694","b4ae0f850653ff1014122fee9dd28c6c8d11c69ce8b53cc4cae650563f107f54","61a056dfd6f772859dfccb84fcf262537ab766bef3c61c7ac5032592ca56677a",TRUE,"full_grid/archive/partial_confounding_v2_round10_portability_failure_20260724T1000+0200"
243,"CONF16_run_order_0p25","8396751","completed_v2_scientifically_ineligible",FALSE,TRUE,"b2ca706a3e7c6e4f1ab187e54dbe921384522358b7cbdf16765163dc6c48a7d9","d73d114a8565dad0fd9954d92f33268be025a2783ab0b5fe54da9baf7563e70c","053dcef5d4b0375b42d5cbff9df8eada39e113eb0b2034a469058852d356ec55","b02de74186d970e47b591805b80c0e52d5bd88c37d00fd40f4c32a45c29cbda1",TRUE,"full_grid/archive/partial_confounding_v2_round10_portability_failure_20260724T1000+0200"
244,"CONF16_joint_0p25","8396751","completed_v2_scientifically_ineligible",FALSE,TRUE,"0960e517aa202b54c20360a84c5e18f40b1981f779a342572c03f0a168450305","ec8483c605962b83d060d2d139208196bf0cab290c30b2d4a2d385031f0ac889","ec12aeba09e1d703cc7b724fc1cac30a87276fb1ca857e16da95f2f0a90c42ec","7a12052ef9e63871ebe0734709c840012035b553b161a77a896b54d7e4a7f6b4",TRUE,"full_grid/archive/partial_confounding_v2_round10_portability_failure_20260724T1000+0200"
245,"CONF16_batch_0p50","8396751","completed_v2_scientifically_ineligible",FALSE,TRUE,"9948a152758616c1bb5543f6d6d13e423bffed768c31c852c0c37ba19db289dc","268cd171fe3f37b2daa92663aeb3d5e8362d19609a17eaa547f3f9cbe60c8289","d8c28c2e50d89c9faedeafca04b5962b7dd0761497e29b7f9fcb16003c97f62e","bd14962bee083ad113bf014e71583c55cc476b9bf05a8c514a89873355c07176",TRUE,"full_grid/archive/partial_confounding_v2_round10_portability_failure_20260724T1000+0200"
246,"CONF16_run_order_0p50","8396751","completed_v2_scientifically_ineligible",FALSE,TRUE,"f9056488d7bb55d9326cf9226f29cc422f3edae3e1f4d211157155ffc1294de0","f28eb75e90080ffc760aff2878e4bceeb6bca6cc81ad6b97bd931fb6416cee06","ea4293485698eca61277280dea9f1ca55b2fa3fb7c0fe862fb658b9c5a849846","fbd90c0179cb61be7a2cd48ee462ae3e4cc739367af1115e879bbffa7160227a",TRUE,"full_grid/archive/partial_confounding_v2_round10_portability_failure_20260724T1000+0200"
247,"CONF16_joint_0p50","8396751","completed_v2_scientifically_ineligible",FALSE,TRUE,"619a8a915b817c7efe0cdb31d057140115e40d83a73725ebe47bce836132a537","75a27ee1f07da7bbd435d134ddaa260a4eee5253da842bd8f42a61fc6b2de7dd","21ec25056c549aa0941415c282c5647000059700d58e5090a9213d8d8b10d736","201a24198a2701298e32052d5a377778b222ccf1d8c939b77c967b3b1373bd20",TRUE,"full_grid/archive/partial_confounding_v2_round10_portability_failure_20260724T1000+0200"
248,"CONF16_batch_0p75","8396751","completed_v2_scientifically_ineligible",FALSE,TRUE,"23f8808926a3abf3cb1c7aa1622529dcda522e8909631f7abc5e14e20a4fce4b","499b940ebc4db25c4f129daadb90805649ddbac3f3b69c2d72e10a305a9060f2","85b6a69c84ffd6bc8d5af90fb09eb41245636533add12b839ab3fe26cac8b333","e6781fb474f0d6c19a106e126116a9efbee622acd74a2b53700ba4284e2c6612",TRUE,"full_grid/archive/partial_confounding_v2_round10_portability_failure_20260724T1000+0200"
249,"CONF16_run_order_0p75","8396751","completed_v2_scientifically_ineligible",FALSE,TRUE,"4b071b0d90d44126a22a4a596a6fdb6fc56f0c0d1c50c89b0ede601be89c404b","b66c3cfa38f954a15001ac20b05af2efcb2cd75710c241bb31573daa4cb7f1b5","58a0dcac95eeb173029e2816c7962dff528509c71a570cf9c90bf2021eff0288","567557c25b2d0ad70a43737b4e5befe5e6e79565b7208adc566f3bba6403640d",TRUE,"full_grid/archive/partial_confounding_v2_round10_portability_failure_20260724T1000+0200"
250,"CONF16_joint_0p75","8396751","completed_v2_scientifically_ineligible",FALSE,TRUE,"ee64b1010fbc61c07aa025ffd4fe43fe800a27bae5b0f9718beb48f8325a0688","d1a51b52f377efabb1b77a1a48af4cdbd3bef7587d027546c85e61be3f2d444f","527b3ca4e660cea4d20b1b5f58a0743187f731722126ee9fa4b3c93351e74717","dcede9df6d7b7f0f62094fd84b0e0716622d98f2c501521904e4f20a9d677ebf",TRUE,"full_grid/archive/partial_confounding_v2_round10_portability_failure_20260724T1000+0200"
251,"CONF16_batch_0p90","8396751","completed_v2_scientifically_ineligible",FALSE,TRUE,"a65d5654f458ecf9e5af51f505b11f5f30e6846a0e8a76d5574ac2defe3f86f6","73fe7eefdaa5c6fb786a8351a5fa159634a78b910ced221facc1b9cc7b095bd6","7ebaf825a831ba406c535fa9b9a359ac2502afb9c0b8afee07c039f0fa3e79d2","9a9687beedc3651de4534fa205aa3af54b82485bcb517a06f59bb7014cc1efa4",TRUE,"full_grid/archive/partial_confounding_v2_round10_portability_failure_20260724T1000+0200"
252,"CONF16_run_order_0p90","8396751","failed_raw_log_round10_portability_gate",FALSE,TRUE,"ab4ae9c39f84b775a85fa24e8f1c5feb218961cb8ee37f3cf1287226f956fe0d","5685722f9ac7d5d5e73152d073c229bea2ba887f7a2e07d1673084a68f1eb45c","58907e03dcf1f61f2e6cf2a7d9df9db675785bfdb8484ed8b9640e16e72ba416","a9de17cc46fdee2ac5e7dab601de9986f287d5d661153c29c6f031376d8ab867",TRUE,"full_grid/archive/partial_confounding_v2_round10_portability_failure_20260724T1000+0200"
253,"CONF16_joint_0p90","8396751","completed_v2_scientifically_ineligible",FALSE,TRUE,"b417a21caa11f3ecf408fd704e4ac483cb821bc5e5d4617ab6e8c3ca8dc65681","e72ddc056a36b3a3a223123c2b1208738d64bfceee2bf58f0fdf7d54a5ba0bf8","90e7e126b527687bfea35aa10697d24932f5d5700271e2faff4b9f3b9f8b764a","7324e57014e2819701decc13f2b35b450e252ca14818ec10f5f9914242d45ba9",TRUE,"full_grid/archive/partial_confounding_v2_round10_portability_failure_20260724T1000+0200"
254,"CONF16_batch_1p00","8396751","completed_v2_scientifically_ineligible",FALSE,TRUE,"3e7524e4bd8eee56d7ba22e82725c7b6f514599c89a4c775d07b2c104094555c","dff53acab9f2293a472e829e39ec8ee7732d49bca4bb474e372f6a4a77a786e8","27617caed7d286a9b437b3566cdc54a73c18f9a1940662f1605c9cb6976d2db5","300a19d3042d083f27b204d9b2e5c5d762cab2312a74a22e275d7cc5fb068a18",TRUE,"full_grid/archive/partial_confounding_v2_round10_portability_failure_20260724T1000+0200"
255,"CONF16_run_order_1p00","8396751","completed_v2_scientifically_ineligible",FALSE,TRUE,"5ef79a787d9f694a2d494d88ce42e94cda154a35a87f4df75bc758e7593db13b","d399f2b6c7561310d6640edb5592b4d849695e7e0838837811f7b34f51a1a1b4","0c93ee7985f753e26170a7c183cc48b39728fdc135642870275d92e416df076f","818f3e3edadf4be432ebbbd5adb30f6b143e5ccc5e7de7271f5854c866ff8048",TRUE,"full_grid/archive/partial_confounding_v2_round10_portability_failure_20260724T1000+0200"
256,"CONF16_joint_1p00","8396751","completed_v2_scientifically_ineligible",FALSE,TRUE,"d0d7a7b3f4da514c5116569b4631acc0bfca3335a828c2b617003e40ddcb98a3","6a0248eb94e24b9d8ea1c917aa3804b52bcada09d79c728b4a050ac8c2a6f2d5","2a5102d85821270f0da7c38a1bacae35a1e36ae07934eb7c9aee9993fc893772","a571a9f26cc41c3f1b62c285f0ee319275bf6a184d799c40dc2b94c1444bb4a1",TRUE,"full_grid/archive/partial_confounding_v2_round10_portability_failure_20260724T1000+0200"
257,"CONF17_none_0p00","8396751","completed_v2_scientifically_ineligible",FALSE,TRUE,"209b0c019b6c86a8e5e9be8cf04fac1c423fe49dee8b694d7e373b99b1ca4c3c","9ca10e44e90f443df4638e18bbfc61a05217f9c4a0f712a9f5c0bdef5bacaaaa","26b609fd2d3d111fcc24845a91f000a3e3cdfe3eda9cbf287648e082669ffc18","41de7f64233055c3b51e7ef2d6f2f7ebd9dfe5f0a79e6e1e449b627b057519e6",TRUE,"full_grid/archive/partial_confounding_v2_round10_portability_failure_20260724T1000+0200"
258,"CONF17_batch_0p25","8396751","completed_v2_scientifically_ineligible",FALSE,TRUE,"b96c9aa7238f0909d9e36345fc5b52d95f553e402dc9fff3969a8503faf07ff5","97fc4cbeb392f472def6d4204f1b6c359e5af60957999441f3c25128b145bd94","580bc3b87fcf3a6912cd8636ed4c0f97001363f3d2492bad43ce79fb3f2499ba","4961e9f95ea924c5f8a00cfb06a73f85e08980c3cd61307091a84db6fa3a8e19",TRUE,"full_grid/archive/partial_confounding_v2_round10_portability_failure_20260724T1000+0200"
259,"CONF17_run_order_0p25","8396751","completed_v2_scientifically_ineligible",FALSE,TRUE,"524dd1c2d678e14c2fdd1ece94e214f104e9ca3e1af8c1887880479044eab85e","43369c775ad982d37be88b6b031db2c20ee07e4a7bd033814964371c3fa3f89e","1c63a387c96b46bd1166f9636ac8d6e0f5048a41d203816c05542aa9cea1f236","e1b51da946992656cac01e30d44bfee3bcead5bf4fd3785d45c68c0dbef82ad9",TRUE,"full_grid/archive/partial_confounding_v2_round10_portability_failure_20260724T1000+0200"
260,"CONF17_joint_0p25","8396751","completed_v2_scientifically_ineligible",FALSE,TRUE,"b1ed859982514e1585179ce2956a88c37d33fc52411fd1427ab6121465d0d707","482b6411c38c215739912f9e08736030b3e8a68fdeb7fa9b7ce4492a2d9c8633","b210243178f55dd48fc85f6004cde7157c782b56daf55113121c50e5e702bcf6","014d5a4fc1d076c624653e9eeccad0a8f2cc4f23a839aa00ed2e93d58ab41160",TRUE,"full_grid/archive/partial_confounding_v2_round10_portability_failure_20260724T1000+0200"
261,"CONF17_batch_0p50","8396751","completed_v2_scientifically_ineligible",FALSE,TRUE,"7f1633d2c3b1d480f3d627d8b7645bde11b2a1fc0d40640253e3b497ec6498ed","86d37473841819e304d2ce676c54807022c4abb095cf3e1490e373075ed35e8f","279795e5facf0f8796b3c12778fe6ca54a3d476d6c2006d3517fafc20587cc33","eed5e1ff96c5db058309dad22669ac2bdba32fd3e94dbff1f3addd38180fe436",TRUE,"full_grid/archive/partial_confounding_v2_round10_portability_failure_20260724T1000+0200"
262,"CONF17_run_order_0p50","8396751","completed_v2_scientifically_ineligible",FALSE,TRUE,"3b62200aed7cf3006c0758b4680ae0f261d9e141f4b531ebf39bc11db851b537","3cfe183cecbd5a502a5031022c30167cbaf1130ff32ba85f59949d1610a8e9b5","824c29f6ecd5a3614264be5bf3705d94539b439b70a8becaf7c3f918132c813e","7bd9ef75ae23a07d93b25655cff8dcf872a8734a1702a7c434017f6dd966b3fb",TRUE,"full_grid/archive/partial_confounding_v2_round10_portability_failure_20260724T1000+0200"
263,"CONF17_joint_0p50","8396751","completed_v2_scientifically_ineligible",FALSE,TRUE,"bbe7336eb0035661f37ea6d101f03c943faf72fe6d2076e4c508135823f48111","0d11269dbc6845a0ad548034c08cb384eb14bc283f5f5229b294f6d24109c5a9","e1b5aa5d4ad41f71476b735dbe9ed6a4cd871ef66747427656bbdca0e63166b3","647931a5e187b57f48ae00e4ac56e7a7b7f12e7a72261bf7f3311266b1f724f7",TRUE,"full_grid/archive/partial_confounding_v2_round10_portability_failure_20260724T1000+0200"
264,"CONF17_batch_0p75","8396751","completed_v2_scientifically_ineligible",FALSE,TRUE,"6627e9272f2c21b9c8df478721a9ebcaf494a35b75111c6f2eca5f3e2d452c14","ddbbd77427bb7e226d2781ab56fcf044f96ad0a1c9d977d06b1757d783dca2d9","57dda767ae3afc864eb609383cf5e660fac0f4b443e39434a2dd7fd073c1f704","966354df986da1270eb87406a941181f9af2f2099a7a1ff144724ce298f104f1",TRUE,"full_grid/archive/partial_confounding_v2_round10_portability_failure_20260724T1000+0200"
265,"CONF17_run_order_0p75","8396751","completed_v2_scientifically_ineligible",FALSE,TRUE,"b204f629c5140fa57c70a8dd724fa6aafcccd237efd5948c175da6179a57e9af","e5a872d964c2568c63384b157c8113b3d1c1176e2a8076d5bef01d08b9dda664","6b0a136988267b966e808cc1d5ea8f77a3b27ba8337ca0bcdad3f470ed1b4c99","f8103c91bf8691f50ee8782021e699d11e49ed4c7881d9ef3fd66a928c31f26e",TRUE,"full_grid/archive/partial_confounding_v2_round10_portability_failure_20260724T1000+0200"
266,"CONF17_joint_0p75","8396751","completed_v2_scientifically_ineligible",FALSE,TRUE,"7cabe8df2d82054ac3d31794362803d2d02a814537fa34b60a8f74eb4d30a186","bab863c51aa82f52219c4bbe9d6dfe2b10c60a4f3315a284d8605508ddb6cec4","6e8bad440cfeef7fa95fce704ccb1b0fc3787e08206f9fb8fd35f5a4f3f9e529","450e748d9a1f89304861f2025c7bfbe0be6e9f59a1017ccea4214197222dc85b",TRUE,"full_grid/archive/partial_confounding_v2_round10_portability_failure_20260724T1000+0200"
267,"CONF17_batch_0p90","8396751","completed_v2_scientifically_ineligible",FALSE,TRUE,"fa39010b50d05b4c5c9309c9d24f7d601cb17ac19fe172e1f3952f4e425f792c","def08419659e8ef8513f06befaaa35e7b4a878667ed8d97034238095544b757b","50136d6a793a1afe5282d9729098586fa915854f6e6ab741bc2a16d0ea6f6e42","751f27095fea4e579e898594691128513ef87ff7eed17a1cae359eb930ebeba6",TRUE,"full_grid/archive/partial_confounding_v2_round10_portability_failure_20260724T1000+0200"
268,"CONF17_run_order_0p90","8396751","completed_v2_scientifically_ineligible",FALSE,TRUE,"0d6faf9c7350762a2b87cd358b2a724624f7bd828d39094b01183e286b41ba1e","ff0c365e74a91de7c0d6612cea269c3f5fbb7b1781b5a277dd871063d45bb0de","e2ebe931ed7e31fe39843a9fd9cf53c179387c8ef4a6469f0c490be6bc91c651","59339185f88cb41a223ca62f747147f9e6be3d8977bde0102e79c3612babb715",TRUE,"full_grid/archive/partial_confounding_v2_round10_portability_failure_20260724T1000+0200"
269,"CONF17_joint_0p90","8396751","completed_v2_scientifically_ineligible",FALSE,TRUE,"dd1566349816790efad2cb1ffff697e521fc71aaa68c945b619005e0d255ebc0","44d48e7208ffead1cd4335190f32f2c05da4b7e8af88846728f12c4a1ab86f38","077cc3e17db32de59fb94142634b470dbc9468f15d4f72eb6bc0ff26abb5bdac","ecbe8acad9c8e2282042af2589485d9703a8be8fc090e7930fd02c28b308d207",TRUE,"full_grid/archive/partial_confounding_v2_round10_portability_failure_20260724T1000+0200"
270,"CONF17_batch_1p00","8396751","completed_v2_scientifically_ineligible",FALSE,TRUE,"1c6fff9eefa79a33072c373d4f715240503b208c076cd170128b4abc8eea5b6b","e725538a07087534fbd0ef3f8bbfc868a33dc6db982cbcf749adc3e3fb17c024","39bd4cb944e7de258d29f36d0f667df2541415506f522091f5d9ddfa7005a26a","cca9d6693a7562a47bc990fc18a1c60b35c2a17a9696b32e3676fab7b84b0ea9",TRUE,"full_grid/archive/partial_confounding_v2_round10_portability_failure_20260724T1000+0200"
271,"CONF17_run_order_1p00","8396751","completed_v2_scientifically_ineligible",FALSE,TRUE,"b6f554306d2aab039f6793b7c580971cc51e4a680155eebac6580ba32aa864a9","a1ce6d82977440b8376963e50328a50c338c2445f6e041dd3414ff5991c44a7c","061f589cb85700b05a27fba3e40947620cf4448c2f3b05e97fb09179ffac64cc","667d85a2b21633ffe1a5699d9a7bba184081b9983ff3abdc5cafa3f96f37ba8e",TRUE,"full_grid/archive/partial_confounding_v2_round10_portability_failure_20260724T1000+0200"
272,"CONF17_joint_1p00","8396751","completed_v2_scientifically_ineligible",FALSE,TRUE,"9aecff618b021ede24eda23317fc43e92c8ae77eb3e7f7962e1823afb1c67003","4e020953876da74ccb93694f8be2e41e7959cd5066382397b0541e5e40bf3fec","69ba370d47f58a6630cee7137ba251811b842cb05d3e7fb7c25f10f66a867cc9","6c84c0202a17a2857ae9f319d6fa73c2f1207f7ca4feb62d4f0bc3de175444bf",TRUE,"full_grid/archive/partial_confounding_v2_round10_portability_failure_20260724T1000+0200"
273,"CONF18_none_0p00","8396751","completed_v2_scientifically_ineligible",FALSE,TRUE,"d488a8b8a88689746bd5e917ef69e7569ded3b5fd8541bb9b72f51d354136f2d","05b060a3b393f7c44e2fce07def45d8a87fdc1f215ddbe79fb7f4824d408ff87","e1b46a5fcd7ba42bda6843a396b79f1d1a9a7184c87733f0dd07e440bf91c905","a1c74b3ac2f2369c6b667287f68c6a49827256766c61299317bffb1debeb04ae",TRUE,"full_grid/archive/partial_confounding_v2_round10_portability_failure_20260724T1000+0200"
274,"CONF18_batch_0p25","8396751","completed_v2_scientifically_ineligible",FALSE,TRUE,"1a5d9b373801a47f7b2e9f20ed0cef9e78f5d59d4f9510a6934e2925c85edf0e","ed52ef7c00ca33370dd6916cb52e6e3c1fcdfed82b7305f96799fe7e8c8a374c","b461e460f74a0ebb53a0ea64ef129322eeed5e50116246d280e40ad55f4f4ca9","090430ef298910957e81c57bb44c4afd8887413560cc6b9beafc92991918bf3b",TRUE,"full_grid/archive/partial_confounding_v2_round10_portability_failure_20260724T1000+0200"
275,"CONF18_run_order_0p25","8396751","completed_v2_scientifically_ineligible",FALSE,TRUE,"e764008330f4cbe018ddf9e8f028fb0f1eade4874da17bc41a1acca871b4730a","a7564d898ae465dcbf4dccdfefee7d1dd8ea77132b6ae41b496f6f69f8162c50","c6bbf3b8820a376f66cd3e693738446033d054c213465060da99a7f619ab05cb","1d2fa34271c5cb0cbb672b0b717124e2baafc100893a9fa5faa34a160cdf33a7",TRUE,"full_grid/archive/partial_confounding_v2_round10_portability_failure_20260724T1000+0200"
276,"CONF18_joint_0p25","8396751","completed_v2_scientifically_ineligible",FALSE,TRUE,"cca6fff89c8f7870fe24c66a61a3b7817a80a5a6a109cd6aeff39f1b4501755e","6644526d9d68a415cc11b142ba134faa913b5336ce9a7cd600581737d0e63b02","f187fec77446a912a5ae10294c7678a9cb99568ff81ce01cef073799e7ab5328","87d6f1fef9b9b876bfb1e9482951e8c8d95224983fa855f8237ca502c65f04eb",TRUE,"full_grid/archive/partial_confounding_v2_round10_portability_failure_20260724T1000+0200"
277,"CONF18_batch_0p50","8396751","completed_v2_scientifically_ineligible",FALSE,TRUE,"6a17cc3d1c8d2278656216b16cd9a0df9d93af3a203eaffdf58eb262e8d9651f","aa6a39916632cce2f08c01e251d6c4cff27935a55ec99c487874f1849e803963","2044a92daa9c00862babbc1aa6ad2ecc1d2ea2cf14d2e805fa4ca586730e6be8","e0bedafd063c4ea4df52ad5694971ea9e6ca83392321400b6751a4378c914e06",TRUE,"full_grid/archive/partial_confounding_v2_round10_portability_failure_20260724T1000+0200"
278,"CONF18_run_order_0p50","8396751","completed_v2_scientifically_ineligible",FALSE,TRUE,"fd0cd8b6e90506cb2425e63d38c03798c8199944b5ba936a14f8a323cfb2dc8d","1afdd05001a5cf0ad01cde95e8bb2d5113a7fd56b18bbc763832f5e764d1af1a","885fb9c221b87faf3cfa19005a261f31dfc17a3e1f4814d7f2115e5394354145","de071326770e796d78398427f93ff63482444772531545779f5b56578772315f",TRUE,"full_grid/archive/partial_confounding_v2_round10_portability_failure_20260724T1000+0200"
279,"CONF18_joint_0p50","8396751","completed_v2_scientifically_ineligible",FALSE,TRUE,"bc8931384b965c1ba8f95488414be05892656eea2d00c2cad499aeb1477f1bfc","cd1ddb39001711b91b7a99cd8ccb4319ec371949e187a540a98dae86e5ccc8ba","adef9f06c792813a213f26404b79f1d3a75ed4477af7bc5e5772c2d1c77f46a4","f996039d985a5613050cab83f63300e05d7b75e92cb7807180cb9ecd2a195dd2",TRUE,"full_grid/archive/partial_confounding_v2_round10_portability_failure_20260724T1000+0200"
280,"CONF18_batch_0p75","8396751","completed_v2_scientifically_ineligible",FALSE,TRUE,"b9ea60d2326dadd3c33c4f192afbb61c1fa4f8b60d598a8c4775484c2a3bb1cd","9b653c044839ebb7d58e8e8d84df7629621cc7b367344e3a73643ed550103d89","7c004d614ced5d59d2fa4d604f98685b7ae9cb268710574033bb36daab80aca7","bf7bfeb14a3653b4420da8b78c0e8441fbecbb2517de2ba94b5262301cb7ae4e",TRUE,"full_grid/archive/partial_confounding_v2_round10_portability_failure_20260724T1000+0200"
281,"CONF18_run_order_0p75","8396751","completed_v2_scientifically_ineligible",FALSE,TRUE,"adb265fa024b5300e9286ecbeabd454ef1a5015e208353666d7e0e400de040c6","63d25cb6e9ae167e58e8fa549342633c110ce5535323b0fa714d31032a12c40f","1baad808a5f4bdd5d1ee30748652d06b38af4f0d39cd8f6f358f90c8b8f47db2","4d41d9be21f69ef2e85ccf6d13ac1158d24aea3b21c56013aeaf638cd19eda25",TRUE,"full_grid/archive/partial_confounding_v2_round10_portability_failure_20260724T1000+0200"
282,"CONF18_joint_0p75","8396751","completed_v2_scientifically_ineligible",FALSE,TRUE,"953a761eb9f042efb07a318045ebb57766f965cdc1d9166e3833336b3bfd6494","b60a7d5f2f34f00c6d5735247005719fac7540b71bb5503d65e8d1d1ce129d97","7fe5545796d45c2f218349dbd43b6773863037f595723bc4914621df976c0d7f","a52ccdec352ef8d5af36ca8021f6a82f995c13bfb7884e62eb9488c7b23af576",TRUE,"full_grid/archive/partial_confounding_v2_round10_portability_failure_20260724T1000+0200"
283,"CONF18_batch_0p90","8396751","cancelled_after_v2_portability_failure",FALSE,TRUE,"f93e0d47c873490f68cb6e4bf6c272e909ddf8f919ddb03b1a3c55d05cbea392","59e1a558ce6adb3ba94d4abc931015897d2dc0871c91f957c872af5b2da0bff8","05c03c28a1d3b0d175894dbc709e0f6bc1c51879054e5a033cbca11392c0d131","c8dbce176af984235511b6059d63d33dadcfb1bc127d7a461023093a0ab1416b",TRUE,"full_grid/archive/partial_confounding_v2_round10_portability_failure_20260724T1000+0200"
284,"CONF18_run_order_0p90","8396751","completed_v2_scientifically_ineligible",FALSE,TRUE,"b2aa9c209487014bca6cb3e514cb4fadda282c8200cd096ec7b09e6feb1eaa68","e77470ed59c7b6b5b53dc5fc69a576a7a9ca06ffc4df320036cba77ce4193cca","e430ad9d084eaa5224bca7c8dd5d2e376c28b30cf6a323838f7dc7026db0418e","6ed4a1e4f9703d73b4c863252485e03f233b6c0f160988da7431056786baa7a5",TRUE,"full_grid/archive/partial_confounding_v2_round10_portability_failure_20260724T1000+0200"
285,"CONF18_joint_0p90","8396751","completed_v2_scientifically_ineligible",FALSE,TRUE,"a82f521d8695569113b2cb5949fec573183e7e8df19dc7b168cdc5adec585572","f7e5957adaaf428a2297c220ef9ad53fc3b3d8071bad12d7aba064d37a46bcc0","0de2a990b086314fb32f238162749fc8b30baad5b09e8b2f0378a9270afc7bce","f05af210b605dd02180e1413827c481b002a6e36ee1d8ed67e2227d662bb4fee",TRUE,"full_grid/archive/partial_confounding_v2_round10_portability_failure_20260724T1000+0200"
286,"CONF18_batch_1p00","8396751","completed_v2_scientifically_ineligible",FALSE,TRUE,"e315c833c9229613bf7512cea4d1921ccdd3097c88aebcb6a0f645b111fe3b94","b84f7130263bcb7d4882d1d6db3dd6355707f8c70aa1ecf844a4989b32744441","f8ed8e10d0c84eba386c9091fd0eb9acb127cd456321d28b1c0ade53527dd701","092298f1752f7c62b57fa3f8190459259920c8eda06d0adfc4b8642c7e614d93",TRUE,"full_grid/archive/partial_confounding_v2_round10_portability_failure_20260724T1000+0200"
287,"CONF18_run_order_1p00","8396751","completed_v2_scientifically_ineligible",FALSE,TRUE,"59e8fef024d13d4d8b2af4b7d11007663b5e621d6b49c297e91e81725a5a9df1","36eccac951b3d71b080d676d13db36fb0670c665aa568e113acdcd09377261b7","ce9f2539760d45defc00a1451f493a54f94f4be88357da0d65829255be3acd12","b3b634f388982a9b425a1445cb774ee5154d3037d1b4e36da2dbf138bdf17bdf",TRUE,"full_grid/archive/partial_confounding_v2_round10_portability_failure_20260724T1000+0200"
288,"CONF18_joint_1p00","8396751","completed_v2_scientifically_ineligible",FALSE,TRUE,"2dc8e32fdcfc3f01413eb8452927d4a5d1f7a5478a1c84a207aabf7bced2dcbc","e5e191e426e8996174d6791432f7f74b260852b3259a54bc3deed299c3e193d3","e6c4b86e8af8f3b2818cbe2f2c62dcb212cca876602a8286c45bbd0577170627","b8d3262331ab1f57aa86a77ab8a7a5781896846babfeab49b8ecb7e8288d5adb",TRUE,"full_grid/archive/partial_confounding_v2_round10_portability_failure_20260724T1000+0200"
289,"CONF19_none_0p00","8396751","completed_v2_scientifically_ineligible",FALSE,TRUE,"db1fa9f8933e873bcff9995f29fdc7eadfc13c13ef656c5f4e0e13e7d917f85c","fb4ec678e9da64ff8c8cc8c47fc05a6730dece1760168e3c4d8d19897232ae8c","a4bebcdb66b2406f7b4850a1cee55f13793d73119ec55f70f277314da3bbf9b2","ef2f2bd534500ad889ae1cc2fe3c4281f7f366b919a16e222b9a3bf688124aa7",TRUE,"full_grid/archive/partial_confounding_v2_round10_portability_failure_20260724T1000+0200"
290,"CONF19_batch_0p25","8396751","completed_v2_scientifically_ineligible",FALSE,TRUE,"5e124d5e71839a1eda9362e20315de9ac450b18b35b51c1df214eb15213a5b15","c98b89866e07e4c71e6360c5041217b08292762bd872e19606891bfade47f048","03e301ebfb04cf3c6bab22bd2e8ffff4838d7b6ce3d47df02449306ad5255412","1407ee2d680dcfe8e0bfba25477ccb92b00c8f25760169c402f8306c6d447fd5",TRUE,"full_grid/archive/partial_confounding_v2_round10_portability_failure_20260724T1000+0200"
291,"CONF19_run_order_0p25","8396751","completed_v2_scientifically_ineligible",FALSE,TRUE,"b08d2127d6aca0acd007cf54b6b8ed03acf1c1b743e70dac6d19ec2331d30051","86f773c8b28a8b83d11f182ae4b91a66d5a58223e88a840d044750a193a29a03","f83c7c05f68dd5cc52a71cf8b512deeaacbefd7a3f1ec849448843e7762b8799","ca064e76b14066c6b5d23954d15cc4ddd7091262b47bf04738f08a447f3b5b9c",TRUE,"full_grid/archive/partial_confounding_v2_round10_portability_failure_20260724T1000+0200"
292,"CONF19_joint_0p25","8396751","completed_v2_scientifically_ineligible",FALSE,TRUE,"ba8ddb855a64b1083cffcecbe2e4918d8af8bca430650ce147a921733e24fb3d","dfa83b7d8af666e016a7c47d65e6a57180ae17644553d43cee1bc8501f50fb84","a7de3b5dbb3e181123575545a1a4c7b6b72c171b674d4db0b19e9ea95081099c","3f7bcef579f31cb07f6a5bc6aba95b19634acf35b8122199a603326241fcfe3b",TRUE,"full_grid/archive/partial_confounding_v2_round10_portability_failure_20260724T1000+0200"
293,"CONF19_batch_0p50","8396751","completed_v2_scientifically_ineligible",FALSE,TRUE,"93baadb25de281230a3cdb2578082a3bd87c6413e5b3b5f64f842c488eb58c83","3b69524956d155fcf0734ac1ce2a66485d39bc564c1c6e8d30741c6890463e62","91c670357cfe3b98aa28450a251e9060fec5aadacea1c20717888b077d8c7bd9","ee8bf8b60f4b21c570a971247e2abce20e2da299e77e6a58e91f358252d45530",TRUE,"full_grid/archive/partial_confounding_v2_round10_portability_failure_20260724T1000+0200"
294,"CONF19_run_order_0p50","8396751","completed_v2_scientifically_ineligible",FALSE,TRUE,"087dcea771fcbb1f4a24eb12925edebcd21a3511bc3e7051bb3a795a8c0a7c34","49f69f1f83b6360741d3a2c3057435dc97060b85c9a927ed2199b133d177b715","f345144b6a405a0928a7c65d80d8269337052f24618a50c3c0274478622bc9e0","6967d3916e7b5d660922512fd77f5324332ced375a8d9edeb919d54a8094d9f5",TRUE,"full_grid/archive/partial_confounding_v2_round10_portability_failure_20260724T1000+0200"
295,"CONF19_joint_0p50","8396751","completed_v2_scientifically_ineligible",FALSE,TRUE,"4f819609d4d90be89bb45b559a1b7507464b3bed8d5dcf5c3ec4948ef7781360","ad949eef02b619992cfa9c4445d22e87355dd58d92229132e79000e1b4976257","73f874ff8dfc93af436317e2e7012cf7d9e2c3dc54970d6cbcb948bb733193e8","9bfebd46c3e9fe95ace852413c68ee3afc7ecf803a23fe76c790d2c0875c77f7",TRUE,"full_grid/archive/partial_confounding_v2_round10_portability_failure_20260724T1000+0200"
296,"CONF19_batch_0p75","8396751","completed_v2_scientifically_ineligible",FALSE,TRUE,"9b3d91eb451493d8edd54dc7803dfef4f399d233e442b834764e57df9baac921","2115a32ec58a91fb3aaa1ebd7084cd103a4c3d2cffcf700c68fe532ec35aa5e5","b0f0047e82db2711c49ddf26e19d461e12225547fd045a4fc345650167b5db27","420149c9d1df215f4c52535714583b365ecd0a7dd5bb6698c423ebf1487288f7",TRUE,"full_grid/archive/partial_confounding_v2_round10_portability_failure_20260724T1000+0200"
297,"CONF19_run_order_0p75","8396751","completed_v2_scientifically_ineligible",FALSE,TRUE,"f457f89b502683c4b23ec6547f03d3ed7573e706e54038b1bb618232c5fbeb84","15ef35f5e183b5392fffe74187c5ea11ca70a238102f5537140d73ba52957cbc","0ccc8e2722b135cc2595455a41289d12aef0b6626e7894ed4e9acbbab05dd021","86f5d4276901e00efc4e8c899c5e5e7f3e3a97fe95af7e1a6ea793684a0744df",TRUE,"full_grid/archive/partial_confounding_v2_round10_portability_failure_20260724T1000+0200"
298,"CONF19_joint_0p75","8396751","completed_v2_scientifically_ineligible",FALSE,TRUE,"13c3ab6656ebdd2685d9e0bef6c29ab7e6f7591921fa0ff6487f8d80523a3ed3","ae8ed56498865ef96cf93867ddd7b53af20feb1ddafb72fc0849d01bb4292564","67bf11c64c02497f09aa5438986fe243f0249f45356104e9dafe00aee968186e","6eddaf3895eae602253ce0424d8bb351a3af5fc82ad9365fee7c6694d9e98cf1",TRUE,"full_grid/archive/partial_confounding_v2_round10_portability_failure_20260724T1000+0200"
299,"CONF19_batch_0p90","8396751","cancelled_after_v2_portability_failure",FALSE,TRUE,"b3757a8ea3615f9ccb94303d241d7af8d48ecadddb69f6b0230c190ed572c52d","e2a19211a547873cce20d3f037681d7912d76d478171a0ae0e41bb42e5aadcf6","adee433e5101cd13b2e88f7b29e34dd63fd01cf6eaf10296f656f0e263ab2313","7f2b935fa0943f6e14ab62d6d935436198295c3d3bf77335dccc017cdf896418",TRUE,"full_grid/archive/partial_confounding_v2_round10_portability_failure_20260724T1000+0200"
300,"CONF19_run_order_0p90","8396751","completed_v2_scientifically_ineligible",FALSE,TRUE,"05f40196bf21947f03177e3e3c6cf1a10780e000fbae36bab017548d1abebeb0","2740dce2b542ee858c074bac00b1f953d4bfbfc844757397c0660503df347bf8","421abd5449a3d45da0db9de10dfdfbef2e3388b3fde66d4a2b2510dafad266fe","bf443bbf540c22e4bbcb3caf8efc8c738bb87749cd785c9d7ab7f78ad16e79bf",TRUE,"full_grid/archive/partial_confounding_v2_round10_portability_failure_20260724T1000+0200"
301,"CONF19_joint_0p90","8396751","completed_v2_scientifically_ineligible",FALSE,TRUE,"c6259135d7fd5cc724d8366f7a61f14ce4a44c5141df5cdf568acda9b829d5a5","9147164ba53ee0a47567479aa1acb5aedf4e91c112ccdae7b4721ebaf8de42ae","40d81de8ea2aa99d943a6abdf0a6f35980e9a3159f6f43432913990d90885d2f","80ef7caa5d44c38a229029c94c5bfa50acfc5f3c4b30b76c995f099222bc2a5c",TRUE,"full_grid/archive/partial_confounding_v2_round10_portability_failure_20260724T1000+0200"
302,"CONF19_batch_1p00","8396751","cancelled_after_v2_portability_failure",FALSE,TRUE,"12770b3cd1a4af07b634bca7e611c5eb3ddb9e3248fb5c6d39342b20ccd77b8f","c6c2b46ba8545b6a321fe7e5b2ea2aed750546b0947428e55aa8ddc378dd7121","9f9c9be33e0cd26270b4572d3ff0a4d2314a33f2d54730009ecd0536af7206d3","40e6faa5d775a6ecc59d86dcf204c6b7c8e858d31bc3a3133c9f172e77b6801f",TRUE,"full_grid/archive/partial_confounding_v2_round10_portability_failure_20260724T1000+0200"
303,"CONF19_run_order_1p00","8396751","completed_v2_scientifically_ineligible",FALSE,TRUE,"4b688fc35f8cc4e1451f5d4e0eb5328dfe3075ded700359375e9230feb093210","9351819055f967eab5e2c2c79016237a753ffd51c8baec637b3dca4cbbabe5f6","4ffea257b373c02a2c90b8c74d293ec686faa45c7363925554d483435fa51c34","52a5bc1aaa0495a7e0d6edbea71236e6cdd26d3ec79b8c3deaf65155e1d15b96",TRUE,"full_grid/archive/partial_confounding_v2_round10_portability_failure_20260724T1000+0200"
304,"CONF19_joint_1p00","8396751","cancelled_after_v2_portability_failure",FALSE,TRUE,"cf8aad4b450d460a6f094872d59f076fae9f997ed00180fe1edd897923ef1455","ee5b3f9809f56650b55e0174090088be58020516727042fb8cf830edf334b835","89135f64ab0243b29d9264dcbfc57d0e4218b1e03c4ae6d43bf83b9b2c9e568a","52a87a108c37a205667d659289a2b4633448a2875c39fac26975ce67ae802948",TRUE,"full_grid/archive/partial_confounding_v2_round10_portability_failure_20260724T1000+0200"
305,"CONF20_none_0p00","8396751","cancelled_after_v2_portability_failure",FALSE,TRUE,"cdc8258ea09fee31025f7848dc145e05a238d1f04b6c62fcb250b3cdda246b60","a0471d8d9b00437a018d92edd82d328666f226b72d9c342015f0a6581d630f5d","f752e44ae4eb7a74f36c466c37dce4337464df2c1dd8e1c0ae005e0578959f92","d299348b0f92bb704b1b3f8b5cae2082ddf6fa72b2430231a459b1151c63da4d",TRUE,"full_grid/archive/partial_confounding_v2_round10_portability_failure_20260724T1000+0200"
306,"CONF20_batch_0p25","8396751","cancelled_after_v2_portability_failure",FALSE,TRUE,"480777f6ff92d068ee7ba32b8d4eb566311cc40acc345333a0173f57242e7ff0","1b7275ae6b96239813631a0db2952616c334ee5357ef09128cedb0d64dd0e3f5","30f4cb013e3800b4285fc8f88e98c77f17fa974cd994669400c50b08b2bc64f4","228bad5f8d48aa08c2cfd0fcfed2943cd930c6173b352eb1a604df33df508221",TRUE,"full_grid/archive/partial_confounding_v2_round10_portability_failure_20260724T1000+0200"
307,"CONF20_run_order_0p25","8396751","cancelled_after_v2_portability_failure",FALSE,TRUE,"2761a344e27da7efd9e2d847863f523ae3f3b6f63c742ec1d55cf0db5d689099","ff4d792f0bd46c4d99e9d7baf0346891d127e6c0320350639d126f29a67aa97e","8992cb34bd542095a0a6b259c758c85f41c1ef301db7b655cbe20b035d096383","e7b963f5d60f76d42b52469feb0839dde06cad9dd02b5f23c61e11d45d828aff",TRUE,"full_grid/archive/partial_confounding_v2_round10_portability_failure_20260724T1000+0200"
308,"CONF20_joint_0p25","8396751","cancelled_after_v2_portability_failure",FALSE,TRUE,"45ee1782ee603d9101dce9f36500a001026b1d523ec6e289d21941ee6a412c55","fc603a9e163a82d1473b411bab936c7aa53ab9a5b39be61d3d46a207711f3924","59cb33f2ad8671b510948ed43c2cd900ae4a5a610f96ccb6ae34b62a5183c187","c7e979ede4e8f8730acd8c488445fdffcad6d3c58e8e19545fd28ec022f36fa3",TRUE,"full_grid/archive/partial_confounding_v2_round10_portability_failure_20260724T1000+0200"
309,"CONF20_batch_0p50","8396751","cancelled_after_v2_portability_failure",FALSE,TRUE,"21366eaa545a74b59a435a6af80ff1aa54fae1f1c58b66b61dd2dbd7d4554a5a","4950c4444a0f13062917c77b68114d110ad3434592865e2feca6514c21fd2739","01d43e40df03a55ce01b5050d1c659e8dd35d3c1b861743fba0a98fec5be61b6","b6fe105f14253164ec85ea1b0a9fbab7f55345e49c55b0e3e59860fcab06a33c",TRUE,"full_grid/archive/partial_confounding_v2_round10_portability_failure_20260724T1000+0200"
310,"CONF20_run_order_0p50","8396751","cancelled_after_v2_portability_failure",FALSE,TRUE,"4eba7a77f1faab033005e957a484aaed84d17da35c4a6259a271b337bf7fbd83","e14eaced1837d3839f8e0c8d89bedac35b8e4638e613457a7af1852642fd7b38","98ada0235529d50e1b38ad7937c277894d35fee7c3b15bbf4081a52191a22155","4b1d9545e227dcf5c22a7cf1b663377304e6efef8285901cd2bf29ec882311eb",TRUE,"full_grid/archive/partial_confounding_v2_round10_portability_failure_20260724T1000+0200"
311,"CONF20_joint_0p50","8396751","cancelled_after_v2_portability_failure",FALSE,TRUE,"d4afcab66e7d45505cc1a8d7c74dffd3fe1074b22cf48dddf7939fd470e0344d","f0d8a8fd74201babc59912d8ec661146ff8ae2326e3ea8d4e520483c6a128011","ba45d47c6e3c435d055f5550e8da6c05fa9d71d28821a246fcd5def31502bbfe","93186170f7073a5981d16cf5a71c015f28374585a8ef488a8aa2209dba2444c4",TRUE,"full_grid/archive/partial_confounding_v2_round10_portability_failure_20260724T1000+0200"
312,"CONF20_batch_0p75","8396751","cancelled_after_v2_portability_failure",FALSE,TRUE,"458c9c6344a7a6c9d965c63b9888bf89ea70a7697cb61dbf22d77608e79aa183","dfe5acddf8e35bc3a09be9cfbe350ecf153439164e0bdaa1a9665638634b4c76","1889c0c845291bb5f7f6ddf938aaf2d22b732de1d68a5ce5e9cc17d0574d5fee","3b5c2bdbf041cf1f48a5e1b50166c57001432787f92b258123fdd759956e31af",TRUE,"full_grid/archive/partial_confounding_v2_round10_portability_failure_20260724T1000+0200"
313,"CONF20_run_order_0p75","8396751","cancelled_after_v2_portability_failure",FALSE,TRUE,"cb8c961cb9d3b91b0d8d6cf5cda8dc64c663ea6261028e18c894dc2186ba107f","cc9aa454beb6ff26abdda8fa806faca1a58628dd01eff8cf00f110cc474a88e8","d2ff0374e33d184a1df9376e723d4c58a86c507d15f88d277805ddc4434d88c8","2b9c42408d208e93b2904a4f00659902dee81068bd82f07c846c393dcec77e77",TRUE,"full_grid/archive/partial_confounding_v2_round10_portability_failure_20260724T1000+0200"
314,"CONF20_joint_0p75","8396751","cancelled_after_v2_portability_failure",FALSE,TRUE,"302efcd1a51f77cad125217baf6fa547a7271148e7ae675f14410a4fa147b365","632835c45dc0adfd214815ff13fd13be67852142ca2aac9dcc3f212d98dd06b5","71e573417ccc488dd47640b3bb1caabec419e98c30825e8e3dea359394b6ed3d","a1a6d707d9a19baf9ed2d212afb42081ab4f65b469896e28c054b9df4fa6897e",TRUE,"full_grid/archive/partial_confounding_v2_round10_portability_failure_20260724T1000+0200"
315,"CONF20_batch_0p90","8396751","cancelled_after_v2_portability_failure",FALSE,TRUE,"a48ab84cf055bba199f96f2151d88ba4c33004649e195f40289de8b36be3aefa","7a5e67a1569c01bc73033ec3fb91545774aff9d5ddd7ed0ceeee5f2eb98963e9","fff0f41980b17c1ce510d185be6a3e15afabf946e85341d64d9bdeb764be289c","7c087b54c62e1e894077fe5567813d585f0f3f83b5b47fdf1ae9acb7facc8274",TRUE,"full_grid/archive/partial_confounding_v2_round10_portability_failure_20260724T1000+0200"
316,"CONF20_run_order_0p90","8396751","cancelled_after_v2_portability_failure",FALSE,TRUE,"b206ce8e9495fce90a5ba12e5075f18c97f96e00da9c4891ff13daace49ed5db","5041cd80c7cba989f98dae06f82cc7608e32e14408eeef9d433df02f594f7c76","bd21e58b250928cfd5cec6641c3bef674b0b95acf987980e4bb633a57fc9f37f","b271feb830630a33e7ed20894e63dbccecfd23bf8e11a39dd5afea2c51674423",TRUE,"full_grid/archive/partial_confounding_v2_round10_portability_failure_20260724T1000+0200"
317,"CONF20_joint_0p90","8396751","cancelled_after_v2_portability_failure",FALSE,TRUE,"f2ec4eb1dc48718a8938381c3393c3f39ad330f001b0bacc1a36982b357a7a0d","c5373ed9624246e7414575fe69c6d7c94bc826b610d9fadfa6294474138dbc74","fd790e491cac957cd265923243ba055dbe18e2038fe3c53f9eeca3344793577a","c6d7def7df885aa08b7f1a827271a2b47902598266fd75f99acd465202707398",TRUE,"full_grid/archive/partial_confounding_v2_round10_portability_failure_20260724T1000+0200"
318,"CONF20_batch_1p00","8396751","cancelled_after_v2_portability_failure",FALSE,TRUE,"7097ea79ceb6c233d6862d3bcffd21567c95bb8d48500b172749175729cdcda9","63014743e60d37b3e19f7c676becb72744ce241ab1b820590450b370c2bcdcf8","eb76c08fa34dec0a1859872b7adca31e0d2450a287c00edf0c44d99afbeab611","1b2e33fcea2bdd25c6bd53c32407e3434f428c870d3c2752c638321a6906be1f",TRUE,"full_grid/archive/partial_confounding_v2_round10_portability_failure_20260724T1000+0200"
319,"CONF20_run_order_1p00","8396751","cancelled_after_v2_portability_failure",FALSE,TRUE,"d248aa3edc92c61c2c29698a951ec7321669270f9180eaaaf621118cf3cc8873","e5614c49205878150089d4fb9a59d403e8396e944c1c53a670ad2493af8bfbef","73e5ad08e5cd15f110ad65a53cd09d1a14265697a38dc8af1b53f8fda62c5943","5a1354f1ae1d4028c95db8dd849b3f8a7177c26baa78e25cdcb18d935ed72689",TRUE,"full_grid/archive/partial_confounding_v2_round10_portability_failure_20260724T1000+0200"
320,"CONF20_joint_1p00","8396751","cancelled_after_v2_portability_failure",FALSE,TRUE,"5c926e74c39d52e33d9d00d348b2ce36c59f6e7f021d0447c87cc8a8afcd2794","7a052396b57cec2780d84eeb0d30d5f5fe698e5cc2485b5bd577a023fc9853e9","19cf00e765c6628218ae48b9062b8f25d697bc90c375e2b0912b74a38e180293","7519be8d4ac54958925216f3aa84a36778a5df1533525606060cda87b600ffbc",TRUE,"full_grid/archive/partial_confounding_v2_round10_portability_failure_20260724T1000+0200"
