"dataset","seed_id","seed","sample_id","batch","run_order","within_batch_order","reference_type","assignment","exposed_as_control","member_injection_ids"
"simulation","SPLIT01",202608001,"S001","P1",1,1,"simulated_control","training",TRUE,"S001"
"simulation","SPLIT01",202608001,"S011","P1",11,11,"simulated_control","hidden",FALSE,"S011"
"simulation","SPLIT01",202608001,"S021","P1",21,21,"simulated_control","training",TRUE,"S021"
"simulation","SPLIT01",202608001,"S031","P1",31,31,"simulated_control","training",TRUE,"S031"
"simulation","SPLIT01",202608001,"S041","P1",41,41,"simulated_control","training",TRUE,"S041"
"simulation","SPLIT01",202608001,"S051","P1",51,51,"simulated_control","training",TRUE,"S051"
"simulation","SPLIT01",202608001,"S061","P1",61,61,"simulated_control","training",TRUE,"S061"
"simulation","SPLIT01",202608001,"S071","P1",71,71,"simulated_control","hidden",FALSE,"S071"
"simulation","SPLIT01",202608001,"S081","P1",81,81,"simulated_control","training",TRUE,"S081"
"simulation","SPLIT01",202608001,"S091","P1",91,91,"simulated_control","training",TRUE,"S091"
"simulation","SPLIT01",202608001,"S101","P2",101,1,"simulated_control","training",TRUE,"S101"
"simulation","SPLIT01",202608001,"S111","P2",111,11,"simulated_control","hidden",FALSE,"S111"
"simulation","SPLIT01",202608001,"S121","P2",121,21,"simulated_control","training",TRUE,"S121"
"simulation","SPLIT01",202608001,"S131","P2",131,31,"simulated_control","hidden",FALSE,"S131"
"simulation","SPLIT01",202608001,"S141","P2",141,41,"simulated_control","training",TRUE,"S141"
"simulation","SPLIT01",202608001,"S151","P2",151,51,"simulated_control","training",TRUE,"S151"
"simulation","SPLIT01",202608001,"S161","P2",161,61,"simulated_control","training",TRUE,"S161"
"simulation","SPLIT01",202608001,"S171","P2",171,71,"simulated_control","training",TRUE,"S171"
"simulation","SPLIT01",202608001,"S181","P2",181,81,"simulated_control","training",TRUE,"S181"
"simulation","SPLIT01",202608001,"S191","P2",191,91,"simulated_control","training",TRUE,"S191"
"simulation","SPLIT01",202608001,"S201","P3",201,1,"simulated_control","training",TRUE,"S201"
"simulation","SPLIT01",202608001,"S211","P3",211,11,"simulated_control","training",TRUE,"S211"
"simulation","SPLIT01",202608001,"S221","P3",221,21,"simulated_control","training",TRUE,"S221"
"simulation","SPLIT01",202608001,"S231","P3",231,31,"simulated_control","training",TRUE,"S231"
"simulation","SPLIT01",202608001,"S241","P3",241,41,"simulated_control","training",TRUE,"S241"
"simulation","SPLIT01",202608001,"S251","P3",251,51,"simulated_control","training",TRUE,"S251"
"simulation","SPLIT01",202608001,"S261","P3",261,61,"simulated_control","training",TRUE,"S261"
"simulation","SPLIT01",202608001,"S271","P3",271,71,"simulated_control","hidden",FALSE,"S271"
"simulation","SPLIT01",202608001,"S281","P3",281,81,"simulated_control","training",TRUE,"S281"
"simulation","SPLIT01",202608001,"S291","P3",291,91,"simulated_control","hidden",FALSE,"S291"
"simulation","SPLIT01",202608001,"S301","P4",301,1,"simulated_control","training",TRUE,"S301"
"simulation","SPLIT01",202608001,"S311","P4",311,11,"simulated_control","training",TRUE,"S311"
"simulation","SPLIT01",202608001,"S321","P4",321,21,"simulated_control","training",TRUE,"S321"
"simulation","SPLIT01",202608001,"S331","P4",331,31,"simulated_control","training",TRUE,"S331"
"simulation","SPLIT01",202608001,"S341","P4",341,41,"simulated_control","hidden",FALSE,"S341"
"simulation","SPLIT01",202608001,"S351","P4",351,51,"simulated_control","training",TRUE,"S351"
"simulation","SPLIT01",202608001,"S361","P4",361,61,"simulated_control","hidden",FALSE,"S361"
"simulation","SPLIT01",202608001,"S371","P4",371,71,"simulated_control","training",TRUE,"S371"
"simulation","SPLIT01",202608001,"S381","P4",381,81,"simulated_control","training",TRUE,"S381"
"simulation","SPLIT01",202608001,"S391","P4",391,91,"simulated_control","training",TRUE,"S391"
"simulation","SPLIT01",202608001,"S401","P5",401,1,"simulated_control","training",TRUE,"S401"
"simulation","SPLIT01",202608001,"S411","P5",411,11,"simulated_control","training",TRUE,"S411"
"simulation","SPLIT01",202608001,"S421","P5",421,21,"simulated_control","training",TRUE,"S421"
"simulation","SPLIT01",202608001,"S431","P5",431,31,"simulated_control","training",TRUE,"S431"
"simulation","SPLIT01",202608001,"S441","P5",441,41,"simulated_control","hidden",FALSE,"S441"
"simulation","SPLIT01",202608001,"S451","P5",451,51,"simulated_control","training",TRUE,"S451"
"simulation","SPLIT01",202608001,"S461","P5",461,61,"simulated_control","training",TRUE,"S461"
"simulation","SPLIT01",202608001,"S471","P5",471,71,"simulated_control","hidden",FALSE,"S471"
"simulation","SPLIT01",202608001,"S481","P5",481,81,"simulated_control","training",TRUE,"S481"
"simulation","SPLIT01",202608001,"S491","P5",491,91,"simulated_control","training",TRUE,"S491"
"simulation","SPLIT02",202608002,"S001","P1",1,1,"simulated_control","training",TRUE,"S001"
"simulation","SPLIT02",202608002,"S011","P1",11,11,"simulated_control","hidden",FALSE,"S011"
"simulation","SPLIT02",202608002,"S021","P1",21,21,"simulated_control","training",TRUE,"S021"
"simulation","SPLIT02",202608002,"S031","P1",31,31,"simulated_control","hidden",FALSE,"S031"
"simulation","SPLIT02",202608002,"S041","P1",41,41,"simulated_control","training",TRUE,"S041"
"simulation","SPLIT02",202608002,"S051","P1",51,51,"simulated_control","training",TRUE,"S051"
"simulation","SPLIT02",202608002,"S061","P1",61,61,"simulated_control","training",TRUE,"S061"
"simulation","SPLIT02",202608002,"S071","P1",71,71,"simulated_control","training",TRUE,"S071"
"simulation","SPLIT02",202608002,"S081","P1",81,81,"simulated_control","training",TRUE,"S081"
"simulation","SPLIT02",202608002,"S091","P1",91,91,"simulated_control","training",TRUE,"S091"
"simulation","SPLIT02",202608002,"S101","P2",101,1,"simulated_control","training",TRUE,"S101"
"simulation","SPLIT02",202608002,"S111","P2",111,11,"simulated_control","training",TRUE,"S111"
"simulation","SPLIT02",202608002,"S121","P2",121,21,"simulated_control","hidden",FALSE,"S121"
"simulation","SPLIT02",202608002,"S131","P2",131,31,"simulated_control","training",TRUE,"S131"
"simulation","SPLIT02",202608002,"S141","P2",141,41,"simulated_control","training",TRUE,"S141"
"simulation","SPLIT02",202608002,"S151","P2",151,51,"simulated_control","hidden",FALSE,"S151"
"simulation","SPLIT02",202608002,"S161","P2",161,61,"simulated_control","training",TRUE,"S161"
"simulation","SPLIT02",202608002,"S171","P2",171,71,"simulated_control","training",TRUE,"S171"
"simulation","SPLIT02",202608002,"S181","P2",181,81,"simulated_control","training",TRUE,"S181"
"simulation","SPLIT02",202608002,"S191","P2",191,91,"simulated_control","training",TRUE,"S191"
"simulation","SPLIT02",202608002,"S201","P3",201,1,"simulated_control","training",TRUE,"S201"
"simulation","SPLIT02",202608002,"S211","P3",211,11,"simulated_control","training",TRUE,"S211"
"simulation","SPLIT02",202608002,"S221","P3",221,21,"simulated_control","hidden",FALSE,"S221"
"simulation","SPLIT02",202608002,"S231","P3",231,31,"simulated_control","training",TRUE,"S231"
"simulation","SPLIT02",202608002,"S241","P3",241,41,"simulated_control","training",TRUE,"S241"
"simulation","SPLIT02",202608002,"S251","P3",251,51,"simulated_control","hidden",FALSE,"S251"
"simulation","SPLIT02",202608002,"S261","P3",261,61,"simulated_control","training",TRUE,"S261"
"simulation","SPLIT02",202608002,"S271","P3",271,71,"simulated_control","training",TRUE,"S271"
"simulation","SPLIT02",202608002,"S281","P3",281,81,"simulated_control","training",TRUE,"S281"
"simulation","SPLIT02",202608002,"S291","P3",291,91,"simulated_control","training",TRUE,"S291"
"simulation","SPLIT02",202608002,"S301","P4",301,1,"simulated_control","training",TRUE,"S301"
"simulation","SPLIT02",202608002,"S311","P4",311,11,"simulated_control","training",TRUE,"S311"
"simulation","SPLIT02",202608002,"S321","P4",321,21,"simulated_control","training",TRUE,"S321"
"simulation","SPLIT02",202608002,"S331","P4",331,31,"simulated_control","training",TRUE,"S331"
"simulation","SPLIT02",202608002,"S341","P4",341,41,"simulated_control","training",TRUE,"S341"
"simulation","SPLIT02",202608002,"S351","P4",351,51,"simulated_control","training",TRUE,"S351"
"simulation","SPLIT02",202608002,"S361","P4",361,61,"simulated_control","training",TRUE,"S361"
"simulation","SPLIT02",202608002,"S371","P4",371,71,"simulated_control","hidden",FALSE,"S371"
"simulation","SPLIT02",202608002,"S381","P4",381,81,"simulated_control","hidden",FALSE,"S381"
"simulation","SPLIT02",202608002,"S391","P4",391,91,"simulated_control","training",TRUE,"S391"
"simulation","SPLIT02",202608002,"S401","P5",401,1,"simulated_control","training",TRUE,"S401"
"simulation","SPLIT02",202608002,"S411","P5",411,11,"simulated_control","hidden",FALSE,"S411"
"simulation","SPLIT02",202608002,"S421","P5",421,21,"simulated_control","training",TRUE,"S421"
"simulation","SPLIT02",202608002,"S431","P5",431,31,"simulated_control","training",TRUE,"S431"
"simulation","SPLIT02",202608002,"S441","P5",441,41,"simulated_control","training",TRUE,"S441"
"simulation","SPLIT02",202608002,"S451","P5",451,51,"simulated_control","training",TRUE,"S451"
"simulation","SPLIT02",202608002,"S461","P5",461,61,"simulated_control","training",TRUE,"S461"
"simulation","SPLIT02",202608002,"S471","P5",471,71,"simulated_control","training",TRUE,"S471"
"simulation","SPLIT02",202608002,"S481","P5",481,81,"simulated_control","training",TRUE,"S481"
"simulation","SPLIT02",202608002,"S491","P5",491,91,"simulated_control","hidden",FALSE,"S491"
"simulation","SPLIT03",202608003,"S001","P1",1,1,"simulated_control","training",TRUE,"S001"
"simulation","SPLIT03",202608003,"S011","P1",11,11,"simulated_control","training",TRUE,"S011"
"simulation","SPLIT03",202608003,"S021","P1",21,21,"simulated_control","training",TRUE,"S021"
"simulation","SPLIT03",202608003,"S031","P1",31,31,"simulated_control","training",TRUE,"S031"
"simulation","SPLIT03",202608003,"S041","P1",41,41,"simulated_control","hidden",FALSE,"S041"
"simulation","SPLIT03",202608003,"S051","P1",51,51,"simulated_control","training",TRUE,"S051"
"simulation","SPLIT03",202608003,"S061","P1",61,61,"simulated_control","training",TRUE,"S061"
"simulation","SPLIT03",202608003,"S071","P1",71,71,"simulated_control","training",TRUE,"S071"
"simulation","SPLIT03",202608003,"S081","P1",81,81,"simulated_control","hidden",FALSE,"S081"
"simulation","SPLIT03",202608003,"S091","P1",91,91,"simulated_control","training",TRUE,"S091"
"simulation","SPLIT03",202608003,"S101","P2",101,1,"simulated_control","training",TRUE,"S101"
"simulation","SPLIT03",202608003,"S111","P2",111,11,"simulated_control","hidden",FALSE,"S111"
"simulation","SPLIT03",202608003,"S121","P2",121,21,"simulated_control","training",TRUE,"S121"
"simulation","SPLIT03",202608003,"S131","P2",131,31,"simulated_control","training",TRUE,"S131"
"simulation","SPLIT03",202608003,"S141","P2",141,41,"simulated_control","hidden",FALSE,"S141"
"simulation","SPLIT03",202608003,"S151","P2",151,51,"simulated_control","training",TRUE,"S151"
"simulation","SPLIT03",202608003,"S161","P2",161,61,"simulated_control","training",TRUE,"S161"
"simulation","SPLIT03",202608003,"S171","P2",171,71,"simulated_control","training",TRUE,"S171"
"simulation","SPLIT03",202608003,"S181","P2",181,81,"simulated_control","training",TRUE,"S181"
"simulation","SPLIT03",202608003,"S191","P2",191,91,"simulated_control","training",TRUE,"S191"
"simulation","SPLIT03",202608003,"S201","P3",201,1,"simulated_control","hidden",FALSE,"S201"
"simulation","SPLIT03",202608003,"S211","P3",211,11,"simulated_control","training",TRUE,"S211"
"simulation","SPLIT03",202608003,"S221","P3",221,21,"simulated_control","training",TRUE,"S221"
"simulation","SPLIT03",202608003,"S231","P3",231,31,"simulated_control","training",TRUE,"S231"
"simulation","SPLIT03",202608003,"S241","P3",241,41,"simulated_control","training",TRUE,"S241"
"simulation","SPLIT03",202608003,"S251","P3",251,51,"simulated_control","training",TRUE,"S251"
"simulation","SPLIT03",202608003,"S261","P3",261,61,"simulated_control","hidden",FALSE,"S261"
"simulation","SPLIT03",202608003,"S271","P3",271,71,"simulated_control","training",TRUE,"S271"
"simulation","SPLIT03",202608003,"S281","P3",281,81,"simulated_control","training",TRUE,"S281"
"simulation","SPLIT03",202608003,"S291","P3",291,91,"simulated_control","training",TRUE,"S291"
"simulation","SPLIT03",202608003,"S301","P4",301,1,"simulated_control","hidden",FALSE,"S301"
"simulation","SPLIT03",202608003,"S311","P4",311,11,"simulated_control","training",TRUE,"S311"
"simulation","SPLIT03",202608003,"S321","P4",321,21,"simulated_control","training",TRUE,"S321"
"simulation","SPLIT03",202608003,"S331","P4",331,31,"simulated_control","training",TRUE,"S331"
"simulation","SPLIT03",202608003,"S341","P4",341,41,"simulated_control","training",TRUE,"S341"
"simulation","SPLIT03",202608003,"S351","P4",351,51,"simulated_control","training",TRUE,"S351"
"simulation","SPLIT03",202608003,"S361","P4",361,61,"simulated_control","hidden",FALSE,"S361"
"simulation","SPLIT03",202608003,"S371","P4",371,71,"simulated_control","training",TRUE,"S371"
"simulation","SPLIT03",202608003,"S381","P4",381,81,"simulated_control","training",TRUE,"S381"
"simulation","SPLIT03",202608003,"S391","P4",391,91,"simulated_control","training",TRUE,"S391"
"simulation","SPLIT03",202608003,"S401","P5",401,1,"simulated_control","training",TRUE,"S401"
"simulation","SPLIT03",202608003,"S411","P5",411,11,"simulated_control","training",TRUE,"S411"
"simulation","SPLIT03",202608003,"S421","P5",421,21,"simulated_control","training",TRUE,"S421"
"simulation","SPLIT03",202608003,"S431","P5",431,31,"simulated_control","hidden",FALSE,"S431"
"simulation","SPLIT03",202608003,"S441","P5",441,41,"simulated_control","training",TRUE,"S441"
"simulation","SPLIT03",202608003,"S451","P5",451,51,"simulated_control","training",TRUE,"S451"
"simulation","SPLIT03",202608003,"S461","P5",461,61,"simulated_control","training",TRUE,"S461"
"simulation","SPLIT03",202608003,"S471","P5",471,71,"simulated_control","training",TRUE,"S471"
"simulation","SPLIT03",202608003,"S481","P5",481,81,"simulated_control","hidden",FALSE,"S481"
"simulation","SPLIT03",202608003,"S491","P5",491,91,"simulated_control","training",TRUE,"S491"
"simulation","SPLIT04",202608004,"S001","P1",1,1,"simulated_control","training",TRUE,"S001"
"simulation","SPLIT04",202608004,"S011","P1",11,11,"simulated_control","training",TRUE,"S011"
"simulation","SPLIT04",202608004,"S021","P1",21,21,"simulated_control","training",TRUE,"S021"
"simulation","SPLIT04",202608004,"S031","P1",31,31,"simulated_control","training",TRUE,"S031"
"simulation","SPLIT04",202608004,"S041","P1",41,41,"simulated_control","training",TRUE,"S041"
"simulation","SPLIT04",202608004,"S051","P1",51,51,"simulated_control","hidden",FALSE,"S051"
"simulation","SPLIT04",202608004,"S061","P1",61,61,"simulated_control","training",TRUE,"S061"
"simulation","SPLIT04",202608004,"S071","P1",71,71,"simulated_control","hidden",FALSE,"S071"
"simulation","SPLIT04",202608004,"S081","P1",81,81,"simulated_control","training",TRUE,"S081"
"simulation","SPLIT04",202608004,"S091","P1",91,91,"simulated_control","training",TRUE,"S091"
"simulation","SPLIT04",202608004,"S101","P2",101,1,"simulated_control","training",TRUE,"S101"
"simulation","SPLIT04",202608004,"S111","P2",111,11,"simulated_control","training",TRUE,"S111"
"simulation","SPLIT04",202608004,"S121","P2",121,21,"simulated_control","training",TRUE,"S121"
"simulation","SPLIT04",202608004,"S131","P2",131,31,"simulated_control","hidden",FALSE,"S131"
"simulation","SPLIT04",202608004,"S141","P2",141,41,"simulated_control","hidden",FALSE,"S141"
"simulation","SPLIT04",202608004,"S151","P2",151,51,"simulated_control","training",TRUE,"S151"
"simulation","SPLIT04",202608004,"S161","P2",161,61,"simulated_control","training",TRUE,"S161"
"simulation","SPLIT04",202608004,"S171","P2",171,71,"simulated_control","training",TRUE,"S171"
"simulation","SPLIT04",202608004,"S181","P2",181,81,"simulated_control","training",TRUE,"S181"
"simulation","SPLIT04",202608004,"S191","P2",191,91,"simulated_control","training",TRUE,"S191"
"simulation","SPLIT04",202608004,"S201","P3",201,1,"simulated_control","training",TRUE,"S201"
"simulation","SPLIT04",202608004,"S211","P3",211,11,"simulated_control","training",TRUE,"S211"
"simulation","SPLIT04",202608004,"S221","P3",221,21,"simulated_control","training",TRUE,"S221"
"simulation","SPLIT04",202608004,"S231","P3",231,31,"simulated_control","training",TRUE,"S231"
"simulation","SPLIT04",202608004,"S241","P3",241,41,"simulated_control","hidden",FALSE,"S241"
"simulation","SPLIT04",202608004,"S251","P3",251,51,"simulated_control","training",TRUE,"S251"
"simulation","SPLIT04",202608004,"S261","P3",261,61,"simulated_control","training",TRUE,"S261"
"simulation","SPLIT04",202608004,"S271","P3",271,71,"simulated_control","training",TRUE,"S271"
"simulation","SPLIT04",202608004,"S281","P3",281,81,"simulated_control","training",TRUE,"S281"
"simulation","SPLIT04",202608004,"S291","P3",291,91,"simulated_control","hidden",FALSE,"S291"
"simulation","SPLIT04",202608004,"S301","P4",301,1,"simulated_control","hidden",FALSE,"S301"
"simulation","SPLIT04",202608004,"S311","P4",311,11,"simulated_control","training",TRUE,"S311"
"simulation","SPLIT04",202608004,"S321","P4",321,21,"simulated_control","hidden",FALSE,"S321"
"simulation","SPLIT04",202608004,"S331","P4",331,31,"simulated_control","training",TRUE,"S331"
"simulation","SPLIT04",202608004,"S341","P4",341,41,"simulated_control","training",TRUE,"S341"
"simulation","SPLIT04",202608004,"S351","P4",351,51,"simulated_control","training",TRUE,"S351"
"simulation","SPLIT04",202608004,"S361","P4",361,61,"simulated_control","training",TRUE,"S361"
"simulation","SPLIT04",202608004,"S371","P4",371,71,"simulated_control","training",TRUE,"S371"
"simulation","SPLIT04",202608004,"S381","P4",381,81,"simulated_control","training",TRUE,"S381"
"simulation","SPLIT04",202608004,"S391","P4",391,91,"simulated_control","training",TRUE,"S391"
"simulation","SPLIT04",202608004,"S401","P5",401,1,"simulated_control","training",TRUE,"S401"
"simulation","SPLIT04",202608004,"S411","P5",411,11,"simulated_control","training",TRUE,"S411"
"simulation","SPLIT04",202608004,"S421","P5",421,21,"simulated_control","training",TRUE,"S421"
"simulation","SPLIT04",202608004,"S431","P5",431,31,"simulated_control","training",TRUE,"S431"
"simulation","SPLIT04",202608004,"S441","P5",441,41,"simulated_control","hidden",FALSE,"S441"
"simulation","SPLIT04",202608004,"S451","P5",451,51,"simulated_control","training",TRUE,"S451"
"simulation","SPLIT04",202608004,"S461","P5",461,61,"simulated_control","training",TRUE,"S461"
"simulation","SPLIT04",202608004,"S471","P5",471,71,"simulated_control","training",TRUE,"S471"
"simulation","SPLIT04",202608004,"S481","P5",481,81,"simulated_control","training",TRUE,"S481"
"simulation","SPLIT04",202608004,"S491","P5",491,91,"simulated_control","hidden",FALSE,"S491"
"simulation","SPLIT05",202608005,"S001","P1",1,1,"simulated_control","training",TRUE,"S001"
"simulation","SPLIT05",202608005,"S011","P1",11,11,"simulated_control","training",TRUE,"S011"
"simulation","SPLIT05",202608005,"S021","P1",21,21,"simulated_control","training",TRUE,"S021"
"simulation","SPLIT05",202608005,"S031","P1",31,31,"simulated_control","training",TRUE,"S031"
"simulation","SPLIT05",202608005,"S041","P1",41,41,"simulated_control","training",TRUE,"S041"
"simulation","SPLIT05",202608005,"S051","P1",51,51,"simulated_control","training",TRUE,"S051"
"simulation","SPLIT05",202608005,"S061","P1",61,61,"simulated_control","hidden",FALSE,"S061"
"simulation","SPLIT05",202608005,"S071","P1",71,71,"simulated_control","training",TRUE,"S071"
"simulation","SPLIT05",202608005,"S081","P1",81,81,"simulated_control","training",TRUE,"S081"
"simulation","SPLIT05",202608005,"S091","P1",91,91,"simulated_control","hidden",FALSE,"S091"
"simulation","SPLIT05",202608005,"S101","P2",101,1,"simulated_control","training",TRUE,"S101"
"simulation","SPLIT05",202608005,"S111","P2",111,11,"simulated_control","training",TRUE,"S111"
"simulation","SPLIT05",202608005,"S121","P2",121,21,"simulated_control","training",TRUE,"S121"
"simulation","SPLIT05",202608005,"S131","P2",131,31,"simulated_control","hidden",FALSE,"S131"
"simulation","SPLIT05",202608005,"S141","P2",141,41,"simulated_control","training",TRUE,"S141"
"simulation","SPLIT05",202608005,"S151","P2",151,51,"simulated_control","training",TRUE,"S151"
"simulation","SPLIT05",202608005,"S161","P2",161,61,"simulated_control","training",TRUE,"S161"
"simulation","SPLIT05",202608005,"S171","P2",171,71,"simulated_control","training",TRUE,"S171"
"simulation","SPLIT05",202608005,"S181","P2",181,81,"simulated_control","training",TRUE,"S181"
"simulation","SPLIT05",202608005,"S191","P2",191,91,"simulated_control","hidden",FALSE,"S191"
"simulation","SPLIT05",202608005,"S201","P3",201,1,"simulated_control","training",TRUE,"S201"
"simulation","SPLIT05",202608005,"S211","P3",211,11,"simulated_control","hidden",FALSE,"S211"
"simulation","SPLIT05",202608005,"S221","P3",221,21,"simulated_control","training",TRUE,"S221"
"simulation","SPLIT05",202608005,"S231","P3",231,31,"simulated_control","training",TRUE,"S231"
"simulation","SPLIT05",202608005,"S241","P3",241,41,"simulated_control","training",TRUE,"S241"
"simulation","SPLIT05",202608005,"S251","P3",251,51,"simulated_control","training",TRUE,"S251"
"simulation","SPLIT05",202608005,"S261","P3",261,61,"simulated_control","training",TRUE,"S261"
"simulation","SPLIT05",202608005,"S271","P3",271,71,"simulated_control","hidden",FALSE,"S271"
"simulation","SPLIT05",202608005,"S281","P3",281,81,"simulated_control","training",TRUE,"S281"
"simulation","SPLIT05",202608005,"S291","P3",291,91,"simulated_control","training",TRUE,"S291"
"simulation","SPLIT05",202608005,"S301","P4",301,1,"simulated_control","hidden",FALSE,"S301"
"simulation","SPLIT05",202608005,"S311","P4",311,11,"simulated_control","training",TRUE,"S311"
"simulation","SPLIT05",202608005,"S321","P4",321,21,"simulated_control","training",TRUE,"S321"
"simulation","SPLIT05",202608005,"S331","P4",331,31,"simulated_control","training",TRUE,"S331"
"simulation","SPLIT05",202608005,"S341","P4",341,41,"simulated_control","training",TRUE,"S341"
"simulation","SPLIT05",202608005,"S351","P4",351,51,"simulated_control","training",TRUE,"S351"
"simulation","SPLIT05",202608005,"S361","P4",361,61,"simulated_control","training",TRUE,"S361"
"simulation","SPLIT05",202608005,"S371","P4",371,71,"simulated_control","training",TRUE,"S371"
"simulation","SPLIT05",202608005,"S381","P4",381,81,"simulated_control","hidden",FALSE,"S381"
"simulation","SPLIT05",202608005,"S391","P4",391,91,"simulated_control","training",TRUE,"S391"
"simulation","SPLIT05",202608005,"S401","P5",401,1,"simulated_control","training",TRUE,"S401"
"simulation","SPLIT05",202608005,"S411","P5",411,11,"simulated_control","training",TRUE,"S411"
"simulation","SPLIT05",202608005,"S421","P5",421,21,"simulated_control","training",TRUE,"S421"
"simulation","SPLIT05",202608005,"S431","P5",431,31,"simulated_control","training",TRUE,"S431"
"simulation","SPLIT05",202608005,"S441","P5",441,41,"simulated_control","training",TRUE,"S441"
"simulation","SPLIT05",202608005,"S451","P5",451,51,"simulated_control","hidden",FALSE,"S451"
"simulation","SPLIT05",202608005,"S461","P5",461,61,"simulated_control","training",TRUE,"S461"
"simulation","SPLIT05",202608005,"S471","P5",471,71,"simulated_control","training",TRUE,"S471"
"simulation","SPLIT05",202608005,"S481","P5",481,81,"simulated_control","training",TRUE,"S481"
"simulation","SPLIT05",202608005,"S491","P5",491,91,"simulated_control","hidden",FALSE,"S491"
"simulation","SPLIT06",202608006,"S001","P1",1,1,"simulated_control","training",TRUE,"S001"
"simulation","SPLIT06",202608006,"S011","P1",11,11,"simulated_control","training",TRUE,"S011"
"simulation","SPLIT06",202608006,"S021","P1",21,21,"simulated_control","training",TRUE,"S021"
"simulation","SPLIT06",202608006,"S031","P1",31,31,"simulated_control","training",TRUE,"S031"
"simulation","SPLIT06",202608006,"S041","P1",41,41,"simulated_control","hidden",FALSE,"S041"
"simulation","SPLIT06",202608006,"S051","P1",51,51,"simulated_control","training",TRUE,"S051"
"simulation","SPLIT06",202608006,"S061","P1",61,61,"simulated_control","training",TRUE,"S061"
"simulation","SPLIT06",202608006,"S071","P1",71,71,"simulated_control","hidden",FALSE,"S071"
"simulation","SPLIT06",202608006,"S081","P1",81,81,"simulated_control","training",TRUE,"S081"
"simulation","SPLIT06",202608006,"S091","P1",91,91,"simulated_control","training",TRUE,"S091"
"simulation","SPLIT06",202608006,"S101","P2",101,1,"simulated_control","training",TRUE,"S101"
"simulation","SPLIT06",202608006,"S111","P2",111,11,"simulated_control","training",TRUE,"S111"
"simulation","SPLIT06",202608006,"S121","P2",121,21,"simulated_control","training",TRUE,"S121"
"simulation","SPLIT06",202608006,"S131","P2",131,31,"simulated_control","training",TRUE,"S131"
"simulation","SPLIT06",202608006,"S141","P2",141,41,"simulated_control","training",TRUE,"S141"
"simulation","SPLIT06",202608006,"S151","P2",151,51,"simulated_control","training",TRUE,"S151"
"simulation","SPLIT06",202608006,"S161","P2",161,61,"simulated_control","training",TRUE,"S161"
"simulation","SPLIT06",202608006,"S171","P2",171,71,"simulated_control","training",TRUE,"S171"
"simulation","SPLIT06",202608006,"S181","P2",181,81,"simulated_control","hidden",FALSE,"S181"
"simulation","SPLIT06",202608006,"S191","P2",191,91,"simulated_control","hidden",FALSE,"S191"
"simulation","SPLIT06",202608006,"S201","P3",201,1,"simulated_control","training",TRUE,"S201"
"simulation","SPLIT06",202608006,"S211","P3",211,11,"simulated_control","training",TRUE,"S211"
"simulation","SPLIT06",202608006,"S221","P3",221,21,"simulated_control","training",TRUE,"S221"
"simulation","SPLIT06",202608006,"S231","P3",231,31,"simulated_control","training",TRUE,"S231"
"simulation","SPLIT06",202608006,"S241","P3",241,41,"simulated_control","hidden",FALSE,"S241"
"simulation","SPLIT06",202608006,"S251","P3",251,51,"simulated_control","hidden",FALSE,"S251"
"simulation","SPLIT06",202608006,"S261","P3",261,61,"simulated_control","training",TRUE,"S261"
"simulation","SPLIT06",202608006,"S271","P3",271,71,"simulated_control","training",TRUE,"S271"
"simulation","SPLIT06",202608006,"S281","P3",281,81,"simulated_control","training",TRUE,"S281"
"simulation","SPLIT06",202608006,"S291","P3",291,91,"simulated_control","training",TRUE,"S291"
"simulation","SPLIT06",202608006,"S301","P4",301,1,"simulated_control","hidden",FALSE,"S301"
"simulation","SPLIT06",202608006,"S311","P4",311,11,"simulated_control","training",TRUE,"S311"
"simulation","SPLIT06",202608006,"S321","P4",321,21,"simulated_control","training",TRUE,"S321"
"simulation","SPLIT06",202608006,"S331","P4",331,31,"simulated_control","training",TRUE,"S331"
"simulation","SPLIT06",202608006,"S341","P4",341,41,"simulated_control","training",TRUE,"S341"
"simulation","SPLIT06",202608006,"S351","P4",351,51,"simulated_control","training",TRUE,"S351"
"simulation","SPLIT06",202608006,"S361","P4",361,61,"simulated_control","training",TRUE,"S361"
"simulation","SPLIT06",202608006,"S371","P4",371,71,"simulated_control","hidden",FALSE,"S371"
"simulation","SPLIT06",202608006,"S381","P4",381,81,"simulated_control","training",TRUE,"S381"
"simulation","SPLIT06",202608006,"S391","P4",391,91,"simulated_control","training",TRUE,"S391"
"simulation","SPLIT06",202608006,"S401","P5",401,1,"simulated_control","training",TRUE,"S401"
"simulation","SPLIT06",202608006,"S411","P5",411,11,"simulated_control","training",TRUE,"S411"
"simulation","SPLIT06",202608006,"S421","P5",421,21,"simulated_control","hidden",FALSE,"S421"
"simulation","SPLIT06",202608006,"S431","P5",431,31,"simulated_control","hidden",FALSE,"S431"
"simulation","SPLIT06",202608006,"S441","P5",441,41,"simulated_control","training",TRUE,"S441"
"simulation","SPLIT06",202608006,"S451","P5",451,51,"simulated_control","training",TRUE,"S451"
"simulation","SPLIT06",202608006,"S461","P5",461,61,"simulated_control","training",TRUE,"S461"
"simulation","SPLIT06",202608006,"S471","P5",471,71,"simulated_control","training",TRUE,"S471"
"simulation","SPLIT06",202608006,"S481","P5",481,81,"simulated_control","training",TRUE,"S481"
"simulation","SPLIT06",202608006,"S491","P5",491,91,"simulated_control","training",TRUE,"S491"
"simulation","SPLIT07",202608007,"S001","P1",1,1,"simulated_control","training",TRUE,"S001"
"simulation","SPLIT07",202608007,"S011","P1",11,11,"simulated_control","hidden",FALSE,"S011"
"simulation","SPLIT07",202608007,"S021","P1",21,21,"simulated_control","hidden",FALSE,"S021"
"simulation","SPLIT07",202608007,"S031","P1",31,31,"simulated_control","training",TRUE,"S031"
"simulation","SPLIT07",202608007,"S041","P1",41,41,"simulated_control","training",TRUE,"S041"
"simulation","SPLIT07",202608007,"S051","P1",51,51,"simulated_control","training",TRUE,"S051"
"simulation","SPLIT07",202608007,"S061","P1",61,61,"simulated_control","training",TRUE,"S061"
"simulation","SPLIT07",202608007,"S071","P1",71,71,"simulated_control","training",TRUE,"S071"
"simulation","SPLIT07",202608007,"S081","P1",81,81,"simulated_control","training",TRUE,"S081"
"simulation","SPLIT07",202608007,"S091","P1",91,91,"simulated_control","training",TRUE,"S091"
"simulation","SPLIT07",202608007,"S101","P2",101,1,"simulated_control","training",TRUE,"S101"
"simulation","SPLIT07",202608007,"S111","P2",111,11,"simulated_control","training",TRUE,"S111"
"simulation","SPLIT07",202608007,"S121","P2",121,21,"simulated_control","training",TRUE,"S121"
"simulation","SPLIT07",202608007,"S131","P2",131,31,"simulated_control","training",TRUE,"S131"
"simulation","SPLIT07",202608007,"S141","P2",141,41,"simulated_control","training",TRUE,"S141"
"simulation","SPLIT07",202608007,"S151","P2",151,51,"simulated_control","training",TRUE,"S151"
"simulation","SPLIT07",202608007,"S161","P2",161,61,"simulated_control","hidden",FALSE,"S161"
"simulation","SPLIT07",202608007,"S171","P2",171,71,"simulated_control","training",TRUE,"S171"
"simulation","SPLIT07",202608007,"S181","P2",181,81,"simulated_control","hidden",FALSE,"S181"
"simulation","SPLIT07",202608007,"S191","P2",191,91,"simulated_control","training",TRUE,"S191"
"simulation","SPLIT07",202608007,"S201","P3",201,1,"simulated_control","training",TRUE,"S201"
"simulation","SPLIT07",202608007,"S211","P3",211,11,"simulated_control","training",TRUE,"S211"
"simulation","SPLIT07",202608007,"S221","P3",221,21,"simulated_control","training",TRUE,"S221"
"simulation","SPLIT07",202608007,"S231","P3",231,31,"simulated_control","training",TRUE,"S231"
"simulation","SPLIT07",202608007,"S241","P3",241,41,"simulated_control","hidden",FALSE,"S241"
"simulation","SPLIT07",202608007,"S251","P3",251,51,"simulated_control","training",TRUE,"S251"
"simulation","SPLIT07",202608007,"S261","P3",261,61,"simulated_control","training",TRUE,"S261"
"simulation","SPLIT07",202608007,"S271","P3",271,71,"simulated_control","training",TRUE,"S271"
"simulation","SPLIT07",202608007,"S281","P3",281,81,"simulated_control","hidden",FALSE,"S281"
"simulation","SPLIT07",202608007,"S291","P3",291,91,"simulated_control","training",TRUE,"S291"
"simulation","SPLIT07",202608007,"S301","P4",301,1,"simulated_control","hidden",FALSE,"S301"
"simulation","SPLIT07",202608007,"S311","P4",311,11,"simulated_control","training",TRUE,"S311"
"simulation","SPLIT07",202608007,"S321","P4",321,21,"simulated_control","training",TRUE,"S321"
"simulation","SPLIT07",202608007,"S331","P4",331,31,"simulated_control","training",TRUE,"S331"
"simulation","SPLIT07",202608007,"S341","P4",341,41,"simulated_control","training",TRUE,"S341"
"simulation","SPLIT07",202608007,"S351","P4",351,51,"simulated_control","training",TRUE,"S351"
"simulation","SPLIT07",202608007,"S361","P4",361,61,"simulated_control","hidden",FALSE,"S361"
"simulation","SPLIT07",202608007,"S371","P4",371,71,"simulated_control","training",TRUE,"S371"
"simulation","SPLIT07",202608007,"S381","P4",381,81,"simulated_control","training",TRUE,"S381"
"simulation","SPLIT07",202608007,"S391","P4",391,91,"simulated_control","training",TRUE,"S391"
"simulation","SPLIT07",202608007,"S401","P5",401,1,"simulated_control","training",TRUE,"S401"
"simulation","SPLIT07",202608007,"S411","P5",411,11,"simulated_control","training",TRUE,"S411"
"simulation","SPLIT07",202608007,"S421","P5",421,21,"simulated_control","training",TRUE,"S421"
"simulation","SPLIT07",202608007,"S431","P5",431,31,"simulated_control","training",TRUE,"S431"
"simulation","SPLIT07",202608007,"S441","P5",441,41,"simulated_control","training",TRUE,"S441"
"simulation","SPLIT07",202608007,"S451","P5",451,51,"simulated_control","training",TRUE,"S451"
"simulation","SPLIT07",202608007,"S461","P5",461,61,"simulated_control","training",TRUE,"S461"
"simulation","SPLIT07",202608007,"S471","P5",471,71,"simulated_control","hidden",FALSE,"S471"
"simulation","SPLIT07",202608007,"S481","P5",481,81,"simulated_control","training",TRUE,"S481"
"simulation","SPLIT07",202608007,"S491","P5",491,91,"simulated_control","hidden",FALSE,"S491"
"simulation","SPLIT08",202608008,"S001","P1",1,1,"simulated_control","hidden",FALSE,"S001"
"simulation","SPLIT08",202608008,"S011","P1",11,11,"simulated_control","training",TRUE,"S011"
"simulation","SPLIT08",202608008,"S021","P1",21,21,"simulated_control","training",TRUE,"S021"
"simulation","SPLIT08",202608008,"S031","P1",31,31,"simulated_control","training",TRUE,"S031"
"simulation","SPLIT08",202608008,"S041","P1",41,41,"simulated_control","training",TRUE,"S041"
"simulation","SPLIT08",202608008,"S051","P1",51,51,"simulated_control","training",TRUE,"S051"
"simulation","SPLIT08",202608008,"S061","P1",61,61,"simulated_control","training",TRUE,"S061"
"simulation","SPLIT08",202608008,"S071","P1",71,71,"simulated_control","hidden",FALSE,"S071"
"simulation","SPLIT08",202608008,"S081","P1",81,81,"simulated_control","training",TRUE,"S081"
"simulation","SPLIT08",202608008,"S091","P1",91,91,"simulated_control","training",TRUE,"S091"
"simulation","SPLIT08",202608008,"S101","P2",101,1,"simulated_control","training",TRUE,"S101"
"simulation","SPLIT08",202608008,"S111","P2",111,11,"simulated_control","hidden",FALSE,"S111"
"simulation","SPLIT08",202608008,"S121","P2",121,21,"simulated_control","training",TRUE,"S121"
"simulation","SPLIT08",202608008,"S131","P2",131,31,"simulated_control","training",TRUE,"S131"
"simulation","SPLIT08",202608008,"S141","P2",141,41,"simulated_control","training",TRUE,"S141"
"simulation","SPLIT08",202608008,"S151","P2",151,51,"simulated_control","training",TRUE,"S151"
"simulation","SPLIT08",202608008,"S161","P2",161,61,"simulated_control","hidden",FALSE,"S161"
"simulation","SPLIT08",202608008,"S171","P2",171,71,"simulated_control","training",TRUE,"S171"
"simulation","SPLIT08",202608008,"S181","P2",181,81,"simulated_control","training",TRUE,"S181"
"simulation","SPLIT08",202608008,"S191","P2",191,91,"simulated_control","training",TRUE,"S191"
"simulation","SPLIT08",202608008,"S201","P3",201,1,"simulated_control","training",TRUE,"S201"
"simulation","SPLIT08",202608008,"S211","P3",211,11,"simulated_control","hidden",FALSE,"S211"
"simulation","SPLIT08",202608008,"S221","P3",221,21,"simulated_control","hidden",FALSE,"S221"
"simulation","SPLIT08",202608008,"S231","P3",231,31,"simulated_control","training",TRUE,"S231"
"simulation","SPLIT08",202608008,"S241","P3",241,41,"simulated_control","training",TRUE,"S241"
"simulation","SPLIT08",202608008,"S251","P3",251,51,"simulated_control","training",TRUE,"S251"
"simulation","SPLIT08",202608008,"S261","P3",261,61,"simulated_control","training",TRUE,"S261"
"simulation","SPLIT08",202608008,"S271","P3",271,71,"simulated_control","training",TRUE,"S271"
"simulation","SPLIT08",202608008,"S281","P3",281,81,"simulated_control","training",TRUE,"S281"
"simulation","SPLIT08",202608008,"S291","P3",291,91,"simulated_control","training",TRUE,"S291"
"simulation","SPLIT08",202608008,"S301","P4",301,1,"simulated_control","training",TRUE,"S301"
"simulation","SPLIT08",202608008,"S311","P4",311,11,"simulated_control","hidden",FALSE,"S311"
"simulation","SPLIT08",202608008,"S321","P4",321,21,"simulated_control","hidden",FALSE,"S321"
"simulation","SPLIT08",202608008,"S331","P4",331,31,"simulated_control","training",TRUE,"S331"
"simulation","SPLIT08",202608008,"S341","P4",341,41,"simulated_control","training",TRUE,"S341"
"simulation","SPLIT08",202608008,"S351","P4",351,51,"simulated_control","training",TRUE,"S351"
"simulation","SPLIT08",202608008,"S361","P4",361,61,"simulated_control","training",TRUE,"S361"
"simulation","SPLIT08",202608008,"S371","P4",371,71,"simulated_control","training",TRUE,"S371"
"simulation","SPLIT08",202608008,"S381","P4",381,81,"simulated_control","training",TRUE,"S381"
"simulation","SPLIT08",202608008,"S391","P4",391,91,"simulated_control","training",TRUE,"S391"
"simulation","SPLIT08",202608008,"S401","P5",401,1,"simulated_control","training",TRUE,"S401"
"simulation","SPLIT08",202608008,"S411","P5",411,11,"simulated_control","training",TRUE,"S411"
"simulation","SPLIT08",202608008,"S421","P5",421,21,"simulated_control","training",TRUE,"S421"
"simulation","SPLIT08",202608008,"S431","P5",431,31,"simulated_control","hidden",FALSE,"S431"
"simulation","SPLIT08",202608008,"S441","P5",441,41,"simulated_control","training",TRUE,"S441"
"simulation","SPLIT08",202608008,"S451","P5",451,51,"simulated_control","training",TRUE,"S451"
"simulation","SPLIT08",202608008,"S461","P5",461,61,"simulated_control","training",TRUE,"S461"
"simulation","SPLIT08",202608008,"S471","P5",471,71,"simulated_control","training",TRUE,"S471"
"simulation","SPLIT08",202608008,"S481","P5",481,81,"simulated_control","hidden",FALSE,"S481"
"simulation","SPLIT08",202608008,"S491","P5",491,91,"simulated_control","training",TRUE,"S491"
"simulation","SPLIT09",202608009,"S001","P1",1,1,"simulated_control","training",TRUE,"S001"
"simulation","SPLIT09",202608009,"S011","P1",11,11,"simulated_control","hidden",FALSE,"S011"
"simulation","SPLIT09",202608009,"S021","P1",21,21,"simulated_control","training",TRUE,"S021"
"simulation","SPLIT09",202608009,"S031","P1",31,31,"simulated_control","training",TRUE,"S031"
"simulation","SPLIT09",202608009,"S041","P1",41,41,"simulated_control","training",TRUE,"S041"
"simulation","SPLIT09",202608009,"S051","P1",51,51,"simulated_control","training",TRUE,"S051"
"simulation","SPLIT09",202608009,"S061","P1",61,61,"simulated_control","training",TRUE,"S061"
"simulation","SPLIT09",202608009,"S071","P1",71,71,"simulated_control","hidden",FALSE,"S071"
"simulation","SPLIT09",202608009,"S081","P1",81,81,"simulated_control","training",TRUE,"S081"
"simulation","SPLIT09",202608009,"S091","P1",91,91,"simulated_control","training",TRUE,"S091"
"simulation","SPLIT09",202608009,"S101","P2",101,1,"simulated_control","training",TRUE,"S101"
"simulation","SPLIT09",202608009,"S111","P2",111,11,"simulated_control","training",TRUE,"S111"
"simulation","SPLIT09",202608009,"S121","P2",121,21,"simulated_control","training",TRUE,"S121"
"simulation","SPLIT09",202608009,"S131","P2",131,31,"simulated_control","hidden",FALSE,"S131"
"simulation","SPLIT09",202608009,"S141","P2",141,41,"simulated_control","training",TRUE,"S141"
"simulation","SPLIT09",202608009,"S151","P2",151,51,"simulated_control","training",TRUE,"S151"
"simulation","SPLIT09",202608009,"S161","P2",161,61,"simulated_control","training",TRUE,"S161"
"simulation","SPLIT09",202608009,"S171","P2",171,71,"simulated_control","training",TRUE,"S171"
"simulation","SPLIT09",202608009,"S181","P2",181,81,"simulated_control","training",TRUE,"S181"
"simulation","SPLIT09",202608009,"S191","P2",191,91,"simulated_control","hidden",FALSE,"S191"
"simulation","SPLIT09",202608009,"S201","P3",201,1,"simulated_control","training",TRUE,"S201"
"simulation","SPLIT09",202608009,"S211","P3",211,11,"simulated_control","training",TRUE,"S211"
"simulation","SPLIT09",202608009,"S221","P3",221,21,"simulated_control","training",TRUE,"S221"
"simulation","SPLIT09",202608009,"S231","P3",231,31,"simulated_control","training",TRUE,"S231"
"simulation","SPLIT09",202608009,"S241","P3",241,41,"simulated_control","hidden",FALSE,"S241"
"simulation","SPLIT09",202608009,"S251","P3",251,51,"simulated_control","hidden",FALSE,"S251"
"simulation","SPLIT09",202608009,"S261","P3",261,61,"simulated_control","training",TRUE,"S261"
"simulation","SPLIT09",202608009,"S271","P3",271,71,"simulated_control","training",TRUE,"S271"
"simulation","SPLIT09",202608009,"S281","P3",281,81,"simulated_control","training",TRUE,"S281"
"simulation","SPLIT09",202608009,"S291","P3",291,91,"simulated_control","training",TRUE,"S291"
"simulation","SPLIT09",202608009,"S301","P4",301,1,"simulated_control","hidden",FALSE,"S301"
"simulation","SPLIT09",202608009,"S311","P4",311,11,"simulated_control","training",TRUE,"S311"
"simulation","SPLIT09",202608009,"S321","P4",321,21,"simulated_control","training",TRUE,"S321"
"simulation","SPLIT09",202608009,"S331","P4",331,31,"simulated_control","training",TRUE,"S331"
"simulation","SPLIT09",202608009,"S341","P4",341,41,"simulated_control","training",TRUE,"S341"
"simulation","SPLIT09",202608009,"S351","P4",351,51,"simulated_control","hidden",FALSE,"S351"
"simulation","SPLIT09",202608009,"S361","P4",361,61,"simulated_control","training",TRUE,"S361"
"simulation","SPLIT09",202608009,"S371","P4",371,71,"simulated_control","training",TRUE,"S371"
"simulation","SPLIT09",202608009,"S381","P4",381,81,"simulated_control","training",TRUE,"S381"
"simulation","SPLIT09",202608009,"S391","P4",391,91,"simulated_control","training",TRUE,"S391"
"simulation","SPLIT09",202608009,"S401","P5",401,1,"simulated_control","hidden",FALSE,"S401"
"simulation","SPLIT09",202608009,"S411","P5",411,11,"simulated_control","training",TRUE,"S411"
"simulation","SPLIT09",202608009,"S421","P5",421,21,"simulated_control","training",TRUE,"S421"
"simulation","SPLIT09",202608009,"S431","P5",431,31,"simulated_control","hidden",FALSE,"S431"
"simulation","SPLIT09",202608009,"S441","P5",441,41,"simulated_control","training",TRUE,"S441"
"simulation","SPLIT09",202608009,"S451","P5",451,51,"simulated_control","training",TRUE,"S451"
"simulation","SPLIT09",202608009,"S461","P5",461,61,"simulated_control","training",TRUE,"S461"
"simulation","SPLIT09",202608009,"S471","P5",471,71,"simulated_control","training",TRUE,"S471"
"simulation","SPLIT09",202608009,"S481","P5",481,81,"simulated_control","training",TRUE,"S481"
"simulation","SPLIT09",202608009,"S491","P5",491,91,"simulated_control","training",TRUE,"S491"
"simulation","SPLIT10",202608010,"S001","P1",1,1,"simulated_control","training",TRUE,"S001"
"simulation","SPLIT10",202608010,"S011","P1",11,11,"simulated_control","training",TRUE,"S011"
"simulation","SPLIT10",202608010,"S021","P1",21,21,"simulated_control","training",TRUE,"S021"
"simulation","SPLIT10",202608010,"S031","P1",31,31,"simulated_control","training",TRUE,"S031"
"simulation","SPLIT10",202608010,"S041","P1",41,41,"simulated_control","training",TRUE,"S041"
"simulation","SPLIT10",202608010,"S051","P1",51,51,"simulated_control","training",TRUE,"S051"
"simulation","SPLIT10",202608010,"S061","P1",61,61,"simulated_control","training",TRUE,"S061"
"simulation","SPLIT10",202608010,"S071","P1",71,71,"simulated_control","hidden",FALSE,"S071"
"simulation","SPLIT10",202608010,"S081","P1",81,81,"simulated_control","training",TRUE,"S081"
"simulation","SPLIT10",202608010,"S091","P1",91,91,"simulated_control","hidden",FALSE,"S091"
"simulation","SPLIT10",202608010,"S101","P2",101,1,"simulated_control","training",TRUE,"S101"
"simulation","SPLIT10",202608010,"S111","P2",111,11,"simulated_control","training",TRUE,"S111"
"simulation","SPLIT10",202608010,"S121","P2",121,21,"simulated_control","training",TRUE,"S121"
"simulation","SPLIT10",202608010,"S131","P2",131,31,"simulated_control","training",TRUE,"S131"
"simulation","SPLIT10",202608010,"S141","P2",141,41,"simulated_control","training",TRUE,"S141"
"simulation","SPLIT10",202608010,"S151","P2",151,51,"simulated_control","training",TRUE,"S151"
"simulation","SPLIT10",202608010,"S161","P2",161,61,"simulated_control","training",TRUE,"S161"
"simulation","SPLIT10",202608010,"S171","P2",171,71,"simulated_control","hidden",FALSE,"S171"
"simulation","SPLIT10",202608010,"S181","P2",181,81,"simulated_control","hidden",FALSE,"S181"
"simulation","SPLIT10",202608010,"S191","P2",191,91,"simulated_control","training",TRUE,"S191"
"simulation","SPLIT10",202608010,"S201","P3",201,1,"simulated_control","training",TRUE,"S201"
"simulation","SPLIT10",202608010,"S211","P3",211,11,"simulated_control","training",TRUE,"S211"
"simulation","SPLIT10",202608010,"S221","P3",221,21,"simulated_control","training",TRUE,"S221"
"simulation","SPLIT10",202608010,"S231","P3",231,31,"simulated_control","hidden",FALSE,"S231"
"simulation","SPLIT10",202608010,"S241","P3",241,41,"simulated_control","training",TRUE,"S241"
"simulation","SPLIT10",202608010,"S251","P3",251,51,"simulated_control","training",TRUE,"S251"
"simulation","SPLIT10",202608010,"S261","P3",261,61,"simulated_control","training",TRUE,"S261"
"simulation","SPLIT10",202608010,"S271","P3",271,71,"simulated_control","hidden",FALSE,"S271"
"simulation","SPLIT10",202608010,"S281","P3",281,81,"simulated_control","training",TRUE,"S281"
"simulation","SPLIT10",202608010,"S291","P3",291,91,"simulated_control","training",TRUE,"S291"
"simulation","SPLIT10",202608010,"S301","P4",301,1,"simulated_control","training",TRUE,"S301"
"simulation","SPLIT10",202608010,"S311","P4",311,11,"simulated_control","training",TRUE,"S311"
"simulation","SPLIT10",202608010,"S321","P4",321,21,"simulated_control","hidden",FALSE,"S321"
"simulation","SPLIT10",202608010,"S331","P4",331,31,"simulated_control","hidden",FALSE,"S331"
"simulation","SPLIT10",202608010,"S341","P4",341,41,"simulated_control","training",TRUE,"S341"
"simulation","SPLIT10",202608010,"S351","P4",351,51,"simulated_control","training",TRUE,"S351"
"simulation","SPLIT10",202608010,"S361","P4",361,61,"simulated_control","training",TRUE,"S361"
"simulation","SPLIT10",202608010,"S371","P4",371,71,"simulated_control","training",TRUE,"S371"
"simulation","SPLIT10",202608010,"S381","P4",381,81,"simulated_control","training",TRUE,"S381"
"simulation","SPLIT10",202608010,"S391","P4",391,91,"simulated_control","training",TRUE,"S391"
"simulation","SPLIT10",202608010,"S401","P5",401,1,"simulated_control","training",TRUE,"S401"
"simulation","SPLIT10",202608010,"S411","P5",411,11,"simulated_control","hidden",FALSE,"S411"
"simulation","SPLIT10",202608010,"S421","P5",421,21,"simulated_control","hidden",FALSE,"S421"
"simulation","SPLIT10",202608010,"S431","P5",431,31,"simulated_control","training",TRUE,"S431"
"simulation","SPLIT10",202608010,"S441","P5",441,41,"simulated_control","training",TRUE,"S441"
"simulation","SPLIT10",202608010,"S451","P5",451,51,"simulated_control","training",TRUE,"S451"
"simulation","SPLIT10",202608010,"S461","P5",461,61,"simulated_control","training",TRUE,"S461"
"simulation","SPLIT10",202608010,"S471","P5",471,71,"simulated_control","training",TRUE,"S471"
"simulation","SPLIT10",202608010,"S481","P5",481,81,"simulated_control","training",TRUE,"S481"
"simulation","SPLIT10",202608010,"S491","P5",491,91,"simulated_control","training",TRUE,"S491"
"mtbls79","SPLIT01",202608001,"batch01_QC01","1",1,1,"pooled_QC","training",TRUE,"batch01_QC01"
"mtbls79","SPLIT01",202608001,"batch01_QC02","1",2,2,"pooled_QC","training",TRUE,"batch01_QC02"
"mtbls79","SPLIT01",202608001,"batch01_QC03","1",3,3,"pooled_QC","hidden",FALSE,"batch01_QC03"
"mtbls79","SPLIT01",202608001,"batch01_QC04","1",7,7,"pooled_QC","training",TRUE,"batch01_QC04"
"mtbls79","SPLIT01",202608001,"batch01_QC05","1",13,13,"pooled_QC","training",TRUE,"batch01_QC05"
"mtbls79","SPLIT01",202608001,"batch01_QC06","1",18,18,"pooled_QC","hidden",FALSE,"batch01_QC06"
"mtbls79","SPLIT01",202608001,"batch01_QC07","1",23,23,"pooled_QC","training",TRUE,"batch01_QC07"
"mtbls79","SPLIT01",202608001,"batch02_QC08","2",29,6,"pooled_QC","training",TRUE,"batch02_QC08"
"mtbls79","SPLIT01",202608001,"batch02_QC09","2",35,12,"pooled_QC","training",TRUE,"batch02_QC09"
"mtbls79","SPLIT01",202608001,"batch02_QC10","2",41,18,"pooled_QC","hidden",FALSE,"batch02_QC10"
"mtbls79","SPLIT01",202608001,"batch02_QC11","2",47,24,"pooled_QC","training",TRUE,"batch02_QC11"
"mtbls79","SPLIT01",202608001,"batch03_QC12","3",53,6,"pooled_QC","training",TRUE,"batch03_QC12"
"mtbls79","SPLIT01",202608001,"batch03_QC13","3",59,12,"pooled_QC","training",TRUE,"batch03_QC13"
"mtbls79","SPLIT01",202608001,"batch03_QC14","3",65,18,"pooled_QC","hidden",FALSE,"batch03_QC14"
"mtbls79","SPLIT01",202608001,"batch03_QC15","3",71,24,"pooled_QC","training",TRUE,"batch03_QC15"
"mtbls79","SPLIT01",202608001,"batch04_QC16","4",76,5,"pooled_QC","training",TRUE,"batch04_QC16"
"mtbls79","SPLIT01",202608001,"batch04_QC17","4",81,10,"pooled_QC","training",TRUE,"batch04_QC17"
"mtbls79","SPLIT01",202608001,"batch04_QC18","4",87,16,"pooled_QC","hidden",FALSE,"batch04_QC18"
"mtbls79","SPLIT01",202608001,"batch04_QC19","4",91,20,"pooled_QC","training",TRUE,"batch04_QC19"
"mtbls79","SPLIT01",202608001,"batch05_QC20","5",92,1,"pooled_QC","training",TRUE,"batch05_QC20"
"mtbls79","SPLIT01",202608001,"batch05_QC21","5",97,6,"pooled_QC","training",TRUE,"batch05_QC21"
"mtbls79","SPLIT01",202608001,"batch05_QC22","5",101,10,"pooled_QC","hidden",FALSE,"batch05_QC22"
"mtbls79","SPLIT01",202608001,"batch05_QC23","5",104,13,"pooled_QC","hidden",FALSE,"batch05_QC23"
"mtbls79","SPLIT01",202608001,"batch05_QC24","5",108,17,"pooled_QC","training",TRUE,"batch05_QC24"
"mtbls79","SPLIT01",202608001,"Batch06_QC25","6",109,1,"pooled_QC","training",TRUE,"Batch06_QC25"
"mtbls79","SPLIT01",202608001,"Batch06_QC26","6",112,4,"pooled_QC","hidden",FALSE,"Batch06_QC26"
"mtbls79","SPLIT01",202608001,"Batch06_QC27","6",118,10,"pooled_QC","hidden",FALSE,"Batch06_QC27"
"mtbls79","SPLIT01",202608001,"Batch06_QC28","6",123,15,"pooled_QC","training",TRUE,"Batch06_QC28"
"mtbls79","SPLIT01",202608001,"Batch06_QC29","6",128,20,"pooled_QC","training",TRUE,"Batch06_QC29"
"mtbls79","SPLIT01",202608001,"Batch07_QC30","7",129,1,"pooled_QC","training",TRUE,"Batch07_QC30"
"mtbls79","SPLIT01",202608001,"Batch07_QC31","7",135,7,"pooled_QC","training",TRUE,"Batch07_QC31"
"mtbls79","SPLIT01",202608001,"Batch07_QC32","7",140,12,"pooled_QC","hidden",FALSE,"Batch07_QC32"
"mtbls79","SPLIT01",202608001,"Batch07_QC33","7",145,17,"pooled_QC","hidden",FALSE,"Batch07_QC33"
"mtbls79","SPLIT01",202608001,"Batch07_QC34","7",150,22,"pooled_QC","training",TRUE,"Batch07_QC34"
"mtbls79","SPLIT01",202608001,"Batch08_QC36","8",156,6,"pooled_QC","training",TRUE,"Batch08_QC36"
"mtbls79","SPLIT01",202608001,"Batch08_QC37","8",162,12,"pooled_QC","training",TRUE,"Batch08_QC37"
"mtbls79","SPLIT01",202608001,"Batch08_QC38","8",166,16,"pooled_QC","hidden",FALSE,"Batch08_QC38"
"mtbls79","SPLIT01",202608001,"Batch08_QC39","8",172,22,"pooled_QC","training",TRUE,"Batch08_QC39"
"mtbls79","SPLIT02",202608002,"batch01_QC01","1",1,1,"pooled_QC","training",TRUE,"batch01_QC01"
"mtbls79","SPLIT02",202608002,"batch01_QC02","1",2,2,"pooled_QC","hidden",FALSE,"batch01_QC02"
"mtbls79","SPLIT02",202608002,"batch01_QC03","1",3,3,"pooled_QC","hidden",FALSE,"batch01_QC03"
"mtbls79","SPLIT02",202608002,"batch01_QC04","1",7,7,"pooled_QC","training",TRUE,"batch01_QC04"
"mtbls79","SPLIT02",202608002,"batch01_QC05","1",13,13,"pooled_QC","training",TRUE,"batch01_QC05"
"mtbls79","SPLIT02",202608002,"batch01_QC06","1",18,18,"pooled_QC","training",TRUE,"batch01_QC06"
"mtbls79","SPLIT02",202608002,"batch01_QC07","1",23,23,"pooled_QC","training",TRUE,"batch01_QC07"
"mtbls79","SPLIT02",202608002,"batch02_QC08","2",29,6,"pooled_QC","training",TRUE,"batch02_QC08"
"mtbls79","SPLIT02",202608002,"batch02_QC09","2",35,12,"pooled_QC","training",TRUE,"batch02_QC09"
"mtbls79","SPLIT02",202608002,"batch02_QC10","2",41,18,"pooled_QC","hidden",FALSE,"batch02_QC10"
"mtbls79","SPLIT02",202608002,"batch02_QC11","2",47,24,"pooled_QC","training",TRUE,"batch02_QC11"
"mtbls79","SPLIT02",202608002,"batch03_QC12","3",53,6,"pooled_QC","training",TRUE,"batch03_QC12"
"mtbls79","SPLIT02",202608002,"batch03_QC13","3",59,12,"pooled_QC","training",TRUE,"batch03_QC13"
"mtbls79","SPLIT02",202608002,"batch03_QC14","3",65,18,"pooled_QC","hidden",FALSE,"batch03_QC14"
"mtbls79","SPLIT02",202608002,"batch03_QC15","3",71,24,"pooled_QC","training",TRUE,"batch03_QC15"
"mtbls79","SPLIT02",202608002,"batch04_QC16","4",76,5,"pooled_QC","training",TRUE,"batch04_QC16"
"mtbls79","SPLIT02",202608002,"batch04_QC17","4",81,10,"pooled_QC","hidden",FALSE,"batch04_QC17"
"mtbls79","SPLIT02",202608002,"batch04_QC18","4",87,16,"pooled_QC","training",TRUE,"batch04_QC18"
"mtbls79","SPLIT02",202608002,"batch04_QC19","4",91,20,"pooled_QC","training",TRUE,"batch04_QC19"
"mtbls79","SPLIT02",202608002,"batch05_QC20","5",92,1,"pooled_QC","training",TRUE,"batch05_QC20"
"mtbls79","SPLIT02",202608002,"batch05_QC21","5",97,6,"pooled_QC","training",TRUE,"batch05_QC21"
"mtbls79","SPLIT02",202608002,"batch05_QC22","5",101,10,"pooled_QC","hidden",FALSE,"batch05_QC22"
"mtbls79","SPLIT02",202608002,"batch05_QC23","5",104,13,"pooled_QC","hidden",FALSE,"batch05_QC23"
"mtbls79","SPLIT02",202608002,"batch05_QC24","5",108,17,"pooled_QC","training",TRUE,"batch05_QC24"
"mtbls79","SPLIT02",202608002,"Batch06_QC25","6",109,1,"pooled_QC","training",TRUE,"Batch06_QC25"
"mtbls79","SPLIT02",202608002,"Batch06_QC26","6",112,4,"pooled_QC","training",TRUE,"Batch06_QC26"
"mtbls79","SPLIT02",202608002,"Batch06_QC27","6",118,10,"pooled_QC","hidden",FALSE,"Batch06_QC27"
"mtbls79","SPLIT02",202608002,"Batch06_QC28","6",123,15,"pooled_QC","hidden",FALSE,"Batch06_QC28"
"mtbls79","SPLIT02",202608002,"Batch06_QC29","6",128,20,"pooled_QC","training",TRUE,"Batch06_QC29"
"mtbls79","SPLIT02",202608002,"Batch07_QC30","7",129,1,"pooled_QC","training",TRUE,"Batch07_QC30"
"mtbls79","SPLIT02",202608002,"Batch07_QC31","7",135,7,"pooled_QC","hidden",FALSE,"Batch07_QC31"
"mtbls79","SPLIT02",202608002,"Batch07_QC32","7",140,12,"pooled_QC","training",TRUE,"Batch07_QC32"
"mtbls79","SPLIT02",202608002,"Batch07_QC33","7",145,17,"pooled_QC","hidden",FALSE,"Batch07_QC33"
"mtbls79","SPLIT02",202608002,"Batch07_QC34","7",150,22,"pooled_QC","training",TRUE,"Batch07_QC34"
"mtbls79","SPLIT02",202608002,"Batch08_QC36","8",156,6,"pooled_QC","training",TRUE,"Batch08_QC36"
"mtbls79","SPLIT02",202608002,"Batch08_QC37","8",162,12,"pooled_QC","training",TRUE,"Batch08_QC37"
"mtbls79","SPLIT02",202608002,"Batch08_QC38","8",166,16,"pooled_QC","hidden",FALSE,"Batch08_QC38"
"mtbls79","SPLIT02",202608002,"Batch08_QC39","8",172,22,"pooled_QC","training",TRUE,"Batch08_QC39"
"mtbls79","SPLIT03",202608003,"batch01_QC01","1",1,1,"pooled_QC","training",TRUE,"batch01_QC01"
"mtbls79","SPLIT03",202608003,"batch01_QC02","1",2,2,"pooled_QC","hidden",FALSE,"batch01_QC02"
"mtbls79","SPLIT03",202608003,"batch01_QC03","1",3,3,"pooled_QC","training",TRUE,"batch01_QC03"
"mtbls79","SPLIT03",202608003,"batch01_QC04","1",7,7,"pooled_QC","hidden",FALSE,"batch01_QC04"
"mtbls79","SPLIT03",202608003,"batch01_QC05","1",13,13,"pooled_QC","hidden",FALSE,"batch01_QC05"
"mtbls79","SPLIT03",202608003,"batch01_QC06","1",18,18,"pooled_QC","training",TRUE,"batch01_QC06"
"mtbls79","SPLIT03",202608003,"batch01_QC07","1",23,23,"pooled_QC","training",TRUE,"batch01_QC07"
"mtbls79","SPLIT03",202608003,"batch02_QC08","2",29,6,"pooled_QC","training",TRUE,"batch02_QC08"
"mtbls79","SPLIT03",202608003,"batch02_QC09","2",35,12,"pooled_QC","hidden",FALSE,"batch02_QC09"
"mtbls79","SPLIT03",202608003,"batch02_QC10","2",41,18,"pooled_QC","training",TRUE,"batch02_QC10"
"mtbls79","SPLIT03",202608003,"batch02_QC11","2",47,24,"pooled_QC","training",TRUE,"batch02_QC11"
"mtbls79","SPLIT03",202608003,"batch03_QC12","3",53,6,"pooled_QC","training",TRUE,"batch03_QC12"
"mtbls79","SPLIT03",202608003,"batch03_QC13","3",59,12,"pooled_QC","hidden",FALSE,"batch03_QC13"
"mtbls79","SPLIT03",202608003,"batch03_QC14","3",65,18,"pooled_QC","training",TRUE,"batch03_QC14"
"mtbls79","SPLIT03",202608003,"batch03_QC15","3",71,24,"pooled_QC","training",TRUE,"batch03_QC15"
"mtbls79","SPLIT03",202608003,"batch04_QC16","4",76,5,"pooled_QC","training",TRUE,"batch04_QC16"
"mtbls79","SPLIT03",202608003,"batch04_QC17","4",81,10,"pooled_QC","training",TRUE,"batch04_QC17"
"mtbls79","SPLIT03",202608003,"batch04_QC18","4",87,16,"pooled_QC","hidden",FALSE,"batch04_QC18"
"mtbls79","SPLIT03",202608003,"batch04_QC19","4",91,20,"pooled_QC","training",TRUE,"batch04_QC19"
"mtbls79","SPLIT03",202608003,"batch05_QC20","5",92,1,"pooled_QC","training",TRUE,"batch05_QC20"
"mtbls79","SPLIT03",202608003,"batch05_QC21","5",97,6,"pooled_QC","hidden",FALSE,"batch05_QC21"
"mtbls79","SPLIT03",202608003,"batch05_QC22","5",101,10,"pooled_QC","training",TRUE,"batch05_QC22"
"mtbls79","SPLIT03",202608003,"batch05_QC23","5",104,13,"pooled_QC","hidden",FALSE,"batch05_QC23"
"mtbls79","SPLIT03",202608003,"batch05_QC24","5",108,17,"pooled_QC","training",TRUE,"batch05_QC24"
"mtbls79","SPLIT03",202608003,"Batch06_QC25","6",109,1,"pooled_QC","training",TRUE,"Batch06_QC25"
"mtbls79","SPLIT03",202608003,"Batch06_QC26","6",112,4,"pooled_QC","training",TRUE,"Batch06_QC26"
"mtbls79","SPLIT03",202608003,"Batch06_QC27","6",118,10,"pooled_QC","hidden",FALSE,"Batch06_QC27"
"mtbls79","SPLIT03",202608003,"Batch06_QC28","6",123,15,"pooled_QC","training",TRUE,"Batch06_QC28"
"mtbls79","SPLIT03",202608003,"Batch06_QC29","6",128,20,"pooled_QC","training",TRUE,"Batch06_QC29"
"mtbls79","SPLIT03",202608003,"Batch07_QC30","7",129,1,"pooled_QC","training",TRUE,"Batch07_QC30"
"mtbls79","SPLIT03",202608003,"Batch07_QC31","7",135,7,"pooled_QC","hidden",FALSE,"Batch07_QC31"
"mtbls79","SPLIT03",202608003,"Batch07_QC32","7",140,12,"pooled_QC","hidden",FALSE,"Batch07_QC32"
"mtbls79","SPLIT03",202608003,"Batch07_QC33","7",145,17,"pooled_QC","training",TRUE,"Batch07_QC33"
"mtbls79","SPLIT03",202608003,"Batch07_QC34","7",150,22,"pooled_QC","training",TRUE,"Batch07_QC34"
"mtbls79","SPLIT03",202608003,"Batch08_QC36","8",156,6,"pooled_QC","training",TRUE,"Batch08_QC36"
"mtbls79","SPLIT03",202608003,"Batch08_QC37","8",162,12,"pooled_QC","hidden",FALSE,"Batch08_QC37"
"mtbls79","SPLIT03",202608003,"Batch08_QC38","8",166,16,"pooled_QC","training",TRUE,"Batch08_QC38"
"mtbls79","SPLIT03",202608003,"Batch08_QC39","8",172,22,"pooled_QC","training",TRUE,"Batch08_QC39"
"mtbls79","SPLIT04",202608004,"batch01_QC01","1",1,1,"pooled_QC","training",TRUE,"batch01_QC01"
"mtbls79","SPLIT04",202608004,"batch01_QC02","1",2,2,"pooled_QC","hidden",FALSE,"batch01_QC02"
"mtbls79","SPLIT04",202608004,"batch01_QC03","1",3,3,"pooled_QC","training",TRUE,"batch01_QC03"
"mtbls79","SPLIT04",202608004,"batch01_QC04","1",7,7,"pooled_QC","hidden",FALSE,"batch01_QC04"
"mtbls79","SPLIT04",202608004,"batch01_QC05","1",13,13,"pooled_QC","hidden",FALSE,"batch01_QC05"
"mtbls79","SPLIT04",202608004,"batch01_QC06","1",18,18,"pooled_QC","training",TRUE,"batch01_QC06"
"mtbls79","SPLIT04",202608004,"batch01_QC07","1",23,23,"pooled_QC","training",TRUE,"batch01_QC07"
"mtbls79","SPLIT04",202608004,"batch02_QC08","2",29,6,"pooled_QC","training",TRUE,"batch02_QC08"
"mtbls79","SPLIT04",202608004,"batch02_QC09","2",35,12,"pooled_QC","training",TRUE,"batch02_QC09"
"mtbls79","SPLIT04",202608004,"batch02_QC10","2",41,18,"pooled_QC","hidden",FALSE,"batch02_QC10"
"mtbls79","SPLIT04",202608004,"batch02_QC11","2",47,24,"pooled_QC","training",TRUE,"batch02_QC11"
"mtbls79","SPLIT04",202608004,"batch03_QC12","3",53,6,"pooled_QC","training",TRUE,"batch03_QC12"
"mtbls79","SPLIT04",202608004,"batch03_QC13","3",59,12,"pooled_QC","training",TRUE,"batch03_QC13"
"mtbls79","SPLIT04",202608004,"batch03_QC14","3",65,18,"pooled_QC","hidden",FALSE,"batch03_QC14"
"mtbls79","SPLIT04",202608004,"batch03_QC15","3",71,24,"pooled_QC","training",TRUE,"batch03_QC15"
"mtbls79","SPLIT04",202608004,"batch04_QC16","4",76,5,"pooled_QC","training",TRUE,"batch04_QC16"
"mtbls79","SPLIT04",202608004,"batch04_QC17","4",81,10,"pooled_QC","hidden",FALSE,"batch04_QC17"
"mtbls79","SPLIT04",202608004,"batch04_QC18","4",87,16,"pooled_QC","training",TRUE,"batch04_QC18"
"mtbls79","SPLIT04",202608004,"batch04_QC19","4",91,20,"pooled_QC","training",TRUE,"batch04_QC19"
"mtbls79","SPLIT04",202608004,"batch05_QC20","5",92,1,"pooled_QC","training",TRUE,"batch05_QC20"
"mtbls79","SPLIT04",202608004,"batch05_QC21","5",97,6,"pooled_QC","hidden",FALSE,"batch05_QC21"
"mtbls79","SPLIT04",202608004,"batch05_QC22","5",101,10,"pooled_QC","training",TRUE,"batch05_QC22"
"mtbls79","SPLIT04",202608004,"batch05_QC23","5",104,13,"pooled_QC","hidden",FALSE,"batch05_QC23"
"mtbls79","SPLIT04",202608004,"batch05_QC24","5",108,17,"pooled_QC","training",TRUE,"batch05_QC24"
"mtbls79","SPLIT04",202608004,"Batch06_QC25","6",109,1,"pooled_QC","training",TRUE,"Batch06_QC25"
"mtbls79","SPLIT04",202608004,"Batch06_QC26","6",112,4,"pooled_QC","hidden",FALSE,"Batch06_QC26"
"mtbls79","SPLIT04",202608004,"Batch06_QC27","6",118,10,"pooled_QC","hidden",FALSE,"Batch06_QC27"
"mtbls79","SPLIT04",202608004,"Batch06_QC28","6",123,15,"pooled_QC","training",TRUE,"Batch06_QC28"
"mtbls79","SPLIT04",202608004,"Batch06_QC29","6",128,20,"pooled_QC","training",TRUE,"Batch06_QC29"
"mtbls79","SPLIT04",202608004,"Batch07_QC30","7",129,1,"pooled_QC","training",TRUE,"Batch07_QC30"
"mtbls79","SPLIT04",202608004,"Batch07_QC31","7",135,7,"pooled_QC","training",TRUE,"Batch07_QC31"
"mtbls79","SPLIT04",202608004,"Batch07_QC32","7",140,12,"pooled_QC","hidden",FALSE,"Batch07_QC32"
"mtbls79","SPLIT04",202608004,"Batch07_QC33","7",145,17,"pooled_QC","training",TRUE,"Batch07_QC33"
"mtbls79","SPLIT04",202608004,"Batch07_QC34","7",150,22,"pooled_QC","training",TRUE,"Batch07_QC34"
"mtbls79","SPLIT04",202608004,"Batch08_QC36","8",156,6,"pooled_QC","training",TRUE,"Batch08_QC36"
"mtbls79","SPLIT04",202608004,"Batch08_QC37","8",162,12,"pooled_QC","training",TRUE,"Batch08_QC37"
"mtbls79","SPLIT04",202608004,"Batch08_QC38","8",166,16,"pooled_QC","hidden",FALSE,"Batch08_QC38"
"mtbls79","SPLIT04",202608004,"Batch08_QC39","8",172,22,"pooled_QC","training",TRUE,"Batch08_QC39"
"mtbls79","SPLIT05",202608005,"batch01_QC01","1",1,1,"pooled_QC","training",TRUE,"batch01_QC01"
"mtbls79","SPLIT05",202608005,"batch01_QC02","1",2,2,"pooled_QC","training",TRUE,"batch01_QC02"
"mtbls79","SPLIT05",202608005,"batch01_QC03","1",3,3,"pooled_QC","hidden",FALSE,"batch01_QC03"
"mtbls79","SPLIT05",202608005,"batch01_QC04","1",7,7,"pooled_QC","hidden",FALSE,"batch01_QC04"
"mtbls79","SPLIT05",202608005,"batch01_QC05","1",13,13,"pooled_QC","hidden",FALSE,"batch01_QC05"
"mtbls79","SPLIT05",202608005,"batch01_QC06","1",18,18,"pooled_QC","training",TRUE,"batch01_QC06"
"mtbls79","SPLIT05",202608005,"batch01_QC07","1",23,23,"pooled_QC","training",TRUE,"batch01_QC07"
"mtbls79","SPLIT05",202608005,"batch02_QC08","2",29,6,"pooled_QC","training",TRUE,"batch02_QC08"
"mtbls79","SPLIT05",202608005,"batch02_QC09","2",35,12,"pooled_QC","hidden",FALSE,"batch02_QC09"
"mtbls79","SPLIT05",202608005,"batch02_QC10","2",41,18,"pooled_QC","training",TRUE,"batch02_QC10"
"mtbls79","SPLIT05",202608005,"batch02_QC11","2",47,24,"pooled_QC","training",TRUE,"batch02_QC11"
"mtbls79","SPLIT05",202608005,"batch03_QC12","3",53,6,"pooled_QC","training",TRUE,"batch03_QC12"
"mtbls79","SPLIT05",202608005,"batch03_QC13","3",59,12,"pooled_QC","hidden",FALSE,"batch03_QC13"
"mtbls79","SPLIT05",202608005,"batch03_QC14","3",65,18,"pooled_QC","training",TRUE,"batch03_QC14"
"mtbls79","SPLIT05",202608005,"batch03_QC15","3",71,24,"pooled_QC","training",TRUE,"batch03_QC15"
"mtbls79","SPLIT05",202608005,"batch04_QC16","4",76,5,"pooled_QC","training",TRUE,"batch04_QC16"
"mtbls79","SPLIT05",202608005,"batch04_QC17","4",81,10,"pooled_QC","training",TRUE,"batch04_QC17"
"mtbls79","SPLIT05",202608005,"batch04_QC18","4",87,16,"pooled_QC","hidden",FALSE,"batch04_QC18"
"mtbls79","SPLIT05",202608005,"batch04_QC19","4",91,20,"pooled_QC","training",TRUE,"batch04_QC19"
"mtbls79","SPLIT05",202608005,"batch05_QC20","5",92,1,"pooled_QC","training",TRUE,"batch05_QC20"
"mtbls79","SPLIT05",202608005,"batch05_QC21","5",97,6,"pooled_QC","hidden",FALSE,"batch05_QC21"
"mtbls79","SPLIT05",202608005,"batch05_QC22","5",101,10,"pooled_QC","hidden",FALSE,"batch05_QC22"
"mtbls79","SPLIT05",202608005,"batch05_QC23","5",104,13,"pooled_QC","training",TRUE,"batch05_QC23"
"mtbls79","SPLIT05",202608005,"batch05_QC24","5",108,17,"pooled_QC","training",TRUE,"batch05_QC24"
"mtbls79","SPLIT05",202608005,"Batch06_QC25","6",109,1,"pooled_QC","training",TRUE,"Batch06_QC25"
"mtbls79","SPLIT05",202608005,"Batch06_QC26","6",112,4,"pooled_QC","hidden",FALSE,"Batch06_QC26"
"mtbls79","SPLIT05",202608005,"Batch06_QC27","6",118,10,"pooled_QC","hidden",FALSE,"Batch06_QC27"
"mtbls79","SPLIT05",202608005,"Batch06_QC28","6",123,15,"pooled_QC","training",TRUE,"Batch06_QC28"
"mtbls79","SPLIT05",202608005,"Batch06_QC29","6",128,20,"pooled_QC","training",TRUE,"Batch06_QC29"
"mtbls79","SPLIT05",202608005,"Batch07_QC30","7",129,1,"pooled_QC","training",TRUE,"Batch07_QC30"
"mtbls79","SPLIT05",202608005,"Batch07_QC31","7",135,7,"pooled_QC","training",TRUE,"Batch07_QC31"
"mtbls79","SPLIT05",202608005,"Batch07_QC32","7",140,12,"pooled_QC","training",TRUE,"Batch07_QC32"
"mtbls79","SPLIT05",202608005,"Batch07_QC33","7",145,17,"pooled_QC","hidden",FALSE,"Batch07_QC33"
"mtbls79","SPLIT05",202608005,"Batch07_QC34","7",150,22,"pooled_QC","training",TRUE,"Batch07_QC34"
"mtbls79","SPLIT05",202608005,"Batch08_QC36","8",156,6,"pooled_QC","training",TRUE,"Batch08_QC36"
"mtbls79","SPLIT05",202608005,"Batch08_QC37","8",162,12,"pooled_QC","training",TRUE,"Batch08_QC37"
"mtbls79","SPLIT05",202608005,"Batch08_QC38","8",166,16,"pooled_QC","hidden",FALSE,"Batch08_QC38"
"mtbls79","SPLIT05",202608005,"Batch08_QC39","8",172,22,"pooled_QC","training",TRUE,"Batch08_QC39"
"mtbls79","SPLIT06",202608006,"batch01_QC01","1",1,1,"pooled_QC","training",TRUE,"batch01_QC01"
"mtbls79","SPLIT06",202608006,"batch01_QC02","1",2,2,"pooled_QC","training",TRUE,"batch01_QC02"
"mtbls79","SPLIT06",202608006,"batch01_QC03","1",3,3,"pooled_QC","training",TRUE,"batch01_QC03"
"mtbls79","SPLIT06",202608006,"batch01_QC04","1",7,7,"pooled_QC","training",TRUE,"batch01_QC04"
"mtbls79","SPLIT06",202608006,"batch01_QC05","1",13,13,"pooled_QC","hidden",FALSE,"batch01_QC05"
"mtbls79","SPLIT06",202608006,"batch01_QC06","1",18,18,"pooled_QC","hidden",FALSE,"batch01_QC06"
"mtbls79","SPLIT06",202608006,"batch01_QC07","1",23,23,"pooled_QC","training",TRUE,"batch01_QC07"
"mtbls79","SPLIT06",202608006,"batch02_QC08","2",29,6,"pooled_QC","training",TRUE,"batch02_QC08"
"mtbls79","SPLIT06",202608006,"batch02_QC09","2",35,12,"pooled_QC","training",TRUE,"batch02_QC09"
"mtbls79","SPLIT06",202608006,"batch02_QC10","2",41,18,"pooled_QC","hidden",FALSE,"batch02_QC10"
"mtbls79","SPLIT06",202608006,"batch02_QC11","2",47,24,"pooled_QC","training",TRUE,"batch02_QC11"
"mtbls79","SPLIT06",202608006,"batch03_QC12","3",53,6,"pooled_QC","training",TRUE,"batch03_QC12"
"mtbls79","SPLIT06",202608006,"batch03_QC13","3",59,12,"pooled_QC","hidden",FALSE,"batch03_QC13"
"mtbls79","SPLIT06",202608006,"batch03_QC14","3",65,18,"pooled_QC","training",TRUE,"batch03_QC14"
"mtbls79","SPLIT06",202608006,"batch03_QC15","3",71,24,"pooled_QC","training",TRUE,"batch03_QC15"
"mtbls79","SPLIT06",202608006,"batch04_QC16","4",76,5,"pooled_QC","training",TRUE,"batch04_QC16"
"mtbls79","SPLIT06",202608006,"batch04_QC17","4",81,10,"pooled_QC","hidden",FALSE,"batch04_QC17"
"mtbls79","SPLIT06",202608006,"batch04_QC18","4",87,16,"pooled_QC","training",TRUE,"batch04_QC18"
"mtbls79","SPLIT06",202608006,"batch04_QC19","4",91,20,"pooled_QC","training",TRUE,"batch04_QC19"
"mtbls79","SPLIT06",202608006,"batch05_QC20","5",92,1,"pooled_QC","training",TRUE,"batch05_QC20"
"mtbls79","SPLIT06",202608006,"batch05_QC21","5",97,6,"pooled_QC","hidden",FALSE,"batch05_QC21"
"mtbls79","SPLIT06",202608006,"batch05_QC22","5",101,10,"pooled_QC","training",TRUE,"batch05_QC22"
"mtbls79","SPLIT06",202608006,"batch05_QC23","5",104,13,"pooled_QC","hidden",FALSE,"batch05_QC23"
"mtbls79","SPLIT06",202608006,"batch05_QC24","5",108,17,"pooled_QC","training",TRUE,"batch05_QC24"
"mtbls79","SPLIT06",202608006,"Batch06_QC25","6",109,1,"pooled_QC","training",TRUE,"Batch06_QC25"
"mtbls79","SPLIT06",202608006,"Batch06_QC26","6",112,4,"pooled_QC","training",TRUE,"Batch06_QC26"
"mtbls79","SPLIT06",202608006,"Batch06_QC27","6",118,10,"pooled_QC","hidden",FALSE,"Batch06_QC27"
"mtbls79","SPLIT06",202608006,"Batch06_QC28","6",123,15,"pooled_QC","hidden",FALSE,"Batch06_QC28"
"mtbls79","SPLIT06",202608006,"Batch06_QC29","6",128,20,"pooled_QC","training",TRUE,"Batch06_QC29"
"mtbls79","SPLIT06",202608006,"Batch07_QC30","7",129,1,"pooled_QC","training",TRUE,"Batch07_QC30"
"mtbls79","SPLIT06",202608006,"Batch07_QC31","7",135,7,"pooled_QC","training",TRUE,"Batch07_QC31"
"mtbls79","SPLIT06",202608006,"Batch07_QC32","7",140,12,"pooled_QC","hidden",FALSE,"Batch07_QC32"
"mtbls79","SPLIT06",202608006,"Batch07_QC33","7",145,17,"pooled_QC","hidden",FALSE,"Batch07_QC33"
"mtbls79","SPLIT06",202608006,"Batch07_QC34","7",150,22,"pooled_QC","training",TRUE,"Batch07_QC34"
"mtbls79","SPLIT06",202608006,"Batch08_QC36","8",156,6,"pooled_QC","training",TRUE,"Batch08_QC36"
"mtbls79","SPLIT06",202608006,"Batch08_QC37","8",162,12,"pooled_QC","training",TRUE,"Batch08_QC37"
"mtbls79","SPLIT06",202608006,"Batch08_QC38","8",166,16,"pooled_QC","hidden",FALSE,"Batch08_QC38"
"mtbls79","SPLIT06",202608006,"Batch08_QC39","8",172,22,"pooled_QC","training",TRUE,"Batch08_QC39"
"mtbls79","SPLIT07",202608007,"batch01_QC01","1",1,1,"pooled_QC","training",TRUE,"batch01_QC01"
"mtbls79","SPLIT07",202608007,"batch01_QC02","1",2,2,"pooled_QC","hidden",FALSE,"batch01_QC02"
"mtbls79","SPLIT07",202608007,"batch01_QC03","1",3,3,"pooled_QC","hidden",FALSE,"batch01_QC03"
"mtbls79","SPLIT07",202608007,"batch01_QC04","1",7,7,"pooled_QC","training",TRUE,"batch01_QC04"
"mtbls79","SPLIT07",202608007,"batch01_QC05","1",13,13,"pooled_QC","training",TRUE,"batch01_QC05"
"mtbls79","SPLIT07",202608007,"batch01_QC06","1",18,18,"pooled_QC","hidden",FALSE,"batch01_QC06"
"mtbls79","SPLIT07",202608007,"batch01_QC07","1",23,23,"pooled_QC","training",TRUE,"batch01_QC07"
"mtbls79","SPLIT07",202608007,"batch02_QC08","2",29,6,"pooled_QC","training",TRUE,"batch02_QC08"
"mtbls79","SPLIT07",202608007,"batch02_QC09","2",35,12,"pooled_QC","hidden",FALSE,"batch02_QC09"
"mtbls79","SPLIT07",202608007,"batch02_QC10","2",41,18,"pooled_QC","training",TRUE,"batch02_QC10"
"mtbls79","SPLIT07",202608007,"batch02_QC11","2",47,24,"pooled_QC","training",TRUE,"batch02_QC11"
"mtbls79","SPLIT07",202608007,"batch03_QC12","3",53,6,"pooled_QC","training",TRUE,"batch03_QC12"
"mtbls79","SPLIT07",202608007,"batch03_QC13","3",59,12,"pooled_QC","hidden",FALSE,"batch03_QC13"
"mtbls79","SPLIT07",202608007,"batch03_QC14","3",65,18,"pooled_QC","training",TRUE,"batch03_QC14"
"mtbls79","SPLIT07",202608007,"batch03_QC15","3",71,24,"pooled_QC","training",TRUE,"batch03_QC15"
"mtbls79","SPLIT07",202608007,"batch04_QC16","4",76,5,"pooled_QC","training",TRUE,"batch04_QC16"
"mtbls79","SPLIT07",202608007,"batch04_QC17","4",81,10,"pooled_QC","hidden",FALSE,"batch04_QC17"
"mtbls79","SPLIT07",202608007,"batch04_QC18","4",87,16,"pooled_QC","training",TRUE,"batch04_QC18"
"mtbls79","SPLIT07",202608007,"batch04_QC19","4",91,20,"pooled_QC","training",TRUE,"batch04_QC19"
"mtbls79","SPLIT07",202608007,"batch05_QC20","5",92,1,"pooled_QC","training",TRUE,"batch05_QC20"
"mtbls79","SPLIT07",202608007,"batch05_QC21","5",97,6,"pooled_QC","training",TRUE,"batch05_QC21"
"mtbls79","SPLIT07",202608007,"batch05_QC22","5",101,10,"pooled_QC","hidden",FALSE,"batch05_QC22"
"mtbls79","SPLIT07",202608007,"batch05_QC23","5",104,13,"pooled_QC","hidden",FALSE,"batch05_QC23"
"mtbls79","SPLIT07",202608007,"batch05_QC24","5",108,17,"pooled_QC","training",TRUE,"batch05_QC24"
"mtbls79","SPLIT07",202608007,"Batch06_QC25","6",109,1,"pooled_QC","training",TRUE,"Batch06_QC25"
"mtbls79","SPLIT07",202608007,"Batch06_QC26","6",112,4,"pooled_QC","training",TRUE,"Batch06_QC26"
"mtbls79","SPLIT07",202608007,"Batch06_QC27","6",118,10,"pooled_QC","hidden",FALSE,"Batch06_QC27"
"mtbls79","SPLIT07",202608007,"Batch06_QC28","6",123,15,"pooled_QC","training",TRUE,"Batch06_QC28"
"mtbls79","SPLIT07",202608007,"Batch06_QC29","6",128,20,"pooled_QC","training",TRUE,"Batch06_QC29"
"mtbls79","SPLIT07",202608007,"Batch07_QC30","7",129,1,"pooled_QC","training",TRUE,"Batch07_QC30"
"mtbls79","SPLIT07",202608007,"Batch07_QC31","7",135,7,"pooled_QC","hidden",FALSE,"Batch07_QC31"
"mtbls79","SPLIT07",202608007,"Batch07_QC32","7",140,12,"pooled_QC","hidden",FALSE,"Batch07_QC32"
"mtbls79","SPLIT07",202608007,"Batch07_QC33","7",145,17,"pooled_QC","training",TRUE,"Batch07_QC33"
"mtbls79","SPLIT07",202608007,"Batch07_QC34","7",150,22,"pooled_QC","training",TRUE,"Batch07_QC34"
"mtbls79","SPLIT07",202608007,"Batch08_QC36","8",156,6,"pooled_QC","training",TRUE,"Batch08_QC36"
"mtbls79","SPLIT07",202608007,"Batch08_QC37","8",162,12,"pooled_QC","hidden",FALSE,"Batch08_QC37"
"mtbls79","SPLIT07",202608007,"Batch08_QC38","8",166,16,"pooled_QC","training",TRUE,"Batch08_QC38"
"mtbls79","SPLIT07",202608007,"Batch08_QC39","8",172,22,"pooled_QC","training",TRUE,"Batch08_QC39"
"mtbls79","SPLIT08",202608008,"batch01_QC01","1",1,1,"pooled_QC","training",TRUE,"batch01_QC01"
"mtbls79","SPLIT08",202608008,"batch01_QC02","1",2,2,"pooled_QC","hidden",FALSE,"batch01_QC02"
"mtbls79","SPLIT08",202608008,"batch01_QC03","1",3,3,"pooled_QC","hidden",FALSE,"batch01_QC03"
"mtbls79","SPLIT08",202608008,"batch01_QC04","1",7,7,"pooled_QC","training",TRUE,"batch01_QC04"
"mtbls79","SPLIT08",202608008,"batch01_QC05","1",13,13,"pooled_QC","training",TRUE,"batch01_QC05"
"mtbls79","SPLIT08",202608008,"batch01_QC06","1",18,18,"pooled_QC","hidden",FALSE,"batch01_QC06"
"mtbls79","SPLIT08",202608008,"batch01_QC07","1",23,23,"pooled_QC","training",TRUE,"batch01_QC07"
"mtbls79","SPLIT08",202608008,"batch02_QC08","2",29,6,"pooled_QC","training",TRUE,"batch02_QC08"
"mtbls79","SPLIT08",202608008,"batch02_QC09","2",35,12,"pooled_QC","training",TRUE,"batch02_QC09"
"mtbls79","SPLIT08",202608008,"batch02_QC10","2",41,18,"pooled_QC","hidden",FALSE,"batch02_QC10"
"mtbls79","SPLIT08",202608008,"batch02_QC11","2",47,24,"pooled_QC","training",TRUE,"batch02_QC11"
"mtbls79","SPLIT08",202608008,"batch03_QC12","3",53,6,"pooled_QC","training",TRUE,"batch03_QC12"
"mtbls79","SPLIT08",202608008,"batch03_QC13","3",59,12,"pooled_QC","hidden",FALSE,"batch03_QC13"
"mtbls79","SPLIT08",202608008,"batch03_QC14","3",65,18,"pooled_QC","training",TRUE,"batch03_QC14"
"mtbls79","SPLIT08",202608008,"batch03_QC15","3",71,24,"pooled_QC","training",TRUE,"batch03_QC15"
"mtbls79","SPLIT08",202608008,"batch04_QC16","4",76,5,"pooled_QC","training",TRUE,"batch04_QC16"
"mtbls79","SPLIT08",202608008,"batch04_QC17","4",81,10,"pooled_QC","training",TRUE,"batch04_QC17"
"mtbls79","SPLIT08",202608008,"batch04_QC18","4",87,16,"pooled_QC","hidden",FALSE,"batch04_QC18"
"mtbls79","SPLIT08",202608008,"batch04_QC19","4",91,20,"pooled_QC","training",TRUE,"batch04_QC19"
"mtbls79","SPLIT08",202608008,"batch05_QC20","5",92,1,"pooled_QC","training",TRUE,"batch05_QC20"
"mtbls79","SPLIT08",202608008,"batch05_QC21","5",97,6,"pooled_QC","training",TRUE,"batch05_QC21"
"mtbls79","SPLIT08",202608008,"batch05_QC22","5",101,10,"pooled_QC","hidden",FALSE,"batch05_QC22"
"mtbls79","SPLIT08",202608008,"batch05_QC23","5",104,13,"pooled_QC","training",TRUE,"batch05_QC23"
"mtbls79","SPLIT08",202608008,"batch05_QC24","5",108,17,"pooled_QC","training",TRUE,"batch05_QC24"
"mtbls79","SPLIT08",202608008,"Batch06_QC25","6",109,1,"pooled_QC","training",TRUE,"Batch06_QC25"
"mtbls79","SPLIT08",202608008,"Batch06_QC26","6",112,4,"pooled_QC","hidden",FALSE,"Batch06_QC26"
"mtbls79","SPLIT08",202608008,"Batch06_QC27","6",118,10,"pooled_QC","training",TRUE,"Batch06_QC27"
"mtbls79","SPLIT08",202608008,"Batch06_QC28","6",123,15,"pooled_QC","hidden",FALSE,"Batch06_QC28"
"mtbls79","SPLIT08",202608008,"Batch06_QC29","6",128,20,"pooled_QC","training",TRUE,"Batch06_QC29"
"mtbls79","SPLIT08",202608008,"Batch07_QC30","7",129,1,"pooled_QC","training",TRUE,"Batch07_QC30"
"mtbls79","SPLIT08",202608008,"Batch07_QC31","7",135,7,"pooled_QC","hidden",FALSE,"Batch07_QC31"
"mtbls79","SPLIT08",202608008,"Batch07_QC32","7",140,12,"pooled_QC","training",TRUE,"Batch07_QC32"
"mtbls79","SPLIT08",202608008,"Batch07_QC33","7",145,17,"pooled_QC","hidden",FALSE,"Batch07_QC33"
"mtbls79","SPLIT08",202608008,"Batch07_QC34","7",150,22,"pooled_QC","training",TRUE,"Batch07_QC34"
"mtbls79","SPLIT08",202608008,"Batch08_QC36","8",156,6,"pooled_QC","training",TRUE,"Batch08_QC36"
"mtbls79","SPLIT08",202608008,"Batch08_QC37","8",162,12,"pooled_QC","training",TRUE,"Batch08_QC37"
"mtbls79","SPLIT08",202608008,"Batch08_QC38","8",166,16,"pooled_QC","hidden",FALSE,"Batch08_QC38"
"mtbls79","SPLIT08",202608008,"Batch08_QC39","8",172,22,"pooled_QC","training",TRUE,"Batch08_QC39"
"mtbls79","SPLIT09",202608009,"batch01_QC01","1",1,1,"pooled_QC","training",TRUE,"batch01_QC01"
"mtbls79","SPLIT09",202608009,"batch01_QC02","1",2,2,"pooled_QC","hidden",FALSE,"batch01_QC02"
"mtbls79","SPLIT09",202608009,"batch01_QC03","1",3,3,"pooled_QC","training",TRUE,"batch01_QC03"
"mtbls79","SPLIT09",202608009,"batch01_QC04","1",7,7,"pooled_QC","training",TRUE,"batch01_QC04"
"mtbls79","SPLIT09",202608009,"batch01_QC05","1",13,13,"pooled_QC","hidden",FALSE,"batch01_QC05"
"mtbls79","SPLIT09",202608009,"batch01_QC06","1",18,18,"pooled_QC","hidden",FALSE,"batch01_QC06"
"mtbls79","SPLIT09",202608009,"batch01_QC07","1",23,23,"pooled_QC","training",TRUE,"batch01_QC07"
"mtbls79","SPLIT09",202608009,"batch02_QC08","2",29,6,"pooled_QC","training",TRUE,"batch02_QC08"
"mtbls79","SPLIT09",202608009,"batch02_QC09","2",35,12,"pooled_QC","training",TRUE,"batch02_QC09"
"mtbls79","SPLIT09",202608009,"batch02_QC10","2",41,18,"pooled_QC","hidden",FALSE,"batch02_QC10"
"mtbls79","SPLIT09",202608009,"batch02_QC11","2",47,24,"pooled_QC","training",TRUE,"batch02_QC11"
"mtbls79","SPLIT09",202608009,"batch03_QC12","3",53,6,"pooled_QC","training",TRUE,"batch03_QC12"
"mtbls79","SPLIT09",202608009,"batch03_QC13","3",59,12,"pooled_QC","training",TRUE,"batch03_QC13"
"mtbls79","SPLIT09",202608009,"batch03_QC14","3",65,18,"pooled_QC","hidden",FALSE,"batch03_QC14"
"mtbls79","SPLIT09",202608009,"batch03_QC15","3",71,24,"pooled_QC","training",TRUE,"batch03_QC15"
"mtbls79","SPLIT09",202608009,"batch04_QC16","4",76,5,"pooled_QC","training",TRUE,"batch04_QC16"
"mtbls79","SPLIT09",202608009,"batch04_QC17","4",81,10,"pooled_QC","training",TRUE,"batch04_QC17"
"mtbls79","SPLIT09",202608009,"batch04_QC18","4",87,16,"pooled_QC","hidden",FALSE,"batch04_QC18"
"mtbls79","SPLIT09",202608009,"batch04_QC19","4",91,20,"pooled_QC","training",TRUE,"batch04_QC19"
"mtbls79","SPLIT09",202608009,"batch05_QC20","5",92,1,"pooled_QC","training",TRUE,"batch05_QC20"
"mtbls79","SPLIT09",202608009,"batch05_QC21","5",97,6,"pooled_QC","hidden",FALSE,"batch05_QC21"
"mtbls79","SPLIT09",202608009,"batch05_QC22","5",101,10,"pooled_QC","hidden",FALSE,"batch05_QC22"
"mtbls79","SPLIT09",202608009,"batch05_QC23","5",104,13,"pooled_QC","training",TRUE,"batch05_QC23"
"mtbls79","SPLIT09",202608009,"batch05_QC24","5",108,17,"pooled_QC","training",TRUE,"batch05_QC24"
"mtbls79","SPLIT09",202608009,"Batch06_QC25","6",109,1,"pooled_QC","training",TRUE,"Batch06_QC25"
"mtbls79","SPLIT09",202608009,"Batch06_QC26","6",112,4,"pooled_QC","training",TRUE,"Batch06_QC26"
"mtbls79","SPLIT09",202608009,"Batch06_QC27","6",118,10,"pooled_QC","hidden",FALSE,"Batch06_QC27"
"mtbls79","SPLIT09",202608009,"Batch06_QC28","6",123,15,"pooled_QC","training",TRUE,"Batch06_QC28"
"mtbls79","SPLIT09",202608009,"Batch06_QC29","6",128,20,"pooled_QC","training",TRUE,"Batch06_QC29"
"mtbls79","SPLIT09",202608009,"Batch07_QC30","7",129,1,"pooled_QC","training",TRUE,"Batch07_QC30"
"mtbls79","SPLIT09",202608009,"Batch07_QC31","7",135,7,"pooled_QC","training",TRUE,"Batch07_QC31"
"mtbls79","SPLIT09",202608009,"Batch07_QC32","7",140,12,"pooled_QC","hidden",FALSE,"Batch07_QC32"
"mtbls79","SPLIT09",202608009,"Batch07_QC33","7",145,17,"pooled_QC","hidden",FALSE,"Batch07_QC33"
"mtbls79","SPLIT09",202608009,"Batch07_QC34","7",150,22,"pooled_QC","training",TRUE,"Batch07_QC34"
"mtbls79","SPLIT09",202608009,"Batch08_QC36","8",156,6,"pooled_QC","training",TRUE,"Batch08_QC36"
"mtbls79","SPLIT09",202608009,"Batch08_QC37","8",162,12,"pooled_QC","training",TRUE,"Batch08_QC37"
"mtbls79","SPLIT09",202608009,"Batch08_QC38","8",166,16,"pooled_QC","hidden",FALSE,"Batch08_QC38"
"mtbls79","SPLIT09",202608009,"Batch08_QC39","8",172,22,"pooled_QC","training",TRUE,"Batch08_QC39"
"mtbls79","SPLIT10",202608010,"batch01_QC01","1",1,1,"pooled_QC","training",TRUE,"batch01_QC01"
"mtbls79","SPLIT10",202608010,"batch01_QC02","1",2,2,"pooled_QC","hidden",FALSE,"batch01_QC02"
"mtbls79","SPLIT10",202608010,"batch01_QC03","1",3,3,"pooled_QC","training",TRUE,"batch01_QC03"
"mtbls79","SPLIT10",202608010,"batch01_QC04","1",7,7,"pooled_QC","training",TRUE,"batch01_QC04"
"mtbls79","SPLIT10",202608010,"batch01_QC05","1",13,13,"pooled_QC","hidden",FALSE,"batch01_QC05"
"mtbls79","SPLIT10",202608010,"batch01_QC06","1",18,18,"pooled_QC","hidden",FALSE,"batch01_QC06"
"mtbls79","SPLIT10",202608010,"batch01_QC07","1",23,23,"pooled_QC","training",TRUE,"batch01_QC07"
"mtbls79","SPLIT10",202608010,"batch02_QC08","2",29,6,"pooled_QC","training",TRUE,"batch02_QC08"
"mtbls79","SPLIT10",202608010,"batch02_QC09","2",35,12,"pooled_QC","training",TRUE,"batch02_QC09"
"mtbls79","SPLIT10",202608010,"batch02_QC10","2",41,18,"pooled_QC","hidden",FALSE,"batch02_QC10"
"mtbls79","SPLIT10",202608010,"batch02_QC11","2",47,24,"pooled_QC","training",TRUE,"batch02_QC11"
"mtbls79","SPLIT10",202608010,"batch03_QC12","3",53,6,"pooled_QC","training",TRUE,"batch03_QC12"
"mtbls79","SPLIT10",202608010,"batch03_QC13","3",59,12,"pooled_QC","training",TRUE,"batch03_QC13"
"mtbls79","SPLIT10",202608010,"batch03_QC14","3",65,18,"pooled_QC","hidden",FALSE,"batch03_QC14"
"mtbls79","SPLIT10",202608010,"batch03_QC15","3",71,24,"pooled_QC","training",TRUE,"batch03_QC15"
"mtbls79","SPLIT10",202608010,"batch04_QC16","4",76,5,"pooled_QC","training",TRUE,"batch04_QC16"
"mtbls79","SPLIT10",202608010,"batch04_QC17","4",81,10,"pooled_QC","hidden",FALSE,"batch04_QC17"
"mtbls79","SPLIT10",202608010,"batch04_QC18","4",87,16,"pooled_QC","training",TRUE,"batch04_QC18"
"mtbls79","SPLIT10",202608010,"batch04_QC19","4",91,20,"pooled_QC","training",TRUE,"batch04_QC19"
"mtbls79","SPLIT10",202608010,"batch05_QC20","5",92,1,"pooled_QC","training",TRUE,"batch05_QC20"
"mtbls79","SPLIT10",202608010,"batch05_QC21","5",97,6,"pooled_QC","hidden",FALSE,"batch05_QC21"
"mtbls79","SPLIT10",202608010,"batch05_QC22","5",101,10,"pooled_QC","training",TRUE,"batch05_QC22"
"mtbls79","SPLIT10",202608010,"batch05_QC23","5",104,13,"pooled_QC","training",TRUE,"batch05_QC23"
"mtbls79","SPLIT10",202608010,"batch05_QC24","5",108,17,"pooled_QC","training",TRUE,"batch05_QC24"
"mtbls79","SPLIT10",202608010,"Batch06_QC25","6",109,1,"pooled_QC","training",TRUE,"Batch06_QC25"
"mtbls79","SPLIT10",202608010,"Batch06_QC26","6",112,4,"pooled_QC","hidden",FALSE,"Batch06_QC26"
"mtbls79","SPLIT10",202608010,"Batch06_QC27","6",118,10,"pooled_QC","training",TRUE,"Batch06_QC27"
"mtbls79","SPLIT10",202608010,"Batch06_QC28","6",123,15,"pooled_QC","hidden",FALSE,"Batch06_QC28"
"mtbls79","SPLIT10",202608010,"Batch06_QC29","6",128,20,"pooled_QC","training",TRUE,"Batch06_QC29"
"mtbls79","SPLIT10",202608010,"Batch07_QC30","7",129,1,"pooled_QC","training",TRUE,"Batch07_QC30"
"mtbls79","SPLIT10",202608010,"Batch07_QC31","7",135,7,"pooled_QC","hidden",FALSE,"Batch07_QC31"
"mtbls79","SPLIT10",202608010,"Batch07_QC32","7",140,12,"pooled_QC","training",TRUE,"Batch07_QC32"
"mtbls79","SPLIT10",202608010,"Batch07_QC33","7",145,17,"pooled_QC","hidden",FALSE,"Batch07_QC33"
"mtbls79","SPLIT10",202608010,"Batch07_QC34","7",150,22,"pooled_QC","training",TRUE,"Batch07_QC34"
"mtbls79","SPLIT10",202608010,"Batch08_QC36","8",156,6,"pooled_QC","training",TRUE,"Batch08_QC36"
"mtbls79","SPLIT10",202608010,"Batch08_QC37","8",162,12,"pooled_QC","training",TRUE,"Batch08_QC37"
"mtbls79","SPLIT10",202608010,"Batch08_QC38","8",166,16,"pooled_QC","hidden",FALSE,"Batch08_QC38"
"mtbls79","SPLIT10",202608010,"Batch08_QC39","8",172,22,"pooled_QC","training",TRUE,"Batch08_QC39"
"batchcorr_set1","SPLIT01",202608001,"LCMS sample 1","B1",10,1,"reference_QC","training",TRUE,"LCMS sample 1"
"batchcorr_set1","SPLIT01",202608001,"LCMS sample 21","B1",30,21,"reference_QC","training",TRUE,"LCMS sample 21"
"batchcorr_set1","SPLIT01",202608001,"LCMS sample 40","B1",49,40,"reference_QC","hidden",FALSE,"LCMS sample 40"
"batchcorr_set1","SPLIT01",202608001,"LCMS sample 59","B1",68,59,"reference_QC","training",TRUE,"LCMS sample 59"
"batchcorr_set1","SPLIT01",202608001,"LCMS sample 79","B1",88,79,"reference_QC","training",TRUE,"LCMS sample 79"
"batchcorr_set1","SPLIT01",202608001,"LCMS sample 80","B2",89,1,"reference_QC","training",TRUE,"LCMS sample 80"
"batchcorr_set1","SPLIT01",202608001,"LCMS sample 100","B2",109,21,"reference_QC","training",TRUE,"LCMS sample 100"
"batchcorr_set1","SPLIT01",202608001,"LCMS sample 120","B2",129,41,"reference_QC","training",TRUE,"LCMS sample 120"
"batchcorr_set1","SPLIT01",202608001,"LCMS sample 140","B2",149,61,"reference_QC","training",TRUE,"LCMS sample 140"
"batchcorr_set1","SPLIT01",202608001,"LCMS sample 154","B2",167,75,"reference_QC","hidden",FALSE,"LCMS sample 154"
"batchcorr_set1","SPLIT01",202608001,"LCMS sample 157","B2",171,78,"reference_QC","training",TRUE,"LCMS sample 157"
"batchcorr_set1","SPLIT01",202608001,"LCMS sample 158","B9",183,1,"reference_QC","training",TRUE,"LCMS sample 158"
"batchcorr_set1","SPLIT01",202608001,"LCMS sample 178","B9",203,21,"reference_QC","training",TRUE,"LCMS sample 178"
"batchcorr_set1","SPLIT01",202608001,"LCMS sample 198","B9",223,41,"reference_QC","hidden",FALSE,"LCMS sample 198"
"batchcorr_set1","SPLIT01",202608001,"LCMS sample 217","B9",242,60,"reference_QC","training",TRUE,"LCMS sample 217"
"batchcorr_set1","SPLIT01",202608001,"LCMS sample 236","B9",261,79,"reference_QC","training",TRUE,"LCMS sample 236"
"batchcorr_set1","SPLIT01",202608001,"LCMS sample 237","B10",262,1,"reference_QC","training",TRUE,"LCMS sample 237"
"batchcorr_set1","SPLIT01",202608001,"LCMS sample 249","B10",274,13,"reference_QC","training",TRUE,"LCMS sample 249"
"batchcorr_set1","SPLIT01",202608001,"LCMS sample 261","B10",286,25,"reference_QC","hidden",FALSE,"LCMS sample 261"
"batchcorr_set1","SPLIT01",202608001,"LCMS sample 273","B10",298,37,"reference_QC","training",TRUE,"LCMS sample 273"
"batchcorr_set1","SPLIT01",202608001,"LCMS sample 284","B10",309,48,"reference_QC","training",TRUE,"LCMS sample 284"
"batchcorr_set1","SPLIT01",202608001,"LCMS sample 285","B7",322,1,"reference_QC","training",TRUE,"LCMS sample 285"
"batchcorr_set1","SPLIT01",202608001,"LCMS sample 305","B7",342,21,"reference_QC","training",TRUE,"LCMS sample 305"
"batchcorr_set1","SPLIT01",202608001,"LCMS sample 324","B7",362,40,"reference_QC","training",TRUE,"LCMS sample 324"
"batchcorr_set1","SPLIT01",202608001,"LCMS sample 344","B7",382,60,"reference_QC","hidden",FALSE,"LCMS sample 344"
"batchcorr_set1","SPLIT01",202608001,"LCMS sample 363","B7",401,79,"reference_QC","training",TRUE,"LCMS sample 363"
"batchcorr_set1","SPLIT01",202608001,"LCMS sample 364","B8",402,1,"reference_QC","training",TRUE,"LCMS sample 364"
"batchcorr_set1","SPLIT01",202608001,"LCMS sample 384","B8",422,21,"reference_QC","training",TRUE,"LCMS sample 384"
"batchcorr_set1","SPLIT01",202608001,"LCMS sample 404","B8",455,41,"reference_QC","hidden",FALSE,"LCMS sample 404"
"batchcorr_set1","SPLIT01",202608001,"LCMS sample 424","B8",475,61,"reference_QC","training",TRUE,"LCMS sample 424"
"batchcorr_set1","SPLIT01",202608001,"LCMS sample 443","B8",494,80,"reference_QC","training",TRUE,"LCMS sample 443"
"batchcorr_set1","SPLIT01",202608001,"LCMS sample 444","B3",507,1,"reference_QC","training",TRUE,"LCMS sample 444"
"batchcorr_set1","SPLIT01",202608001,"LCMS sample 463","B3",526,20,"reference_QC","hidden",FALSE,"LCMS sample 463"
"batchcorr_set1","SPLIT01",202608001,"LCMS sample 482","B3",545,39,"reference_QC","training",TRUE,"LCMS sample 482"
"batchcorr_set1","SPLIT01",202608001,"LCMS sample 502","B3",565,59,"reference_QC","training",TRUE,"LCMS sample 502"
"batchcorr_set1","SPLIT01",202608001,"LCMS sample 522","B3",585,79,"reference_QC","training",TRUE,"LCMS sample 522"
"batchcorr_set1","SPLIT01",202608001,"LCMS sample 523","B4",586,1,"reference_QC","training",TRUE,"LCMS sample 523"
"batchcorr_set1","SPLIT01",202608001,"LCMS sample 542","B4",605,20,"reference_QC","training",TRUE,"LCMS sample 542"
"batchcorr_set1","SPLIT01",202608001,"LCMS sample 562","B4",625,40,"reference_QC","training",TRUE,"LCMS sample 562"
"batchcorr_set1","SPLIT01",202608001,"LCMS sample 582","B4",645,60,"reference_QC","hidden",FALSE,"LCMS sample 582"
"batchcorr_set1","SPLIT01",202608001,"LCMS sample 601","B4",665,79,"reference_QC","training",TRUE,"LCMS sample 601"
"batchcorr_set1","SPLIT01",202608001,"LCMS sample 602","B5",678,1,"reference_QC","training",TRUE,"LCMS sample 602"
"batchcorr_set1","SPLIT01",202608001,"LCMS sample 622","B5",698,21,"reference_QC","hidden",FALSE,"LCMS sample 622"
"batchcorr_set1","SPLIT01",202608001,"LCMS sample 642","B5",718,41,"reference_QC","training",TRUE,"LCMS sample 642"
"batchcorr_set1","SPLIT01",202608001,"LCMS sample 661","B5",737,60,"reference_QC","training",TRUE,"LCMS sample 661"
"batchcorr_set1","SPLIT01",202608001,"LCMS sample 681","B5",757,80,"reference_QC","training",TRUE,"LCMS sample 681"
"batchcorr_set1","SPLIT01",202608001,"LCMS sample 682","B6",758,1,"reference_QC","training",TRUE,"LCMS sample 682"
"batchcorr_set1","SPLIT01",202608001,"LCMS sample 702","B6",778,21,"reference_QC","hidden",FALSE,"LCMS sample 702"
"batchcorr_set1","SPLIT01",202608001,"LCMS sample 722","B6",798,41,"reference_QC","training",TRUE,"LCMS sample 722"
"batchcorr_set1","SPLIT01",202608001,"LCMS sample 741","B6",817,60,"reference_QC","training",TRUE,"LCMS sample 741"
"batchcorr_set1","SPLIT01",202608001,"LCMS sample 761","B6",837,80,"reference_QC","training",TRUE,"LCMS sample 761"
"batchcorr_set1","SPLIT02",202608002,"LCMS sample 1","B1",10,1,"reference_QC","training",TRUE,"LCMS sample 1"
"batchcorr_set1","SPLIT02",202608002,"LCMS sample 21","B1",30,21,"reference_QC","training",TRUE,"LCMS sample 21"
"batchcorr_set1","SPLIT02",202608002,"LCMS sample 40","B1",49,40,"reference_QC","training",TRUE,"LCMS sample 40"
"batchcorr_set1","SPLIT02",202608002,"LCMS sample 59","B1",68,59,"reference_QC","hidden",FALSE,"LCMS sample 59"
"batchcorr_set1","SPLIT02",202608002,"LCMS sample 79","B1",88,79,"reference_QC","training",TRUE,"LCMS sample 79"
"batchcorr_set1","SPLIT02",202608002,"LCMS sample 80","B2",89,1,"reference_QC","training",TRUE,"LCMS sample 80"
"batchcorr_set1","SPLIT02",202608002,"LCMS sample 100","B2",109,21,"reference_QC","training",TRUE,"LCMS sample 100"
"batchcorr_set1","SPLIT02",202608002,"LCMS sample 120","B2",129,41,"reference_QC","hidden",FALSE,"LCMS sample 120"
"batchcorr_set1","SPLIT02",202608002,"LCMS sample 140","B2",149,61,"reference_QC","training",TRUE,"LCMS sample 140"
"batchcorr_set1","SPLIT02",202608002,"LCMS sample 154","B2",167,75,"reference_QC","training",TRUE,"LCMS sample 154"
"batchcorr_set1","SPLIT02",202608002,"LCMS sample 157","B2",171,78,"reference_QC","training",TRUE,"LCMS sample 157"
"batchcorr_set1","SPLIT02",202608002,"LCMS sample 158","B9",183,1,"reference_QC","training",TRUE,"LCMS sample 158"
"batchcorr_set1","SPLIT02",202608002,"LCMS sample 178","B9",203,21,"reference_QC","training",TRUE,"LCMS sample 178"
"batchcorr_set1","SPLIT02",202608002,"LCMS sample 198","B9",223,41,"reference_QC","training",TRUE,"LCMS sample 198"
"batchcorr_set1","SPLIT02",202608002,"LCMS sample 217","B9",242,60,"reference_QC","hidden",FALSE,"LCMS sample 217"
"batchcorr_set1","SPLIT02",202608002,"LCMS sample 236","B9",261,79,"reference_QC","training",TRUE,"LCMS sample 236"
"batchcorr_set1","SPLIT02",202608002,"LCMS sample 237","B10",262,1,"reference_QC","training",TRUE,"LCMS sample 237"
"batchcorr_set1","SPLIT02",202608002,"LCMS sample 249","B10",274,13,"reference_QC","training",TRUE,"LCMS sample 249"
"batchcorr_set1","SPLIT02",202608002,"LCMS sample 261","B10",286,25,"reference_QC","training",TRUE,"LCMS sample 261"
"batchcorr_set1","SPLIT02",202608002,"LCMS sample 273","B10",298,37,"reference_QC","hidden",FALSE,"LCMS sample 273"
"batchcorr_set1","SPLIT02",202608002,"LCMS sample 284","B10",309,48,"reference_QC","training",TRUE,"LCMS sample 284"
"batchcorr_set1","SPLIT02",202608002,"LCMS sample 285","B7",322,1,"reference_QC","training",TRUE,"LCMS sample 285"
"batchcorr_set1","SPLIT02",202608002,"LCMS sample 305","B7",342,21,"reference_QC","training",TRUE,"LCMS sample 305"
"batchcorr_set1","SPLIT02",202608002,"LCMS sample 324","B7",362,40,"reference_QC","hidden",FALSE,"LCMS sample 324"
"batchcorr_set1","SPLIT02",202608002,"LCMS sample 344","B7",382,60,"reference_QC","training",TRUE,"LCMS sample 344"
"batchcorr_set1","SPLIT02",202608002,"LCMS sample 363","B7",401,79,"reference_QC","training",TRUE,"LCMS sample 363"
"batchcorr_set1","SPLIT02",202608002,"LCMS sample 364","B8",402,1,"reference_QC","training",TRUE,"LCMS sample 364"
"batchcorr_set1","SPLIT02",202608002,"LCMS sample 384","B8",422,21,"reference_QC","training",TRUE,"LCMS sample 384"
"batchcorr_set1","SPLIT02",202608002,"LCMS sample 404","B8",455,41,"reference_QC","training",TRUE,"LCMS sample 404"
"batchcorr_set1","SPLIT02",202608002,"LCMS sample 424","B8",475,61,"reference_QC","hidden",FALSE,"LCMS sample 424"
"batchcorr_set1","SPLIT02",202608002,"LCMS sample 443","B8",494,80,"reference_QC","training",TRUE,"LCMS sample 443"
"batchcorr_set1","SPLIT02",202608002,"LCMS sample 444","B3",507,1,"reference_QC","training",TRUE,"LCMS sample 444"
"batchcorr_set1","SPLIT02",202608002,"LCMS sample 463","B3",526,20,"reference_QC","training",TRUE,"LCMS sample 463"
"batchcorr_set1","SPLIT02",202608002,"LCMS sample 482","B3",545,39,"reference_QC","hidden",FALSE,"LCMS sample 482"
"batchcorr_set1","SPLIT02",202608002,"LCMS sample 502","B3",565,59,"reference_QC","training",TRUE,"LCMS sample 502"
"batchcorr_set1","SPLIT02",202608002,"LCMS sample 522","B3",585,79,"reference_QC","training",TRUE,"LCMS sample 522"
"batchcorr_set1","SPLIT02",202608002,"LCMS sample 523","B4",586,1,"reference_QC","training",TRUE,"LCMS sample 523"
"batchcorr_set1","SPLIT02",202608002,"LCMS sample 542","B4",605,20,"reference_QC","hidden",FALSE,"LCMS sample 542"
"batchcorr_set1","SPLIT02",202608002,"LCMS sample 562","B4",625,40,"reference_QC","training",TRUE,"LCMS sample 562"
"batchcorr_set1","SPLIT02",202608002,"LCMS sample 582","B4",645,60,"reference_QC","training",TRUE,"LCMS sample 582"
"batchcorr_set1","SPLIT02",202608002,"LCMS sample 601","B4",665,79,"reference_QC","training",TRUE,"LCMS sample 601"
"batchcorr_set1","SPLIT02",202608002,"LCMS sample 602","B5",678,1,"reference_QC","training",TRUE,"LCMS sample 602"
"batchcorr_set1","SPLIT02",202608002,"LCMS sample 622","B5",698,21,"reference_QC","training",TRUE,"LCMS sample 622"
"batchcorr_set1","SPLIT02",202608002,"LCMS sample 642","B5",718,41,"reference_QC","hidden",FALSE,"LCMS sample 642"
"batchcorr_set1","SPLIT02",202608002,"LCMS sample 661","B5",737,60,"reference_QC","training",TRUE,"LCMS sample 661"
"batchcorr_set1","SPLIT02",202608002,"LCMS sample 681","B5",757,80,"reference_QC","training",TRUE,"LCMS sample 681"
"batchcorr_set1","SPLIT02",202608002,"LCMS sample 682","B6",758,1,"reference_QC","training",TRUE,"LCMS sample 682"
"batchcorr_set1","SPLIT02",202608002,"LCMS sample 702","B6",778,21,"reference_QC","training",TRUE,"LCMS sample 702"
"batchcorr_set1","SPLIT02",202608002,"LCMS sample 722","B6",798,41,"reference_QC","hidden",FALSE,"LCMS sample 722"
"batchcorr_set1","SPLIT02",202608002,"LCMS sample 741","B6",817,60,"reference_QC","training",TRUE,"LCMS sample 741"
"batchcorr_set1","SPLIT02",202608002,"LCMS sample 761","B6",837,80,"reference_QC","training",TRUE,"LCMS sample 761"
"batchcorr_set1","SPLIT03",202608003,"LCMS sample 1","B1",10,1,"reference_QC","training",TRUE,"LCMS sample 1"
"batchcorr_set1","SPLIT03",202608003,"LCMS sample 21","B1",30,21,"reference_QC","hidden",FALSE,"LCMS sample 21"
"batchcorr_set1","SPLIT03",202608003,"LCMS sample 40","B1",49,40,"reference_QC","training",TRUE,"LCMS sample 40"
"batchcorr_set1","SPLIT03",202608003,"LCMS sample 59","B1",68,59,"reference_QC","training",TRUE,"LCMS sample 59"
"batchcorr_set1","SPLIT03",202608003,"LCMS sample 79","B1",88,79,"reference_QC","training",TRUE,"LCMS sample 79"
"batchcorr_set1","SPLIT03",202608003,"LCMS sample 80","B2",89,1,"reference_QC","training",TRUE,"LCMS sample 80"
"batchcorr_set1","SPLIT03",202608003,"LCMS sample 100","B2",109,21,"reference_QC","training",TRUE,"LCMS sample 100"
"batchcorr_set1","SPLIT03",202608003,"LCMS sample 120","B2",129,41,"reference_QC","training",TRUE,"LCMS sample 120"
"batchcorr_set1","SPLIT03",202608003,"LCMS sample 140","B2",149,61,"reference_QC","hidden",FALSE,"LCMS sample 140"
"batchcorr_set1","SPLIT03",202608003,"LCMS sample 154","B2",167,75,"reference_QC","training",TRUE,"LCMS sample 154"
"batchcorr_set1","SPLIT03",202608003,"LCMS sample 157","B2",171,78,"reference_QC","training",TRUE,"LCMS sample 157"
"batchcorr_set1","SPLIT03",202608003,"LCMS sample 158","B9",183,1,"reference_QC","training",TRUE,"LCMS sample 158"
"batchcorr_set1","SPLIT03",202608003,"LCMS sample 178","B9",203,21,"reference_QC","hidden",FALSE,"LCMS sample 178"
"batchcorr_set1","SPLIT03",202608003,"LCMS sample 198","B9",223,41,"reference_QC","training",TRUE,"LCMS sample 198"
"batchcorr_set1","SPLIT03",202608003,"LCMS sample 217","B9",242,60,"reference_QC","training",TRUE,"LCMS sample 217"
"batchcorr_set1","SPLIT03",202608003,"LCMS sample 236","B9",261,79,"reference_QC","training",TRUE,"LCMS sample 236"
"batchcorr_set1","SPLIT03",202608003,"LCMS sample 237","B10",262,1,"reference_QC","training",TRUE,"LCMS sample 237"
"batchcorr_set1","SPLIT03",202608003,"LCMS sample 249","B10",274,13,"reference_QC","training",TRUE,"LCMS sample 249"
"batchcorr_set1","SPLIT03",202608003,"LCMS sample 261","B10",286,25,"reference_QC","hidden",FALSE,"LCMS sample 261"
"batchcorr_set1","SPLIT03",202608003,"LCMS sample 273","B10",298,37,"reference_QC","training",TRUE,"LCMS sample 273"
"batchcorr_set1","SPLIT03",202608003,"LCMS sample 284","B10",309,48,"reference_QC","training",TRUE,"LCMS sample 284"
"batchcorr_set1","SPLIT03",202608003,"LCMS sample 285","B7",322,1,"reference_QC","training",TRUE,"LCMS sample 285"
"batchcorr_set1","SPLIT03",202608003,"LCMS sample 305","B7",342,21,"reference_QC","hidden",FALSE,"LCMS sample 305"
"batchcorr_set1","SPLIT03",202608003,"LCMS sample 324","B7",362,40,"reference_QC","training",TRUE,"LCMS sample 324"
"batchcorr_set1","SPLIT03",202608003,"LCMS sample 344","B7",382,60,"reference_QC","training",TRUE,"LCMS sample 344"
"batchcorr_set1","SPLIT03",202608003,"LCMS sample 363","B7",401,79,"reference_QC","training",TRUE,"LCMS sample 363"
"batchcorr_set1","SPLIT03",202608003,"LCMS sample 364","B8",402,1,"reference_QC","training",TRUE,"LCMS sample 364"
"batchcorr_set1","SPLIT03",202608003,"LCMS sample 384","B8",422,21,"reference_QC","training",TRUE,"LCMS sample 384"
"batchcorr_set1","SPLIT03",202608003,"LCMS sample 404","B8",455,41,"reference_QC","hidden",FALSE,"LCMS sample 404"
"batchcorr_set1","SPLIT03",202608003,"LCMS sample 424","B8",475,61,"reference_QC","training",TRUE,"LCMS sample 424"
"batchcorr_set1","SPLIT03",202608003,"LCMS sample 443","B8",494,80,"reference_QC","training",TRUE,"LCMS sample 443"
"batchcorr_set1","SPLIT03",202608003,"LCMS sample 444","B3",507,1,"reference_QC","training",TRUE,"LCMS sample 444"
"batchcorr_set1","SPLIT03",202608003,"LCMS sample 463","B3",526,20,"reference_QC","hidden",FALSE,"LCMS sample 463"
"batchcorr_set1","SPLIT03",202608003,"LCMS sample 482","B3",545,39,"reference_QC","training",TRUE,"LCMS sample 482"
"batchcorr_set1","SPLIT03",202608003,"LCMS sample 502","B3",565,59,"reference_QC","training",TRUE,"LCMS sample 502"
"batchcorr_set1","SPLIT03",202608003,"LCMS sample 522","B3",585,79,"reference_QC","training",TRUE,"LCMS sample 522"
"batchcorr_set1","SPLIT03",202608003,"LCMS sample 523","B4",586,1,"reference_QC","training",TRUE,"LCMS sample 523"
"batchcorr_set1","SPLIT03",202608003,"LCMS sample 542","B4",605,20,"reference_QC","training",TRUE,"LCMS sample 542"
"batchcorr_set1","SPLIT03",202608003,"LCMS sample 562","B4",625,40,"reference_QC","training",TRUE,"LCMS sample 562"
"batchcorr_set1","SPLIT03",202608003,"LCMS sample 582","B4",645,60,"reference_QC","hidden",FALSE,"LCMS sample 582"
"batchcorr_set1","SPLIT03",202608003,"LCMS sample 601","B4",665,79,"reference_QC","training",TRUE,"LCMS sample 601"
"batchcorr_set1","SPLIT03",202608003,"LCMS sample 602","B5",678,1,"reference_QC","training",TRUE,"LCMS sample 602"
"batchcorr_set1","SPLIT03",202608003,"LCMS sample 622","B5",698,21,"reference_QC","training",TRUE,"LCMS sample 622"
"batchcorr_set1","SPLIT03",202608003,"LCMS sample 642","B5",718,41,"reference_QC","training",TRUE,"LCMS sample 642"
"batchcorr_set1","SPLIT03",202608003,"LCMS sample 661","B5",737,60,"reference_QC","hidden",FALSE,"LCMS sample 661"
"batchcorr_set1","SPLIT03",202608003,"LCMS sample 681","B5",757,80,"reference_QC","training",TRUE,"LCMS sample 681"
"batchcorr_set1","SPLIT03",202608003,"LCMS sample 682","B6",758,1,"reference_QC","training",TRUE,"LCMS sample 682"
"batchcorr_set1","SPLIT03",202608003,"LCMS sample 702","B6",778,21,"reference_QC","training",TRUE,"LCMS sample 702"
"batchcorr_set1","SPLIT03",202608003,"LCMS sample 722","B6",798,41,"reference_QC","training",TRUE,"LCMS sample 722"
"batchcorr_set1","SPLIT03",202608003,"LCMS sample 741","B6",817,60,"reference_QC","hidden",FALSE,"LCMS sample 741"
"batchcorr_set1","SPLIT03",202608003,"LCMS sample 761","B6",837,80,"reference_QC","training",TRUE,"LCMS sample 761"
"batchcorr_set1","SPLIT04",202608004,"LCMS sample 1","B1",10,1,"reference_QC","training",TRUE,"LCMS sample 1"
"batchcorr_set1","SPLIT04",202608004,"LCMS sample 21","B1",30,21,"reference_QC","training",TRUE,"LCMS sample 21"
"batchcorr_set1","SPLIT04",202608004,"LCMS sample 40","B1",49,40,"reference_QC","training",TRUE,"LCMS sample 40"
"batchcorr_set1","SPLIT04",202608004,"LCMS sample 59","B1",68,59,"reference_QC","hidden",FALSE,"LCMS sample 59"
"batchcorr_set1","SPLIT04",202608004,"LCMS sample 79","B1",88,79,"reference_QC","training",TRUE,"LCMS sample 79"
"batchcorr_set1","SPLIT04",202608004,"LCMS sample 80","B2",89,1,"reference_QC","training",TRUE,"LCMS sample 80"
"batchcorr_set1","SPLIT04",202608004,"LCMS sample 100","B2",109,21,"reference_QC","training",TRUE,"LCMS sample 100"
"batchcorr_set1","SPLIT04",202608004,"LCMS sample 120","B2",129,41,"reference_QC","training",TRUE,"LCMS sample 120"
"batchcorr_set1","SPLIT04",202608004,"LCMS sample 140","B2",149,61,"reference_QC","hidden",FALSE,"LCMS sample 140"
"batchcorr_set1","SPLIT04",202608004,"LCMS sample 154","B2",167,75,"reference_QC","training",TRUE,"LCMS sample 154"
"batchcorr_set1","SPLIT04",202608004,"LCMS sample 157","B2",171,78,"reference_QC","training",TRUE,"LCMS sample 157"
"batchcorr_set1","SPLIT04",202608004,"LCMS sample 158","B9",183,1,"reference_QC","training",TRUE,"LCMS sample 158"
"batchcorr_set1","SPLIT04",202608004,"LCMS sample 178","B9",203,21,"reference_QC","training",TRUE,"LCMS sample 178"
"batchcorr_set1","SPLIT04",202608004,"LCMS sample 198","B9",223,41,"reference_QC","hidden",FALSE,"LCMS sample 198"
"batchcorr_set1","SPLIT04",202608004,"LCMS sample 217","B9",242,60,"reference_QC","training",TRUE,"LCMS sample 217"
"batchcorr_set1","SPLIT04",202608004,"LCMS sample 236","B9",261,79,"reference_QC","training",TRUE,"LCMS sample 236"
"batchcorr_set1","SPLIT04",202608004,"LCMS sample 237","B10",262,1,"reference_QC","training",TRUE,"LCMS sample 237"
"batchcorr_set1","SPLIT04",202608004,"LCMS sample 249","B10",274,13,"reference_QC","hidden",FALSE,"LCMS sample 249"
"batchcorr_set1","SPLIT04",202608004,"LCMS sample 261","B10",286,25,"reference_QC","training",TRUE,"LCMS sample 261"
"batchcorr_set1","SPLIT04",202608004,"LCMS sample 273","B10",298,37,"reference_QC","training",TRUE,"LCMS sample 273"
"batchcorr_set1","SPLIT04",202608004,"LCMS sample 284","B10",309,48,"reference_QC","training",TRUE,"LCMS sample 284"
"batchcorr_set1","SPLIT04",202608004,"LCMS sample 285","B7",322,1,"reference_QC","training",TRUE,"LCMS sample 285"
"batchcorr_set1","SPLIT04",202608004,"LCMS sample 305","B7",342,21,"reference_QC","hidden",FALSE,"LCMS sample 305"
"batchcorr_set1","SPLIT04",202608004,"LCMS sample 324","B7",362,40,"reference_QC","training",TRUE,"LCMS sample 324"
"batchcorr_set1","SPLIT04",202608004,"LCMS sample 344","B7",382,60,"reference_QC","training",TRUE,"LCMS sample 344"
"batchcorr_set1","SPLIT04",202608004,"LCMS sample 363","B7",401,79,"reference_QC","training",TRUE,"LCMS sample 363"
"batchcorr_set1","SPLIT04",202608004,"LCMS sample 364","B8",402,1,"reference_QC","training",TRUE,"LCMS sample 364"
"batchcorr_set1","SPLIT04",202608004,"LCMS sample 384","B8",422,21,"reference_QC","training",TRUE,"LCMS sample 384"
"batchcorr_set1","SPLIT04",202608004,"LCMS sample 404","B8",455,41,"reference_QC","hidden",FALSE,"LCMS sample 404"
"batchcorr_set1","SPLIT04",202608004,"LCMS sample 424","B8",475,61,"reference_QC","training",TRUE,"LCMS sample 424"
"batchcorr_set1","SPLIT04",202608004,"LCMS sample 443","B8",494,80,"reference_QC","training",TRUE,"LCMS sample 443"
"batchcorr_set1","SPLIT04",202608004,"LCMS sample 444","B3",507,1,"reference_QC","training",TRUE,"LCMS sample 444"
"batchcorr_set1","SPLIT04",202608004,"LCMS sample 463","B3",526,20,"reference_QC","training",TRUE,"LCMS sample 463"
"batchcorr_set1","SPLIT04",202608004,"LCMS sample 482","B3",545,39,"reference_QC","hidden",FALSE,"LCMS sample 482"
"batchcorr_set1","SPLIT04",202608004,"LCMS sample 502","B3",565,59,"reference_QC","training",TRUE,"LCMS sample 502"
"batchcorr_set1","SPLIT04",202608004,"LCMS sample 522","B3",585,79,"reference_QC","training",TRUE,"LCMS sample 522"
"batchcorr_set1","SPLIT04",202608004,"LCMS sample 523","B4",586,1,"reference_QC","training",TRUE,"LCMS sample 523"
"batchcorr_set1","SPLIT04",202608004,"LCMS sample 542","B4",605,20,"reference_QC","training",TRUE,"LCMS sample 542"
"batchcorr_set1","SPLIT04",202608004,"LCMS sample 562","B4",625,40,"reference_QC","hidden",FALSE,"LCMS sample 562"
"batchcorr_set1","SPLIT04",202608004,"LCMS sample 582","B4",645,60,"reference_QC","training",TRUE,"LCMS sample 582"
"batchcorr_set1","SPLIT04",202608004,"LCMS sample 601","B4",665,79,"reference_QC","training",TRUE,"LCMS sample 601"
"batchcorr_set1","SPLIT04",202608004,"LCMS sample 602","B5",678,1,"reference_QC","training",TRUE,"LCMS sample 602"
"batchcorr_set1","SPLIT04",202608004,"LCMS sample 622","B5",698,21,"reference_QC","hidden",FALSE,"LCMS sample 622"
"batchcorr_set1","SPLIT04",202608004,"LCMS sample 642","B5",718,41,"reference_QC","training",TRUE,"LCMS sample 642"
"batchcorr_set1","SPLIT04",202608004,"LCMS sample 661","B5",737,60,"reference_QC","training",TRUE,"LCMS sample 661"
"batchcorr_set1","SPLIT04",202608004,"LCMS sample 681","B5",757,80,"reference_QC","training",TRUE,"LCMS sample 681"
"batchcorr_set1","SPLIT04",202608004,"LCMS sample 682","B6",758,1,"reference_QC","training",TRUE,"LCMS sample 682"
"batchcorr_set1","SPLIT04",202608004,"LCMS sample 702","B6",778,21,"reference_QC","hidden",FALSE,"LCMS sample 702"
"batchcorr_set1","SPLIT04",202608004,"LCMS sample 722","B6",798,41,"reference_QC","training",TRUE,"LCMS sample 722"
"batchcorr_set1","SPLIT04",202608004,"LCMS sample 741","B6",817,60,"reference_QC","training",TRUE,"LCMS sample 741"
"batchcorr_set1","SPLIT04",202608004,"LCMS sample 761","B6",837,80,"reference_QC","training",TRUE,"LCMS sample 761"
"batchcorr_set1","SPLIT05",202608005,"LCMS sample 1","B1",10,1,"reference_QC","training",TRUE,"LCMS sample 1"
"batchcorr_set1","SPLIT05",202608005,"LCMS sample 21","B1",30,21,"reference_QC","training",TRUE,"LCMS sample 21"
"batchcorr_set1","SPLIT05",202608005,"LCMS sample 40","B1",49,40,"reference_QC","hidden",FALSE,"LCMS sample 40"
"batchcorr_set1","SPLIT05",202608005,"LCMS sample 59","B1",68,59,"reference_QC","training",TRUE,"LCMS sample 59"
"batchcorr_set1","SPLIT05",202608005,"LCMS sample 79","B1",88,79,"reference_QC","training",TRUE,"LCMS sample 79"
"batchcorr_set1","SPLIT05",202608005,"LCMS sample 80","B2",89,1,"reference_QC","training",TRUE,"LCMS sample 80"
"batchcorr_set1","SPLIT05",202608005,"LCMS sample 100","B2",109,21,"reference_QC","training",TRUE,"LCMS sample 100"
"batchcorr_set1","SPLIT05",202608005,"LCMS sample 120","B2",129,41,"reference_QC","training",TRUE,"LCMS sample 120"
"batchcorr_set1","SPLIT05",202608005,"LCMS sample 140","B2",149,61,"reference_QC","hidden",FALSE,"LCMS sample 140"
"batchcorr_set1","SPLIT05",202608005,"LCMS sample 154","B2",167,75,"reference_QC","training",TRUE,"LCMS sample 154"
"batchcorr_set1","SPLIT05",202608005,"LCMS sample 157","B2",171,78,"reference_QC","training",TRUE,"LCMS sample 157"
"batchcorr_set1","SPLIT05",202608005,"LCMS sample 158","B9",183,1,"reference_QC","training",TRUE,"LCMS sample 158"
"batchcorr_set1","SPLIT05",202608005,"LCMS sample 178","B9",203,21,"reference_QC","training",TRUE,"LCMS sample 178"
"batchcorr_set1","SPLIT05",202608005,"LCMS sample 198","B9",223,41,"reference_QC","training",TRUE,"LCMS sample 198"
"batchcorr_set1","SPLIT05",202608005,"LCMS sample 217","B9",242,60,"reference_QC","hidden",FALSE,"LCMS sample 217"
"batchcorr_set1","SPLIT05",202608005,"LCMS sample 236","B9",261,79,"reference_QC","training",TRUE,"LCMS sample 236"
"batchcorr_set1","SPLIT05",202608005,"LCMS sample 237","B10",262,1,"reference_QC","training",TRUE,"LCMS sample 237"
"batchcorr_set1","SPLIT05",202608005,"LCMS sample 249","B10",274,13,"reference_QC","training",TRUE,"LCMS sample 249"
"batchcorr_set1","SPLIT05",202608005,"LCMS sample 261","B10",286,25,"reference_QC","hidden",FALSE,"LCMS sample 261"
"batchcorr_set1","SPLIT05",202608005,"LCMS sample 273","B10",298,37,"reference_QC","training",TRUE,"LCMS sample 273"
"batchcorr_set1","SPLIT05",202608005,"LCMS sample 284","B10",309,48,"reference_QC","training",TRUE,"LCMS sample 284"
"batchcorr_set1","SPLIT05",202608005,"LCMS sample 285","B7",322,1,"reference_QC","training",TRUE,"LCMS sample 285"
"batchcorr_set1","SPLIT05",202608005,"LCMS sample 305","B7",342,21,"reference_QC","training",TRUE,"LCMS sample 305"
"batchcorr_set1","SPLIT05",202608005,"LCMS sample 324","B7",362,40,"reference_QC","hidden",FALSE,"LCMS sample 324"
"batchcorr_set1","SPLIT05",202608005,"LCMS sample 344","B7",382,60,"reference_QC","training",TRUE,"LCMS sample 344"
"batchcorr_set1","SPLIT05",202608005,"LCMS sample 363","B7",401,79,"reference_QC","training",TRUE,"LCMS sample 363"
"batchcorr_set1","SPLIT05",202608005,"LCMS sample 364","B8",402,1,"reference_QC","training",TRUE,"LCMS sample 364"
"batchcorr_set1","SPLIT05",202608005,"LCMS sample 384","B8",422,21,"reference_QC","training",TRUE,"LCMS sample 384"
"batchcorr_set1","SPLIT05",202608005,"LCMS sample 404","B8",455,41,"reference_QC","hidden",FALSE,"LCMS sample 404"
"batchcorr_set1","SPLIT05",202608005,"LCMS sample 424","B8",475,61,"reference_QC","training",TRUE,"LCMS sample 424"
"batchcorr_set1","SPLIT05",202608005,"LCMS sample 443","B8",494,80,"reference_QC","training",TRUE,"LCMS sample 443"
"batchcorr_set1","SPLIT05",202608005,"LCMS sample 444","B3",507,1,"reference_QC","training",TRUE,"LCMS sample 444"
"batchcorr_set1","SPLIT05",202608005,"LCMS sample 463","B3",526,20,"reference_QC","training",TRUE,"LCMS sample 463"
"batchcorr_set1","SPLIT05",202608005,"LCMS sample 482","B3",545,39,"reference_QC","training",TRUE,"LCMS sample 482"
"batchcorr_set1","SPLIT05",202608005,"LCMS sample 502","B3",565,59,"reference_QC","hidden",FALSE,"LCMS sample 502"
"batchcorr_set1","SPLIT05",202608005,"LCMS sample 522","B3",585,79,"reference_QC","training",TRUE,"LCMS sample 522"
"batchcorr_set1","SPLIT05",202608005,"LCMS sample 523","B4",586,1,"reference_QC","training",TRUE,"LCMS sample 523"
"batchcorr_set1","SPLIT05",202608005,"LCMS sample 542","B4",605,20,"reference_QC","hidden",FALSE,"LCMS sample 542"
"batchcorr_set1","SPLIT05",202608005,"LCMS sample 562","B4",625,40,"reference_QC","training",TRUE,"LCMS sample 562"
"batchcorr_set1","SPLIT05",202608005,"LCMS sample 582","B4",645,60,"reference_QC","training",TRUE,"LCMS sample 582"
"batchcorr_set1","SPLIT05",202608005,"LCMS sample 601","B4",665,79,"reference_QC","training",TRUE,"LCMS sample 601"
"batchcorr_set1","SPLIT05",202608005,"LCMS sample 602","B5",678,1,"reference_QC","training",TRUE,"LCMS sample 602"
"batchcorr_set1","SPLIT05",202608005,"LCMS sample 622","B5",698,21,"reference_QC","hidden",FALSE,"LCMS sample 622"
"batchcorr_set1","SPLIT05",202608005,"LCMS sample 642","B5",718,41,"reference_QC","training",TRUE,"LCMS sample 642"
"batchcorr_set1","SPLIT05",202608005,"LCMS sample 661","B5",737,60,"reference_QC","training",TRUE,"LCMS sample 661"
"batchcorr_set1","SPLIT05",202608005,"LCMS sample 681","B5",757,80,"reference_QC","training",TRUE,"LCMS sample 681"
"batchcorr_set1","SPLIT05",202608005,"LCMS sample 682","B6",758,1,"reference_QC","training",TRUE,"LCMS sample 682"
"batchcorr_set1","SPLIT05",202608005,"LCMS sample 702","B6",778,21,"reference_QC","training",TRUE,"LCMS sample 702"
"batchcorr_set1","SPLIT05",202608005,"LCMS sample 722","B6",798,41,"reference_QC","training",TRUE,"LCMS sample 722"
"batchcorr_set1","SPLIT05",202608005,"LCMS sample 741","B6",817,60,"reference_QC","hidden",FALSE,"LCMS sample 741"
"batchcorr_set1","SPLIT05",202608005,"LCMS sample 761","B6",837,80,"reference_QC","training",TRUE,"LCMS sample 761"
"batchcorr_set1","SPLIT06",202608006,"LCMS sample 1","B1",10,1,"reference_QC","training",TRUE,"LCMS sample 1"
"batchcorr_set1","SPLIT06",202608006,"LCMS sample 21","B1",30,21,"reference_QC","hidden",FALSE,"LCMS sample 21"
"batchcorr_set1","SPLIT06",202608006,"LCMS sample 40","B1",49,40,"reference_QC","training",TRUE,"LCMS sample 40"
"batchcorr_set1","SPLIT06",202608006,"LCMS sample 59","B1",68,59,"reference_QC","training",TRUE,"LCMS sample 59"
"batchcorr_set1","SPLIT06",202608006,"LCMS sample 79","B1",88,79,"reference_QC","training",TRUE,"LCMS sample 79"
"batchcorr_set1","SPLIT06",202608006,"LCMS sample 80","B2",89,1,"reference_QC","training",TRUE,"LCMS sample 80"
"batchcorr_set1","SPLIT06",202608006,"LCMS sample 100","B2",109,21,"reference_QC","training",TRUE,"LCMS sample 100"
"batchcorr_set1","SPLIT06",202608006,"LCMS sample 120","B2",129,41,"reference_QC","training",TRUE,"LCMS sample 120"
"batchcorr_set1","SPLIT06",202608006,"LCMS sample 140","B2",149,61,"reference_QC","training",TRUE,"LCMS sample 140"
"batchcorr_set1","SPLIT06",202608006,"LCMS sample 154","B2",167,75,"reference_QC","hidden",FALSE,"LCMS sample 154"
"batchcorr_set1","SPLIT06",202608006,"LCMS sample 157","B2",171,78,"reference_QC","training",TRUE,"LCMS sample 157"
"batchcorr_set1","SPLIT06",202608006,"LCMS sample 158","B9",183,1,"reference_QC","training",TRUE,"LCMS sample 158"
"batchcorr_set1","SPLIT06",202608006,"LCMS sample 178","B9",203,21,"reference_QC","training",TRUE,"LCMS sample 178"
"batchcorr_set1","SPLIT06",202608006,"LCMS sample 198","B9",223,41,"reference_QC","training",TRUE,"LCMS sample 198"
"batchcorr_set1","SPLIT06",202608006,"LCMS sample 217","B9",242,60,"reference_QC","hidden",FALSE,"LCMS sample 217"
"batchcorr_set1","SPLIT06",202608006,"LCMS sample 236","B9",261,79,"reference_QC","training",TRUE,"LCMS sample 236"
"batchcorr_set1","SPLIT06",202608006,"LCMS sample 237","B10",262,1,"reference_QC","training",TRUE,"LCMS sample 237"
"batchcorr_set1","SPLIT06",202608006,"LCMS sample 249","B10",274,13,"reference_QC","hidden",FALSE,"LCMS sample 249"
"batchcorr_set1","SPLIT06",202608006,"LCMS sample 261","B10",286,25,"reference_QC","training",TRUE,"LCMS sample 261"
"batchcorr_set1","SPLIT06",202608006,"LCMS sample 273","B10",298,37,"reference_QC","training",TRUE,"LCMS sample 273"
"batchcorr_set1","SPLIT06",202608006,"LCMS sample 284","B10",309,48,"reference_QC","training",TRUE,"LCMS sample 284"
"batchcorr_set1","SPLIT06",202608006,"LCMS sample 285","B7",322,1,"reference_QC","training",TRUE,"LCMS sample 285"
"batchcorr_set1","SPLIT06",202608006,"LCMS sample 305","B7",342,21,"reference_QC","training",TRUE,"LCMS sample 305"
"batchcorr_set1","SPLIT06",202608006,"LCMS sample 324","B7",362,40,"reference_QC","training",TRUE,"LCMS sample 324"
"batchcorr_set1","SPLIT06",202608006,"LCMS sample 344","B7",382,60,"reference_QC","hidden",FALSE,"LCMS sample 344"
"batchcorr_set1","SPLIT06",202608006,"LCMS sample 363","B7",401,79,"reference_QC","training",TRUE,"LCMS sample 363"
"batchcorr_set1","SPLIT06",202608006,"LCMS sample 364","B8",402,1,"reference_QC","training",TRUE,"LCMS sample 364"
"batchcorr_set1","SPLIT06",202608006,"LCMS sample 384","B8",422,21,"reference_QC","training",TRUE,"LCMS sample 384"
"batchcorr_set1","SPLIT06",202608006,"LCMS sample 404","B8",455,41,"reference_QC","training",TRUE,"LCMS sample 404"
"batchcorr_set1","SPLIT06",202608006,"LCMS sample 424","B8",475,61,"reference_QC","hidden",FALSE,"LCMS sample 424"
"batchcorr_set1","SPLIT06",202608006,"LCMS sample 443","B8",494,80,"reference_QC","training",TRUE,"LCMS sample 443"
"batchcorr_set1","SPLIT06",202608006,"LCMS sample 444","B3",507,1,"reference_QC","training",TRUE,"LCMS sample 444"
"batchcorr_set1","SPLIT06",202608006,"LCMS sample 463","B3",526,20,"reference_QC","training",TRUE,"LCMS sample 463"
"batchcorr_set1","SPLIT06",202608006,"LCMS sample 482","B3",545,39,"reference_QC","hidden",FALSE,"LCMS sample 482"
"batchcorr_set1","SPLIT06",202608006,"LCMS sample 502","B3",565,59,"reference_QC","training",TRUE,"LCMS sample 502"
"batchcorr_set1","SPLIT06",202608006,"LCMS sample 522","B3",585,79,"reference_QC","training",TRUE,"LCMS sample 522"
"batchcorr_set1","SPLIT06",202608006,"LCMS sample 523","B4",586,1,"reference_QC","training",TRUE,"LCMS sample 523"
"batchcorr_set1","SPLIT06",202608006,"LCMS sample 542","B4",605,20,"reference_QC","hidden",FALSE,"LCMS sample 542"
"batchcorr_set1","SPLIT06",202608006,"LCMS sample 562","B4",625,40,"reference_QC","training",TRUE,"LCMS sample 562"
"batchcorr_set1","SPLIT06",202608006,"LCMS sample 582","B4",645,60,"reference_QC","training",TRUE,"LCMS sample 582"
"batchcorr_set1","SPLIT06",202608006,"LCMS sample 601","B4",665,79,"reference_QC","training",TRUE,"LCMS sample 601"
"batchcorr_set1","SPLIT06",202608006,"LCMS sample 602","B5",678,1,"reference_QC","training",TRUE,"LCMS sample 602"
"batchcorr_set1","SPLIT06",202608006,"LCMS sample 622","B5",698,21,"reference_QC","training",TRUE,"LCMS sample 622"
"batchcorr_set1","SPLIT06",202608006,"LCMS sample 642","B5",718,41,"reference_QC","hidden",FALSE,"LCMS sample 642"
"batchcorr_set1","SPLIT06",202608006,"LCMS sample 661","B5",737,60,"reference_QC","training",TRUE,"LCMS sample 661"
"batchcorr_set1","SPLIT06",202608006,"LCMS sample 681","B5",757,80,"reference_QC","training",TRUE,"LCMS sample 681"
"batchcorr_set1","SPLIT06",202608006,"LCMS sample 682","B6",758,1,"reference_QC","training",TRUE,"LCMS sample 682"
"batchcorr_set1","SPLIT06",202608006,"LCMS sample 702","B6",778,21,"reference_QC","training",TRUE,"LCMS sample 702"
"batchcorr_set1","SPLIT06",202608006,"LCMS sample 722","B6",798,41,"reference_QC","hidden",FALSE,"LCMS sample 722"
"batchcorr_set1","SPLIT06",202608006,"LCMS sample 741","B6",817,60,"reference_QC","training",TRUE,"LCMS sample 741"
"batchcorr_set1","SPLIT06",202608006,"LCMS sample 761","B6",837,80,"reference_QC","training",TRUE,"LCMS sample 761"
"batchcorr_set1","SPLIT07",202608007,"LCMS sample 1","B1",10,1,"reference_QC","training",TRUE,"LCMS sample 1"
"batchcorr_set1","SPLIT07",202608007,"LCMS sample 21","B1",30,21,"reference_QC","training",TRUE,"LCMS sample 21"
"batchcorr_set1","SPLIT07",202608007,"LCMS sample 40","B1",49,40,"reference_QC","hidden",FALSE,"LCMS sample 40"
"batchcorr_set1","SPLIT07",202608007,"LCMS sample 59","B1",68,59,"reference_QC","training",TRUE,"LCMS sample 59"
"batchcorr_set1","SPLIT07",202608007,"LCMS sample 79","B1",88,79,"reference_QC","training",TRUE,"LCMS sample 79"
"batchcorr_set1","SPLIT07",202608007,"LCMS sample 80","B2",89,1,"reference_QC","training",TRUE,"LCMS sample 80"
"batchcorr_set1","SPLIT07",202608007,"LCMS sample 100","B2",109,21,"reference_QC","training",TRUE,"LCMS sample 100"
"batchcorr_set1","SPLIT07",202608007,"LCMS sample 120","B2",129,41,"reference_QC","training",TRUE,"LCMS sample 120"
"batchcorr_set1","SPLIT07",202608007,"LCMS sample 140","B2",149,61,"reference_QC","hidden",FALSE,"LCMS sample 140"
"batchcorr_set1","SPLIT07",202608007,"LCMS sample 154","B2",167,75,"reference_QC","training",TRUE,"LCMS sample 154"
"batchcorr_set1","SPLIT07",202608007,"LCMS sample 157","B2",171,78,"reference_QC","training",TRUE,"LCMS sample 157"
"batchcorr_set1","SPLIT07",202608007,"LCMS sample 158","B9",183,1,"reference_QC","training",TRUE,"LCMS sample 158"
"batchcorr_set1","SPLIT07",202608007,"LCMS sample 178","B9",203,21,"reference_QC","hidden",FALSE,"LCMS sample 178"
"batchcorr_set1","SPLIT07",202608007,"LCMS sample 198","B9",223,41,"reference_QC","training",TRUE,"LCMS sample 198"
"batchcorr_set1","SPLIT07",202608007,"LCMS sample 217","B9",242,60,"reference_QC","training",TRUE,"LCMS sample 217"
"batchcorr_set1","SPLIT07",202608007,"LCMS sample 236","B9",261,79,"reference_QC","training",TRUE,"LCMS sample 236"
"batchcorr_set1","SPLIT07",202608007,"LCMS sample 237","B10",262,1,"reference_QC","training",TRUE,"LCMS sample 237"
"batchcorr_set1","SPLIT07",202608007,"LCMS sample 249","B10",274,13,"reference_QC","training",TRUE,"LCMS sample 249"
"batchcorr_set1","SPLIT07",202608007,"LCMS sample 261","B10",286,25,"reference_QC","training",TRUE,"LCMS sample 261"
"batchcorr_set1","SPLIT07",202608007,"LCMS sample 273","B10",298,37,"reference_QC","hidden",FALSE,"LCMS sample 273"
"batchcorr_set1","SPLIT07",202608007,"LCMS sample 284","B10",309,48,"reference_QC","training",TRUE,"LCMS sample 284"
"batchcorr_set1","SPLIT07",202608007,"LCMS sample 285","B7",322,1,"reference_QC","training",TRUE,"LCMS sample 285"
"batchcorr_set1","SPLIT07",202608007,"LCMS sample 305","B7",342,21,"reference_QC","training",TRUE,"LCMS sample 305"
"batchcorr_set1","SPLIT07",202608007,"LCMS sample 324","B7",362,40,"reference_QC","training",TRUE,"LCMS sample 324"
"batchcorr_set1","SPLIT07",202608007,"LCMS sample 344","B7",382,60,"reference_QC","hidden",FALSE,"LCMS sample 344"
"batchcorr_set1","SPLIT07",202608007,"LCMS sample 363","B7",401,79,"reference_QC","training",TRUE,"LCMS sample 363"
"batchcorr_set1","SPLIT07",202608007,"LCMS sample 364","B8",402,1,"reference_QC","training",TRUE,"LCMS sample 364"
"batchcorr_set1","SPLIT07",202608007,"LCMS sample 384","B8",422,21,"reference_QC","training",TRUE,"LCMS sample 384"
"batchcorr_set1","SPLIT07",202608007,"LCMS sample 404","B8",455,41,"reference_QC","hidden",FALSE,"LCMS sample 404"
"batchcorr_set1","SPLIT07",202608007,"LCMS sample 424","B8",475,61,"reference_QC","training",TRUE,"LCMS sample 424"
"batchcorr_set1","SPLIT07",202608007,"LCMS sample 443","B8",494,80,"reference_QC","training",TRUE,"LCMS sample 443"
"batchcorr_set1","SPLIT07",202608007,"LCMS sample 444","B3",507,1,"reference_QC","training",TRUE,"LCMS sample 444"
"batchcorr_set1","SPLIT07",202608007,"LCMS sample 463","B3",526,20,"reference_QC","hidden",FALSE,"LCMS sample 463"
"batchcorr_set1","SPLIT07",202608007,"LCMS sample 482","B3",545,39,"reference_QC","training",TRUE,"LCMS sample 482"
"batchcorr_set1","SPLIT07",202608007,"LCMS sample 502","B3",565,59,"reference_QC","training",TRUE,"LCMS sample 502"
"batchcorr_set1","SPLIT07",202608007,"LCMS sample 522","B3",585,79,"reference_QC","training",TRUE,"LCMS sample 522"
"batchcorr_set1","SPLIT07",202608007,"LCMS sample 523","B4",586,1,"reference_QC","training",TRUE,"LCMS sample 523"
"batchcorr_set1","SPLIT07",202608007,"LCMS sample 542","B4",605,20,"reference_QC","hidden",FALSE,"LCMS sample 542"
"batchcorr_set1","SPLIT07",202608007,"LCMS sample 562","B4",625,40,"reference_QC","training",TRUE,"LCMS sample 562"
"batchcorr_set1","SPLIT07",202608007,"LCMS sample 582","B4",645,60,"reference_QC","training",TRUE,"LCMS sample 582"
"batchcorr_set1","SPLIT07",202608007,"LCMS sample 601","B4",665,79,"reference_QC","training",TRUE,"LCMS sample 601"
"batchcorr_set1","SPLIT07",202608007,"LCMS sample 602","B5",678,1,"reference_QC","training",TRUE,"LCMS sample 602"
"batchcorr_set1","SPLIT07",202608007,"LCMS sample 622","B5",698,21,"reference_QC","hidden",FALSE,"LCMS sample 622"
"batchcorr_set1","SPLIT07",202608007,"LCMS sample 642","B5",718,41,"reference_QC","training",TRUE,"LCMS sample 642"
"batchcorr_set1","SPLIT07",202608007,"LCMS sample 661","B5",737,60,"reference_QC","training",TRUE,"LCMS sample 661"
"batchcorr_set1","SPLIT07",202608007,"LCMS sample 681","B5",757,80,"reference_QC","training",TRUE,"LCMS sample 681"
"batchcorr_set1","SPLIT07",202608007,"LCMS sample 682","B6",758,1,"reference_QC","training",TRUE,"LCMS sample 682"
"batchcorr_set1","SPLIT07",202608007,"LCMS sample 702","B6",778,21,"reference_QC","training",TRUE,"LCMS sample 702"
"batchcorr_set1","SPLIT07",202608007,"LCMS sample 722","B6",798,41,"reference_QC","training",TRUE,"LCMS sample 722"
"batchcorr_set1","SPLIT07",202608007,"LCMS sample 741","B6",817,60,"reference_QC","hidden",FALSE,"LCMS sample 741"
"batchcorr_set1","SPLIT07",202608007,"LCMS sample 761","B6",837,80,"reference_QC","training",TRUE,"LCMS sample 761"
"batchcorr_set1","SPLIT08",202608008,"LCMS sample 1","B1",10,1,"reference_QC","training",TRUE,"LCMS sample 1"
"batchcorr_set1","SPLIT08",202608008,"LCMS sample 21","B1",30,21,"reference_QC","hidden",FALSE,"LCMS sample 21"
"batchcorr_set1","SPLIT08",202608008,"LCMS sample 40","B1",49,40,"reference_QC","training",TRUE,"LCMS sample 40"
"batchcorr_set1","SPLIT08",202608008,"LCMS sample 59","B1",68,59,"reference_QC","training",TRUE,"LCMS sample 59"
"batchcorr_set1","SPLIT08",202608008,"LCMS sample 79","B1",88,79,"reference_QC","training",TRUE,"LCMS sample 79"
"batchcorr_set1","SPLIT08",202608008,"LCMS sample 80","B2",89,1,"reference_QC","training",TRUE,"LCMS sample 80"
"batchcorr_set1","SPLIT08",202608008,"LCMS sample 100","B2",109,21,"reference_QC","training",TRUE,"LCMS sample 100"
"batchcorr_set1","SPLIT08",202608008,"LCMS sample 120","B2",129,41,"reference_QC","training",TRUE,"LCMS sample 120"
"batchcorr_set1","SPLIT08",202608008,"LCMS sample 140","B2",149,61,"reference_QC","training",TRUE,"LCMS sample 140"
"batchcorr_set1","SPLIT08",202608008,"LCMS sample 154","B2",167,75,"reference_QC","hidden",FALSE,"LCMS sample 154"
"batchcorr_set1","SPLIT08",202608008,"LCMS sample 157","B2",171,78,"reference_QC","training",TRUE,"LCMS sample 157"
"batchcorr_set1","SPLIT08",202608008,"LCMS sample 158","B9",183,1,"reference_QC","training",TRUE,"LCMS sample 158"
"batchcorr_set1","SPLIT08",202608008,"LCMS sample 178","B9",203,21,"reference_QC","training",TRUE,"LCMS sample 178"
"batchcorr_set1","SPLIT08",202608008,"LCMS sample 198","B9",223,41,"reference_QC","training",TRUE,"LCMS sample 198"
"batchcorr_set1","SPLIT08",202608008,"LCMS sample 217","B9",242,60,"reference_QC","hidden",FALSE,"LCMS sample 217"
"batchcorr_set1","SPLIT08",202608008,"LCMS sample 236","B9",261,79,"reference_QC","training",TRUE,"LCMS sample 236"
"batchcorr_set1","SPLIT08",202608008,"LCMS sample 237","B10",262,1,"reference_QC","training",TRUE,"LCMS sample 237"
"batchcorr_set1","SPLIT08",202608008,"LCMS sample 249","B10",274,13,"reference_QC","training",TRUE,"LCMS sample 249"
"batchcorr_set1","SPLIT08",202608008,"LCMS sample 261","B10",286,25,"reference_QC","hidden",FALSE,"LCMS sample 261"
"batchcorr_set1","SPLIT08",202608008,"LCMS sample 273","B10",298,37,"reference_QC","training",TRUE,"LCMS sample 273"
"batchcorr_set1","SPLIT08",202608008,"LCMS sample 284","B10",309,48,"reference_QC","training",TRUE,"LCMS sample 284"
"batchcorr_set1","SPLIT08",202608008,"LCMS sample 285","B7",322,1,"reference_QC","training",TRUE,"LCMS sample 285"
"batchcorr_set1","SPLIT08",202608008,"LCMS sample 305","B7",342,21,"reference_QC","training",TRUE,"LCMS sample 305"
"batchcorr_set1","SPLIT08",202608008,"LCMS sample 324","B7",362,40,"reference_QC","hidden",FALSE,"LCMS sample 324"
"batchcorr_set1","SPLIT08",202608008,"LCMS sample 344","B7",382,60,"reference_QC","training",TRUE,"LCMS sample 344"
"batchcorr_set1","SPLIT08",202608008,"LCMS sample 363","B7",401,79,"reference_QC","training",TRUE,"LCMS sample 363"
"batchcorr_set1","SPLIT08",202608008,"LCMS sample 364","B8",402,1,"reference_QC","training",TRUE,"LCMS sample 364"
"batchcorr_set1","SPLIT08",202608008,"LCMS sample 384","B8",422,21,"reference_QC","training",TRUE,"LCMS sample 384"
"batchcorr_set1","SPLIT08",202608008,"LCMS sample 404","B8",455,41,"reference_QC","training",TRUE,"LCMS sample 404"
"batchcorr_set1","SPLIT08",202608008,"LCMS sample 424","B8",475,61,"reference_QC","hidden",FALSE,"LCMS sample 424"
"batchcorr_set1","SPLIT08",202608008,"LCMS sample 443","B8",494,80,"reference_QC","training",TRUE,"LCMS sample 443"
"batchcorr_set1","SPLIT08",202608008,"LCMS sample 444","B3",507,1,"reference_QC","training",TRUE,"LCMS sample 444"
"batchcorr_set1","SPLIT08",202608008,"LCMS sample 463","B3",526,20,"reference_QC","training",TRUE,"LCMS sample 463"
"batchcorr_set1","SPLIT08",202608008,"LCMS sample 482","B3",545,39,"reference_QC","training",TRUE,"LCMS sample 482"
"batchcorr_set1","SPLIT08",202608008,"LCMS sample 502","B3",565,59,"reference_QC","hidden",FALSE,"LCMS sample 502"
"batchcorr_set1","SPLIT08",202608008,"LCMS sample 522","B3",585,79,"reference_QC","training",TRUE,"LCMS sample 522"
"batchcorr_set1","SPLIT08",202608008,"LCMS sample 523","B4",586,1,"reference_QC","training",TRUE,"LCMS sample 523"
"batchcorr_set1","SPLIT08",202608008,"LCMS sample 542","B4",605,20,"reference_QC","training",TRUE,"LCMS sample 542"
"batchcorr_set1","SPLIT08",202608008,"LCMS sample 562","B4",625,40,"reference_QC","hidden",FALSE,"LCMS sample 562"
"batchcorr_set1","SPLIT08",202608008,"LCMS sample 582","B4",645,60,"reference_QC","training",TRUE,"LCMS sample 582"
"batchcorr_set1","SPLIT08",202608008,"LCMS sample 601","B4",665,79,"reference_QC","training",TRUE,"LCMS sample 601"
"batchcorr_set1","SPLIT08",202608008,"LCMS sample 602","B5",678,1,"reference_QC","training",TRUE,"LCMS sample 602"
"batchcorr_set1","SPLIT08",202608008,"LCMS sample 622","B5",698,21,"reference_QC","training",TRUE,"LCMS sample 622"
"batchcorr_set1","SPLIT08",202608008,"LCMS sample 642","B5",718,41,"reference_QC","hidden",FALSE,"LCMS sample 642"
"batchcorr_set1","SPLIT08",202608008,"LCMS sample 661","B5",737,60,"reference_QC","training",TRUE,"LCMS sample 661"
"batchcorr_set1","SPLIT08",202608008,"LCMS sample 681","B5",757,80,"reference_QC","training",TRUE,"LCMS sample 681"
"batchcorr_set1","SPLIT08",202608008,"LCMS sample 682","B6",758,1,"reference_QC","training",TRUE,"LCMS sample 682"
"batchcorr_set1","SPLIT08",202608008,"LCMS sample 702","B6",778,21,"reference_QC","hidden",FALSE,"LCMS sample 702"
"batchcorr_set1","SPLIT08",202608008,"LCMS sample 722","B6",798,41,"reference_QC","training",TRUE,"LCMS sample 722"
"batchcorr_set1","SPLIT08",202608008,"LCMS sample 741","B6",817,60,"reference_QC","training",TRUE,"LCMS sample 741"
"batchcorr_set1","SPLIT08",202608008,"LCMS sample 761","B6",837,80,"reference_QC","training",TRUE,"LCMS sample 761"
"batchcorr_set1","SPLIT09",202608009,"LCMS sample 1","B1",10,1,"reference_QC","training",TRUE,"LCMS sample 1"
"batchcorr_set1","SPLIT09",202608009,"LCMS sample 21","B1",30,21,"reference_QC","hidden",FALSE,"LCMS sample 21"
"batchcorr_set1","SPLIT09",202608009,"LCMS sample 40","B1",49,40,"reference_QC","training",TRUE,"LCMS sample 40"
"batchcorr_set1","SPLIT09",202608009,"LCMS sample 59","B1",68,59,"reference_QC","training",TRUE,"LCMS sample 59"
"batchcorr_set1","SPLIT09",202608009,"LCMS sample 79","B1",88,79,"reference_QC","training",TRUE,"LCMS sample 79"
"batchcorr_set1","SPLIT09",202608009,"LCMS sample 80","B2",89,1,"reference_QC","training",TRUE,"LCMS sample 80"
"batchcorr_set1","SPLIT09",202608009,"LCMS sample 100","B2",109,21,"reference_QC","training",TRUE,"LCMS sample 100"
"batchcorr_set1","SPLIT09",202608009,"LCMS sample 120","B2",129,41,"reference_QC","training",TRUE,"LCMS sample 120"
"batchcorr_set1","SPLIT09",202608009,"LCMS sample 140","B2",149,61,"reference_QC","training",TRUE,"LCMS sample 140"
"batchcorr_set1","SPLIT09",202608009,"LCMS sample 154","B2",167,75,"reference_QC","hidden",FALSE,"LCMS sample 154"
"batchcorr_set1","SPLIT09",202608009,"LCMS sample 157","B2",171,78,"reference_QC","training",TRUE,"LCMS sample 157"
"batchcorr_set1","SPLIT09",202608009,"LCMS sample 158","B9",183,1,"reference_QC","training",TRUE,"LCMS sample 158"
"batchcorr_set1","SPLIT09",202608009,"LCMS sample 178","B9",203,21,"reference_QC","hidden",FALSE,"LCMS sample 178"
"batchcorr_set1","SPLIT09",202608009,"LCMS sample 198","B9",223,41,"reference_QC","training",TRUE,"LCMS sample 198"
"batchcorr_set1","SPLIT09",202608009,"LCMS sample 217","B9",242,60,"reference_QC","training",TRUE,"LCMS sample 217"
"batchcorr_set1","SPLIT09",202608009,"LCMS sample 236","B9",261,79,"reference_QC","training",TRUE,"LCMS sample 236"
"batchcorr_set1","SPLIT09",202608009,"LCMS sample 237","B10",262,1,"reference_QC","training",TRUE,"LCMS sample 237"
"batchcorr_set1","SPLIT09",202608009,"LCMS sample 249","B10",274,13,"reference_QC","training",TRUE,"LCMS sample 249"
"batchcorr_set1","SPLIT09",202608009,"LCMS sample 261","B10",286,25,"reference_QC","hidden",FALSE,"LCMS sample 261"
"batchcorr_set1","SPLIT09",202608009,"LCMS sample 273","B10",298,37,"reference_QC","training",TRUE,"LCMS sample 273"
"batchcorr_set1","SPLIT09",202608009,"LCMS sample 284","B10",309,48,"reference_QC","training",TRUE,"LCMS sample 284"
"batchcorr_set1","SPLIT09",202608009,"LCMS sample 285","B7",322,1,"reference_QC","training",TRUE,"LCMS sample 285"
"batchcorr_set1","SPLIT09",202608009,"LCMS sample 305","B7",342,21,"reference_QC","training",TRUE,"LCMS sample 305"
"batchcorr_set1","SPLIT09",202608009,"LCMS sample 324","B7",362,40,"reference_QC","training",TRUE,"LCMS sample 324"
"batchcorr_set1","SPLIT09",202608009,"LCMS sample 344","B7",382,60,"reference_QC","hidden",FALSE,"LCMS sample 344"
"batchcorr_set1","SPLIT09",202608009,"LCMS sample 363","B7",401,79,"reference_QC","training",TRUE,"LCMS sample 363"
"batchcorr_set1","SPLIT09",202608009,"LCMS sample 364","B8",402,1,"reference_QC","training",TRUE,"LCMS sample 364"
"batchcorr_set1","SPLIT09",202608009,"LCMS sample 384","B8",422,21,"reference_QC","training",TRUE,"LCMS sample 384"
"batchcorr_set1","SPLIT09",202608009,"LCMS sample 404","B8",455,41,"reference_QC","hidden",FALSE,"LCMS sample 404"
"batchcorr_set1","SPLIT09",202608009,"LCMS sample 424","B8",475,61,"reference_QC","training",TRUE,"LCMS sample 424"
"batchcorr_set1","SPLIT09",202608009,"LCMS sample 443","B8",494,80,"reference_QC","training",TRUE,"LCMS sample 443"
"batchcorr_set1","SPLIT09",202608009,"LCMS sample 444","B3",507,1,"reference_QC","training",TRUE,"LCMS sample 444"
"batchcorr_set1","SPLIT09",202608009,"LCMS sample 463","B3",526,20,"reference_QC","hidden",FALSE,"LCMS sample 463"
"batchcorr_set1","SPLIT09",202608009,"LCMS sample 482","B3",545,39,"reference_QC","training",TRUE,"LCMS sample 482"
"batchcorr_set1","SPLIT09",202608009,"LCMS sample 502","B3",565,59,"reference_QC","training",TRUE,"LCMS sample 502"
"batchcorr_set1","SPLIT09",202608009,"LCMS sample 522","B3",585,79,"reference_QC","training",TRUE,"LCMS sample 522"
"batchcorr_set1","SPLIT09",202608009,"LCMS sample 523","B4",586,1,"reference_QC","training",TRUE,"LCMS sample 523"
"batchcorr_set1","SPLIT09",202608009,"LCMS sample 542","B4",605,20,"reference_QC","training",TRUE,"LCMS sample 542"
"batchcorr_set1","SPLIT09",202608009,"LCMS sample 562","B4",625,40,"reference_QC","hidden",FALSE,"LCMS sample 562"
"batchcorr_set1","SPLIT09",202608009,"LCMS sample 582","B4",645,60,"reference_QC","training",TRUE,"LCMS sample 582"
"batchcorr_set1","SPLIT09",202608009,"LCMS sample 601","B4",665,79,"reference_QC","training",TRUE,"LCMS sample 601"
"batchcorr_set1","SPLIT09",202608009,"LCMS sample 602","B5",678,1,"reference_QC","training",TRUE,"LCMS sample 602"
"batchcorr_set1","SPLIT09",202608009,"LCMS sample 622","B5",698,21,"reference_QC","hidden",FALSE,"LCMS sample 622"
"batchcorr_set1","SPLIT09",202608009,"LCMS sample 642","B5",718,41,"reference_QC","training",TRUE,"LCMS sample 642"
"batchcorr_set1","SPLIT09",202608009,"LCMS sample 661","B5",737,60,"reference_QC","training",TRUE,"LCMS sample 661"
"batchcorr_set1","SPLIT09",202608009,"LCMS sample 681","B5",757,80,"reference_QC","training",TRUE,"LCMS sample 681"
"batchcorr_set1","SPLIT09",202608009,"LCMS sample 682","B6",758,1,"reference_QC","training",TRUE,"LCMS sample 682"
"batchcorr_set1","SPLIT09",202608009,"LCMS sample 702","B6",778,21,"reference_QC","hidden",FALSE,"LCMS sample 702"
"batchcorr_set1","SPLIT09",202608009,"LCMS sample 722","B6",798,41,"reference_QC","training",TRUE,"LCMS sample 722"
"batchcorr_set1","SPLIT09",202608009,"LCMS sample 741","B6",817,60,"reference_QC","training",TRUE,"LCMS sample 741"
"batchcorr_set1","SPLIT09",202608009,"LCMS sample 761","B6",837,80,"reference_QC","training",TRUE,"LCMS sample 761"
"batchcorr_set1","SPLIT10",202608010,"LCMS sample 1","B1",10,1,"reference_QC","training",TRUE,"LCMS sample 1"
"batchcorr_set1","SPLIT10",202608010,"LCMS sample 21","B1",30,21,"reference_QC","training",TRUE,"LCMS sample 21"
"batchcorr_set1","SPLIT10",202608010,"LCMS sample 40","B1",49,40,"reference_QC","hidden",FALSE,"LCMS sample 40"
"batchcorr_set1","SPLIT10",202608010,"LCMS sample 59","B1",68,59,"reference_QC","training",TRUE,"LCMS sample 59"
"batchcorr_set1","SPLIT10",202608010,"LCMS sample 79","B1",88,79,"reference_QC","training",TRUE,"LCMS sample 79"
"batchcorr_set1","SPLIT10",202608010,"LCMS sample 80","B2",89,1,"reference_QC","training",TRUE,"LCMS sample 80"
"batchcorr_set1","SPLIT10",202608010,"LCMS sample 100","B2",109,21,"reference_QC","training",TRUE,"LCMS sample 100"
"batchcorr_set1","SPLIT10",202608010,"LCMS sample 120","B2",129,41,"reference_QC","training",TRUE,"LCMS sample 120"
"batchcorr_set1","SPLIT10",202608010,"LCMS sample 140","B2",149,61,"reference_QC","training",TRUE,"LCMS sample 140"
"batchcorr_set1","SPLIT10",202608010,"LCMS sample 154","B2",167,75,"reference_QC","hidden",FALSE,"LCMS sample 154"
"batchcorr_set1","SPLIT10",202608010,"LCMS sample 157","B2",171,78,"reference_QC","training",TRUE,"LCMS sample 157"
"batchcorr_set1","SPLIT10",202608010,"LCMS sample 158","B9",183,1,"reference_QC","training",TRUE,"LCMS sample 158"
"batchcorr_set1","SPLIT10",202608010,"LCMS sample 178","B9",203,21,"reference_QC","training",TRUE,"LCMS sample 178"
"batchcorr_set1","SPLIT10",202608010,"LCMS sample 198","B9",223,41,"reference_QC","training",TRUE,"LCMS sample 198"
"batchcorr_set1","SPLIT10",202608010,"LCMS sample 217","B9",242,60,"reference_QC","hidden",FALSE,"LCMS sample 217"
"batchcorr_set1","SPLIT10",202608010,"LCMS sample 236","B9",261,79,"reference_QC","training",TRUE,"LCMS sample 236"
"batchcorr_set1","SPLIT10",202608010,"LCMS sample 237","B10",262,1,"reference_QC","training",TRUE,"LCMS sample 237"
"batchcorr_set1","SPLIT10",202608010,"LCMS sample 249","B10",274,13,"reference_QC","hidden",FALSE,"LCMS sample 249"
"batchcorr_set1","SPLIT10",202608010,"LCMS sample 261","B10",286,25,"reference_QC","training",TRUE,"LCMS sample 261"
"batchcorr_set1","SPLIT10",202608010,"LCMS sample 273","B10",298,37,"reference_QC","training",TRUE,"LCMS sample 273"
"batchcorr_set1","SPLIT10",202608010,"LCMS sample 284","B10",309,48,"reference_QC","training",TRUE,"LCMS sample 284"
"batchcorr_set1","SPLIT10",202608010,"LCMS sample 285","B7",322,1,"reference_QC","training",TRUE,"LCMS sample 285"
"batchcorr_set1","SPLIT10",202608010,"LCMS sample 305","B7",342,21,"reference_QC","training",TRUE,"LCMS sample 305"
"batchcorr_set1","SPLIT10",202608010,"LCMS sample 324","B7",362,40,"reference_QC","training",TRUE,"LCMS sample 324"
"batchcorr_set1","SPLIT10",202608010,"LCMS sample 344","B7",382,60,"reference_QC","hidden",FALSE,"LCMS sample 344"
"batchcorr_set1","SPLIT10",202608010,"LCMS sample 363","B7",401,79,"reference_QC","training",TRUE,"LCMS sample 363"
"batchcorr_set1","SPLIT10",202608010,"LCMS sample 364","B8",402,1,"reference_QC","training",TRUE,"LCMS sample 364"
"batchcorr_set1","SPLIT10",202608010,"LCMS sample 384","B8",422,21,"reference_QC","hidden",FALSE,"LCMS sample 384"
"batchcorr_set1","SPLIT10",202608010,"LCMS sample 404","B8",455,41,"reference_QC","training",TRUE,"LCMS sample 404"
"batchcorr_set1","SPLIT10",202608010,"LCMS sample 424","B8",475,61,"reference_QC","training",TRUE,"LCMS sample 424"
"batchcorr_set1","SPLIT10",202608010,"LCMS sample 443","B8",494,80,"reference_QC","training",TRUE,"LCMS sample 443"
"batchcorr_set1","SPLIT10",202608010,"LCMS sample 444","B3",507,1,"reference_QC","training",TRUE,"LCMS sample 444"
"batchcorr_set1","SPLIT10",202608010,"LCMS sample 463","B3",526,20,"reference_QC","hidden",FALSE,"LCMS sample 463"
"batchcorr_set1","SPLIT10",202608010,"LCMS sample 482","B3",545,39,"reference_QC","training",TRUE,"LCMS sample 482"
"batchcorr_set1","SPLIT10",202608010,"LCMS sample 502","B3",565,59,"reference_QC","training",TRUE,"LCMS sample 502"
"batchcorr_set1","SPLIT10",202608010,"LCMS sample 522","B3",585,79,"reference_QC","training",TRUE,"LCMS sample 522"
"batchcorr_set1","SPLIT10",202608010,"LCMS sample 523","B4",586,1,"reference_QC","training",TRUE,"LCMS sample 523"
"batchcorr_set1","SPLIT10",202608010,"LCMS sample 542","B4",605,20,"reference_QC","hidden",FALSE,"LCMS sample 542"
"batchcorr_set1","SPLIT10",202608010,"LCMS sample 562","B4",625,40,"reference_QC","training",TRUE,"LCMS sample 562"
"batchcorr_set1","SPLIT10",202608010,"LCMS sample 582","B4",645,60,"reference_QC","training",TRUE,"LCMS sample 582"
"batchcorr_set1","SPLIT10",202608010,"LCMS sample 601","B4",665,79,"reference_QC","training",TRUE,"LCMS sample 601"
"batchcorr_set1","SPLIT10",202608010,"LCMS sample 602","B5",678,1,"reference_QC","training",TRUE,"LCMS sample 602"
"batchcorr_set1","SPLIT10",202608010,"LCMS sample 622","B5",698,21,"reference_QC","training",TRUE,"LCMS sample 622"
"batchcorr_set1","SPLIT10",202608010,"LCMS sample 642","B5",718,41,"reference_QC","training",TRUE,"LCMS sample 642"
"batchcorr_set1","SPLIT10",202608010,"LCMS sample 661","B5",737,60,"reference_QC","hidden",FALSE,"LCMS sample 661"
"batchcorr_set1","SPLIT10",202608010,"LCMS sample 681","B5",757,80,"reference_QC","training",TRUE,"LCMS sample 681"
"batchcorr_set1","SPLIT10",202608010,"LCMS sample 682","B6",758,1,"reference_QC","training",TRUE,"LCMS sample 682"
"batchcorr_set1","SPLIT10",202608010,"LCMS sample 702","B6",778,21,"reference_QC","training",TRUE,"LCMS sample 702"
"batchcorr_set1","SPLIT10",202608010,"LCMS sample 722","B6",798,41,"reference_QC","training",TRUE,"LCMS sample 722"
"batchcorr_set1","SPLIT10",202608010,"LCMS sample 741","B6",817,60,"reference_QC","hidden",FALSE,"LCMS sample 741"
"batchcorr_set1","SPLIT10",202608010,"LCMS sample 761","B6",837,80,"reference_QC","training",TRUE,"LCMS sample 761"
"sacurine","SPLIT01",202608001,"QC1_001","ne1",1,1,"pooled_QC","training",TRUE,"QC1_001"
"sacurine","SPLIT01",202608001,"QC1_002","ne1",10,10,"pooled_QC","training",TRUE,"QC1_002"
"sacurine","SPLIT01",202608001,"QC1_003","ne1",17,17,"pooled_QC","hidden",FALSE,"QC1_003"
"sacurine","SPLIT01",202608001,"QC1_004","ne1",25,25,"pooled_QC","training",TRUE,"QC1_004"
"sacurine","SPLIT01",202608001,"QC1_005","ne1",33,33,"pooled_QC","hidden",FALSE,"QC1_005"
"sacurine","SPLIT01",202608001,"QC1_006","ne1",43,43,"pooled_QC","training",TRUE,"QC1_006"
"sacurine","SPLIT01",202608001,"QC1_007","ne1",52,52,"pooled_QC","training",TRUE,"QC1_007"
"sacurine","SPLIT01",202608001,"QC1_008","ne1",59,59,"pooled_QC","training",TRUE,"QC1_008"
"sacurine","SPLIT01",202608001,"QC1_009","ne1",66,66,"pooled_QC","hidden",FALSE,"QC1_009"
"sacurine","SPLIT01",202608001,"QC1_010","ne1",71,71,"pooled_QC","training",TRUE,"QC1_010"
"sacurine","SPLIT01",202608001,"QC1_011","ne1",80,80,"pooled_QC","training",TRUE,"QC1_011"
"sacurine","SPLIT01",202608001,"QC1_012","ne1",89,89,"pooled_QC","training",TRUE,"QC1_012"
"sacurine","SPLIT01",202608001,"QC1_013","ne1",96,96,"pooled_QC","hidden",FALSE,"QC1_013"
"sacurine","SPLIT01",202608001,"QC1_014","ne1",104,104,"pooled_QC","training",TRUE,"QC1_014"
"sacurine","SPLIT01",202608001,"QC1_001_b2","ne2",105,1,"pooled_QC","training",TRUE,"QC1_001_b2"
"sacurine","SPLIT01",202608001,"QC1_002_b2","ne2",115,11,"pooled_QC","training",TRUE,"QC1_002_b2"
"sacurine","SPLIT01",202608001,"QC1_003_b2","ne2",124,20,"pooled_QC","training",TRUE,"QC1_003_b2"
"sacurine","SPLIT01",202608001,"QC1_004_b2","ne2",134,30,"pooled_QC","training",TRUE,"QC1_004_b2"
"sacurine","SPLIT01",202608001,"QC1_005_b2","ne2",145,41,"pooled_QC","training",TRUE,"QC1_005_b2"
"sacurine","SPLIT01",202608001,"QC1_006_b2","ne2",154,50,"pooled_QC","hidden",FALSE,"QC1_006_b2"
"sacurine","SPLIT01",202608001,"QC1_007_b2","ne2",164,60,"pooled_QC","training",TRUE,"QC1_007_b2"
"sacurine","SPLIT01",202608001,"QC1_008_b2","ne2",173,69,"pooled_QC","hidden",FALSE,"QC1_008_b2"
"sacurine","SPLIT01",202608001,"QC1_009_b2","ne2",183,79,"pooled_QC","hidden",FALSE,"QC1_009_b2"
"sacurine","SPLIT01",202608001,"QC1_010_b2","ne2",193,89,"pooled_QC","training",TRUE,"QC1_010_b2"
"sacurine","SPLIT01",202608001,"QC1_011_b2","ne2",203,99,"pooled_QC","hidden",FALSE,"QC1_011_b2"
"sacurine","SPLIT01",202608001,"QC1_012_b2","ne2",210,106,"pooled_QC","training",TRUE,"QC1_012_b2"
"sacurine","SPLIT02",202608002,"QC1_001","ne1",1,1,"pooled_QC","training",TRUE,"QC1_001"
"sacurine","SPLIT02",202608002,"QC1_002","ne1",10,10,"pooled_QC","training",TRUE,"QC1_002"
"sacurine","SPLIT02",202608002,"QC1_003","ne1",17,17,"pooled_QC","hidden",FALSE,"QC1_003"
"sacurine","SPLIT02",202608002,"QC1_004","ne1",25,25,"pooled_QC","hidden",FALSE,"QC1_004"
"sacurine","SPLIT02",202608002,"QC1_005","ne1",33,33,"pooled_QC","hidden",FALSE,"QC1_005"
"sacurine","SPLIT02",202608002,"QC1_006","ne1",43,43,"pooled_QC","training",TRUE,"QC1_006"
"sacurine","SPLIT02",202608002,"QC1_007","ne1",52,52,"pooled_QC","hidden",FALSE,"QC1_007"
"sacurine","SPLIT02",202608002,"QC1_008","ne1",59,59,"pooled_QC","training",TRUE,"QC1_008"
"sacurine","SPLIT02",202608002,"QC1_009","ne1",66,66,"pooled_QC","training",TRUE,"QC1_009"
"sacurine","SPLIT02",202608002,"QC1_010","ne1",71,71,"pooled_QC","training",TRUE,"QC1_010"
"sacurine","SPLIT02",202608002,"QC1_011","ne1",80,80,"pooled_QC","training",TRUE,"QC1_011"
"sacurine","SPLIT02",202608002,"QC1_012","ne1",89,89,"pooled_QC","training",TRUE,"QC1_012"
"sacurine","SPLIT02",202608002,"QC1_013","ne1",96,96,"pooled_QC","training",TRUE,"QC1_013"
"sacurine","SPLIT02",202608002,"QC1_014","ne1",104,104,"pooled_QC","training",TRUE,"QC1_014"
"sacurine","SPLIT02",202608002,"QC1_001_b2","ne2",105,1,"pooled_QC","training",TRUE,"QC1_001_b2"
"sacurine","SPLIT02",202608002,"QC1_002_b2","ne2",115,11,"pooled_QC","hidden",FALSE,"QC1_002_b2"
"sacurine","SPLIT02",202608002,"QC1_003_b2","ne2",124,20,"pooled_QC","training",TRUE,"QC1_003_b2"
"sacurine","SPLIT02",202608002,"QC1_004_b2","ne2",134,30,"pooled_QC","hidden",FALSE,"QC1_004_b2"
"sacurine","SPLIT02",202608002,"QC1_005_b2","ne2",145,41,"pooled_QC","training",TRUE,"QC1_005_b2"
"sacurine","SPLIT02",202608002,"QC1_006_b2","ne2",154,50,"pooled_QC","training",TRUE,"QC1_006_b2"
"sacurine","SPLIT02",202608002,"QC1_007_b2","ne2",164,60,"pooled_QC","hidden",FALSE,"QC1_007_b2"
"sacurine","SPLIT02",202608002,"QC1_008_b2","ne2",173,69,"pooled_QC","training",TRUE,"QC1_008_b2"
"sacurine","SPLIT02",202608002,"QC1_009_b2","ne2",183,79,"pooled_QC","hidden",FALSE,"QC1_009_b2"
"sacurine","SPLIT02",202608002,"QC1_010_b2","ne2",193,89,"pooled_QC","training",TRUE,"QC1_010_b2"
"sacurine","SPLIT02",202608002,"QC1_011_b2","ne2",203,99,"pooled_QC","training",TRUE,"QC1_011_b2"
"sacurine","SPLIT02",202608002,"QC1_012_b2","ne2",210,106,"pooled_QC","training",TRUE,"QC1_012_b2"
"sacurine","SPLIT03",202608003,"QC1_001","ne1",1,1,"pooled_QC","training",TRUE,"QC1_001"
"sacurine","SPLIT03",202608003,"QC1_002","ne1",10,10,"pooled_QC","training",TRUE,"QC1_002"
"sacurine","SPLIT03",202608003,"QC1_003","ne1",17,17,"pooled_QC","hidden",FALSE,"QC1_003"
"sacurine","SPLIT03",202608003,"QC1_004","ne1",25,25,"pooled_QC","training",TRUE,"QC1_004"
"sacurine","SPLIT03",202608003,"QC1_005","ne1",33,33,"pooled_QC","training",TRUE,"QC1_005"
"sacurine","SPLIT03",202608003,"QC1_006","ne1",43,43,"pooled_QC","hidden",FALSE,"QC1_006"
"sacurine","SPLIT03",202608003,"QC1_007","ne1",52,52,"pooled_QC","training",TRUE,"QC1_007"
"sacurine","SPLIT03",202608003,"QC1_008","ne1",59,59,"pooled_QC","training",TRUE,"QC1_008"
"sacurine","SPLIT03",202608003,"QC1_009","ne1",66,66,"pooled_QC","training",TRUE,"QC1_009"
"sacurine","SPLIT03",202608003,"QC1_010","ne1",71,71,"pooled_QC","hidden",FALSE,"QC1_010"
"sacurine","SPLIT03",202608003,"QC1_011","ne1",80,80,"pooled_QC","training",TRUE,"QC1_011"
"sacurine","SPLIT03",202608003,"QC1_012","ne1",89,89,"pooled_QC","hidden",FALSE,"QC1_012"
"sacurine","SPLIT03",202608003,"QC1_013","ne1",96,96,"pooled_QC","training",TRUE,"QC1_013"
"sacurine","SPLIT03",202608003,"QC1_014","ne1",104,104,"pooled_QC","training",TRUE,"QC1_014"
"sacurine","SPLIT03",202608003,"QC1_001_b2","ne2",105,1,"pooled_QC","training",TRUE,"QC1_001_b2"
"sacurine","SPLIT03",202608003,"QC1_002_b2","ne2",115,11,"pooled_QC","hidden",FALSE,"QC1_002_b2"
"sacurine","SPLIT03",202608003,"QC1_003_b2","ne2",124,20,"pooled_QC","training",TRUE,"QC1_003_b2"
"sacurine","SPLIT03",202608003,"QC1_004_b2","ne2",134,30,"pooled_QC","training",TRUE,"QC1_004_b2"
"sacurine","SPLIT03",202608003,"QC1_005_b2","ne2",145,41,"pooled_QC","training",TRUE,"QC1_005_b2"
"sacurine","SPLIT03",202608003,"QC1_006_b2","ne2",154,50,"pooled_QC","training",TRUE,"QC1_006_b2"
"sacurine","SPLIT03",202608003,"QC1_007_b2","ne2",164,60,"pooled_QC","training",TRUE,"QC1_007_b2"
"sacurine","SPLIT03",202608003,"QC1_008_b2","ne2",173,69,"pooled_QC","hidden",FALSE,"QC1_008_b2"
"sacurine","SPLIT03",202608003,"QC1_009_b2","ne2",183,79,"pooled_QC","training",TRUE,"QC1_009_b2"
"sacurine","SPLIT03",202608003,"QC1_010_b2","ne2",193,89,"pooled_QC","hidden",FALSE,"QC1_010_b2"
"sacurine","SPLIT03",202608003,"QC1_011_b2","ne2",203,99,"pooled_QC","hidden",FALSE,"QC1_011_b2"
"sacurine","SPLIT03",202608003,"QC1_012_b2","ne2",210,106,"pooled_QC","training",TRUE,"QC1_012_b2"
"sacurine","SPLIT04",202608004,"QC1_001","ne1",1,1,"pooled_QC","training",TRUE,"QC1_001"
"sacurine","SPLIT04",202608004,"QC1_002","ne1",10,10,"pooled_QC","training",TRUE,"QC1_002"
"sacurine","SPLIT04",202608004,"QC1_003","ne1",17,17,"pooled_QC","training",TRUE,"QC1_003"
"sacurine","SPLIT04",202608004,"QC1_004","ne1",25,25,"pooled_QC","training",TRUE,"QC1_004"
"sacurine","SPLIT04",202608004,"QC1_005","ne1",33,33,"pooled_QC","hidden",FALSE,"QC1_005"
"sacurine","SPLIT04",202608004,"QC1_006","ne1",43,43,"pooled_QC","training",TRUE,"QC1_006"
"sacurine","SPLIT04",202608004,"QC1_007","ne1",52,52,"pooled_QC","hidden",FALSE,"QC1_007"
"sacurine","SPLIT04",202608004,"QC1_008","ne1",59,59,"pooled_QC","training",TRUE,"QC1_008"
"sacurine","SPLIT04",202608004,"QC1_009","ne1",66,66,"pooled_QC","hidden",FALSE,"QC1_009"
"sacurine","SPLIT04",202608004,"QC1_010","ne1",71,71,"pooled_QC","training",TRUE,"QC1_010"
"sacurine","SPLIT04",202608004,"QC1_011","ne1",80,80,"pooled_QC","training",TRUE,"QC1_011"
"sacurine","SPLIT04",202608004,"QC1_012","ne1",89,89,"pooled_QC","hidden",FALSE,"QC1_012"
"sacurine","SPLIT04",202608004,"QC1_013","ne1",96,96,"pooled_QC","training",TRUE,"QC1_013"
"sacurine","SPLIT04",202608004,"QC1_014","ne1",104,104,"pooled_QC","training",TRUE,"QC1_014"
"sacurine","SPLIT04",202608004,"QC1_001_b2","ne2",105,1,"pooled_QC","training",TRUE,"QC1_001_b2"
"sacurine","SPLIT04",202608004,"QC1_002_b2","ne2",115,11,"pooled_QC","training",TRUE,"QC1_002_b2"
"sacurine","SPLIT04",202608004,"QC1_003_b2","ne2",124,20,"pooled_QC","training",TRUE,"QC1_003_b2"
"sacurine","SPLIT04",202608004,"QC1_004_b2","ne2",134,30,"pooled_QC","hidden",FALSE,"QC1_004_b2"
"sacurine","SPLIT04",202608004,"QC1_005_b2","ne2",145,41,"pooled_QC","training",TRUE,"QC1_005_b2"
"sacurine","SPLIT04",202608004,"QC1_006_b2","ne2",154,50,"pooled_QC","hidden",FALSE,"QC1_006_b2"
"sacurine","SPLIT04",202608004,"QC1_007_b2","ne2",164,60,"pooled_QC","training",TRUE,"QC1_007_b2"
"sacurine","SPLIT04",202608004,"QC1_008_b2","ne2",173,69,"pooled_QC","training",TRUE,"QC1_008_b2"
"sacurine","SPLIT04",202608004,"QC1_009_b2","ne2",183,79,"pooled_QC","training",TRUE,"QC1_009_b2"
"sacurine","SPLIT04",202608004,"QC1_010_b2","ne2",193,89,"pooled_QC","hidden",FALSE,"QC1_010_b2"
"sacurine","SPLIT04",202608004,"QC1_011_b2","ne2",203,99,"pooled_QC","hidden",FALSE,"QC1_011_b2"
"sacurine","SPLIT04",202608004,"QC1_012_b2","ne2",210,106,"pooled_QC","training",TRUE,"QC1_012_b2"
"sacurine","SPLIT05",202608005,"QC1_001","ne1",1,1,"pooled_QC","training",TRUE,"QC1_001"
"sacurine","SPLIT05",202608005,"QC1_002","ne1",10,10,"pooled_QC","training",TRUE,"QC1_002"
"sacurine","SPLIT05",202608005,"QC1_003","ne1",17,17,"pooled_QC","training",TRUE,"QC1_003"
"sacurine","SPLIT05",202608005,"QC1_004","ne1",25,25,"pooled_QC","training",TRUE,"QC1_004"
"sacurine","SPLIT05",202608005,"QC1_005","ne1",33,33,"pooled_QC","hidden",FALSE,"QC1_005"
"sacurine","SPLIT05",202608005,"QC1_006","ne1",43,43,"pooled_QC","training",TRUE,"QC1_006"
"sacurine","SPLIT05",202608005,"QC1_007","ne1",52,52,"pooled_QC","training",TRUE,"QC1_007"
"sacurine","SPLIT05",202608005,"QC1_008","ne1",59,59,"pooled_QC","hidden",FALSE,"QC1_008"
"sacurine","SPLIT05",202608005,"QC1_009","ne1",66,66,"pooled_QC","training",TRUE,"QC1_009"
"sacurine","SPLIT05",202608005,"QC1_010","ne1",71,71,"pooled_QC","training",TRUE,"QC1_010"
"sacurine","SPLIT05",202608005,"QC1_011","ne1",80,80,"pooled_QC","hidden",FALSE,"QC1_011"
"sacurine","SPLIT05",202608005,"QC1_012","ne1",89,89,"pooled_QC","training",TRUE,"QC1_012"
"sacurine","SPLIT05",202608005,"QC1_013","ne1",96,96,"pooled_QC","hidden",FALSE,"QC1_013"
"sacurine","SPLIT05",202608005,"QC1_014","ne1",104,104,"pooled_QC","training",TRUE,"QC1_014"
"sacurine","SPLIT05",202608005,"QC1_001_b2","ne2",105,1,"pooled_QC","training",TRUE,"QC1_001_b2"
"sacurine","SPLIT05",202608005,"QC1_002_b2","ne2",115,11,"pooled_QC","training",TRUE,"QC1_002_b2"
"sacurine","SPLIT05",202608005,"QC1_003_b2","ne2",124,20,"pooled_QC","hidden",FALSE,"QC1_003_b2"
"sacurine","SPLIT05",202608005,"QC1_004_b2","ne2",134,30,"pooled_QC","training",TRUE,"QC1_004_b2"
"sacurine","SPLIT05",202608005,"QC1_005_b2","ne2",145,41,"pooled_QC","training",TRUE,"QC1_005_b2"
"sacurine","SPLIT05",202608005,"QC1_006_b2","ne2",154,50,"pooled_QC","hidden",FALSE,"QC1_006_b2"
"sacurine","SPLIT05",202608005,"QC1_007_b2","ne2",164,60,"pooled_QC","training",TRUE,"QC1_007_b2"
"sacurine","SPLIT05",202608005,"QC1_008_b2","ne2",173,69,"pooled_QC","training",TRUE,"QC1_008_b2"
"sacurine","SPLIT05",202608005,"QC1_009_b2","ne2",183,79,"pooled_QC","hidden",FALSE,"QC1_009_b2"
"sacurine","SPLIT05",202608005,"QC1_010_b2","ne2",193,89,"pooled_QC","hidden",FALSE,"QC1_010_b2"
"sacurine","SPLIT05",202608005,"QC1_011_b2","ne2",203,99,"pooled_QC","training",TRUE,"QC1_011_b2"
"sacurine","SPLIT05",202608005,"QC1_012_b2","ne2",210,106,"pooled_QC","training",TRUE,"QC1_012_b2"
"sacurine","SPLIT06",202608006,"QC1_001","ne1",1,1,"pooled_QC","training",TRUE,"QC1_001"
"sacurine","SPLIT06",202608006,"QC1_002","ne1",10,10,"pooled_QC","training",TRUE,"QC1_002"
"sacurine","SPLIT06",202608006,"QC1_003","ne1",17,17,"pooled_QC","training",TRUE,"QC1_003"
"sacurine","SPLIT06",202608006,"QC1_004","ne1",25,25,"pooled_QC","training",TRUE,"QC1_004"
"sacurine","SPLIT06",202608006,"QC1_005","ne1",33,33,"pooled_QC","training",TRUE,"QC1_005"
"sacurine","SPLIT06",202608006,"QC1_006","ne1",43,43,"pooled_QC","hidden",FALSE,"QC1_006"
"sacurine","SPLIT06",202608006,"QC1_007","ne1",52,52,"pooled_QC","training",TRUE,"QC1_007"
"sacurine","SPLIT06",202608006,"QC1_008","ne1",59,59,"pooled_QC","training",TRUE,"QC1_008"
"sacurine","SPLIT06",202608006,"QC1_009","ne1",66,66,"pooled_QC","hidden",FALSE,"QC1_009"
"sacurine","SPLIT06",202608006,"QC1_010","ne1",71,71,"pooled_QC","hidden",FALSE,"QC1_010"
"sacurine","SPLIT06",202608006,"QC1_011","ne1",80,80,"pooled_QC","hidden",FALSE,"QC1_011"
"sacurine","SPLIT06",202608006,"QC1_012","ne1",89,89,"pooled_QC","training",TRUE,"QC1_012"
"sacurine","SPLIT06",202608006,"QC1_013","ne1",96,96,"pooled_QC","training",TRUE,"QC1_013"
"sacurine","SPLIT06",202608006,"QC1_014","ne1",104,104,"pooled_QC","training",TRUE,"QC1_014"
"sacurine","SPLIT06",202608006,"QC1_001_b2","ne2",105,1,"pooled_QC","training",TRUE,"QC1_001_b2"
"sacurine","SPLIT06",202608006,"QC1_002_b2","ne2",115,11,"pooled_QC","hidden",FALSE,"QC1_002_b2"
"sacurine","SPLIT06",202608006,"QC1_003_b2","ne2",124,20,"pooled_QC","training",TRUE,"QC1_003_b2"
"sacurine","SPLIT06",202608006,"QC1_004_b2","ne2",134,30,"pooled_QC","training",TRUE,"QC1_004_b2"
"sacurine","SPLIT06",202608006,"QC1_005_b2","ne2",145,41,"pooled_QC","hidden",FALSE,"QC1_005_b2"
"sacurine","SPLIT06",202608006,"QC1_006_b2","ne2",154,50,"pooled_QC","hidden",FALSE,"QC1_006_b2"
"sacurine","SPLIT06",202608006,"QC1_007_b2","ne2",164,60,"pooled_QC","hidden",FALSE,"QC1_007_b2"
"sacurine","SPLIT06",202608006,"QC1_008_b2","ne2",173,69,"pooled_QC","training",TRUE,"QC1_008_b2"
"sacurine","SPLIT06",202608006,"QC1_009_b2","ne2",183,79,"pooled_QC","training",TRUE,"QC1_009_b2"
"sacurine","SPLIT06",202608006,"QC1_010_b2","ne2",193,89,"pooled_QC","training",TRUE,"QC1_010_b2"
"sacurine","SPLIT06",202608006,"QC1_011_b2","ne2",203,99,"pooled_QC","training",TRUE,"QC1_011_b2"
"sacurine","SPLIT06",202608006,"QC1_012_b2","ne2",210,106,"pooled_QC","training",TRUE,"QC1_012_b2"
"sacurine","SPLIT07",202608007,"QC1_001","ne1",1,1,"pooled_QC","training",TRUE,"QC1_001"
"sacurine","SPLIT07",202608007,"QC1_002","ne1",10,10,"pooled_QC","training",TRUE,"QC1_002"
"sacurine","SPLIT07",202608007,"QC1_003","ne1",17,17,"pooled_QC","hidden",FALSE,"QC1_003"
"sacurine","SPLIT07",202608007,"QC1_004","ne1",25,25,"pooled_QC","hidden",FALSE,"QC1_004"
"sacurine","SPLIT07",202608007,"QC1_005","ne1",33,33,"pooled_QC","training",TRUE,"QC1_005"
"sacurine","SPLIT07",202608007,"QC1_006","ne1",43,43,"pooled_QC","training",TRUE,"QC1_006"
"sacurine","SPLIT07",202608007,"QC1_007","ne1",52,52,"pooled_QC","training",TRUE,"QC1_007"
"sacurine","SPLIT07",202608007,"QC1_008","ne1",59,59,"pooled_QC","hidden",FALSE,"QC1_008"
"sacurine","SPLIT07",202608007,"QC1_009","ne1",66,66,"pooled_QC","training",TRUE,"QC1_009"
"sacurine","SPLIT07",202608007,"QC1_010","ne1",71,71,"pooled_QC","training",TRUE,"QC1_010"
"sacurine","SPLIT07",202608007,"QC1_011","ne1",80,80,"pooled_QC","training",TRUE,"QC1_011"
"sacurine","SPLIT07",202608007,"QC1_012","ne1",89,89,"pooled_QC","hidden",FALSE,"QC1_012"
"sacurine","SPLIT07",202608007,"QC1_013","ne1",96,96,"pooled_QC","training",TRUE,"QC1_013"
"sacurine","SPLIT07",202608007,"QC1_014","ne1",104,104,"pooled_QC","training",TRUE,"QC1_014"
"sacurine","SPLIT07",202608007,"QC1_001_b2","ne2",105,1,"pooled_QC","training",TRUE,"QC1_001_b2"
"sacurine","SPLIT07",202608007,"QC1_002_b2","ne2",115,11,"pooled_QC","hidden",FALSE,"QC1_002_b2"
"sacurine","SPLIT07",202608007,"QC1_003_b2","ne2",124,20,"pooled_QC","training",TRUE,"QC1_003_b2"
"sacurine","SPLIT07",202608007,"QC1_004_b2","ne2",134,30,"pooled_QC","training",TRUE,"QC1_004_b2"
"sacurine","SPLIT07",202608007,"QC1_005_b2","ne2",145,41,"pooled_QC","training",TRUE,"QC1_005_b2"
"sacurine","SPLIT07",202608007,"QC1_006_b2","ne2",154,50,"pooled_QC","hidden",FALSE,"QC1_006_b2"
"sacurine","SPLIT07",202608007,"QC1_007_b2","ne2",164,60,"pooled_QC","training",TRUE,"QC1_007_b2"
"sacurine","SPLIT07",202608007,"QC1_008_b2","ne2",173,69,"pooled_QC","training",TRUE,"QC1_008_b2"
"sacurine","SPLIT07",202608007,"QC1_009_b2","ne2",183,79,"pooled_QC","training",TRUE,"QC1_009_b2"
"sacurine","SPLIT07",202608007,"QC1_010_b2","ne2",193,89,"pooled_QC","hidden",FALSE,"QC1_010_b2"
"sacurine","SPLIT07",202608007,"QC1_011_b2","ne2",203,99,"pooled_QC","hidden",FALSE,"QC1_011_b2"
"sacurine","SPLIT07",202608007,"QC1_012_b2","ne2",210,106,"pooled_QC","training",TRUE,"QC1_012_b2"
"sacurine","SPLIT08",202608008,"QC1_001","ne1",1,1,"pooled_QC","training",TRUE,"QC1_001"
"sacurine","SPLIT08",202608008,"QC1_002","ne1",10,10,"pooled_QC","hidden",FALSE,"QC1_002"
"sacurine","SPLIT08",202608008,"QC1_003","ne1",17,17,"pooled_QC","hidden",FALSE,"QC1_003"
"sacurine","SPLIT08",202608008,"QC1_004","ne1",25,25,"pooled_QC","training",TRUE,"QC1_004"
"sacurine","SPLIT08",202608008,"QC1_005","ne1",33,33,"pooled_QC","training",TRUE,"QC1_005"
"sacurine","SPLIT08",202608008,"QC1_006","ne1",43,43,"pooled_QC","training",TRUE,"QC1_006"
"sacurine","SPLIT08",202608008,"QC1_007","ne1",52,52,"pooled_QC","training",TRUE,"QC1_007"
"sacurine","SPLIT08",202608008,"QC1_008","ne1",59,59,"pooled_QC","hidden",FALSE,"QC1_008"
"sacurine","SPLIT08",202608008,"QC1_009","ne1",66,66,"pooled_QC","hidden",FALSE,"QC1_009"
"sacurine","SPLIT08",202608008,"QC1_010","ne1",71,71,"pooled_QC","training",TRUE,"QC1_010"
"sacurine","SPLIT08",202608008,"QC1_011","ne1",80,80,"pooled_QC","training",TRUE,"QC1_011"
"sacurine","SPLIT08",202608008,"QC1_012","ne1",89,89,"pooled_QC","training",TRUE,"QC1_012"
"sacurine","SPLIT08",202608008,"QC1_013","ne1",96,96,"pooled_QC","training",TRUE,"QC1_013"
"sacurine","SPLIT08",202608008,"QC1_014","ne1",104,104,"pooled_QC","training",TRUE,"QC1_014"
"sacurine","SPLIT08",202608008,"QC1_001_b2","ne2",105,1,"pooled_QC","training",TRUE,"QC1_001_b2"
"sacurine","SPLIT08",202608008,"QC1_002_b2","ne2",115,11,"pooled_QC","training",TRUE,"QC1_002_b2"
"sacurine","SPLIT08",202608008,"QC1_003_b2","ne2",124,20,"pooled_QC","hidden",FALSE,"QC1_003_b2"
"sacurine","SPLIT08",202608008,"QC1_004_b2","ne2",134,30,"pooled_QC","hidden",FALSE,"QC1_004_b2"
"sacurine","SPLIT08",202608008,"QC1_005_b2","ne2",145,41,"pooled_QC","training",TRUE,"QC1_005_b2"
"sacurine","SPLIT08",202608008,"QC1_006_b2","ne2",154,50,"pooled_QC","training",TRUE,"QC1_006_b2"
"sacurine","SPLIT08",202608008,"QC1_007_b2","ne2",164,60,"pooled_QC","training",TRUE,"QC1_007_b2"
"sacurine","SPLIT08",202608008,"QC1_008_b2","ne2",173,69,"pooled_QC","training",TRUE,"QC1_008_b2"
"sacurine","SPLIT08",202608008,"QC1_009_b2","ne2",183,79,"pooled_QC","training",TRUE,"QC1_009_b2"
"sacurine","SPLIT08",202608008,"QC1_010_b2","ne2",193,89,"pooled_QC","hidden",FALSE,"QC1_010_b2"
"sacurine","SPLIT08",202608008,"QC1_011_b2","ne2",203,99,"pooled_QC","hidden",FALSE,"QC1_011_b2"
"sacurine","SPLIT08",202608008,"QC1_012_b2","ne2",210,106,"pooled_QC","training",TRUE,"QC1_012_b2"
"sacurine","SPLIT09",202608009,"QC1_001","ne1",1,1,"pooled_QC","training",TRUE,"QC1_001"
"sacurine","SPLIT09",202608009,"QC1_002","ne1",10,10,"pooled_QC","training",TRUE,"QC1_002"
"sacurine","SPLIT09",202608009,"QC1_003","ne1",17,17,"pooled_QC","hidden",FALSE,"QC1_003"
"sacurine","SPLIT09",202608009,"QC1_004","ne1",25,25,"pooled_QC","training",TRUE,"QC1_004"
"sacurine","SPLIT09",202608009,"QC1_005","ne1",33,33,"pooled_QC","hidden",FALSE,"QC1_005"
"sacurine","SPLIT09",202608009,"QC1_006","ne1",43,43,"pooled_QC","training",TRUE,"QC1_006"
"sacurine","SPLIT09",202608009,"QC1_007","ne1",52,52,"pooled_QC","training",TRUE,"QC1_007"
"sacurine","SPLIT09",202608009,"QC1_008","ne1",59,59,"pooled_QC","training",TRUE,"QC1_008"
"sacurine","SPLIT09",202608009,"QC1_009","ne1",66,66,"pooled_QC","hidden",FALSE,"QC1_009"
"sacurine","SPLIT09",202608009,"QC1_010","ne1",71,71,"pooled_QC","training",TRUE,"QC1_010"
"sacurine","SPLIT09",202608009,"QC1_011","ne1",80,80,"pooled_QC","hidden",FALSE,"QC1_011"
"sacurine","SPLIT09",202608009,"QC1_012","ne1",89,89,"pooled_QC","training",TRUE,"QC1_012"
"sacurine","SPLIT09",202608009,"QC1_013","ne1",96,96,"pooled_QC","training",TRUE,"QC1_013"
"sacurine","SPLIT09",202608009,"QC1_014","ne1",104,104,"pooled_QC","training",TRUE,"QC1_014"
"sacurine","SPLIT09",202608009,"QC1_001_b2","ne2",105,1,"pooled_QC","training",TRUE,"QC1_001_b2"
"sacurine","SPLIT09",202608009,"QC1_002_b2","ne2",115,11,"pooled_QC","training",TRUE,"QC1_002_b2"
"sacurine","SPLIT09",202608009,"QC1_003_b2","ne2",124,20,"pooled_QC","training",TRUE,"QC1_003_b2"
"sacurine","SPLIT09",202608009,"QC1_004_b2","ne2",134,30,"pooled_QC","training",TRUE,"QC1_004_b2"
"sacurine","SPLIT09",202608009,"QC1_005_b2","ne2",145,41,"pooled_QC","hidden",FALSE,"QC1_005_b2"
"sacurine","SPLIT09",202608009,"QC1_006_b2","ne2",154,50,"pooled_QC","hidden",FALSE,"QC1_006_b2"
"sacurine","SPLIT09",202608009,"QC1_007_b2","ne2",164,60,"pooled_QC","hidden",FALSE,"QC1_007_b2"
"sacurine","SPLIT09",202608009,"QC1_008_b2","ne2",173,69,"pooled_QC","training",TRUE,"QC1_008_b2"
"sacurine","SPLIT09",202608009,"QC1_009_b2","ne2",183,79,"pooled_QC","training",TRUE,"QC1_009_b2"
"sacurine","SPLIT09",202608009,"QC1_010_b2","ne2",193,89,"pooled_QC","training",TRUE,"QC1_010_b2"
"sacurine","SPLIT09",202608009,"QC1_011_b2","ne2",203,99,"pooled_QC","hidden",FALSE,"QC1_011_b2"
"sacurine","SPLIT09",202608009,"QC1_012_b2","ne2",210,106,"pooled_QC","training",TRUE,"QC1_012_b2"
"sacurine","SPLIT10",202608010,"QC1_001","ne1",1,1,"pooled_QC","training",TRUE,"QC1_001"
"sacurine","SPLIT10",202608010,"QC1_002","ne1",10,10,"pooled_QC","training",TRUE,"QC1_002"
"sacurine","SPLIT10",202608010,"QC1_003","ne1",17,17,"pooled_QC","training",TRUE,"QC1_003"
"sacurine","SPLIT10",202608010,"QC1_004","ne1",25,25,"pooled_QC","training",TRUE,"QC1_004"
"sacurine","SPLIT10",202608010,"QC1_005","ne1",33,33,"pooled_QC","training",TRUE,"QC1_005"
"sacurine","SPLIT10",202608010,"QC1_006","ne1",43,43,"pooled_QC","training",TRUE,"QC1_006"
"sacurine","SPLIT10",202608010,"QC1_007","ne1",52,52,"pooled_QC","training",TRUE,"QC1_007"
"sacurine","SPLIT10",202608010,"QC1_008","ne1",59,59,"pooled_QC","training",TRUE,"QC1_008"
"sacurine","SPLIT10",202608010,"QC1_009","ne1",66,66,"pooled_QC","hidden",FALSE,"QC1_009"
"sacurine","SPLIT10",202608010,"QC1_010","ne1",71,71,"pooled_QC","hidden",FALSE,"QC1_010"
"sacurine","SPLIT10",202608010,"QC1_011","ne1",80,80,"pooled_QC","hidden",FALSE,"QC1_011"
"sacurine","SPLIT10",202608010,"QC1_012","ne1",89,89,"pooled_QC","training",TRUE,"QC1_012"
"sacurine","SPLIT10",202608010,"QC1_013","ne1",96,96,"pooled_QC","hidden",FALSE,"QC1_013"
"sacurine","SPLIT10",202608010,"QC1_014","ne1",104,104,"pooled_QC","training",TRUE,"QC1_014"
"sacurine","SPLIT10",202608010,"QC1_001_b2","ne2",105,1,"pooled_QC","training",TRUE,"QC1_001_b2"
"sacurine","SPLIT10",202608010,"QC1_002_b2","ne2",115,11,"pooled_QC","training",TRUE,"QC1_002_b2"
"sacurine","SPLIT10",202608010,"QC1_003_b2","ne2",124,20,"pooled_QC","training",TRUE,"QC1_003_b2"
"sacurine","SPLIT10",202608010,"QC1_004_b2","ne2",134,30,"pooled_QC","training",TRUE,"QC1_004_b2"
"sacurine","SPLIT10",202608010,"QC1_005_b2","ne2",145,41,"pooled_QC","hidden",FALSE,"QC1_005_b2"
"sacurine","SPLIT10",202608010,"QC1_006_b2","ne2",154,50,"pooled_QC","training",TRUE,"QC1_006_b2"
"sacurine","SPLIT10",202608010,"QC1_007_b2","ne2",164,60,"pooled_QC","training",TRUE,"QC1_007_b2"
"sacurine","SPLIT10",202608010,"QC1_008_b2","ne2",173,69,"pooled_QC","training",TRUE,"QC1_008_b2"
"sacurine","SPLIT10",202608010,"QC1_009_b2","ne2",183,79,"pooled_QC","hidden",FALSE,"QC1_009_b2"
"sacurine","SPLIT10",202608010,"QC1_010_b2","ne2",193,89,"pooled_QC","hidden",FALSE,"QC1_010_b2"
"sacurine","SPLIT10",202608010,"QC1_011_b2","ne2",203,99,"pooled_QC","hidden",FALSE,"QC1_011_b2"
"sacurine","SPLIT10",202608010,"QC1_012_b2","ne2",210,106,"pooled_QC","training",TRUE,"QC1_012_b2"
"waveica","SPLIT01",202608001,"QC1","1",1,1,"pooled_QC","training",TRUE,"QC1"
"waveica","SPLIT01",202608001,"QC2","1",10,10,"pooled_QC","training",TRUE,"QC2"
"waveica","SPLIT01",202608001,"QC3","1",19,19,"pooled_QC","hidden",FALSE,"QC3"
"waveica","SPLIT01",202608001,"QC4","1",28,28,"pooled_QC","training",TRUE,"QC4"
"waveica","SPLIT01",202608001,"QC5","1",37,37,"pooled_QC","hidden",FALSE,"QC5"
"waveica","SPLIT01",202608001,"QC6","1",46,46,"pooled_QC","training",TRUE,"QC6"
"waveica","SPLIT01",202608001,"QC7","1",55,55,"pooled_QC","training",TRUE,"QC7"
"waveica","SPLIT01",202608001,"QC8","1",64,64,"pooled_QC","training",TRUE,"QC8"
"waveica","SPLIT01",202608001,"QC9","1",73,73,"pooled_QC","hidden",FALSE,"QC9"
"waveica","SPLIT01",202608001,"QC10","1",82,82,"pooled_QC","training",TRUE,"QC10"
"waveica","SPLIT01",202608001,"QC11","1",91,91,"pooled_QC","training",TRUE,"QC11"
"waveica","SPLIT01",202608001,"QC12","1",100,100,"pooled_QC","training",TRUE,"QC12"
"waveica","SPLIT01",202608001,"QC13","1",109,109,"pooled_QC","hidden",FALSE,"QC13"
"waveica","SPLIT01",202608001,"QC14","1",118,118,"pooled_QC","training",TRUE,"QC14"
"waveica","SPLIT01",202608001,"QC15","1",127,127,"pooled_QC","training",TRUE,"QC15"
"waveica","SPLIT01",202608001,"QC16","1",136,136,"pooled_QC","training",TRUE,"QC16"
"waveica","SPLIT01",202608001,"QC17","1",145,145,"pooled_QC","training",TRUE,"QC17"
"waveica","SPLIT01",202608001,"QC18","1",154,154,"pooled_QC","training",TRUE,"QC18"
"waveica","SPLIT01",202608001,"QC19","1",163,163,"pooled_QC","hidden",FALSE,"QC19"
"waveica","SPLIT01",202608001,"QC20","1",172,172,"pooled_QC","training",TRUE,"QC20"
"waveica","SPLIT01",202608001,"QC21","1",181,181,"pooled_QC","training",TRUE,"QC21"
"waveica","SPLIT01",202608001,"QC22","1",190,190,"pooled_QC","training",TRUE,"QC22"
"waveica","SPLIT01",202608001,"QC23","1",199,199,"pooled_QC","training",TRUE,"QC23"
"waveica","SPLIT01",202608001,"QC24","1",208,208,"pooled_QC","training",TRUE,"QC24"
"waveica","SPLIT01",202608001,"QC25","1",217,217,"pooled_QC","training",TRUE,"QC25"
"waveica","SPLIT01",202608001,"QC29","2",218,1,"pooled_QC","training",TRUE,"QC29"
"waveica","SPLIT01",202608001,"QC30","2",227,10,"pooled_QC","training",TRUE,"QC30"
"waveica","SPLIT01",202608001,"QC31","2",236,19,"pooled_QC","training",TRUE,"QC31"
"waveica","SPLIT01",202608001,"QC32","2",245,28,"pooled_QC","training",TRUE,"QC32"
"waveica","SPLIT01",202608001,"QC33","2",254,37,"pooled_QC","training",TRUE,"QC33"
"waveica","SPLIT01",202608001,"QC34","2",263,46,"pooled_QC","training",TRUE,"QC34"
"waveica","SPLIT01",202608001,"QC35","2",272,55,"pooled_QC","training",TRUE,"QC35"
"waveica","SPLIT01",202608001,"QC36","2",281,64,"pooled_QC","hidden",FALSE,"QC36"
"waveica","SPLIT01",202608001,"QC37","2",290,73,"pooled_QC","training",TRUE,"QC37"
"waveica","SPLIT01",202608001,"QC38","2",299,82,"pooled_QC","training",TRUE,"QC38"
"waveica","SPLIT01",202608001,"QC39","2",308,91,"pooled_QC","hidden",FALSE,"QC39"
"waveica","SPLIT01",202608001,"QC40","2",317,100,"pooled_QC","training",TRUE,"QC40"
"waveica","SPLIT01",202608001,"QC41","2",326,109,"pooled_QC","training",TRUE,"QC41"
"waveica","SPLIT01",202608001,"QC42","2",335,118,"pooled_QC","hidden",FALSE,"QC42"
"waveica","SPLIT01",202608001,"QC43","2",344,127,"pooled_QC","training",TRUE,"QC43"
"waveica","SPLIT01",202608001,"QC44","2",353,136,"pooled_QC","hidden",FALSE,"QC44"
"waveica","SPLIT01",202608001,"QC45","2",362,145,"pooled_QC","training",TRUE,"QC45"
"waveica","SPLIT01",202608001,"QC46","2",371,154,"pooled_QC","training",TRUE,"QC46"
"waveica","SPLIT01",202608001,"QC47","2",380,163,"pooled_QC","training",TRUE,"QC47"
"waveica","SPLIT01",202608001,"QC48","2",389,172,"pooled_QC","training",TRUE,"QC48"
"waveica","SPLIT01",202608001,"QC49","2",398,181,"pooled_QC","training",TRUE,"QC49"
"waveica","SPLIT01",202608001,"QC50","2",407,190,"pooled_QC","hidden",FALSE,"QC50"
"waveica","SPLIT01",202608001,"QC51","2",416,199,"pooled_QC","training",TRUE,"QC51"
"waveica","SPLIT01",202608001,"QC52","2",425,208,"pooled_QC","training",TRUE,"QC52"
"waveica","SPLIT01",202608001,"QC53","2",434,217,"pooled_QC","training",TRUE,"QC53"
"waveica","SPLIT01",202608001,"QC54","3",435,1,"pooled_QC","training",TRUE,"QC54"
"waveica","SPLIT01",202608001,"QC55","3",444,10,"pooled_QC","training",TRUE,"QC55"
"waveica","SPLIT01",202608001,"QC56","3",453,19,"pooled_QC","training",TRUE,"QC56"
"waveica","SPLIT01",202608001,"QC57","3",461,27,"pooled_QC","training",TRUE,"QC57"
"waveica","SPLIT01",202608001,"QC58","3",469,35,"pooled_QC","training",TRUE,"QC58"
"waveica","SPLIT01",202608001,"QC60","3",484,50,"pooled_QC","hidden",FALSE,"QC60"
"waveica","SPLIT01",202608001,"QC61","3",493,59,"pooled_QC","training",TRUE,"QC61"
"waveica","SPLIT01",202608001,"QC62","3",502,68,"pooled_QC","training",TRUE,"QC62"
"waveica","SPLIT01",202608001,"QC63","3",511,77,"pooled_QC","training",TRUE,"QC63"
"waveica","SPLIT01",202608001,"QC64","3",520,86,"pooled_QC","training",TRUE,"QC64"
"waveica","SPLIT01",202608001,"QC65","3",529,95,"pooled_QC","training",TRUE,"QC65"
"waveica","SPLIT01",202608001,"QC66","3",537,103,"pooled_QC","hidden",FALSE,"QC66"
"waveica","SPLIT01",202608001,"QC67","3",545,111,"pooled_QC","hidden",FALSE,"QC67"
"waveica","SPLIT01",202608001,"QC68","3",553,119,"pooled_QC","training",TRUE,"QC68"
"waveica","SPLIT01",202608001,"QC69","3",562,128,"pooled_QC","hidden",FALSE,"QC69"
"waveica","SPLIT01",202608001,"QC70","3",571,137,"pooled_QC","training",TRUE,"QC70"
"waveica","SPLIT01",202608001,"QC72","3",587,153,"pooled_QC","hidden",FALSE,"QC72"
"waveica","SPLIT01",202608001,"QC73","3",596,162,"pooled_QC","training",TRUE,"QC73"
"waveica","SPLIT01",202608001,"QC74","3",603,169,"pooled_QC","training",TRUE,"QC74"
"waveica","SPLIT01",202608001,"QC75","3",611,177,"pooled_QC","training",TRUE,"QC75"
"waveica","SPLIT01",202608001,"QC76","3",620,186,"pooled_QC","training",TRUE,"QC76"
"waveica","SPLIT01",202608001,"QC77","3",629,195,"pooled_QC","training",TRUE,"QC77"
"waveica","SPLIT01",202608001,"QC78","3",636,202,"pooled_QC","training",TRUE,"QC78"
"waveica","SPLIT01",202608001,"QC79","3",642,208,"pooled_QC","training",TRUE,"QC79"
"waveica","SPLIT02",202608002,"QC1","1",1,1,"pooled_QC","training",TRUE,"QC1"
"waveica","SPLIT02",202608002,"QC2","1",10,10,"pooled_QC","training",TRUE,"QC2"
"waveica","SPLIT02",202608002,"QC3","1",19,19,"pooled_QC","hidden",FALSE,"QC3"
"waveica","SPLIT02",202608002,"QC4","1",28,28,"pooled_QC","hidden",FALSE,"QC4"
"waveica","SPLIT02",202608002,"QC5","1",37,37,"pooled_QC","training",TRUE,"QC5"
"waveica","SPLIT02",202608002,"QC6","1",46,46,"pooled_QC","training",TRUE,"QC6"
"waveica","SPLIT02",202608002,"QC7","1",55,55,"pooled_QC","training",TRUE,"QC7"
"waveica","SPLIT02",202608002,"QC8","1",64,64,"pooled_QC","training",TRUE,"QC8"
"waveica","SPLIT02",202608002,"QC9","1",73,73,"pooled_QC","training",TRUE,"QC9"
"waveica","SPLIT02",202608002,"QC10","1",82,82,"pooled_QC","training",TRUE,"QC10"
"waveica","SPLIT02",202608002,"QC11","1",91,91,"pooled_QC","training",TRUE,"QC11"
"waveica","SPLIT02",202608002,"QC12","1",100,100,"pooled_QC","training",TRUE,"QC12"
"waveica","SPLIT02",202608002,"QC13","1",109,109,"pooled_QC","hidden",FALSE,"QC13"
"waveica","SPLIT02",202608002,"QC14","1",118,118,"pooled_QC","training",TRUE,"QC14"
"waveica","SPLIT02",202608002,"QC15","1",127,127,"pooled_QC","training",TRUE,"QC15"
"waveica","SPLIT02",202608002,"QC16","1",136,136,"pooled_QC","hidden",FALSE,"QC16"
"waveica","SPLIT02",202608002,"QC17","1",145,145,"pooled_QC","training",TRUE,"QC17"
"waveica","SPLIT02",202608002,"QC18","1",154,154,"pooled_QC","training",TRUE,"QC18"
"waveica","SPLIT02",202608002,"QC19","1",163,163,"pooled_QC","training",TRUE,"QC19"
"waveica","SPLIT02",202608002,"QC20","1",172,172,"pooled_QC","training",TRUE,"QC20"
"waveica","SPLIT02",202608002,"QC21","1",181,181,"pooled_QC","hidden",FALSE,"QC21"
"waveica","SPLIT02",202608002,"QC22","1",190,190,"pooled_QC","training",TRUE,"QC22"
"waveica","SPLIT02",202608002,"QC23","1",199,199,"pooled_QC","training",TRUE,"QC23"
"waveica","SPLIT02",202608002,"QC24","1",208,208,"pooled_QC","training",TRUE,"QC24"
"waveica","SPLIT02",202608002,"QC25","1",217,217,"pooled_QC","training",TRUE,"QC25"
"waveica","SPLIT02",202608002,"QC29","2",218,1,"pooled_QC","training",TRUE,"QC29"
"waveica","SPLIT02",202608002,"QC30","2",227,10,"pooled_QC","training",TRUE,"QC30"
"waveica","SPLIT02",202608002,"QC31","2",236,19,"pooled_QC","training",TRUE,"QC31"
"waveica","SPLIT02",202608002,"QC32","2",245,28,"pooled_QC","training",TRUE,"QC32"
"waveica","SPLIT02",202608002,"QC33","2",254,37,"pooled_QC","training",TRUE,"QC33"
"waveica","SPLIT02",202608002,"QC34","2",263,46,"pooled_QC","training",TRUE,"QC34"
"waveica","SPLIT02",202608002,"QC35","2",272,55,"pooled_QC","hidden",FALSE,"QC35"
"waveica","SPLIT02",202608002,"QC36","2",281,64,"pooled_QC","training",TRUE,"QC36"
"waveica","SPLIT02",202608002,"QC37","2",290,73,"pooled_QC","hidden",FALSE,"QC37"
"waveica","SPLIT02",202608002,"QC38","2",299,82,"pooled_QC","hidden",FALSE,"QC38"
"waveica","SPLIT02",202608002,"QC39","2",308,91,"pooled_QC","training",TRUE,"QC39"
"waveica","SPLIT02",202608002,"QC40","2",317,100,"pooled_QC","training",TRUE,"QC40"
"waveica","SPLIT02",202608002,"QC41","2",326,109,"pooled_QC","training",TRUE,"QC41"
"waveica","SPLIT02",202608002,"QC42","2",335,118,"pooled_QC","training",TRUE,"QC42"
"waveica","SPLIT02",202608002,"QC43","2",344,127,"pooled_QC","training",TRUE,"QC43"
"waveica","SPLIT02",202608002,"QC44","2",353,136,"pooled_QC","training",TRUE,"QC44"
"waveica","SPLIT02",202608002,"QC45","2",362,145,"pooled_QC","training",TRUE,"QC45"
"waveica","SPLIT02",202608002,"QC46","2",371,154,"pooled_QC","training",TRUE,"QC46"
"waveica","SPLIT02",202608002,"QC47","2",380,163,"pooled_QC","training",TRUE,"QC47"
"waveica","SPLIT02",202608002,"QC48","2",389,172,"pooled_QC","hidden",FALSE,"QC48"
"waveica","SPLIT02",202608002,"QC49","2",398,181,"pooled_QC","training",TRUE,"QC49"
"waveica","SPLIT02",202608002,"QC50","2",407,190,"pooled_QC","training",TRUE,"QC50"
"waveica","SPLIT02",202608002,"QC51","2",416,199,"pooled_QC","training",TRUE,"QC51"
"waveica","SPLIT02",202608002,"QC52","2",425,208,"pooled_QC","hidden",FALSE,"QC52"
"waveica","SPLIT02",202608002,"QC53","2",434,217,"pooled_QC","training",TRUE,"QC53"
"waveica","SPLIT02",202608002,"QC54","3",435,1,"pooled_QC","training",TRUE,"QC54"
"waveica","SPLIT02",202608002,"QC55","3",444,10,"pooled_QC","training",TRUE,"QC55"
"waveica","SPLIT02",202608002,"QC56","3",453,19,"pooled_QC","hidden",FALSE,"QC56"
"waveica","SPLIT02",202608002,"QC57","3",461,27,"pooled_QC","training",TRUE,"QC57"
"waveica","SPLIT02",202608002,"QC58","3",469,35,"pooled_QC","training",TRUE,"QC58"
"waveica","SPLIT02",202608002,"QC60","3",484,50,"pooled_QC","training",TRUE,"QC60"
"waveica","SPLIT02",202608002,"QC61","3",493,59,"pooled_QC","training",TRUE,"QC61"
"waveica","SPLIT02",202608002,"QC62","3",502,68,"pooled_QC","training",TRUE,"QC62"
"waveica","SPLIT02",202608002,"QC63","3",511,77,"pooled_QC","training",TRUE,"QC63"
"waveica","SPLIT02",202608002,"QC64","3",520,86,"pooled_QC","training",TRUE,"QC64"
"waveica","SPLIT02",202608002,"QC65","3",529,95,"pooled_QC","training",TRUE,"QC65"
"waveica","SPLIT02",202608002,"QC66","3",537,103,"pooled_QC","training",TRUE,"QC66"
"waveica","SPLIT02",202608002,"QC67","3",545,111,"pooled_QC","training",TRUE,"QC67"
"waveica","SPLIT02",202608002,"QC68","3",553,119,"pooled_QC","training",TRUE,"QC68"
"waveica","SPLIT02",202608002,"QC69","3",562,128,"pooled_QC","training",TRUE,"QC69"
"waveica","SPLIT02",202608002,"QC70","3",571,137,"pooled_QC","training",TRUE,"QC70"
"waveica","SPLIT02",202608002,"QC72","3",587,153,"pooled_QC","hidden",FALSE,"QC72"
"waveica","SPLIT02",202608002,"QC73","3",596,162,"pooled_QC","training",TRUE,"QC73"
"waveica","SPLIT02",202608002,"QC74","3",603,169,"pooled_QC","hidden",FALSE,"QC74"
"waveica","SPLIT02",202608002,"QC75","3",611,177,"pooled_QC","training",TRUE,"QC75"
"waveica","SPLIT02",202608002,"QC76","3",620,186,"pooled_QC","hidden",FALSE,"QC76"
"waveica","SPLIT02",202608002,"QC77","3",629,195,"pooled_QC","hidden",FALSE,"QC77"
"waveica","SPLIT02",202608002,"QC78","3",636,202,"pooled_QC","training",TRUE,"QC78"
"waveica","SPLIT02",202608002,"QC79","3",642,208,"pooled_QC","training",TRUE,"QC79"
"waveica","SPLIT03",202608003,"QC1","1",1,1,"pooled_QC","training",TRUE,"QC1"
"waveica","SPLIT03",202608003,"QC2","1",10,10,"pooled_QC","training",TRUE,"QC2"
"waveica","SPLIT03",202608003,"QC3","1",19,19,"pooled_QC","training",TRUE,"QC3"
"waveica","SPLIT03",202608003,"QC4","1",28,28,"pooled_QC","training",TRUE,"QC4"
"waveica","SPLIT03",202608003,"QC5","1",37,37,"pooled_QC","training",TRUE,"QC5"
"waveica","SPLIT03",202608003,"QC6","1",46,46,"pooled_QC","training",TRUE,"QC6"
"waveica","SPLIT03",202608003,"QC7","1",55,55,"pooled_QC","training",TRUE,"QC7"
"waveica","SPLIT03",202608003,"QC8","1",64,64,"pooled_QC","training",TRUE,"QC8"
"waveica","SPLIT03",202608003,"QC9","1",73,73,"pooled_QC","training",TRUE,"QC9"
"waveica","SPLIT03",202608003,"QC10","1",82,82,"pooled_QC","hidden",FALSE,"QC10"
"waveica","SPLIT03",202608003,"QC11","1",91,91,"pooled_QC","training",TRUE,"QC11"
"waveica","SPLIT03",202608003,"QC12","1",100,100,"pooled_QC","training",TRUE,"QC12"
"waveica","SPLIT03",202608003,"QC13","1",109,109,"pooled_QC","training",TRUE,"QC13"
"waveica","SPLIT03",202608003,"QC14","1",118,118,"pooled_QC","training",TRUE,"QC14"
"waveica","SPLIT03",202608003,"QC15","1",127,127,"pooled_QC","hidden",FALSE,"QC15"
"waveica","SPLIT03",202608003,"QC16","1",136,136,"pooled_QC","hidden",FALSE,"QC16"
"waveica","SPLIT03",202608003,"QC17","1",145,145,"pooled_QC","training",TRUE,"QC17"
"waveica","SPLIT03",202608003,"QC18","1",154,154,"pooled_QC","training",TRUE,"QC18"
"waveica","SPLIT03",202608003,"QC19","1",163,163,"pooled_QC","hidden",FALSE,"QC19"
"waveica","SPLIT03",202608003,"QC20","1",172,172,"pooled_QC","training",TRUE,"QC20"
"waveica","SPLIT03",202608003,"QC21","1",181,181,"pooled_QC","training",TRUE,"QC21"
"waveica","SPLIT03",202608003,"QC22","1",190,190,"pooled_QC","hidden",FALSE,"QC22"
"waveica","SPLIT03",202608003,"QC23","1",199,199,"pooled_QC","training",TRUE,"QC23"
"waveica","SPLIT03",202608003,"QC24","1",208,208,"pooled_QC","training",TRUE,"QC24"
"waveica","SPLIT03",202608003,"QC25","1",217,217,"pooled_QC","training",TRUE,"QC25"
"waveica","SPLIT03",202608003,"QC29","2",218,1,"pooled_QC","training",TRUE,"QC29"
"waveica","SPLIT03",202608003,"QC30","2",227,10,"pooled_QC","hidden",FALSE,"QC30"
"waveica","SPLIT03",202608003,"QC31","2",236,19,"pooled_QC","training",TRUE,"QC31"
"waveica","SPLIT03",202608003,"QC32","2",245,28,"pooled_QC","training",TRUE,"QC32"
"waveica","SPLIT03",202608003,"QC33","2",254,37,"pooled_QC","hidden",FALSE,"QC33"
"waveica","SPLIT03",202608003,"QC34","2",263,46,"pooled_QC","training",TRUE,"QC34"
"waveica","SPLIT03",202608003,"QC35","2",272,55,"pooled_QC","training",TRUE,"QC35"
"waveica","SPLIT03",202608003,"QC36","2",281,64,"pooled_QC","hidden",FALSE,"QC36"
"waveica","SPLIT03",202608003,"QC37","2",290,73,"pooled_QC","training",TRUE,"QC37"
"waveica","SPLIT03",202608003,"QC38","2",299,82,"pooled_QC","training",TRUE,"QC38"
"waveica","SPLIT03",202608003,"QC39","2",308,91,"pooled_QC","training",TRUE,"QC39"
"waveica","SPLIT03",202608003,"QC40","2",317,100,"pooled_QC","training",TRUE,"QC40"
"waveica","SPLIT03",202608003,"QC41","2",326,109,"pooled_QC","training",TRUE,"QC41"
"waveica","SPLIT03",202608003,"QC42","2",335,118,"pooled_QC","training",TRUE,"QC42"
"waveica","SPLIT03",202608003,"QC43","2",344,127,"pooled_QC","training",TRUE,"QC43"
"waveica","SPLIT03",202608003,"QC44","2",353,136,"pooled_QC","training",TRUE,"QC44"
"waveica","SPLIT03",202608003,"QC45","2",362,145,"pooled_QC","training",TRUE,"QC45"
"waveica","SPLIT03",202608003,"QC46","2",371,154,"pooled_QC","hidden",FALSE,"QC46"
"waveica","SPLIT03",202608003,"QC47","2",380,163,"pooled_QC","training",TRUE,"QC47"
"waveica","SPLIT03",202608003,"QC48","2",389,172,"pooled_QC","training",TRUE,"QC48"
"waveica","SPLIT03",202608003,"QC49","2",398,181,"pooled_QC","training",TRUE,"QC49"
"waveica","SPLIT03",202608003,"QC50","2",407,190,"pooled_QC","training",TRUE,"QC50"
"waveica","SPLIT03",202608003,"QC51","2",416,199,"pooled_QC","training",TRUE,"QC51"
"waveica","SPLIT03",202608003,"QC52","2",425,208,"pooled_QC","hidden",FALSE,"QC52"
"waveica","SPLIT03",202608003,"QC53","2",434,217,"pooled_QC","training",TRUE,"QC53"
"waveica","SPLIT03",202608003,"QC54","3",435,1,"pooled_QC","training",TRUE,"QC54"
"waveica","SPLIT03",202608003,"QC55","3",444,10,"pooled_QC","training",TRUE,"QC55"
"waveica","SPLIT03",202608003,"QC56","3",453,19,"pooled_QC","training",TRUE,"QC56"
"waveica","SPLIT03",202608003,"QC57","3",461,27,"pooled_QC","training",TRUE,"QC57"
"waveica","SPLIT03",202608003,"QC58","3",469,35,"pooled_QC","hidden",FALSE,"QC58"
"waveica","SPLIT03",202608003,"QC60","3",484,50,"pooled_QC","training",TRUE,"QC60"
"waveica","SPLIT03",202608003,"QC61","3",493,59,"pooled_QC","training",TRUE,"QC61"
"waveica","SPLIT03",202608003,"QC62","3",502,68,"pooled_QC","hidden",FALSE,"QC62"
"waveica","SPLIT03",202608003,"QC63","3",511,77,"pooled_QC","training",TRUE,"QC63"
"waveica","SPLIT03",202608003,"QC64","3",520,86,"pooled_QC","training",TRUE,"QC64"
"waveica","SPLIT03",202608003,"QC65","3",529,95,"pooled_QC","training",TRUE,"QC65"
"waveica","SPLIT03",202608003,"QC66","3",537,103,"pooled_QC","hidden",FALSE,"QC66"
"waveica","SPLIT03",202608003,"QC67","3",545,111,"pooled_QC","training",TRUE,"QC67"
"waveica","SPLIT03",202608003,"QC68","3",553,119,"pooled_QC","training",TRUE,"QC68"
"waveica","SPLIT03",202608003,"QC69","3",562,128,"pooled_QC","training",TRUE,"QC69"
"waveica","SPLIT03",202608003,"QC70","3",571,137,"pooled_QC","training",TRUE,"QC70"
"waveica","SPLIT03",202608003,"QC72","3",587,153,"pooled_QC","hidden",FALSE,"QC72"
"waveica","SPLIT03",202608003,"QC73","3",596,162,"pooled_QC","training",TRUE,"QC73"
"waveica","SPLIT03",202608003,"QC74","3",603,169,"pooled_QC","training",TRUE,"QC74"
"waveica","SPLIT03",202608003,"QC75","3",611,177,"pooled_QC","hidden",FALSE,"QC75"
"waveica","SPLIT03",202608003,"QC76","3",620,186,"pooled_QC","training",TRUE,"QC76"
"waveica","SPLIT03",202608003,"QC77","3",629,195,"pooled_QC","training",TRUE,"QC77"
"waveica","SPLIT03",202608003,"QC78","3",636,202,"pooled_QC","training",TRUE,"QC78"
"waveica","SPLIT03",202608003,"QC79","3",642,208,"pooled_QC","training",TRUE,"QC79"
"waveica","SPLIT04",202608004,"QC1","1",1,1,"pooled_QC","training",TRUE,"QC1"
"waveica","SPLIT04",202608004,"QC2","1",10,10,"pooled_QC","training",TRUE,"QC2"
"waveica","SPLIT04",202608004,"QC3","1",19,19,"pooled_QC","training",TRUE,"QC3"
"waveica","SPLIT04",202608004,"QC4","1",28,28,"pooled_QC","training",TRUE,"QC4"
"waveica","SPLIT04",202608004,"QC5","1",37,37,"pooled_QC","hidden",FALSE,"QC5"
"waveica","SPLIT04",202608004,"QC6","1",46,46,"pooled_QC","training",TRUE,"QC6"
"waveica","SPLIT04",202608004,"QC7","1",55,55,"pooled_QC","hidden",FALSE,"QC7"
"waveica","SPLIT04",202608004,"QC8","1",64,64,"pooled_QC","training",TRUE,"QC8"
"waveica","SPLIT04",202608004,"QC9","1",73,73,"pooled_QC","training",TRUE,"QC9"
"waveica","SPLIT04",202608004,"QC10","1",82,82,"pooled_QC","training",TRUE,"QC10"
"waveica","SPLIT04",202608004,"QC11","1",91,91,"pooled_QC","training",TRUE,"QC11"
"waveica","SPLIT04",202608004,"QC12","1",100,100,"pooled_QC","hidden",FALSE,"QC12"
"waveica","SPLIT04",202608004,"QC13","1",109,109,"pooled_QC","training",TRUE,"QC13"
"waveica","SPLIT04",202608004,"QC14","1",118,118,"pooled_QC","hidden",FALSE,"QC14"
"waveica","SPLIT04",202608004,"QC15","1",127,127,"pooled_QC","training",TRUE,"QC15"
"waveica","SPLIT04",202608004,"QC16","1",136,136,"pooled_QC","hidden",FALSE,"QC16"
"waveica","SPLIT04",202608004,"QC17","1",145,145,"pooled_QC","training",TRUE,"QC17"
"waveica","SPLIT04",202608004,"QC18","1",154,154,"pooled_QC","training",TRUE,"QC18"
"waveica","SPLIT04",202608004,"QC19","1",163,163,"pooled_QC","training",TRUE,"QC19"
"waveica","SPLIT04",202608004,"QC20","1",172,172,"pooled_QC","training",TRUE,"QC20"
"waveica","SPLIT04",202608004,"QC21","1",181,181,"pooled_QC","training",TRUE,"QC21"
"waveica","SPLIT04",202608004,"QC22","1",190,190,"pooled_QC","training",TRUE,"QC22"
"waveica","SPLIT04",202608004,"QC23","1",199,199,"pooled_QC","training",TRUE,"QC23"
"waveica","SPLIT04",202608004,"QC24","1",208,208,"pooled_QC","training",TRUE,"QC24"
"waveica","SPLIT04",202608004,"QC25","1",217,217,"pooled_QC","training",TRUE,"QC25"
"waveica","SPLIT04",202608004,"QC29","2",218,1,"pooled_QC","training",TRUE,"QC29"
"waveica","SPLIT04",202608004,"QC30","2",227,10,"pooled_QC","training",TRUE,"QC30"
"waveica","SPLIT04",202608004,"QC31","2",236,19,"pooled_QC","training",TRUE,"QC31"
"waveica","SPLIT04",202608004,"QC32","2",245,28,"pooled_QC","training",TRUE,"QC32"
"waveica","SPLIT04",202608004,"QC33","2",254,37,"pooled_QC","training",TRUE,"QC33"
"waveica","SPLIT04",202608004,"QC34","2",263,46,"pooled_QC","hidden",FALSE,"QC34"
"waveica","SPLIT04",202608004,"QC35","2",272,55,"pooled_QC","training",TRUE,"QC35"
"waveica","SPLIT04",202608004,"QC36","2",281,64,"pooled_QC","training",TRUE,"QC36"
"waveica","SPLIT04",202608004,"QC37","2",290,73,"pooled_QC","training",TRUE,"QC37"
"waveica","SPLIT04",202608004,"QC38","2",299,82,"pooled_QC","training",TRUE,"QC38"
"waveica","SPLIT04",202608004,"QC39","2",308,91,"pooled_QC","hidden",FALSE,"QC39"
"waveica","SPLIT04",202608004,"QC40","2",317,100,"pooled_QC","training",TRUE,"QC40"
"waveica","SPLIT04",202608004,"QC41","2",326,109,"pooled_QC","training",TRUE,"QC41"
"waveica","SPLIT04",202608004,"QC42","2",335,118,"pooled_QC","training",TRUE,"QC42"
"waveica","SPLIT04",202608004,"QC43","2",344,127,"pooled_QC","hidden",FALSE,"QC43"
"waveica","SPLIT04",202608004,"QC44","2",353,136,"pooled_QC","training",TRUE,"QC44"
"waveica","SPLIT04",202608004,"QC45","2",362,145,"pooled_QC","training",TRUE,"QC45"
"waveica","SPLIT04",202608004,"QC46","2",371,154,"pooled_QC","training",TRUE,"QC46"
"waveica","SPLIT04",202608004,"QC47","2",380,163,"pooled_QC","training",TRUE,"QC47"
"waveica","SPLIT04",202608004,"QC48","2",389,172,"pooled_QC","hidden",FALSE,"QC48"
"waveica","SPLIT04",202608004,"QC49","2",398,181,"pooled_QC","training",TRUE,"QC49"
"waveica","SPLIT04",202608004,"QC50","2",407,190,"pooled_QC","training",TRUE,"QC50"
"waveica","SPLIT04",202608004,"QC51","2",416,199,"pooled_QC","training",TRUE,"QC51"
"waveica","SPLIT04",202608004,"QC52","2",425,208,"pooled_QC","hidden",FALSE,"QC52"
"waveica","SPLIT04",202608004,"QC53","2",434,217,"pooled_QC","training",TRUE,"QC53"
"waveica","SPLIT04",202608004,"QC54","3",435,1,"pooled_QC","training",TRUE,"QC54"
"waveica","SPLIT04",202608004,"QC55","3",444,10,"pooled_QC","training",TRUE,"QC55"
"waveica","SPLIT04",202608004,"QC56","3",453,19,"pooled_QC","training",TRUE,"QC56"
"waveica","SPLIT04",202608004,"QC57","3",461,27,"pooled_QC","hidden",FALSE,"QC57"
"waveica","SPLIT04",202608004,"QC58","3",469,35,"pooled_QC","training",TRUE,"QC58"
"waveica","SPLIT04",202608004,"QC60","3",484,50,"pooled_QC","hidden",FALSE,"QC60"
"waveica","SPLIT04",202608004,"QC61","3",493,59,"pooled_QC","training",TRUE,"QC61"
"waveica","SPLIT04",202608004,"QC62","3",502,68,"pooled_QC","training",TRUE,"QC62"
"waveica","SPLIT04",202608004,"QC63","3",511,77,"pooled_QC","hidden",FALSE,"QC63"
"waveica","SPLIT04",202608004,"QC64","3",520,86,"pooled_QC","training",TRUE,"QC64"
"waveica","SPLIT04",202608004,"QC65","3",529,95,"pooled_QC","training",TRUE,"QC65"
"waveica","SPLIT04",202608004,"QC66","3",537,103,"pooled_QC","training",TRUE,"QC66"
"waveica","SPLIT04",202608004,"QC67","3",545,111,"pooled_QC","training",TRUE,"QC67"
"waveica","SPLIT04",202608004,"QC68","3",553,119,"pooled_QC","training",TRUE,"QC68"
"waveica","SPLIT04",202608004,"QC69","3",562,128,"pooled_QC","training",TRUE,"QC69"
"waveica","SPLIT04",202608004,"QC70","3",571,137,"pooled_QC","training",TRUE,"QC70"
"waveica","SPLIT04",202608004,"QC72","3",587,153,"pooled_QC","training",TRUE,"QC72"
"waveica","SPLIT04",202608004,"QC73","3",596,162,"pooled_QC","hidden",FALSE,"QC73"
"waveica","SPLIT04",202608004,"QC74","3",603,169,"pooled_QC","training",TRUE,"QC74"
"waveica","SPLIT04",202608004,"QC75","3",611,177,"pooled_QC","training",TRUE,"QC75"
"waveica","SPLIT04",202608004,"QC76","3",620,186,"pooled_QC","training",TRUE,"QC76"
"waveica","SPLIT04",202608004,"QC77","3",629,195,"pooled_QC","hidden",FALSE,"QC77"
"waveica","SPLIT04",202608004,"QC78","3",636,202,"pooled_QC","training",TRUE,"QC78"
"waveica","SPLIT04",202608004,"QC79","3",642,208,"pooled_QC","training",TRUE,"QC79"
"waveica","SPLIT05",202608005,"QC1","1",1,1,"pooled_QC","training",TRUE,"QC1"
"waveica","SPLIT05",202608005,"QC2","1",10,10,"pooled_QC","training",TRUE,"QC2"
"waveica","SPLIT05",202608005,"QC3","1",19,19,"pooled_QC","training",TRUE,"QC3"
"waveica","SPLIT05",202608005,"QC4","1",28,28,"pooled_QC","training",TRUE,"QC4"
"waveica","SPLIT05",202608005,"QC5","1",37,37,"pooled_QC","training",TRUE,"QC5"
"waveica","SPLIT05",202608005,"QC6","1",46,46,"pooled_QC","training",TRUE,"QC6"
"waveica","SPLIT05",202608005,"QC7","1",55,55,"pooled_QC","training",TRUE,"QC7"
"waveica","SPLIT05",202608005,"QC8","1",64,64,"pooled_QC","training",TRUE,"QC8"
"waveica","SPLIT05",202608005,"QC9","1",73,73,"pooled_QC","training",TRUE,"QC9"
"waveica","SPLIT05",202608005,"QC10","1",82,82,"pooled_QC","training",TRUE,"QC10"
"waveica","SPLIT05",202608005,"QC11","1",91,91,"pooled_QC","hidden",FALSE,"QC11"
"waveica","SPLIT05",202608005,"QC12","1",100,100,"pooled_QC","training",TRUE,"QC12"
"waveica","SPLIT05",202608005,"QC13","1",109,109,"pooled_QC","hidden",FALSE,"QC13"
"waveica","SPLIT05",202608005,"QC14","1",118,118,"pooled_QC","training",TRUE,"QC14"
"waveica","SPLIT05",202608005,"QC15","1",127,127,"pooled_QC","training",TRUE,"QC15"
"waveica","SPLIT05",202608005,"QC16","1",136,136,"pooled_QC","hidden",FALSE,"QC16"
"waveica","SPLIT05",202608005,"QC17","1",145,145,"pooled_QC","training",TRUE,"QC17"
"waveica","SPLIT05",202608005,"QC18","1",154,154,"pooled_QC","training",TRUE,"QC18"
"waveica","SPLIT05",202608005,"QC19","1",163,163,"pooled_QC","hidden",FALSE,"QC19"
"waveica","SPLIT05",202608005,"QC20","1",172,172,"pooled_QC","training",TRUE,"QC20"
"waveica","SPLIT05",202608005,"QC21","1",181,181,"pooled_QC","training",TRUE,"QC21"
"waveica","SPLIT05",202608005,"QC22","1",190,190,"pooled_QC","training",TRUE,"QC22"
"waveica","SPLIT05",202608005,"QC23","1",199,199,"pooled_QC","training",TRUE,"QC23"
"waveica","SPLIT05",202608005,"QC24","1",208,208,"pooled_QC","hidden",FALSE,"QC24"
"waveica","SPLIT05",202608005,"QC25","1",217,217,"pooled_QC","training",TRUE,"QC25"
"waveica","SPLIT05",202608005,"QC29","2",218,1,"pooled_QC","training",TRUE,"QC29"
"waveica","SPLIT05",202608005,"QC30","2",227,10,"pooled_QC","training",TRUE,"QC30"
"waveica","SPLIT05",202608005,"QC31","2",236,19,"pooled_QC","training",TRUE,"QC31"
"waveica","SPLIT05",202608005,"QC32","2",245,28,"pooled_QC","training",TRUE,"QC32"
"waveica","SPLIT05",202608005,"QC33","2",254,37,"pooled_QC","training",TRUE,"QC33"
"waveica","SPLIT05",202608005,"QC34","2",263,46,"pooled_QC","training",TRUE,"QC34"
"waveica","SPLIT05",202608005,"QC35","2",272,55,"pooled_QC","training",TRUE,"QC35"
"waveica","SPLIT05",202608005,"QC36","2",281,64,"pooled_QC","training",TRUE,"QC36"
"waveica","SPLIT05",202608005,"QC37","2",290,73,"pooled_QC","training",TRUE,"QC37"
"waveica","SPLIT05",202608005,"QC38","2",299,82,"pooled_QC","training",TRUE,"QC38"
"waveica","SPLIT05",202608005,"QC39","2",308,91,"pooled_QC","training",TRUE,"QC39"
"waveica","SPLIT05",202608005,"QC40","2",317,100,"pooled_QC","hidden",FALSE,"QC40"
"waveica","SPLIT05",202608005,"QC41","2",326,109,"pooled_QC","training",TRUE,"QC41"
"waveica","SPLIT05",202608005,"QC42","2",335,118,"pooled_QC","hidden",FALSE,"QC42"
"waveica","SPLIT05",202608005,"QC43","2",344,127,"pooled_QC","training",TRUE,"QC43"
"waveica","SPLIT05",202608005,"QC44","2",353,136,"pooled_QC","hidden",FALSE,"QC44"
"waveica","SPLIT05",202608005,"QC45","2",362,145,"pooled_QC","hidden",FALSE,"QC45"
"waveica","SPLIT05",202608005,"QC46","2",371,154,"pooled_QC","hidden",FALSE,"QC46"
"waveica","SPLIT05",202608005,"QC47","2",380,163,"pooled_QC","training",TRUE,"QC47"
"waveica","SPLIT05",202608005,"QC48","2",389,172,"pooled_QC","training",TRUE,"QC48"
"waveica","SPLIT05",202608005,"QC49","2",398,181,"pooled_QC","training",TRUE,"QC49"
"waveica","SPLIT05",202608005,"QC50","2",407,190,"pooled_QC","training",TRUE,"QC50"
"waveica","SPLIT05",202608005,"QC51","2",416,199,"pooled_QC","training",TRUE,"QC51"
"waveica","SPLIT05",202608005,"QC52","2",425,208,"pooled_QC","training",TRUE,"QC52"
"waveica","SPLIT05",202608005,"QC53","2",434,217,"pooled_QC","training",TRUE,"QC53"
"waveica","SPLIT05",202608005,"QC54","3",435,1,"pooled_QC","training",TRUE,"QC54"
"waveica","SPLIT05",202608005,"QC55","3",444,10,"pooled_QC","hidden",FALSE,"QC55"
"waveica","SPLIT05",202608005,"QC56","3",453,19,"pooled_QC","training",TRUE,"QC56"
"waveica","SPLIT05",202608005,"QC57","3",461,27,"pooled_QC","training",TRUE,"QC57"
"waveica","SPLIT05",202608005,"QC58","3",469,35,"pooled_QC","training",TRUE,"QC58"
"waveica","SPLIT05",202608005,"QC60","3",484,50,"pooled_QC","training",TRUE,"QC60"
"waveica","SPLIT05",202608005,"QC61","3",493,59,"pooled_QC","hidden",FALSE,"QC61"
"waveica","SPLIT05",202608005,"QC62","3",502,68,"pooled_QC","training",TRUE,"QC62"
"waveica","SPLIT05",202608005,"QC63","3",511,77,"pooled_QC","training",TRUE,"QC63"
"waveica","SPLIT05",202608005,"QC64","3",520,86,"pooled_QC","hidden",FALSE,"QC64"
"waveica","SPLIT05",202608005,"QC65","3",529,95,"pooled_QC","training",TRUE,"QC65"
"waveica","SPLIT05",202608005,"QC66","3",537,103,"pooled_QC","training",TRUE,"QC66"
"waveica","SPLIT05",202608005,"QC67","3",545,111,"pooled_QC","training",TRUE,"QC67"
"waveica","SPLIT05",202608005,"QC68","3",553,119,"pooled_QC","training",TRUE,"QC68"
"waveica","SPLIT05",202608005,"QC69","3",562,128,"pooled_QC","training",TRUE,"QC69"
"waveica","SPLIT05",202608005,"QC70","3",571,137,"pooled_QC","hidden",FALSE,"QC70"
"waveica","SPLIT05",202608005,"QC72","3",587,153,"pooled_QC","training",TRUE,"QC72"
"waveica","SPLIT05",202608005,"QC73","3",596,162,"pooled_QC","hidden",FALSE,"QC73"
"waveica","SPLIT05",202608005,"QC74","3",603,169,"pooled_QC","training",TRUE,"QC74"
"waveica","SPLIT05",202608005,"QC75","3",611,177,"pooled_QC","training",TRUE,"QC75"
"waveica","SPLIT05",202608005,"QC76","3",620,186,"pooled_QC","training",TRUE,"QC76"
"waveica","SPLIT05",202608005,"QC77","3",629,195,"pooled_QC","training",TRUE,"QC77"
"waveica","SPLIT05",202608005,"QC78","3",636,202,"pooled_QC","training",TRUE,"QC78"
"waveica","SPLIT05",202608005,"QC79","3",642,208,"pooled_QC","training",TRUE,"QC79"
"waveica","SPLIT06",202608006,"QC1","1",1,1,"pooled_QC","training",TRUE,"QC1"
"waveica","SPLIT06",202608006,"QC2","1",10,10,"pooled_QC","training",TRUE,"QC2"
"waveica","SPLIT06",202608006,"QC3","1",19,19,"pooled_QC","training",TRUE,"QC3"
"waveica","SPLIT06",202608006,"QC4","1",28,28,"pooled_QC","training",TRUE,"QC4"
"waveica","SPLIT06",202608006,"QC5","1",37,37,"pooled_QC","training",TRUE,"QC5"
"waveica","SPLIT06",202608006,"QC6","1",46,46,"pooled_QC","training",TRUE,"QC6"
"waveica","SPLIT06",202608006,"QC7","1",55,55,"pooled_QC","training",TRUE,"QC7"
"waveica","SPLIT06",202608006,"QC8","1",64,64,"pooled_QC","training",TRUE,"QC8"
"waveica","SPLIT06",202608006,"QC9","1",73,73,"pooled_QC","hidden",FALSE,"QC9"
"waveica","SPLIT06",202608006,"QC10","1",82,82,"pooled_QC","hidden",FALSE,"QC10"
"waveica","SPLIT06",202608006,"QC11","1",91,91,"pooled_QC","hidden",FALSE,"QC11"
"waveica","SPLIT06",202608006,"QC12","1",100,100,"pooled_QC","training",TRUE,"QC12"
"waveica","SPLIT06",202608006,"QC13","1",109,109,"pooled_QC","training",TRUE,"QC13"
"waveica","SPLIT06",202608006,"QC14","1",118,118,"pooled_QC","training",TRUE,"QC14"
"waveica","SPLIT06",202608006,"QC15","1",127,127,"pooled_QC","training",TRUE,"QC15"
"waveica","SPLIT06",202608006,"QC16","1",136,136,"pooled_QC","hidden",FALSE,"QC16"
"waveica","SPLIT06",202608006,"QC17","1",145,145,"pooled_QC","training",TRUE,"QC17"
"waveica","SPLIT06",202608006,"QC18","1",154,154,"pooled_QC","training",TRUE,"QC18"
"waveica","SPLIT06",202608006,"QC19","1",163,163,"pooled_QC","training",TRUE,"QC19"
"waveica","SPLIT06",202608006,"QC20","1",172,172,"pooled_QC","training",TRUE,"QC20"
"waveica","SPLIT06",202608006,"QC21","1",181,181,"pooled_QC","training",TRUE,"QC21"
"waveica","SPLIT06",202608006,"QC22","1",190,190,"pooled_QC","hidden",FALSE,"QC22"
"waveica","SPLIT06",202608006,"QC23","1",199,199,"pooled_QC","training",TRUE,"QC23"
"waveica","SPLIT06",202608006,"QC24","1",208,208,"pooled_QC","training",TRUE,"QC24"
"waveica","SPLIT06",202608006,"QC25","1",217,217,"pooled_QC","training",TRUE,"QC25"
"waveica","SPLIT06",202608006,"QC29","2",218,1,"pooled_QC","training",TRUE,"QC29"
"waveica","SPLIT06",202608006,"QC30","2",227,10,"pooled_QC","hidden",FALSE,"QC30"
"waveica","SPLIT06",202608006,"QC31","2",236,19,"pooled_QC","training",TRUE,"QC31"
"waveica","SPLIT06",202608006,"QC32","2",245,28,"pooled_QC","training",TRUE,"QC32"
"waveica","SPLIT06",202608006,"QC33","2",254,37,"pooled_QC","training",TRUE,"QC33"
"waveica","SPLIT06",202608006,"QC34","2",263,46,"pooled_QC","hidden",FALSE,"QC34"
"waveica","SPLIT06",202608006,"QC35","2",272,55,"pooled_QC","training",TRUE,"QC35"
"waveica","SPLIT06",202608006,"QC36","2",281,64,"pooled_QC","training",TRUE,"QC36"
"waveica","SPLIT06",202608006,"QC37","2",290,73,"pooled_QC","hidden",FALSE,"QC37"
"waveica","SPLIT06",202608006,"QC38","2",299,82,"pooled_QC","training",TRUE,"QC38"
"waveica","SPLIT06",202608006,"QC39","2",308,91,"pooled_QC","training",TRUE,"QC39"
"waveica","SPLIT06",202608006,"QC40","2",317,100,"pooled_QC","training",TRUE,"QC40"
"waveica","SPLIT06",202608006,"QC41","2",326,109,"pooled_QC","training",TRUE,"QC41"
"waveica","SPLIT06",202608006,"QC42","2",335,118,"pooled_QC","training",TRUE,"QC42"
"waveica","SPLIT06",202608006,"QC43","2",344,127,"pooled_QC","hidden",FALSE,"QC43"
"waveica","SPLIT06",202608006,"QC44","2",353,136,"pooled_QC","training",TRUE,"QC44"
"waveica","SPLIT06",202608006,"QC45","2",362,145,"pooled_QC","training",TRUE,"QC45"
"waveica","SPLIT06",202608006,"QC46","2",371,154,"pooled_QC","training",TRUE,"QC46"
"waveica","SPLIT06",202608006,"QC47","2",380,163,"pooled_QC","training",TRUE,"QC47"
"waveica","SPLIT06",202608006,"QC48","2",389,172,"pooled_QC","training",TRUE,"QC48"
"waveica","SPLIT06",202608006,"QC49","2",398,181,"pooled_QC","training",TRUE,"QC49"
"waveica","SPLIT06",202608006,"QC50","2",407,190,"pooled_QC","training",TRUE,"QC50"
"waveica","SPLIT06",202608006,"QC51","2",416,199,"pooled_QC","hidden",FALSE,"QC51"
"waveica","SPLIT06",202608006,"QC52","2",425,208,"pooled_QC","training",TRUE,"QC52"
"waveica","SPLIT06",202608006,"QC53","2",434,217,"pooled_QC","training",TRUE,"QC53"
"waveica","SPLIT06",202608006,"QC54","3",435,1,"pooled_QC","training",TRUE,"QC54"
"waveica","SPLIT06",202608006,"QC55","3",444,10,"pooled_QC","training",TRUE,"QC55"
"waveica","SPLIT06",202608006,"QC56","3",453,19,"pooled_QC","training",TRUE,"QC56"
"waveica","SPLIT06",202608006,"QC57","3",461,27,"pooled_QC","training",TRUE,"QC57"
"waveica","SPLIT06",202608006,"QC58","3",469,35,"pooled_QC","hidden",FALSE,"QC58"
"waveica","SPLIT06",202608006,"QC60","3",484,50,"pooled_QC","hidden",FALSE,"QC60"
"waveica","SPLIT06",202608006,"QC61","3",493,59,"pooled_QC","training",TRUE,"QC61"
"waveica","SPLIT06",202608006,"QC62","3",502,68,"pooled_QC","training",TRUE,"QC62"
"waveica","SPLIT06",202608006,"QC63","3",511,77,"pooled_QC","training",TRUE,"QC63"
"waveica","SPLIT06",202608006,"QC64","3",520,86,"pooled_QC","training",TRUE,"QC64"
"waveica","SPLIT06",202608006,"QC65","3",529,95,"pooled_QC","training",TRUE,"QC65"
"waveica","SPLIT06",202608006,"QC66","3",537,103,"pooled_QC","hidden",FALSE,"QC66"
"waveica","SPLIT06",202608006,"QC67","3",545,111,"pooled_QC","training",TRUE,"QC67"
"waveica","SPLIT06",202608006,"QC68","3",553,119,"pooled_QC","training",TRUE,"QC68"
"waveica","SPLIT06",202608006,"QC69","3",562,128,"pooled_QC","training",TRUE,"QC69"
"waveica","SPLIT06",202608006,"QC70","3",571,137,"pooled_QC","training",TRUE,"QC70"
"waveica","SPLIT06",202608006,"QC72","3",587,153,"pooled_QC","training",TRUE,"QC72"
"waveica","SPLIT06",202608006,"QC73","3",596,162,"pooled_QC","training",TRUE,"QC73"
"waveica","SPLIT06",202608006,"QC74","3",603,169,"pooled_QC","training",TRUE,"QC74"
"waveica","SPLIT06",202608006,"QC75","3",611,177,"pooled_QC","hidden",FALSE,"QC75"
"waveica","SPLIT06",202608006,"QC76","3",620,186,"pooled_QC","hidden",FALSE,"QC76"
"waveica","SPLIT06",202608006,"QC77","3",629,195,"pooled_QC","training",TRUE,"QC77"
"waveica","SPLIT06",202608006,"QC78","3",636,202,"pooled_QC","training",TRUE,"QC78"
"waveica","SPLIT06",202608006,"QC79","3",642,208,"pooled_QC","training",TRUE,"QC79"
"waveica","SPLIT07",202608007,"QC1","1",1,1,"pooled_QC","training",TRUE,"QC1"
"waveica","SPLIT07",202608007,"QC2","1",10,10,"pooled_QC","training",TRUE,"QC2"
"waveica","SPLIT07",202608007,"QC3","1",19,19,"pooled_QC","training",TRUE,"QC3"
"waveica","SPLIT07",202608007,"QC4","1",28,28,"pooled_QC","training",TRUE,"QC4"
"waveica","SPLIT07",202608007,"QC5","1",37,37,"pooled_QC","training",TRUE,"QC5"
"waveica","SPLIT07",202608007,"QC6","1",46,46,"pooled_QC","training",TRUE,"QC6"
"waveica","SPLIT07",202608007,"QC7","1",55,55,"pooled_QC","training",TRUE,"QC7"
"waveica","SPLIT07",202608007,"QC8","1",64,64,"pooled_QC","hidden",FALSE,"QC8"
"waveica","SPLIT07",202608007,"QC9","1",73,73,"pooled_QC","training",TRUE,"QC9"
"waveica","SPLIT07",202608007,"QC10","1",82,82,"pooled_QC","hidden",FALSE,"QC10"
"waveica","SPLIT07",202608007,"QC11","1",91,91,"pooled_QC","training",TRUE,"QC11"
"waveica","SPLIT07",202608007,"QC12","1",100,100,"pooled_QC","hidden",FALSE,"QC12"
"waveica","SPLIT07",202608007,"QC13","1",109,109,"pooled_QC","training",TRUE,"QC13"
"waveica","SPLIT07",202608007,"QC14","1",118,118,"pooled_QC","training",TRUE,"QC14"
"waveica","SPLIT07",202608007,"QC15","1",127,127,"pooled_QC","training",TRUE,"QC15"
"waveica","SPLIT07",202608007,"QC16","1",136,136,"pooled_QC","training",TRUE,"QC16"
"waveica","SPLIT07",202608007,"QC17","1",145,145,"pooled_QC","training",TRUE,"QC17"
"waveica","SPLIT07",202608007,"QC18","1",154,154,"pooled_QC","training",TRUE,"QC18"
"waveica","SPLIT07",202608007,"QC19","1",163,163,"pooled_QC","hidden",FALSE,"QC19"
"waveica","SPLIT07",202608007,"QC20","1",172,172,"pooled_QC","hidden",FALSE,"QC20"
"waveica","SPLIT07",202608007,"QC21","1",181,181,"pooled_QC","training",TRUE,"QC21"
"waveica","SPLIT07",202608007,"QC22","1",190,190,"pooled_QC","training",TRUE,"QC22"
"waveica","SPLIT07",202608007,"QC23","1",199,199,"pooled_QC","training",TRUE,"QC23"
"waveica","SPLIT07",202608007,"QC24","1",208,208,"pooled_QC","training",TRUE,"QC24"
"waveica","SPLIT07",202608007,"QC25","1",217,217,"pooled_QC","training",TRUE,"QC25"
"waveica","SPLIT07",202608007,"QC29","2",218,1,"pooled_QC","training",TRUE,"QC29"
"waveica","SPLIT07",202608007,"QC30","2",227,10,"pooled_QC","hidden",FALSE,"QC30"
"waveica","SPLIT07",202608007,"QC31","2",236,19,"pooled_QC","training",TRUE,"QC31"
"waveica","SPLIT07",202608007,"QC32","2",245,28,"pooled_QC","training",TRUE,"QC32"
"waveica","SPLIT07",202608007,"QC33","2",254,37,"pooled_QC","training",TRUE,"QC33"
"waveica","SPLIT07",202608007,"QC34","2",263,46,"pooled_QC","hidden",FALSE,"QC34"
"waveica","SPLIT07",202608007,"QC35","2",272,55,"pooled_QC","training",TRUE,"QC35"
"waveica","SPLIT07",202608007,"QC36","2",281,64,"pooled_QC","hidden",FALSE,"QC36"
"waveica","SPLIT07",202608007,"QC37","2",290,73,"pooled_QC","training",TRUE,"QC37"
"waveica","SPLIT07",202608007,"QC38","2",299,82,"pooled_QC","training",TRUE,"QC38"
"waveica","SPLIT07",202608007,"QC39","2",308,91,"pooled_QC","hidden",FALSE,"QC39"
"waveica","SPLIT07",202608007,"QC40","2",317,100,"pooled_QC","hidden",FALSE,"QC40"
"waveica","SPLIT07",202608007,"QC41","2",326,109,"pooled_QC","training",TRUE,"QC41"
"waveica","SPLIT07",202608007,"QC42","2",335,118,"pooled_QC","training",TRUE,"QC42"
"waveica","SPLIT07",202608007,"QC43","2",344,127,"pooled_QC","training",TRUE,"QC43"
"waveica","SPLIT07",202608007,"QC44","2",353,136,"pooled_QC","training",TRUE,"QC44"
"waveica","SPLIT07",202608007,"QC45","2",362,145,"pooled_QC","training",TRUE,"QC45"
"waveica","SPLIT07",202608007,"QC46","2",371,154,"pooled_QC","training",TRUE,"QC46"
"waveica","SPLIT07",202608007,"QC47","2",380,163,"pooled_QC","training",TRUE,"QC47"
"waveica","SPLIT07",202608007,"QC48","2",389,172,"pooled_QC","training",TRUE,"QC48"
"waveica","SPLIT07",202608007,"QC49","2",398,181,"pooled_QC","training",TRUE,"QC49"
"waveica","SPLIT07",202608007,"QC50","2",407,190,"pooled_QC","training",TRUE,"QC50"
"waveica","SPLIT07",202608007,"QC51","2",416,199,"pooled_QC","training",TRUE,"QC51"
"waveica","SPLIT07",202608007,"QC52","2",425,208,"pooled_QC","training",TRUE,"QC52"
"waveica","SPLIT07",202608007,"QC53","2",434,217,"pooled_QC","training",TRUE,"QC53"
"waveica","SPLIT07",202608007,"QC54","3",435,1,"pooled_QC","training",TRUE,"QC54"
"waveica","SPLIT07",202608007,"QC55","3",444,10,"pooled_QC","training",TRUE,"QC55"
"waveica","SPLIT07",202608007,"QC56","3",453,19,"pooled_QC","hidden",FALSE,"QC56"
"waveica","SPLIT07",202608007,"QC57","3",461,27,"pooled_QC","training",TRUE,"QC57"
"waveica","SPLIT07",202608007,"QC58","3",469,35,"pooled_QC","training",TRUE,"QC58"
"waveica","SPLIT07",202608007,"QC60","3",484,50,"pooled_QC","training",TRUE,"QC60"
"waveica","SPLIT07",202608007,"QC61","3",493,59,"pooled_QC","training",TRUE,"QC61"
"waveica","SPLIT07",202608007,"QC62","3",502,68,"pooled_QC","training",TRUE,"QC62"
"waveica","SPLIT07",202608007,"QC63","3",511,77,"pooled_QC","hidden",FALSE,"QC63"
"waveica","SPLIT07",202608007,"QC64","3",520,86,"pooled_QC","hidden",FALSE,"QC64"
"waveica","SPLIT07",202608007,"QC65","3",529,95,"pooled_QC","training",TRUE,"QC65"
"waveica","SPLIT07",202608007,"QC66","3",537,103,"pooled_QC","training",TRUE,"QC66"
"waveica","SPLIT07",202608007,"QC67","3",545,111,"pooled_QC","training",TRUE,"QC67"
"waveica","SPLIT07",202608007,"QC68","3",553,119,"pooled_QC","hidden",FALSE,"QC68"
"waveica","SPLIT07",202608007,"QC69","3",562,128,"pooled_QC","training",TRUE,"QC69"
"waveica","SPLIT07",202608007,"QC70","3",571,137,"pooled_QC","training",TRUE,"QC70"
"waveica","SPLIT07",202608007,"QC72","3",587,153,"pooled_QC","hidden",FALSE,"QC72"
"waveica","SPLIT07",202608007,"QC73","3",596,162,"pooled_QC","training",TRUE,"QC73"
"waveica","SPLIT07",202608007,"QC74","3",603,169,"pooled_QC","training",TRUE,"QC74"
"waveica","SPLIT07",202608007,"QC75","3",611,177,"pooled_QC","training",TRUE,"QC75"
"waveica","SPLIT07",202608007,"QC76","3",620,186,"pooled_QC","training",TRUE,"QC76"
"waveica","SPLIT07",202608007,"QC77","3",629,195,"pooled_QC","training",TRUE,"QC77"
"waveica","SPLIT07",202608007,"QC78","3",636,202,"pooled_QC","training",TRUE,"QC78"
"waveica","SPLIT07",202608007,"QC79","3",642,208,"pooled_QC","training",TRUE,"QC79"
"waveica","SPLIT08",202608008,"QC1","1",1,1,"pooled_QC","training",TRUE,"QC1"
"waveica","SPLIT08",202608008,"QC2","1",10,10,"pooled_QC","hidden",FALSE,"QC2"
"waveica","SPLIT08",202608008,"QC3","1",19,19,"pooled_QC","training",TRUE,"QC3"
"waveica","SPLIT08",202608008,"QC4","1",28,28,"pooled_QC","hidden",FALSE,"QC4"
"waveica","SPLIT08",202608008,"QC5","1",37,37,"pooled_QC","training",TRUE,"QC5"
"waveica","SPLIT08",202608008,"QC6","1",46,46,"pooled_QC","training",TRUE,"QC6"
"waveica","SPLIT08",202608008,"QC7","1",55,55,"pooled_QC","training",TRUE,"QC7"
"waveica","SPLIT08",202608008,"QC8","1",64,64,"pooled_QC","hidden",FALSE,"QC8"
"waveica","SPLIT08",202608008,"QC9","1",73,73,"pooled_QC","training",TRUE,"QC9"
"waveica","SPLIT08",202608008,"QC10","1",82,82,"pooled_QC","training",TRUE,"QC10"
"waveica","SPLIT08",202608008,"QC11","1",91,91,"pooled_QC","training",TRUE,"QC11"
"waveica","SPLIT08",202608008,"QC12","1",100,100,"pooled_QC","training",TRUE,"QC12"
"waveica","SPLIT08",202608008,"QC13","1",109,109,"pooled_QC","training",TRUE,"QC13"
"waveica","SPLIT08",202608008,"QC14","1",118,118,"pooled_QC","training",TRUE,"QC14"
"waveica","SPLIT08",202608008,"QC15","1",127,127,"pooled_QC","training",TRUE,"QC15"
"waveica","SPLIT08",202608008,"QC16","1",136,136,"pooled_QC","training",TRUE,"QC16"
"waveica","SPLIT08",202608008,"QC17","1",145,145,"pooled_QC","training",TRUE,"QC17"
"waveica","SPLIT08",202608008,"QC18","1",154,154,"pooled_QC","training",TRUE,"QC18"
"waveica","SPLIT08",202608008,"QC19","1",163,163,"pooled_QC","hidden",FALSE,"QC19"
"waveica","SPLIT08",202608008,"QC20","1",172,172,"pooled_QC","training",TRUE,"QC20"
"waveica","SPLIT08",202608008,"QC21","1",181,181,"pooled_QC","training",TRUE,"QC21"
"waveica","SPLIT08",202608008,"QC22","1",190,190,"pooled_QC","hidden",FALSE,"QC22"
"waveica","SPLIT08",202608008,"QC23","1",199,199,"pooled_QC","training",TRUE,"QC23"
"waveica","SPLIT08",202608008,"QC24","1",208,208,"pooled_QC","training",TRUE,"QC24"
"waveica","SPLIT08",202608008,"QC25","1",217,217,"pooled_QC","training",TRUE,"QC25"
"waveica","SPLIT08",202608008,"QC29","2",218,1,"pooled_QC","training",TRUE,"QC29"
"waveica","SPLIT08",202608008,"QC30","2",227,10,"pooled_QC","training",TRUE,"QC30"
"waveica","SPLIT08",202608008,"QC31","2",236,19,"pooled_QC","training",TRUE,"QC31"
"waveica","SPLIT08",202608008,"QC32","2",245,28,"pooled_QC","hidden",FALSE,"QC32"
"waveica","SPLIT08",202608008,"QC33","2",254,37,"pooled_QC","training",TRUE,"QC33"
"waveica","SPLIT08",202608008,"QC34","2",263,46,"pooled_QC","training",TRUE,"QC34"
"waveica","SPLIT08",202608008,"QC35","2",272,55,"pooled_QC","training",TRUE,"QC35"
"waveica","SPLIT08",202608008,"QC36","2",281,64,"pooled_QC","training",TRUE,"QC36"
"waveica","SPLIT08",202608008,"QC37","2",290,73,"pooled_QC","training",TRUE,"QC37"
"waveica","SPLIT08",202608008,"QC38","2",299,82,"pooled_QC","hidden",FALSE,"QC38"
"waveica","SPLIT08",202608008,"QC39","2",308,91,"pooled_QC","hidden",FALSE,"QC39"
"waveica","SPLIT08",202608008,"QC40","2",317,100,"pooled_QC","training",TRUE,"QC40"
"waveica","SPLIT08",202608008,"QC41","2",326,109,"pooled_QC","training",TRUE,"QC41"
"waveica","SPLIT08",202608008,"QC42","2",335,118,"pooled_QC","training",TRUE,"QC42"
"waveica","SPLIT08",202608008,"QC43","2",344,127,"pooled_QC","training",TRUE,"QC43"
"waveica","SPLIT08",202608008,"QC44","2",353,136,"pooled_QC","training",TRUE,"QC44"
"waveica","SPLIT08",202608008,"QC45","2",362,145,"pooled_QC","training",TRUE,"QC45"
"waveica","SPLIT08",202608008,"QC46","2",371,154,"pooled_QC","hidden",FALSE,"QC46"
"waveica","SPLIT08",202608008,"QC47","2",380,163,"pooled_QC","hidden",FALSE,"QC47"
"waveica","SPLIT08",202608008,"QC48","2",389,172,"pooled_QC","training",TRUE,"QC48"
"waveica","SPLIT08",202608008,"QC49","2",398,181,"pooled_QC","training",TRUE,"QC49"
"waveica","SPLIT08",202608008,"QC50","2",407,190,"pooled_QC","training",TRUE,"QC50"
"waveica","SPLIT08",202608008,"QC51","2",416,199,"pooled_QC","training",TRUE,"QC51"
"waveica","SPLIT08",202608008,"QC52","2",425,208,"pooled_QC","training",TRUE,"QC52"
"waveica","SPLIT08",202608008,"QC53","2",434,217,"pooled_QC","training",TRUE,"QC53"
"waveica","SPLIT08",202608008,"QC54","3",435,1,"pooled_QC","training",TRUE,"QC54"
"waveica","SPLIT08",202608008,"QC55","3",444,10,"pooled_QC","hidden",FALSE,"QC55"
"waveica","SPLIT08",202608008,"QC56","3",453,19,"pooled_QC","training",TRUE,"QC56"
"waveica","SPLIT08",202608008,"QC57","3",461,27,"pooled_QC","training",TRUE,"QC57"
"waveica","SPLIT08",202608008,"QC58","3",469,35,"pooled_QC","training",TRUE,"QC58"
"waveica","SPLIT08",202608008,"QC60","3",484,50,"pooled_QC","training",TRUE,"QC60"
"waveica","SPLIT08",202608008,"QC61","3",493,59,"pooled_QC","training",TRUE,"QC61"
"waveica","SPLIT08",202608008,"QC62","3",502,68,"pooled_QC","training",TRUE,"QC62"
"waveica","SPLIT08",202608008,"QC63","3",511,77,"pooled_QC","training",TRUE,"QC63"
"waveica","SPLIT08",202608008,"QC64","3",520,86,"pooled_QC","training",TRUE,"QC64"
"waveica","SPLIT08",202608008,"QC65","3",529,95,"pooled_QC","training",TRUE,"QC65"
"waveica","SPLIT08",202608008,"QC66","3",537,103,"pooled_QC","training",TRUE,"QC66"
"waveica","SPLIT08",202608008,"QC67","3",545,111,"pooled_QC","hidden",FALSE,"QC67"
"waveica","SPLIT08",202608008,"QC68","3",553,119,"pooled_QC","hidden",FALSE,"QC68"
"waveica","SPLIT08",202608008,"QC69","3",562,128,"pooled_QC","training",TRUE,"QC69"
"waveica","SPLIT08",202608008,"QC70","3",571,137,"pooled_QC","training",TRUE,"QC70"
"waveica","SPLIT08",202608008,"QC72","3",587,153,"pooled_QC","training",TRUE,"QC72"
"waveica","SPLIT08",202608008,"QC73","3",596,162,"pooled_QC","training",TRUE,"QC73"
"waveica","SPLIT08",202608008,"QC74","3",603,169,"pooled_QC","training",TRUE,"QC74"
"waveica","SPLIT08",202608008,"QC75","3",611,177,"pooled_QC","training",TRUE,"QC75"
"waveica","SPLIT08",202608008,"QC76","3",620,186,"pooled_QC","training",TRUE,"QC76"
"waveica","SPLIT08",202608008,"QC77","3",629,195,"pooled_QC","hidden",FALSE,"QC77"
"waveica","SPLIT08",202608008,"QC78","3",636,202,"pooled_QC","hidden",FALSE,"QC78"
"waveica","SPLIT08",202608008,"QC79","3",642,208,"pooled_QC","training",TRUE,"QC79"
"waveica","SPLIT09",202608009,"QC1","1",1,1,"pooled_QC","training",TRUE,"QC1"
"waveica","SPLIT09",202608009,"QC2","1",10,10,"pooled_QC","training",TRUE,"QC2"
"waveica","SPLIT09",202608009,"QC3","1",19,19,"pooled_QC","hidden",FALSE,"QC3"
"waveica","SPLIT09",202608009,"QC4","1",28,28,"pooled_QC","training",TRUE,"QC4"
"waveica","SPLIT09",202608009,"QC5","1",37,37,"pooled_QC","hidden",FALSE,"QC5"
"waveica","SPLIT09",202608009,"QC6","1",46,46,"pooled_QC","training",TRUE,"QC6"
"waveica","SPLIT09",202608009,"QC7","1",55,55,"pooled_QC","training",TRUE,"QC7"
"waveica","SPLIT09",202608009,"QC8","1",64,64,"pooled_QC","training",TRUE,"QC8"
"waveica","SPLIT09",202608009,"QC9","1",73,73,"pooled_QC","training",TRUE,"QC9"
"waveica","SPLIT09",202608009,"QC10","1",82,82,"pooled_QC","training",TRUE,"QC10"
"waveica","SPLIT09",202608009,"QC11","1",91,91,"pooled_QC","training",TRUE,"QC11"
"waveica","SPLIT09",202608009,"QC12","1",100,100,"pooled_QC","training",TRUE,"QC12"
"waveica","SPLIT09",202608009,"QC13","1",109,109,"pooled_QC","training",TRUE,"QC13"
"waveica","SPLIT09",202608009,"QC14","1",118,118,"pooled_QC","training",TRUE,"QC14"
"waveica","SPLIT09",202608009,"QC15","1",127,127,"pooled_QC","training",TRUE,"QC15"
"waveica","SPLIT09",202608009,"QC16","1",136,136,"pooled_QC","training",TRUE,"QC16"
"waveica","SPLIT09",202608009,"QC17","1",145,145,"pooled_QC","hidden",FALSE,"QC17"
"waveica","SPLIT09",202608009,"QC18","1",154,154,"pooled_QC","training",TRUE,"QC18"
"waveica","SPLIT09",202608009,"QC19","1",163,163,"pooled_QC","training",TRUE,"QC19"
"waveica","SPLIT09",202608009,"QC20","1",172,172,"pooled_QC","training",TRUE,"QC20"
"waveica","SPLIT09",202608009,"QC21","1",181,181,"pooled_QC","training",TRUE,"QC21"
"waveica","SPLIT09",202608009,"QC22","1",190,190,"pooled_QC","training",TRUE,"QC22"
"waveica","SPLIT09",202608009,"QC23","1",199,199,"pooled_QC","hidden",FALSE,"QC23"
"waveica","SPLIT09",202608009,"QC24","1",208,208,"pooled_QC","hidden",FALSE,"QC24"
"waveica","SPLIT09",202608009,"QC25","1",217,217,"pooled_QC","training",TRUE,"QC25"
"waveica","SPLIT09",202608009,"QC29","2",218,1,"pooled_QC","training",TRUE,"QC29"
"waveica","SPLIT09",202608009,"QC30","2",227,10,"pooled_QC","training",TRUE,"QC30"
"waveica","SPLIT09",202608009,"QC31","2",236,19,"pooled_QC","training",TRUE,"QC31"
"waveica","SPLIT09",202608009,"QC32","2",245,28,"pooled_QC","training",TRUE,"QC32"
"waveica","SPLIT09",202608009,"QC33","2",254,37,"pooled_QC","training",TRUE,"QC33"
"waveica","SPLIT09",202608009,"QC34","2",263,46,"pooled_QC","hidden",FALSE,"QC34"
"waveica","SPLIT09",202608009,"QC35","2",272,55,"pooled_QC","hidden",FALSE,"QC35"
"waveica","SPLIT09",202608009,"QC36","2",281,64,"pooled_QC","training",TRUE,"QC36"
"waveica","SPLIT09",202608009,"QC37","2",290,73,"pooled_QC","training",TRUE,"QC37"
"waveica","SPLIT09",202608009,"QC38","2",299,82,"pooled_QC","training",TRUE,"QC38"
"waveica","SPLIT09",202608009,"QC39","2",308,91,"pooled_QC","training",TRUE,"QC39"
"waveica","SPLIT09",202608009,"QC40","2",317,100,"pooled_QC","hidden",FALSE,"QC40"
"waveica","SPLIT09",202608009,"QC41","2",326,109,"pooled_QC","training",TRUE,"QC41"
"waveica","SPLIT09",202608009,"QC42","2",335,118,"pooled_QC","training",TRUE,"QC42"
"waveica","SPLIT09",202608009,"QC43","2",344,127,"pooled_QC","training",TRUE,"QC43"
"waveica","SPLIT09",202608009,"QC44","2",353,136,"pooled_QC","training",TRUE,"QC44"
"waveica","SPLIT09",202608009,"QC45","2",362,145,"pooled_QC","training",TRUE,"QC45"
"waveica","SPLIT09",202608009,"QC46","2",371,154,"pooled_QC","hidden",FALSE,"QC46"
"waveica","SPLIT09",202608009,"QC47","2",380,163,"pooled_QC","training",TRUE,"QC47"
"waveica","SPLIT09",202608009,"QC48","2",389,172,"pooled_QC","training",TRUE,"QC48"
"waveica","SPLIT09",202608009,"QC49","2",398,181,"pooled_QC","hidden",FALSE,"QC49"
"waveica","SPLIT09",202608009,"QC50","2",407,190,"pooled_QC","training",TRUE,"QC50"
"waveica","SPLIT09",202608009,"QC51","2",416,199,"pooled_QC","training",TRUE,"QC51"
"waveica","SPLIT09",202608009,"QC52","2",425,208,"pooled_QC","training",TRUE,"QC52"
"waveica","SPLIT09",202608009,"QC53","2",434,217,"pooled_QC","training",TRUE,"QC53"
"waveica","SPLIT09",202608009,"QC54","3",435,1,"pooled_QC","training",TRUE,"QC54"
"waveica","SPLIT09",202608009,"QC55","3",444,10,"pooled_QC","hidden",FALSE,"QC55"
"waveica","SPLIT09",202608009,"QC56","3",453,19,"pooled_QC","training",TRUE,"QC56"
"waveica","SPLIT09",202608009,"QC57","3",461,27,"pooled_QC","training",TRUE,"QC57"
"waveica","SPLIT09",202608009,"QC58","3",469,35,"pooled_QC","hidden",FALSE,"QC58"
"waveica","SPLIT09",202608009,"QC60","3",484,50,"pooled_QC","training",TRUE,"QC60"
"waveica","SPLIT09",202608009,"QC61","3",493,59,"pooled_QC","hidden",FALSE,"QC61"
"waveica","SPLIT09",202608009,"QC62","3",502,68,"pooled_QC","training",TRUE,"QC62"
"waveica","SPLIT09",202608009,"QC63","3",511,77,"pooled_QC","training",TRUE,"QC63"
"waveica","SPLIT09",202608009,"QC64","3",520,86,"pooled_QC","training",TRUE,"QC64"
"waveica","SPLIT09",202608009,"QC65","3",529,95,"pooled_QC","training",TRUE,"QC65"
"waveica","SPLIT09",202608009,"QC66","3",537,103,"pooled_QC","training",TRUE,"QC66"
"waveica","SPLIT09",202608009,"QC67","3",545,111,"pooled_QC","training",TRUE,"QC67"
"waveica","SPLIT09",202608009,"QC68","3",553,119,"pooled_QC","training",TRUE,"QC68"
"waveica","SPLIT09",202608009,"QC69","3",562,128,"pooled_QC","training",TRUE,"QC69"
"waveica","SPLIT09",202608009,"QC70","3",571,137,"pooled_QC","training",TRUE,"QC70"
"waveica","SPLIT09",202608009,"QC72","3",587,153,"pooled_QC","hidden",FALSE,"QC72"
"waveica","SPLIT09",202608009,"QC73","3",596,162,"pooled_QC","training",TRUE,"QC73"
"waveica","SPLIT09",202608009,"QC74","3",603,169,"pooled_QC","training",TRUE,"QC74"
"waveica","SPLIT09",202608009,"QC75","3",611,177,"pooled_QC","training",TRUE,"QC75"
"waveica","SPLIT09",202608009,"QC76","3",620,186,"pooled_QC","training",TRUE,"QC76"
"waveica","SPLIT09",202608009,"QC77","3",629,195,"pooled_QC","hidden",FALSE,"QC77"
"waveica","SPLIT09",202608009,"QC78","3",636,202,"pooled_QC","training",TRUE,"QC78"
"waveica","SPLIT09",202608009,"QC79","3",642,208,"pooled_QC","training",TRUE,"QC79"
"waveica","SPLIT10",202608010,"QC1","1",1,1,"pooled_QC","training",TRUE,"QC1"
"waveica","SPLIT10",202608010,"QC2","1",10,10,"pooled_QC","training",TRUE,"QC2"
"waveica","SPLIT10",202608010,"QC3","1",19,19,"pooled_QC","training",TRUE,"QC3"
"waveica","SPLIT10",202608010,"QC4","1",28,28,"pooled_QC","training",TRUE,"QC4"
"waveica","SPLIT10",202608010,"QC5","1",37,37,"pooled_QC","hidden",FALSE,"QC5"
"waveica","SPLIT10",202608010,"QC6","1",46,46,"pooled_QC","training",TRUE,"QC6"
"waveica","SPLIT10",202608010,"QC7","1",55,55,"pooled_QC","training",TRUE,"QC7"
"waveica","SPLIT10",202608010,"QC8","1",64,64,"pooled_QC","training",TRUE,"QC8"
"waveica","SPLIT10",202608010,"QC9","1",73,73,"pooled_QC","training",TRUE,"QC9"
"waveica","SPLIT10",202608010,"QC10","1",82,82,"pooled_QC","hidden",FALSE,"QC10"
"waveica","SPLIT10",202608010,"QC11","1",91,91,"pooled_QC","training",TRUE,"QC11"
"waveica","SPLIT10",202608010,"QC12","1",100,100,"pooled_QC","hidden",FALSE,"QC12"
"waveica","SPLIT10",202608010,"QC13","1",109,109,"pooled_QC","training",TRUE,"QC13"
"waveica","SPLIT10",202608010,"QC14","1",118,118,"pooled_QC","training",TRUE,"QC14"
"waveica","SPLIT10",202608010,"QC15","1",127,127,"pooled_QC","training",TRUE,"QC15"
"waveica","SPLIT10",202608010,"QC16","1",136,136,"pooled_QC","training",TRUE,"QC16"
"waveica","SPLIT10",202608010,"QC17","1",145,145,"pooled_QC","training",TRUE,"QC17"
"waveica","SPLIT10",202608010,"QC18","1",154,154,"pooled_QC","training",TRUE,"QC18"
"waveica","SPLIT10",202608010,"QC19","1",163,163,"pooled_QC","training",TRUE,"QC19"
"waveica","SPLIT10",202608010,"QC20","1",172,172,"pooled_QC","training",TRUE,"QC20"
"waveica","SPLIT10",202608010,"QC21","1",181,181,"pooled_QC","training",TRUE,"QC21"
"waveica","SPLIT10",202608010,"QC22","1",190,190,"pooled_QC","hidden",FALSE,"QC22"
"waveica","SPLIT10",202608010,"QC23","1",199,199,"pooled_QC","hidden",FALSE,"QC23"
"waveica","SPLIT10",202608010,"QC24","1",208,208,"pooled_QC","training",TRUE,"QC24"
"waveica","SPLIT10",202608010,"QC25","1",217,217,"pooled_QC","training",TRUE,"QC25"
"waveica","SPLIT10",202608010,"QC29","2",218,1,"pooled_QC","training",TRUE,"QC29"
"waveica","SPLIT10",202608010,"QC30","2",227,10,"pooled_QC","training",TRUE,"QC30"
"waveica","SPLIT10",202608010,"QC31","2",236,19,"pooled_QC","training",TRUE,"QC31"
"waveica","SPLIT10",202608010,"QC32","2",245,28,"pooled_QC","hidden",FALSE,"QC32"
"waveica","SPLIT10",202608010,"QC33","2",254,37,"pooled_QC","training",TRUE,"QC33"
"waveica","SPLIT10",202608010,"QC34","2",263,46,"pooled_QC","training",TRUE,"QC34"
"waveica","SPLIT10",202608010,"QC35","2",272,55,"pooled_QC","training",TRUE,"QC35"
"waveica","SPLIT10",202608010,"QC36","2",281,64,"pooled_QC","training",TRUE,"QC36"
"waveica","SPLIT10",202608010,"QC37","2",290,73,"pooled_QC","training",TRUE,"QC37"
"waveica","SPLIT10",202608010,"QC38","2",299,82,"pooled_QC","training",TRUE,"QC38"
"waveica","SPLIT10",202608010,"QC39","2",308,91,"pooled_QC","hidden",FALSE,"QC39"
"waveica","SPLIT10",202608010,"QC40","2",317,100,"pooled_QC","hidden",FALSE,"QC40"
"waveica","SPLIT10",202608010,"QC41","2",326,109,"pooled_QC","training",TRUE,"QC41"
"waveica","SPLIT10",202608010,"QC42","2",335,118,"pooled_QC","training",TRUE,"QC42"
"waveica","SPLIT10",202608010,"QC43","2",344,127,"pooled_QC","hidden",FALSE,"QC43"
"waveica","SPLIT10",202608010,"QC44","2",353,136,"pooled_QC","training",TRUE,"QC44"
"waveica","SPLIT10",202608010,"QC45","2",362,145,"pooled_QC","training",TRUE,"QC45"
"waveica","SPLIT10",202608010,"QC46","2",371,154,"pooled_QC","training",TRUE,"QC46"
"waveica","SPLIT10",202608010,"QC47","2",380,163,"pooled_QC","training",TRUE,"QC47"
"waveica","SPLIT10",202608010,"QC48","2",389,172,"pooled_QC","hidden",FALSE,"QC48"
"waveica","SPLIT10",202608010,"QC49","2",398,181,"pooled_QC","training",TRUE,"QC49"
"waveica","SPLIT10",202608010,"QC50","2",407,190,"pooled_QC","training",TRUE,"QC50"
"waveica","SPLIT10",202608010,"QC51","2",416,199,"pooled_QC","training",TRUE,"QC51"
"waveica","SPLIT10",202608010,"QC52","2",425,208,"pooled_QC","training",TRUE,"QC52"
"waveica","SPLIT10",202608010,"QC53","2",434,217,"pooled_QC","training",TRUE,"QC53"
"waveica","SPLIT10",202608010,"QC54","3",435,1,"pooled_QC","training",TRUE,"QC54"
"waveica","SPLIT10",202608010,"QC55","3",444,10,"pooled_QC","training",TRUE,"QC55"
"waveica","SPLIT10",202608010,"QC56","3",453,19,"pooled_QC","hidden",FALSE,"QC56"
"waveica","SPLIT10",202608010,"QC57","3",461,27,"pooled_QC","training",TRUE,"QC57"
"waveica","SPLIT10",202608010,"QC58","3",469,35,"pooled_QC","hidden",FALSE,"QC58"
"waveica","SPLIT10",202608010,"QC60","3",484,50,"pooled_QC","training",TRUE,"QC60"
"waveica","SPLIT10",202608010,"QC61","3",493,59,"pooled_QC","training",TRUE,"QC61"
"waveica","SPLIT10",202608010,"QC62","3",502,68,"pooled_QC","hidden",FALSE,"QC62"
"waveica","SPLIT10",202608010,"QC63","3",511,77,"pooled_QC","training",TRUE,"QC63"
"waveica","SPLIT10",202608010,"QC64","3",520,86,"pooled_QC","training",TRUE,"QC64"
"waveica","SPLIT10",202608010,"QC65","3",529,95,"pooled_QC","training",TRUE,"QC65"
"waveica","SPLIT10",202608010,"QC66","3",537,103,"pooled_QC","training",TRUE,"QC66"
"waveica","SPLIT10",202608010,"QC67","3",545,111,"pooled_QC","training",TRUE,"QC67"
"waveica","SPLIT10",202608010,"QC68","3",553,119,"pooled_QC","training",TRUE,"QC68"
"waveica","SPLIT10",202608010,"QC69","3",562,128,"pooled_QC","hidden",FALSE,"QC69"
"waveica","SPLIT10",202608010,"QC70","3",571,137,"pooled_QC","training",TRUE,"QC70"
"waveica","SPLIT10",202608010,"QC72","3",587,153,"pooled_QC","training",TRUE,"QC72"
"waveica","SPLIT10",202608010,"QC73","3",596,162,"pooled_QC","training",TRUE,"QC73"
"waveica","SPLIT10",202608010,"QC74","3",603,169,"pooled_QC","training",TRUE,"QC74"
"waveica","SPLIT10",202608010,"QC75","3",611,177,"pooled_QC","hidden",FALSE,"QC75"
"waveica","SPLIT10",202608010,"QC76","3",620,186,"pooled_QC","training",TRUE,"QC76"
"waveica","SPLIT10",202608010,"QC77","3",629,195,"pooled_QC","training",TRUE,"QC77"
"waveica","SPLIT10",202608010,"QC78","3",636,202,"pooled_QC","training",TRUE,"QC78"
"waveica","SPLIT10",202608010,"QC79","3",642,208,"pooled_QC","training",TRUE,"QC79"
