"metric","value","direction","denominator","units","notes","dataset_key","method_id","method","dataset"
"heldout_qc_cv_mean",44.2100431097472,"lower",1000,"percent","","simulation","C0_RAW","Raw","Simulation"
"heldout_qc_cv_sd",31.0743750702016,"lower",1000,"percent","","simulation","C0_RAW","Raw","Simulation"
"heldout_qc_cv_median",41.8805446465495,"lower",1000,"percent","","simulation","C0_RAW","Raw","Simulation"
"residual_run_order_gam_mean_deviance",0.12764961730634,"lower",5000,"proportion","","simulation","C0_RAW","Raw","Simulation"
"residual_run_order_gam_sd_deviance",0.197313555439377,"lower",5000,"proportion","","simulation","C0_RAW","Raw","Simulation"
"residual_ljung_box_proportion_significant",0.2482,"lower",5000,"proportion","","simulation","C0_RAW","Raw","Simulation"
"batch_weighted_pc_r2_categorical",0.965647338615417,"lower",450,"weighted R-squared","Batch is explicitly categorical.","simulation","C0_RAW","Raw","Simulation"
"retained_features",1000,"higher",1000,"features","","simulation","C0_RAW","Raw","Simulation"
"retained_samples",500,"higher",500,"samples","","simulation","C0_RAW","Raw","Simulation"
"runtime_sec",0,"lower",1,"seconds","","simulation","C0_RAW","Raw","Simulation"
"drift_profiles_corrected",,"descriptive",5000,"profiles","","simulation","C0_RAW","Raw","Simulation"
"drift_features_corrected",,"descriptive",1000,"features","","simulation","C0_RAW","Raw","Simulation"
"batch_features_corrected",,"descriptive",1000,"features","","simulation","C0_RAW","Raw","Simulation"
"truth_metabolite_profile_icc_mean",0.586183758689398,"higher",1000,"ICC(A,1)","","simulation","C0_RAW","Raw","Simulation"
"truth_sample_profile_pearson_mean",0.521842186444926,"higher",450,"correlation","","simulation","C0_RAW","Raw","Simulation"
"truth_log1p_rmse",0.290839531888212,"lower",450000,"log1p intensity","","simulation","C0_RAW","Raw","Simulation"
"heldout_qc_cv_mean",41.2391327242834,"lower",1000,"percent","","simulation","C1_OUTLIER","Outlier","Simulation"
"heldout_qc_cv_sd",26.0274392692478,"lower",1000,"percent","","simulation","C1_OUTLIER","Outlier","Simulation"
"heldout_qc_cv_median",41.419150550022,"lower",1000,"percent","","simulation","C1_OUTLIER","Outlier","Simulation"
"residual_run_order_gam_mean_deviance",0.127784583538385,"lower",5000,"proportion","","simulation","C1_OUTLIER","Outlier","Simulation"
"residual_run_order_gam_sd_deviance",0.198560630343591,"lower",5000,"proportion","","simulation","C1_OUTLIER","Outlier","Simulation"
"residual_ljung_box_proportion_significant",0.2468,"lower",5000,"proportion","","simulation","C1_OUTLIER","Outlier","Simulation"
"batch_weighted_pc_r2_categorical",0.96654180919283,"lower",450,"weighted R-squared","Batch is explicitly categorical.","simulation","C1_OUTLIER","Outlier","Simulation"
"retained_features",1000,"higher",1000,"features","","simulation","C1_OUTLIER","Outlier","Simulation"
"retained_samples",500,"higher",500,"samples","","simulation","C1_OUTLIER","Outlier","Simulation"
"runtime_sec",0.193000000000001,"lower",1,"seconds","","simulation","C1_OUTLIER","Outlier","Simulation"
"drift_profiles_corrected",,"descriptive",5000,"profiles","","simulation","C1_OUTLIER","Outlier","Simulation"
"drift_features_corrected",,"descriptive",1000,"features","","simulation","C1_OUTLIER","Outlier","Simulation"
"batch_features_corrected",,"descriptive",1000,"features","","simulation","C1_OUTLIER","Outlier","Simulation"
"truth_metabolite_profile_icc_mean",0.592393835101706,"higher",1000,"ICC(A,1)","","simulation","C1_OUTLIER","Outlier","Simulation"
"truth_sample_profile_pearson_mean",0.545068216956092,"higher",450,"correlation","","simulation","C1_OUTLIER","Outlier","Simulation"
"truth_log1p_rmse",0.255515817894849,"lower",450000,"log1p intensity","","simulation","C1_OUTLIER","Outlier","Simulation"
"heldout_qc_cv_mean",38.2656130040335,"lower",1000,"percent","","simulation","C2_SELECTIVE_DRIFT","+ selective drift","Simulation"
"heldout_qc_cv_sd",26.7176467312114,"lower",1000,"percent","","simulation","C2_SELECTIVE_DRIFT","+ selective drift","Simulation"
"heldout_qc_cv_median",40.0104566982962,"lower",1000,"percent","","simulation","C2_SELECTIVE_DRIFT","+ selective drift","Simulation"
"residual_run_order_gam_mean_deviance",0.020246546682198,"lower",5000,"proportion","","simulation","C2_SELECTIVE_DRIFT","+ selective drift","Simulation"
"residual_run_order_gam_sd_deviance",0.0337595903614039,"lower",5000,"proportion","","simulation","C2_SELECTIVE_DRIFT","+ selective drift","Simulation"
"residual_ljung_box_proportion_significant",0.0078,"lower",5000,"proportion","","simulation","C2_SELECTIVE_DRIFT","+ selective drift","Simulation"
"batch_weighted_pc_r2_categorical",0.988740453759014,"lower",450,"weighted R-squared","Batch is explicitly categorical.","simulation","C2_SELECTIVE_DRIFT","+ selective drift","Simulation"
"retained_features",1000,"higher",1000,"features","","simulation","C2_SELECTIVE_DRIFT","+ selective drift","Simulation"
"retained_samples",500,"higher",500,"samples","","simulation","C2_SELECTIVE_DRIFT","+ selective drift","Simulation"
"runtime_sec",4.365,"lower",1,"seconds","","simulation","C2_SELECTIVE_DRIFT","+ selective drift","Simulation"
"drift_profiles_corrected",1440,"descriptive",5000,"profiles","","simulation","C2_SELECTIVE_DRIFT","+ selective drift","Simulation"
"drift_features_corrected",655,"descriptive",1000,"features","","simulation","C2_SELECTIVE_DRIFT","+ selective drift","Simulation"
"batch_features_corrected",,"descriptive",1000,"features","","simulation","C2_SELECTIVE_DRIFT","+ selective drift","Simulation"
"truth_metabolite_profile_icc_mean",0.625731179450323,"higher",1000,"ICC(A,1)","","simulation","C2_SELECTIVE_DRIFT","+ selective drift","Simulation"
"truth_sample_profile_pearson_mean",0.556054220859967,"higher",450,"correlation","","simulation","C2_SELECTIVE_DRIFT","+ selective drift","Simulation"
"truth_log1p_rmse",0.244131223724653,"lower",450000,"log1p intensity","","simulation","C2_SELECTIVE_DRIFT","+ selective drift","Simulation"
"heldout_qc_cv_mean",8.76629278513728,"lower",1000,"percent","","simulation","C3_SELECTIVE_BATCH","+ selective batch","Simulation"
"heldout_qc_cv_sd",6.24541161559367,"lower",1000,"percent","","simulation","C3_SELECTIVE_BATCH","+ selective batch","Simulation"
"heldout_qc_cv_median",7.76573226958891,"lower",1000,"percent","","simulation","C3_SELECTIVE_BATCH","+ selective batch","Simulation"
"residual_run_order_gam_mean_deviance",0.0202464765939647,"lower",5000,"proportion","","simulation","C3_SELECTIVE_BATCH","+ selective batch","Simulation"
"residual_run_order_gam_sd_deviance",0.0337596289190507,"lower",5000,"proportion","","simulation","C3_SELECTIVE_BATCH","+ selective batch","Simulation"
"residual_ljung_box_proportion_significant",0.0078,"lower",5000,"proportion","","simulation","C3_SELECTIVE_BATCH","+ selective batch","Simulation"
"batch_weighted_pc_r2_categorical",0.00100003444860318,"lower",450,"weighted R-squared","Batch is explicitly categorical.","simulation","C3_SELECTIVE_BATCH","+ selective batch","Simulation"
"retained_features",1000,"higher",1000,"features","","simulation","C3_SELECTIVE_BATCH","+ selective batch","Simulation"
"retained_samples",500,"higher",500,"samples","","simulation","C3_SELECTIVE_BATCH","+ selective batch","Simulation"
"runtime_sec",5.706,"lower",1,"seconds","","simulation","C3_SELECTIVE_BATCH","+ selective batch","Simulation"
"drift_profiles_corrected",1440,"descriptive",5000,"profiles","","simulation","C3_SELECTIVE_BATCH","+ selective batch","Simulation"
"drift_features_corrected",655,"descriptive",1000,"features","","simulation","C3_SELECTIVE_BATCH","+ selective batch","Simulation"
"batch_features_corrected",725,"descriptive",1000,"features","","simulation","C3_SELECTIVE_BATCH","+ selective batch","Simulation"
"truth_metabolite_profile_icc_mean",0.922210881985038,"higher",1000,"ICC(A,1)","","simulation","C3_SELECTIVE_BATCH","+ selective batch","Simulation"
"truth_sample_profile_pearson_mean",0.925722979080725,"higher",450,"correlation","","simulation","C3_SELECTIVE_BATCH","+ selective batch","Simulation"
"truth_log1p_rmse",0.0717287587917801,"lower",450000,"log1p intensity","","simulation","C3_SELECTIVE_BATCH","+ selective batch","Simulation"
"heldout_qc_cv_mean",8.76629278513728,"lower",1000,"percent","","simulation","C4_FULL_FIXED","+ PQN","Simulation"
"heldout_qc_cv_sd",6.24541161559367,"lower",1000,"percent","","simulation","C4_FULL_FIXED","+ PQN","Simulation"
"heldout_qc_cv_median",7.76573226958891,"lower",1000,"percent","","simulation","C4_FULL_FIXED","+ PQN","Simulation"
"residual_run_order_gam_mean_deviance",0.020259360410254,"lower",5000,"proportion","","simulation","C4_FULL_FIXED","+ PQN","Simulation"
"residual_run_order_gam_sd_deviance",0.033790592433155,"lower",5000,"proportion","","simulation","C4_FULL_FIXED","+ PQN","Simulation"
"residual_ljung_box_proportion_significant",0.0078,"lower",5000,"proportion","","simulation","C4_FULL_FIXED","+ PQN","Simulation"
"batch_weighted_pc_r2_categorical",0.000984578035653711,"lower",450,"weighted R-squared","Batch is explicitly categorical.","simulation","C4_FULL_FIXED","+ PQN","Simulation"
"retained_features",1000,"higher",1000,"features","","simulation","C4_FULL_FIXED","+ PQN","Simulation"
"retained_samples",500,"higher",500,"samples","","simulation","C4_FULL_FIXED","+ PQN","Simulation"
"runtime_sec",6.119,"lower",1,"seconds","","simulation","C4_FULL_FIXED","+ PQN","Simulation"
"drift_profiles_corrected",1440,"descriptive",5000,"profiles","","simulation","C4_FULL_FIXED","+ PQN","Simulation"
"drift_features_corrected",655,"descriptive",1000,"features","","simulation","C4_FULL_FIXED","+ PQN","Simulation"
"batch_features_corrected",725,"descriptive",1000,"features","","simulation","C4_FULL_FIXED","+ PQN","Simulation"
"truth_metabolite_profile_icc_mean",0.922101988056287,"higher",1000,"ICC(A,1)","","simulation","C4_FULL_FIXED","+ PQN","Simulation"
"truth_sample_profile_pearson_mean",0.925722367961271,"higher",450,"correlation","","simulation","C4_FULL_FIXED","+ PQN","Simulation"
"truth_log1p_rmse",0.0717656363030658,"lower",450000,"log1p intensity","","simulation","C4_FULL_FIXED","+ PQN","Simulation"
"heldout_qc_cv_mean",8.76629278513728,"lower",1000,"percent","","simulation","G_SS","selective/selective","Simulation"
"heldout_qc_cv_sd",6.24541161559367,"lower",1000,"percent","","simulation","G_SS","selective/selective","Simulation"
"heldout_qc_cv_median",7.76573226958891,"lower",1000,"percent","","simulation","G_SS","selective/selective","Simulation"
"residual_run_order_gam_mean_deviance",0.020259360410254,"lower",5000,"proportion","","simulation","G_SS","selective/selective","Simulation"
"residual_run_order_gam_sd_deviance",0.033790592433155,"lower",5000,"proportion","","simulation","G_SS","selective/selective","Simulation"
"residual_ljung_box_proportion_significant",0.0078,"lower",5000,"proportion","","simulation","G_SS","selective/selective","Simulation"
"batch_weighted_pc_r2_categorical",0.000984578035653711,"lower",450,"weighted R-squared","Batch is explicitly categorical.","simulation","G_SS","selective/selective","Simulation"
"retained_features",1000,"higher",1000,"features","","simulation","G_SS","selective/selective","Simulation"
"retained_samples",500,"higher",500,"samples","","simulation","G_SS","selective/selective","Simulation"
"runtime_sec",6.119,"lower",1,"seconds","","simulation","G_SS","selective/selective","Simulation"
"drift_profiles_corrected",1440,"descriptive",5000,"profiles","","simulation","G_SS","selective/selective","Simulation"
"drift_features_corrected",655,"descriptive",1000,"features","","simulation","G_SS","selective/selective","Simulation"
"batch_features_corrected",725,"descriptive",1000,"features","","simulation","G_SS","selective/selective","Simulation"
"truth_metabolite_profile_icc_mean",0.922101988056287,"higher",1000,"ICC(A,1)","","simulation","G_SS","selective/selective","Simulation"
"truth_sample_profile_pearson_mean",0.925722367961271,"higher",450,"correlation","","simulation","G_SS","selective/selective","Simulation"
"truth_log1p_rmse",0.0717656363030658,"lower",450000,"log1p intensity","","simulation","G_SS","selective/selective","Simulation"
"heldout_qc_cv_mean",10.7950921650205,"lower",1000,"percent","","simulation","G_AS","all/selective","Simulation"
"heldout_qc_cv_sd",5.09851469131674,"lower",1000,"percent","","simulation","G_AS","all/selective","Simulation"
"heldout_qc_cv_median",9.43095014939824,"lower",1000,"percent","","simulation","G_AS","all/selective","Simulation"
"residual_run_order_gam_mean_deviance",0.000773516898207875,"lower",5000,"proportion","","simulation","G_AS","all/selective","Simulation"
"residual_run_order_gam_sd_deviance",0.00295914512847696,"lower",5000,"proportion","","simulation","G_AS","all/selective","Simulation"
"residual_ljung_box_proportion_significant",0.0132,"lower",5000,"proportion","","simulation","G_AS","all/selective","Simulation"
"batch_weighted_pc_r2_categorical",0.000850718286039682,"lower",450,"weighted R-squared","Batch is explicitly categorical.","simulation","G_AS","all/selective","Simulation"
"retained_features",1000,"higher",1000,"features","","simulation","G_AS","all/selective","Simulation"
"retained_samples",500,"higher",500,"samples","","simulation","G_AS","all/selective","Simulation"
"runtime_sec",13.657,"lower",1,"seconds","","simulation","G_AS","all/selective","Simulation"
"drift_profiles_corrected",5000,"descriptive",5000,"profiles","","simulation","G_AS","all/selective","Simulation"
"drift_features_corrected",1000,"descriptive",1000,"features","","simulation","G_AS","all/selective","Simulation"
"batch_features_corrected",728,"descriptive",1000,"features","","simulation","G_AS","all/selective","Simulation"
"truth_metabolite_profile_icc_mean",0.910460210285255,"higher",1000,"ICC(A,1)","","simulation","G_AS","all/selective","Simulation"
"truth_sample_profile_pearson_mean",0.914863811819088,"higher",450,"correlation","","simulation","G_AS","all/selective","Simulation"
"truth_log1p_rmse",0.0755212043596487,"lower",450000,"log1p intensity","","simulation","G_AS","all/selective","Simulation"
"heldout_qc_cv_mean",9.10860426114912,"lower",1000,"percent","","simulation","G_SA","selective/all","Simulation"
"heldout_qc_cv_sd",5.90142525941107,"lower",1000,"percent","","simulation","G_SA","selective/all","Simulation"
"heldout_qc_cv_median",7.85893016567543,"lower",1000,"percent","","simulation","G_SA","selective/all","Simulation"
"residual_run_order_gam_mean_deviance",0.0202504886317659,"lower",5000,"proportion","","simulation","G_SA","selective/all","Simulation"
"residual_run_order_gam_sd_deviance",0.0337660629426647,"lower",5000,"proportion","","simulation","G_SA","selective/all","Simulation"
"residual_ljung_box_proportion_significant",0.0078,"lower",5000,"proportion","","simulation","G_SA","selective/all","Simulation"
"batch_weighted_pc_r2_categorical",9.15272892016977e-05,"lower",450,"weighted R-squared","Batch is explicitly categorical.","simulation","G_SA","selective/all","Simulation"
"retained_features",1000,"higher",1000,"features","","simulation","G_SA","selective/all","Simulation"
"retained_samples",500,"higher",500,"samples","","simulation","G_SA","selective/all","Simulation"
"runtime_sec",5.792,"lower",1,"seconds","","simulation","G_SA","selective/all","Simulation"
"drift_profiles_corrected",1440,"descriptive",5000,"profiles","","simulation","G_SA","selective/all","Simulation"
"drift_features_corrected",655,"descriptive",1000,"features","","simulation","G_SA","selective/all","Simulation"
"batch_features_corrected",1000,"descriptive",1000,"features","","simulation","G_SA","selective/all","Simulation"
"truth_metabolite_profile_icc_mean",0.921230243391027,"higher",1000,"ICC(A,1)","","simulation","G_SA","selective/all","Simulation"
"truth_sample_profile_pearson_mean",0.924797943507282,"higher",450,"correlation","","simulation","G_SA","selective/all","Simulation"
"truth_log1p_rmse",0.0721145524012737,"lower",450000,"log1p intensity","","simulation","G_SA","selective/all","Simulation"
"heldout_qc_cv_mean",10.9169677941253,"lower",1000,"percent","","simulation","G_AA","all/all","Simulation"
"heldout_qc_cv_sd",5.06025497581264,"lower",1000,"percent","","simulation","G_AA","all/all","Simulation"
"heldout_qc_cv_median",9.70138424815032,"lower",1000,"percent","","simulation","G_AA","all/all","Simulation"
"residual_run_order_gam_mean_deviance",0.000773314503840401,"lower",5000,"proportion","","simulation","G_AA","all/all","Simulation"
"residual_run_order_gam_sd_deviance",0.00296620240447871,"lower",5000,"proportion","","simulation","G_AA","all/all","Simulation"
"residual_ljung_box_proportion_significant",0.013,"lower",5000,"proportion","","simulation","G_AA","all/all","Simulation"
"batch_weighted_pc_r2_categorical",0.000105489848278708,"lower",450,"weighted R-squared","Batch is explicitly categorical.","simulation","G_AA","all/all","Simulation"
"retained_features",1000,"higher",1000,"features","","simulation","G_AA","all/all","Simulation"
"retained_samples",500,"higher",500,"samples","","simulation","G_AA","all/all","Simulation"
"runtime_sec",13.973,"lower",1,"seconds","","simulation","G_AA","all/all","Simulation"
"drift_profiles_corrected",5000,"descriptive",5000,"profiles","","simulation","G_AA","all/all","Simulation"
"drift_features_corrected",1000,"descriptive",1000,"features","","simulation","G_AA","all/all","Simulation"
"batch_features_corrected",1000,"descriptive",1000,"features","","simulation","G_AA","all/all","Simulation"
"truth_metabolite_profile_icc_mean",0.909547858318861,"higher",1000,"ICC(A,1)","","simulation","G_AA","all/all","Simulation"
"truth_sample_profile_pearson_mean",0.913957044306018,"higher",450,"correlation","","simulation","G_AA","all/all","Simulation"
"truth_log1p_rmse",0.075859055149693,"lower",450000,"log1p intensity","","simulation","G_AA","all/all","Simulation"
"heldout_qc_cv_mean",28.75722275311,"lower",2488,"percent","","mtbls79","C0_RAW","Raw","MTBLS79"
"heldout_qc_cv_sd",19.850171192336,"lower",2488,"percent","","mtbls79","C0_RAW","Raw","MTBLS79"
"heldout_qc_cv_median",23.4934863428841,"lower",2488,"percent","","mtbls79","C0_RAW","Raw","MTBLS79"
"residual_run_order_gam_mean_deviance",0.14171601494383,"lower",19904,"proportion","","mtbls79","C0_RAW","Raw","MTBLS79"
"residual_run_order_gam_sd_deviance",0.170234776182955,"lower",19904,"proportion","","mtbls79","C0_RAW","Raw","MTBLS79"
"residual_ljung_box_proportion_significant",0.00296422829581994,"lower",19904,"proportion","","mtbls79","C0_RAW","Raw","MTBLS79"
"batch_weighted_pc_r2_categorical",0.36098533296055,"lower",134,"weighted R-squared","Batch is explicitly categorical.","mtbls79","C0_RAW","Raw","MTBLS79"
"retained_features",2488,"higher",2488,"features","","mtbls79","C0_RAW","Raw","MTBLS79"
"retained_samples",172,"higher",172,"samples","","mtbls79","C0_RAW","Raw","MTBLS79"
"runtime_sec",0,"lower",1,"seconds","","mtbls79","C0_RAW","Raw","MTBLS79"
"drift_profiles_corrected",,"descriptive",19904,"profiles","","mtbls79","C0_RAW","Raw","MTBLS79"
"drift_features_corrected",,"descriptive",2488,"features","","mtbls79","C0_RAW","Raw","MTBLS79"
"batch_features_corrected",,"descriptive",2488,"features","","mtbls79","C0_RAW","Raw","MTBLS79"
"biological_weighted_pc_r2",0.342783223437302,"higher",134,"weighted R-squared","","mtbls79","C0_RAW","Raw","MTBLS79"
"metabolite_icc_a1_median",0.548997409303439,"higher",2488,"ICC(A,1)","","mtbls79","C0_RAW","Raw","MTBLS79"
"sample_replicate_pearson_median",0.952320686738354,"higher",20,"correlation","","mtbls79","C0_RAW","Raw","MTBLS79"
"biological_associated_features",990,"context",2488,"features","","mtbls79","C0_RAW","Raw","MTBLS79"
"heldout_qc_cv_mean",27.5865055843937,"lower",2488,"percent","","mtbls79","C1_OUTLIER","Outlier","MTBLS79"
"heldout_qc_cv_sd",17.1140524849193,"lower",2488,"percent","","mtbls79","C1_OUTLIER","Outlier","MTBLS79"
"heldout_qc_cv_median",23.4475897689018,"lower",2488,"percent","","mtbls79","C1_OUTLIER","Outlier","MTBLS79"
"residual_run_order_gam_mean_deviance",0.140717358977857,"lower",19904,"proportion","","mtbls79","C1_OUTLIER","Outlier","MTBLS79"
"residual_run_order_gam_sd_deviance",0.169573479565617,"lower",19904,"proportion","","mtbls79","C1_OUTLIER","Outlier","MTBLS79"
"residual_ljung_box_proportion_significant",0.00331591639871383,"lower",19904,"proportion","","mtbls79","C1_OUTLIER","Outlier","MTBLS79"
"batch_weighted_pc_r2_categorical",0.357984777237142,"lower",134,"weighted R-squared","Batch is explicitly categorical.","mtbls79","C1_OUTLIER","Outlier","MTBLS79"
"retained_features",2488,"higher",2488,"features","","mtbls79","C1_OUTLIER","Outlier","MTBLS79"
"retained_samples",172,"higher",172,"samples","","mtbls79","C1_OUTLIER","Outlier","MTBLS79"
"runtime_sec",0.323,"lower",1,"seconds","","mtbls79","C1_OUTLIER","Outlier","MTBLS79"
"drift_profiles_corrected",,"descriptive",19904,"profiles","","mtbls79","C1_OUTLIER","Outlier","MTBLS79"
"drift_features_corrected",,"descriptive",2488,"features","","mtbls79","C1_OUTLIER","Outlier","MTBLS79"
"batch_features_corrected",,"descriptive",2488,"features","","mtbls79","C1_OUTLIER","Outlier","MTBLS79"
"biological_weighted_pc_r2",0.345429955300864,"higher",134,"weighted R-squared","","mtbls79","C1_OUTLIER","Outlier","MTBLS79"
"metabolite_icc_a1_median",0.54081585592398,"higher",2488,"ICC(A,1)","","mtbls79","C1_OUTLIER","Outlier","MTBLS79"
"sample_replicate_pearson_median",0.959213383538247,"higher",20,"correlation","","mtbls79","C1_OUTLIER","Outlier","MTBLS79"
"biological_associated_features",994,"context",2488,"features","","mtbls79","C1_OUTLIER","Outlier","MTBLS79"
"heldout_qc_cv_mean",27.5561000009742,"lower",2488,"percent","","mtbls79","C2_SELECTIVE_DRIFT","+ selective drift","MTBLS79"
"heldout_qc_cv_sd",17.0818595521971,"lower",2488,"percent","","mtbls79","C2_SELECTIVE_DRIFT","+ selective drift","MTBLS79"
"heldout_qc_cv_median",23.4475897689018,"lower",2488,"percent","","mtbls79","C2_SELECTIVE_DRIFT","+ selective drift","MTBLS79"
"residual_run_order_gam_mean_deviance",0.139589741711729,"lower",19904,"proportion","","mtbls79","C2_SELECTIVE_DRIFT","+ selective drift","MTBLS79"
"residual_run_order_gam_sd_deviance",0.167654110028989,"lower",19904,"proportion","","mtbls79","C2_SELECTIVE_DRIFT","+ selective drift","MTBLS79"
"residual_ljung_box_proportion_significant",0.00231109324758842,"lower",19904,"proportion","","mtbls79","C2_SELECTIVE_DRIFT","+ selective drift","MTBLS79"
"batch_weighted_pc_r2_categorical",0.358249540457095,"lower",134,"weighted R-squared","Batch is explicitly categorical.","mtbls79","C2_SELECTIVE_DRIFT","+ selective drift","MTBLS79"
"retained_features",2488,"higher",2488,"features","","mtbls79","C2_SELECTIVE_DRIFT","+ selective drift","MTBLS79"
"retained_samples",172,"higher",172,"samples","","mtbls79","C2_SELECTIVE_DRIFT","+ selective drift","MTBLS79"
"runtime_sec",4.081,"lower",1,"seconds","","mtbls79","C2_SELECTIVE_DRIFT","+ selective drift","MTBLS79"
"drift_profiles_corrected",52,"descriptive",19904,"profiles","","mtbls79","C2_SELECTIVE_DRIFT","+ selective drift","MTBLS79"
"drift_features_corrected",40,"descriptive",2488,"features","","mtbls79","C2_SELECTIVE_DRIFT","+ selective drift","MTBLS79"
"batch_features_corrected",,"descriptive",2488,"features","","mtbls79","C2_SELECTIVE_DRIFT","+ selective drift","MTBLS79"
"biological_weighted_pc_r2",0.345427199536838,"higher",134,"weighted R-squared","","mtbls79","C2_SELECTIVE_DRIFT","+ selective drift","MTBLS79"
"metabolite_icc_a1_median",0.540871105246711,"higher",2488,"ICC(A,1)","","mtbls79","C2_SELECTIVE_DRIFT","+ selective drift","MTBLS79"
"sample_replicate_pearson_median",0.959251739357713,"higher",20,"correlation","","mtbls79","C2_SELECTIVE_DRIFT","+ selective drift","MTBLS79"
"biological_associated_features",994,"context",2488,"features","","mtbls79","C2_SELECTIVE_DRIFT","+ selective drift","MTBLS79"
"heldout_qc_cv_mean",17.15852523133,"lower",2488,"percent","","mtbls79","C3_SELECTIVE_BATCH","+ selective batch","MTBLS79"
"heldout_qc_cv_sd",9.74291471805806,"lower",2488,"percent","","mtbls79","C3_SELECTIVE_BATCH","+ selective batch","MTBLS79"
"heldout_qc_cv_median",14.6702706829316,"lower",2488,"percent","","mtbls79","C3_SELECTIVE_BATCH","+ selective batch","MTBLS79"
"residual_run_order_gam_mean_deviance",0.139589741711729,"lower",19904,"proportion","","mtbls79","C3_SELECTIVE_BATCH","+ selective batch","MTBLS79"
"residual_run_order_gam_sd_deviance",0.167654110028989,"lower",19904,"proportion","","mtbls79","C3_SELECTIVE_BATCH","+ selective batch","MTBLS79"
"residual_ljung_box_proportion_significant",0.00231109324758842,"lower",19904,"proportion","","mtbls79","C3_SELECTIVE_BATCH","+ selective batch","MTBLS79"
"batch_weighted_pc_r2_categorical",0.0108579797120387,"lower",134,"weighted R-squared","Batch is explicitly categorical.","mtbls79","C3_SELECTIVE_BATCH","+ selective batch","MTBLS79"
"retained_features",2488,"higher",2488,"features","","mtbls79","C3_SELECTIVE_BATCH","+ selective batch","MTBLS79"
"retained_samples",172,"higher",172,"samples","","mtbls79","C3_SELECTIVE_BATCH","+ selective batch","MTBLS79"
"runtime_sec",7.46,"lower",1,"seconds","","mtbls79","C3_SELECTIVE_BATCH","+ selective batch","MTBLS79"
"drift_profiles_corrected",52,"descriptive",19904,"profiles","","mtbls79","C3_SELECTIVE_BATCH","+ selective batch","MTBLS79"
"drift_features_corrected",40,"descriptive",2488,"features","","mtbls79","C3_SELECTIVE_BATCH","+ selective batch","MTBLS79"
"batch_features_corrected",1860,"descriptive",2488,"features","","mtbls79","C3_SELECTIVE_BATCH","+ selective batch","MTBLS79"
"biological_weighted_pc_r2",0.469373203211969,"higher",134,"weighted R-squared","","mtbls79","C3_SELECTIVE_BATCH","+ selective batch","MTBLS79"
"metabolite_icc_a1_median",0.663483714430044,"higher",2488,"ICC(A,1)","","mtbls79","C3_SELECTIVE_BATCH","+ selective batch","MTBLS79"
"sample_replicate_pearson_median",0.975436813944675,"higher",20,"correlation","","mtbls79","C3_SELECTIVE_BATCH","+ selective batch","MTBLS79"
"biological_associated_features",1001,"context",2488,"features","","mtbls79","C3_SELECTIVE_BATCH","+ selective batch","MTBLS79"
"heldout_qc_cv_mean",16.6785376235596,"lower",2488,"percent","","mtbls79","C4_FULL_FIXED","+ PQN","MTBLS79"
"heldout_qc_cv_sd",9.84009169616315,"lower",2488,"percent","","mtbls79","C4_FULL_FIXED","+ PQN","MTBLS79"
"heldout_qc_cv_median",14.2477224431198,"lower",2488,"percent","","mtbls79","C4_FULL_FIXED","+ PQN","MTBLS79"
"residual_run_order_gam_mean_deviance",0.140078697278888,"lower",19904,"proportion","","mtbls79","C4_FULL_FIXED","+ PQN","MTBLS79"
"residual_run_order_gam_sd_deviance",0.168153066112504,"lower",19904,"proportion","","mtbls79","C4_FULL_FIXED","+ PQN","MTBLS79"
"residual_ljung_box_proportion_significant",0.00221061093247588,"lower",19904,"proportion","","mtbls79","C4_FULL_FIXED","+ PQN","MTBLS79"
"batch_weighted_pc_r2_categorical",0.0108480104370861,"lower",134,"weighted R-squared","Batch is explicitly categorical.","mtbls79","C4_FULL_FIXED","+ PQN","MTBLS79"
"retained_features",2488,"higher",2488,"features","","mtbls79","C4_FULL_FIXED","+ PQN","MTBLS79"
"retained_samples",172,"higher",172,"samples","","mtbls79","C4_FULL_FIXED","+ PQN","MTBLS79"
"runtime_sec",7.589,"lower",1,"seconds","","mtbls79","C4_FULL_FIXED","+ PQN","MTBLS79"
"drift_profiles_corrected",52,"descriptive",19904,"profiles","","mtbls79","C4_FULL_FIXED","+ PQN","MTBLS79"
"drift_features_corrected",40,"descriptive",2488,"features","","mtbls79","C4_FULL_FIXED","+ PQN","MTBLS79"
"batch_features_corrected",1860,"descriptive",2488,"features","","mtbls79","C4_FULL_FIXED","+ PQN","MTBLS79"
"biological_weighted_pc_r2",0.471479113913378,"higher",134,"weighted R-squared","","mtbls79","C4_FULL_FIXED","+ PQN","MTBLS79"
"metabolite_icc_a1_median",0.674414477673406,"higher",2488,"ICC(A,1)","","mtbls79","C4_FULL_FIXED","+ PQN","MTBLS79"
"sample_replicate_pearson_median",0.975436813944675,"higher",20,"correlation","","mtbls79","C4_FULL_FIXED","+ PQN","MTBLS79"
"biological_associated_features",1013,"context",2488,"features","","mtbls79","C4_FULL_FIXED","+ PQN","MTBLS79"
"heldout_qc_cv_mean",16.6785376235596,"lower",2488,"percent","","mtbls79","G_SS","selective/selective","MTBLS79"
"heldout_qc_cv_sd",9.84009169616315,"lower",2488,"percent","","mtbls79","G_SS","selective/selective","MTBLS79"
"heldout_qc_cv_median",14.2477224431198,"lower",2488,"percent","","mtbls79","G_SS","selective/selective","MTBLS79"
"residual_run_order_gam_mean_deviance",0.140078697278888,"lower",19904,"proportion","","mtbls79","G_SS","selective/selective","MTBLS79"
"residual_run_order_gam_sd_deviance",0.168153066112504,"lower",19904,"proportion","","mtbls79","G_SS","selective/selective","MTBLS79"
"residual_ljung_box_proportion_significant",0.00221061093247588,"lower",19904,"proportion","","mtbls79","G_SS","selective/selective","MTBLS79"
"batch_weighted_pc_r2_categorical",0.0108480104370861,"lower",134,"weighted R-squared","Batch is explicitly categorical.","mtbls79","G_SS","selective/selective","MTBLS79"
"retained_features",2488,"higher",2488,"features","","mtbls79","G_SS","selective/selective","MTBLS79"
"retained_samples",172,"higher",172,"samples","","mtbls79","G_SS","selective/selective","MTBLS79"
"runtime_sec",7.589,"lower",1,"seconds","","mtbls79","G_SS","selective/selective","MTBLS79"
"drift_profiles_corrected",52,"descriptive",19904,"profiles","","mtbls79","G_SS","selective/selective","MTBLS79"
"drift_features_corrected",40,"descriptive",2488,"features","","mtbls79","G_SS","selective/selective","MTBLS79"
"batch_features_corrected",1860,"descriptive",2488,"features","","mtbls79","G_SS","selective/selective","MTBLS79"
"biological_weighted_pc_r2",0.471479113913378,"higher",134,"weighted R-squared","","mtbls79","G_SS","selective/selective","MTBLS79"
"metabolite_icc_a1_median",0.674414477673406,"higher",2488,"ICC(A,1)","","mtbls79","G_SS","selective/selective","MTBLS79"
"sample_replicate_pearson_median",0.975436813944675,"higher",20,"correlation","","mtbls79","G_SS","selective/selective","MTBLS79"
"biological_associated_features",1013,"context",2488,"features","","mtbls79","G_SS","selective/selective","MTBLS79"
"heldout_qc_cv_mean",19.8303472738463,"lower",2488,"percent","","mtbls79","G_AS","all/selective","MTBLS79"
"heldout_qc_cv_sd",10.5297021007681,"lower",2488,"percent","","mtbls79","G_AS","all/selective","MTBLS79"
"heldout_qc_cv_median",17.5056258145901,"lower",2488,"percent","","mtbls79","G_AS","all/selective","MTBLS79"
"residual_run_order_gam_mean_deviance",0.0212930395917055,"lower",19904,"proportion","","mtbls79","G_AS","all/selective","MTBLS79"
"residual_run_order_gam_sd_deviance",0.0458380731580205,"lower",19904,"proportion","","mtbls79","G_AS","all/selective","MTBLS79"
"residual_ljung_box_proportion_significant",0.0789288585209003,"lower",19904,"proportion","","mtbls79","G_AS","all/selective","MTBLS79"
"batch_weighted_pc_r2_categorical",0.00638791838609736,"lower",134,"weighted R-squared","Batch is explicitly categorical.","mtbls79","G_AS","all/selective","MTBLS79"
"retained_features",2488,"higher",2488,"features","","mtbls79","G_AS","all/selective","MTBLS79"
"retained_samples",172,"higher",172,"samples","","mtbls79","G_AS","all/selective","MTBLS79"
"runtime_sec",49.703,"lower",1,"seconds","","mtbls79","G_AS","all/selective","MTBLS79"
"drift_profiles_corrected",19904,"descriptive",19904,"profiles","","mtbls79","G_AS","all/selective","MTBLS79"
"drift_features_corrected",2488,"descriptive",2488,"features","","mtbls79","G_AS","all/selective","MTBLS79"
"batch_features_corrected",2060,"descriptive",2488,"features","","mtbls79","G_AS","all/selective","MTBLS79"
"biological_weighted_pc_r2",0.459601565639676,"higher",134,"weighted R-squared","","mtbls79","G_AS","all/selective","MTBLS79"
"metabolite_icc_a1_median",0.640185554278018,"higher",2488,"ICC(A,1)","","mtbls79","G_AS","all/selective","MTBLS79"
"sample_replicate_pearson_median",0.981099298652759,"higher",20,"correlation","","mtbls79","G_AS","all/selective","MTBLS79"
"biological_associated_features",1067,"context",2488,"features","","mtbls79","G_AS","all/selective","MTBLS79"
"heldout_qc_cv_mean",15.9700072181085,"lower",2488,"percent","","mtbls79","G_SA","selective/all","MTBLS79"
"heldout_qc_cv_sd",9.72836425484772,"lower",2488,"percent","","mtbls79","G_SA","selective/all","MTBLS79"
"heldout_qc_cv_median",13.4413312879625,"lower",2488,"percent","","mtbls79","G_SA","selective/all","MTBLS79"
"residual_run_order_gam_mean_deviance",0.139901896201484,"lower",19904,"proportion","","mtbls79","G_SA","selective/all","MTBLS79"
"residual_run_order_gam_sd_deviance",0.168141961932324,"lower",19904,"proportion","","mtbls79","G_SA","selective/all","MTBLS79"
"residual_ljung_box_proportion_significant",0.00221061093247588,"lower",19904,"proportion","","mtbls79","G_SA","selective/all","MTBLS79"
"batch_weighted_pc_r2_categorical",0.0106558279333553,"lower",134,"weighted R-squared","Batch is explicitly categorical.","mtbls79","G_SA","selective/all","MTBLS79"
"retained_features",2488,"higher",2488,"features","","mtbls79","G_SA","selective/all","MTBLS79"
"retained_samples",172,"higher",172,"samples","","mtbls79","G_SA","selective/all","MTBLS79"
"runtime_sec",7.19299999999999,"lower",1,"seconds","","mtbls79","G_SA","selective/all","MTBLS79"
"drift_profiles_corrected",52,"descriptive",19904,"profiles","","mtbls79","G_SA","selective/all","MTBLS79"
"drift_features_corrected",40,"descriptive",2488,"features","","mtbls79","G_SA","selective/all","MTBLS79"
"batch_features_corrected",2488,"descriptive",2488,"features","","mtbls79","G_SA","selective/all","MTBLS79"
"biological_weighted_pc_r2",0.471170085143598,"higher",134,"weighted R-squared","","mtbls79","G_SA","selective/all","MTBLS79"
"metabolite_icc_a1_median",0.681807145737552,"higher",2488,"ICC(A,1)","","mtbls79","G_SA","selective/all","MTBLS79"
"sample_replicate_pearson_median",0.976760590417258,"higher",20,"correlation","","mtbls79","G_SA","selective/all","MTBLS79"
"biological_associated_features",1015,"context",2488,"features","","mtbls79","G_SA","selective/all","MTBLS79"
"heldout_qc_cv_mean",19.3110113171568,"lower",2488,"percent","","mtbls79","G_AA","all/all","MTBLS79"
"heldout_qc_cv_sd",9.94970090443233,"lower",2488,"percent","","mtbls79","G_AA","all/all","MTBLS79"
"heldout_qc_cv_median",17.2530110911805,"lower",2488,"percent","","mtbls79","G_AA","all/all","MTBLS79"
"residual_run_order_gam_mean_deviance",0.0213675974302673,"lower",19904,"proportion","","mtbls79","G_AA","all/all","MTBLS79"
"residual_run_order_gam_sd_deviance",0.0459064374124867,"lower",19904,"proportion","","mtbls79","G_AA","all/all","MTBLS79"
"residual_ljung_box_proportion_significant",0.0791800643086817,"lower",19904,"proportion","","mtbls79","G_AA","all/all","MTBLS79"
"batch_weighted_pc_r2_categorical",0.00571273868069983,"lower",134,"weighted R-squared","Batch is explicitly categorical.","mtbls79","G_AA","all/all","MTBLS79"
"retained_features",2488,"higher",2488,"features","","mtbls79","G_AA","all/all","MTBLS79"
"retained_samples",172,"higher",172,"samples","","mtbls79","G_AA","all/all","MTBLS79"
"runtime_sec",49.407,"lower",1,"seconds","","mtbls79","G_AA","all/all","MTBLS79"
"drift_profiles_corrected",19904,"descriptive",19904,"profiles","","mtbls79","G_AA","all/all","MTBLS79"
"drift_features_corrected",2488,"descriptive",2488,"features","","mtbls79","G_AA","all/all","MTBLS79"
"batch_features_corrected",2488,"descriptive",2488,"features","","mtbls79","G_AA","all/all","MTBLS79"
"biological_weighted_pc_r2",0.459294623758875,"higher",134,"weighted R-squared","","mtbls79","G_AA","all/all","MTBLS79"
"metabolite_icc_a1_median",0.641333529494254,"higher",2488,"ICC(A,1)","","mtbls79","G_AA","all/all","MTBLS79"
"sample_replicate_pearson_median",0.982157563732513,"higher",20,"correlation","","mtbls79","G_AA","all/all","MTBLS79"
"biological_associated_features",1066,"context",2488,"features","","mtbls79","G_AA","all/all","MTBLS79"
"heldout_qc_cv_mean",16.5943872074111,"lower",1594,"percent","","clinical_fiams","C0_RAW","Raw","Clinical FIA-MS"
"heldout_qc_cv_sd",10.7422622680348,"lower",1594,"percent","","clinical_fiams","C0_RAW","Raw","Clinical FIA-MS"
"heldout_qc_cv_median",13.9934798577153,"lower",1594,"percent","","clinical_fiams","C0_RAW","Raw","Clinical FIA-MS"
"residual_run_order_gam_mean_deviance",0.120300147162855,"lower",12752,"proportion","","clinical_fiams","C0_RAW","Raw","Clinical FIA-MS"
"residual_run_order_gam_sd_deviance",0.145174570642038,"lower",12752,"proportion","","clinical_fiams","C0_RAW","Raw","Clinical FIA-MS"
"residual_ljung_box_proportion_significant",0.154720828105395,"lower",12752,"proportion","","clinical_fiams","C0_RAW","Raw","Clinical FIA-MS"
"batch_weighted_pc_r2_categorical",0.150509455379697,"lower",536,"weighted R-squared","Batch is explicitly categorical.","clinical_fiams","C0_RAW","Raw","Clinical FIA-MS"
"retained_features",1594,"higher",1594,"features","","clinical_fiams","C0_RAW","Raw","Clinical FIA-MS"
"retained_samples",660,"higher",660,"samples","","clinical_fiams","C0_RAW","Raw","Clinical FIA-MS"
"runtime_sec",0,"lower",1,"seconds","","clinical_fiams","C0_RAW","Raw","Clinical FIA-MS"
"drift_profiles_corrected",,"descriptive",12752,"profiles","","clinical_fiams","C0_RAW","Raw","Clinical FIA-MS"
"drift_features_corrected",,"descriptive",1594,"features","","clinical_fiams","C0_RAW","Raw","Clinical FIA-MS"
"batch_features_corrected",,"descriptive",1594,"features","","clinical_fiams","C0_RAW","Raw","Clinical FIA-MS"
"biological_weighted_pc_r2",0.698982296703889,"higher",536,"weighted R-squared","","clinical_fiams","C0_RAW","Raw","Clinical FIA-MS"
"feature_repeatability_ratio_median",0.648713511012684,"higher",1594,"repeatability ratio","","clinical_fiams","C0_RAW","Raw","Clinical FIA-MS"
"sample_replicate_pearson_median",0.983467072627652,"higher",267,"correlation","","clinical_fiams","C0_RAW","Raw","Clinical FIA-MS"
"genuine_replicate_icc_median",0.980951466319722,"higher",267,"ICC(A,1)","","clinical_fiams","C0_RAW","Raw","Clinical FIA-MS"
"heldout_qc_cv_mean",14.2217251567629,"lower",1594,"percent","","clinical_fiams","C1_OUTLIER","Outlier","Clinical FIA-MS"
"heldout_qc_cv_sd",6.44301302737635,"lower",1594,"percent","","clinical_fiams","C1_OUTLIER","Outlier","Clinical FIA-MS"
"heldout_qc_cv_median",13.2226430031112,"lower",1594,"percent","","clinical_fiams","C1_OUTLIER","Outlier","Clinical FIA-MS"
"residual_run_order_gam_mean_deviance",0.122123720027712,"lower",12752,"proportion","","clinical_fiams","C1_OUTLIER","Outlier","Clinical FIA-MS"
"residual_run_order_gam_sd_deviance",0.141282812100646,"lower",12752,"proportion","","clinical_fiams","C1_OUTLIER","Outlier","Clinical FIA-MS"
"residual_ljung_box_proportion_significant",0.176521329987453,"lower",12752,"proportion","","clinical_fiams","C1_OUTLIER","Outlier","Clinical FIA-MS"
"batch_weighted_pc_r2_categorical",0.15822003960981,"lower",536,"weighted R-squared","Batch is explicitly categorical.","clinical_fiams","C1_OUTLIER","Outlier","Clinical FIA-MS"
"retained_features",1594,"higher",1594,"features","","clinical_fiams","C1_OUTLIER","Outlier","Clinical FIA-MS"
"retained_samples",660,"higher",660,"samples","","clinical_fiams","C1_OUTLIER","Outlier","Clinical FIA-MS"
"runtime_sec",0.666,"lower",1,"seconds","","clinical_fiams","C1_OUTLIER","Outlier","Clinical FIA-MS"
"drift_profiles_corrected",,"descriptive",12752,"profiles","","clinical_fiams","C1_OUTLIER","Outlier","Clinical FIA-MS"
"drift_features_corrected",,"descriptive",1594,"features","","clinical_fiams","C1_OUTLIER","Outlier","Clinical FIA-MS"
"batch_features_corrected",,"descriptive",1594,"features","","clinical_fiams","C1_OUTLIER","Outlier","Clinical FIA-MS"
"biological_weighted_pc_r2",0.683665672583669,"higher",536,"weighted R-squared","","clinical_fiams","C1_OUTLIER","Outlier","Clinical FIA-MS"
"feature_repeatability_ratio_median",0.591683888746978,"higher",1594,"repeatability ratio","","clinical_fiams","C1_OUTLIER","Outlier","Clinical FIA-MS"
"sample_replicate_pearson_median",0.98644599372949,"higher",267,"correlation","","clinical_fiams","C1_OUTLIER","Outlier","Clinical FIA-MS"
"genuine_replicate_icc_median",0.984278131853444,"higher",267,"ICC(A,1)","","clinical_fiams","C1_OUTLIER","Outlier","Clinical FIA-MS"
"heldout_qc_cv_mean",14.7354215066772,"lower",1594,"percent","","clinical_fiams","C2_SELECTIVE_DRIFT","+ selective drift","Clinical FIA-MS"
"heldout_qc_cv_sd",6.32108287218888,"lower",1594,"percent","","clinical_fiams","C2_SELECTIVE_DRIFT","+ selective drift","Clinical FIA-MS"
"heldout_qc_cv_median",13.669539817612,"lower",1594,"percent","","clinical_fiams","C2_SELECTIVE_DRIFT","+ selective drift","Clinical FIA-MS"
"residual_run_order_gam_mean_deviance",0.0720695799781095,"lower",12752,"proportion","","clinical_fiams","C2_SELECTIVE_DRIFT","+ selective drift","Clinical FIA-MS"
"residual_run_order_gam_sd_deviance",0.0804344939698847,"lower",12752,"proportion","","clinical_fiams","C2_SELECTIVE_DRIFT","+ selective drift","Clinical FIA-MS"
"residual_ljung_box_proportion_significant",0.0784190715181932,"lower",12752,"proportion","","clinical_fiams","C2_SELECTIVE_DRIFT","+ selective drift","Clinical FIA-MS"
"batch_weighted_pc_r2_categorical",0.176983499713753,"lower",536,"weighted R-squared","Batch is explicitly categorical.","clinical_fiams","C2_SELECTIVE_DRIFT","+ selective drift","Clinical FIA-MS"
"retained_features",1594,"higher",1594,"features","","clinical_fiams","C2_SELECTIVE_DRIFT","+ selective drift","Clinical FIA-MS"
"retained_samples",660,"higher",660,"samples","","clinical_fiams","C2_SELECTIVE_DRIFT","+ selective drift","Clinical FIA-MS"
"runtime_sec",8.182,"lower",1,"seconds","","clinical_fiams","C2_SELECTIVE_DRIFT","+ selective drift","Clinical FIA-MS"
"drift_profiles_corrected",2297,"descriptive",12752,"profiles","","clinical_fiams","C2_SELECTIVE_DRIFT","+ selective drift","Clinical FIA-MS"
"drift_features_corrected",1300,"descriptive",1594,"features","","clinical_fiams","C2_SELECTIVE_DRIFT","+ selective drift","Clinical FIA-MS"
"batch_features_corrected",,"descriptive",1594,"features","","clinical_fiams","C2_SELECTIVE_DRIFT","+ selective drift","Clinical FIA-MS"
"biological_weighted_pc_r2",0.687192849069092,"higher",536,"weighted R-squared","","clinical_fiams","C2_SELECTIVE_DRIFT","+ selective drift","Clinical FIA-MS"
"feature_repeatability_ratio_median",0.593691353210045,"higher",1594,"repeatability ratio","","clinical_fiams","C2_SELECTIVE_DRIFT","+ selective drift","Clinical FIA-MS"
"sample_replicate_pearson_median",0.985969739068927,"higher",267,"correlation","","clinical_fiams","C2_SELECTIVE_DRIFT","+ selective drift","Clinical FIA-MS"
"genuine_replicate_icc_median",0.983867320943592,"higher",267,"ICC(A,1)","","clinical_fiams","C2_SELECTIVE_DRIFT","+ selective drift","Clinical FIA-MS"
"heldout_qc_cv_mean",12.9710601488024,"lower",1594,"percent","","clinical_fiams","C3_SELECTIVE_BATCH","+ selective batch","Clinical FIA-MS"
"heldout_qc_cv_sd",5.55441739946756,"lower",1594,"percent","","clinical_fiams","C3_SELECTIVE_BATCH","+ selective batch","Clinical FIA-MS"
"heldout_qc_cv_median",11.8281819308564,"lower",1594,"percent","","clinical_fiams","C3_SELECTIVE_BATCH","+ selective batch","Clinical FIA-MS"
"residual_run_order_gam_mean_deviance",0.0720695799781094,"lower",12752,"proportion","","clinical_fiams","C3_SELECTIVE_BATCH","+ selective batch","Clinical FIA-MS"
"residual_run_order_gam_sd_deviance",0.0804344939698847,"lower",12752,"proportion","","clinical_fiams","C3_SELECTIVE_BATCH","+ selective batch","Clinical FIA-MS"
"residual_ljung_box_proportion_significant",0.0784190715181932,"lower",12752,"proportion","","clinical_fiams","C3_SELECTIVE_BATCH","+ selective batch","Clinical FIA-MS"
"batch_weighted_pc_r2_categorical",0.00174716572820956,"lower",536,"weighted R-squared","Batch is explicitly categorical.","clinical_fiams","C3_SELECTIVE_BATCH","+ selective batch","Clinical FIA-MS"
"retained_features",1594,"higher",1594,"features","","clinical_fiams","C3_SELECTIVE_BATCH","+ selective batch","Clinical FIA-MS"
"retained_samples",660,"higher",660,"samples","","clinical_fiams","C3_SELECTIVE_BATCH","+ selective batch","Clinical FIA-MS"
"runtime_sec",10.882,"lower",1,"seconds","","clinical_fiams","C3_SELECTIVE_BATCH","+ selective batch","Clinical FIA-MS"
"drift_profiles_corrected",2297,"descriptive",12752,"profiles","","clinical_fiams","C3_SELECTIVE_BATCH","+ selective batch","Clinical FIA-MS"
"drift_features_corrected",1300,"descriptive",1594,"features","","clinical_fiams","C3_SELECTIVE_BATCH","+ selective batch","Clinical FIA-MS"
"batch_features_corrected",1506,"descriptive",1594,"features","","clinical_fiams","C3_SELECTIVE_BATCH","+ selective batch","Clinical FIA-MS"
"biological_weighted_pc_r2",0.772565758616401,"higher",536,"weighted R-squared","","clinical_fiams","C3_SELECTIVE_BATCH","+ selective batch","Clinical FIA-MS"
"feature_repeatability_ratio_median",0.637625272863121,"higher",1594,"repeatability ratio","","clinical_fiams","C3_SELECTIVE_BATCH","+ selective batch","Clinical FIA-MS"
"sample_replicate_pearson_median",0.990747863696587,"higher",267,"correlation","","clinical_fiams","C3_SELECTIVE_BATCH","+ selective batch","Clinical FIA-MS"
"genuine_replicate_icc_median",0.989530126628734,"higher",267,"ICC(A,1)","","clinical_fiams","C3_SELECTIVE_BATCH","+ selective batch","Clinical FIA-MS"
"heldout_qc_cv_mean",12.4044092100879,"lower",1594,"percent","","clinical_fiams","C4_FULL_FIXED","+ PQN","Clinical FIA-MS"
"heldout_qc_cv_sd",5.42898031411995,"lower",1594,"percent","","clinical_fiams","C4_FULL_FIXED","+ PQN","Clinical FIA-MS"
"heldout_qc_cv_median",11.0959804156287,"lower",1594,"percent","","clinical_fiams","C4_FULL_FIXED","+ PQN","Clinical FIA-MS"
"residual_run_order_gam_mean_deviance",0.0727686471322973,"lower",12752,"proportion","","clinical_fiams","C4_FULL_FIXED","+ PQN","Clinical FIA-MS"
"residual_run_order_gam_sd_deviance",0.0789910500858729,"lower",12752,"proportion","","clinical_fiams","C4_FULL_FIXED","+ PQN","Clinical FIA-MS"
"residual_ljung_box_proportion_significant",0.0997490589711418,"lower",12752,"proportion","","clinical_fiams","C4_FULL_FIXED","+ PQN","Clinical FIA-MS"
"batch_weighted_pc_r2_categorical",0.00205430716992057,"lower",536,"weighted R-squared","Batch is explicitly categorical.","clinical_fiams","C4_FULL_FIXED","+ PQN","Clinical FIA-MS"
"retained_features",1594,"higher",1594,"features","","clinical_fiams","C4_FULL_FIXED","+ PQN","Clinical FIA-MS"
"retained_samples",660,"higher",660,"samples","","clinical_fiams","C4_FULL_FIXED","+ PQN","Clinical FIA-MS"
"runtime_sec",11.077,"lower",1,"seconds","","clinical_fiams","C4_FULL_FIXED","+ PQN","Clinical FIA-MS"
"drift_profiles_corrected",2297,"descriptive",12752,"profiles","","clinical_fiams","C4_FULL_FIXED","+ PQN","Clinical FIA-MS"
"drift_features_corrected",1300,"descriptive",1594,"features","","clinical_fiams","C4_FULL_FIXED","+ PQN","Clinical FIA-MS"
"batch_features_corrected",1506,"descriptive",1594,"features","","clinical_fiams","C4_FULL_FIXED","+ PQN","Clinical FIA-MS"
"biological_weighted_pc_r2",0.799363081954994,"higher",536,"weighted R-squared","","clinical_fiams","C4_FULL_FIXED","+ PQN","Clinical FIA-MS"
"feature_repeatability_ratio_median",0.659272129860823,"higher",1594,"repeatability ratio","","clinical_fiams","C4_FULL_FIXED","+ PQN","Clinical FIA-MS"
"sample_replicate_pearson_median",0.990747863696587,"higher",267,"correlation","","clinical_fiams","C4_FULL_FIXED","+ PQN","Clinical FIA-MS"
"genuine_replicate_icc_median",0.989834812702034,"higher",267,"ICC(A,1)","","clinical_fiams","C4_FULL_FIXED","+ PQN","Clinical FIA-MS"
"heldout_qc_cv_mean",12.4044092100879,"lower",1594,"percent","","clinical_fiams","G_SS","selective/selective","Clinical FIA-MS"
"heldout_qc_cv_sd",5.42898031411995,"lower",1594,"percent","","clinical_fiams","G_SS","selective/selective","Clinical FIA-MS"
"heldout_qc_cv_median",11.0959804156287,"lower",1594,"percent","","clinical_fiams","G_SS","selective/selective","Clinical FIA-MS"
"residual_run_order_gam_mean_deviance",0.0727686471322973,"lower",12752,"proportion","","clinical_fiams","G_SS","selective/selective","Clinical FIA-MS"
"residual_run_order_gam_sd_deviance",0.0789910500858729,"lower",12752,"proportion","","clinical_fiams","G_SS","selective/selective","Clinical FIA-MS"
"residual_ljung_box_proportion_significant",0.0997490589711418,"lower",12752,"proportion","","clinical_fiams","G_SS","selective/selective","Clinical FIA-MS"
"batch_weighted_pc_r2_categorical",0.00205430716992057,"lower",536,"weighted R-squared","Batch is explicitly categorical.","clinical_fiams","G_SS","selective/selective","Clinical FIA-MS"
"retained_features",1594,"higher",1594,"features","","clinical_fiams","G_SS","selective/selective","Clinical FIA-MS"
"retained_samples",660,"higher",660,"samples","","clinical_fiams","G_SS","selective/selective","Clinical FIA-MS"
"runtime_sec",11.077,"lower",1,"seconds","","clinical_fiams","G_SS","selective/selective","Clinical FIA-MS"
"drift_profiles_corrected",2297,"descriptive",12752,"profiles","","clinical_fiams","G_SS","selective/selective","Clinical FIA-MS"
"drift_features_corrected",1300,"descriptive",1594,"features","","clinical_fiams","G_SS","selective/selective","Clinical FIA-MS"
"batch_features_corrected",1506,"descriptive",1594,"features","","clinical_fiams","G_SS","selective/selective","Clinical FIA-MS"
"biological_weighted_pc_r2",0.799363081954994,"higher",536,"weighted R-squared","","clinical_fiams","G_SS","selective/selective","Clinical FIA-MS"
"feature_repeatability_ratio_median",0.659272129860823,"higher",1594,"repeatability ratio","","clinical_fiams","G_SS","selective/selective","Clinical FIA-MS"
"sample_replicate_pearson_median",0.990747863696587,"higher",267,"correlation","","clinical_fiams","G_SS","selective/selective","Clinical FIA-MS"
"genuine_replicate_icc_median",0.989834812702034,"higher",267,"ICC(A,1)","","clinical_fiams","G_SS","selective/selective","Clinical FIA-MS"
"heldout_qc_cv_mean",13.5327320895589,"lower",1594,"percent","","clinical_fiams","G_AS","all/selective","Clinical FIA-MS"
"heldout_qc_cv_sd",5.73240661941162,"lower",1594,"percent","","clinical_fiams","G_AS","all/selective","Clinical FIA-MS"
"heldout_qc_cv_median",12.1052861007706,"lower",1594,"percent","","clinical_fiams","G_AS","all/selective","Clinical FIA-MS"
"residual_run_order_gam_mean_deviance",0.00520013836698004,"lower",12752,"proportion","","clinical_fiams","G_AS","all/selective","Clinical FIA-MS"
"residual_run_order_gam_sd_deviance",0.0136386634823728,"lower",12752,"proportion","","clinical_fiams","G_AS","all/selective","Clinical FIA-MS"
"residual_ljung_box_proportion_significant",0.134331869510665,"lower",12752,"proportion","","clinical_fiams","G_AS","all/selective","Clinical FIA-MS"
"batch_weighted_pc_r2_categorical",0.0010438538305947,"lower",536,"weighted R-squared","Batch is explicitly categorical.","clinical_fiams","G_AS","all/selective","Clinical FIA-MS"
"retained_features",1594,"higher",1594,"features","","clinical_fiams","G_AS","all/selective","Clinical FIA-MS"
"retained_samples",660,"higher",660,"samples","","clinical_fiams","G_AS","all/selective","Clinical FIA-MS"
"runtime_sec",33.689,"lower",1,"seconds","","clinical_fiams","G_AS","all/selective","Clinical FIA-MS"
"drift_profiles_corrected",12752,"descriptive",12752,"profiles","","clinical_fiams","G_AS","all/selective","Clinical FIA-MS"
"drift_features_corrected",1594,"descriptive",1594,"features","","clinical_fiams","G_AS","all/selective","Clinical FIA-MS"
"batch_features_corrected",1524,"descriptive",1594,"features","","clinical_fiams","G_AS","all/selective","Clinical FIA-MS"
"biological_weighted_pc_r2",0.779111279456564,"higher",536,"weighted R-squared","","clinical_fiams","G_AS","all/selective","Clinical FIA-MS"
"feature_repeatability_ratio_median",0.636970558682562,"higher",1594,"repeatability ratio","","clinical_fiams","G_AS","all/selective","Clinical FIA-MS"
"sample_replicate_pearson_median",0.990870682832852,"higher",267,"correlation","","clinical_fiams","G_AS","all/selective","Clinical FIA-MS"
"genuine_replicate_icc_median",0.98993063118193,"higher",267,"ICC(A,1)","","clinical_fiams","G_AS","all/selective","Clinical FIA-MS"
"heldout_qc_cv_mean",12.3946699037692,"lower",1594,"percent","","clinical_fiams","G_SA","selective/all","Clinical FIA-MS"
"heldout_qc_cv_sd",5.42319171552939,"lower",1594,"percent","","clinical_fiams","G_SA","selective/all","Clinical FIA-MS"
"heldout_qc_cv_median",11.0898980510012,"lower",1594,"percent","","clinical_fiams","G_SA","selective/all","Clinical FIA-MS"
"residual_run_order_gam_mean_deviance",0.0727630834493838,"lower",12752,"proportion","","clinical_fiams","G_SA","selective/all","Clinical FIA-MS"
"residual_run_order_gam_sd_deviance",0.0789912534496783,"lower",12752,"proportion","","clinical_fiams","G_SA","selective/all","Clinical FIA-MS"
"residual_ljung_box_proportion_significant",0.0995138017565872,"lower",12752,"proportion","","clinical_fiams","G_SA","selective/all","Clinical FIA-MS"
"batch_weighted_pc_r2_categorical",0.00194397036013825,"lower",536,"weighted R-squared","Batch is explicitly categorical.","clinical_fiams","G_SA","selective/all","Clinical FIA-MS"
"retained_features",1594,"higher",1594,"features","","clinical_fiams","G_SA","selective/all","Clinical FIA-MS"
"retained_samples",660,"higher",660,"samples","","clinical_fiams","G_SA","selective/all","Clinical FIA-MS"
"runtime_sec",11.034,"lower",1,"seconds","","clinical_fiams","G_SA","selective/all","Clinical FIA-MS"
"drift_profiles_corrected",2297,"descriptive",12752,"profiles","","clinical_fiams","G_SA","selective/all","Clinical FIA-MS"
"drift_features_corrected",1300,"descriptive",1594,"features","","clinical_fiams","G_SA","selective/all","Clinical FIA-MS"
"batch_features_corrected",1594,"descriptive",1594,"features","","clinical_fiams","G_SA","selective/all","Clinical FIA-MS"
"biological_weighted_pc_r2",0.799430938875156,"higher",536,"weighted R-squared","","clinical_fiams","G_SA","selective/all","Clinical FIA-MS"
"feature_repeatability_ratio_median",0.659676587204692,"higher",1594,"repeatability ratio","","clinical_fiams","G_SA","selective/all","Clinical FIA-MS"
"sample_replicate_pearson_median",0.990747147757201,"higher",267,"correlation","","clinical_fiams","G_SA","selective/all","Clinical FIA-MS"
"genuine_replicate_icc_median",0.989869506591472,"higher",267,"ICC(A,1)","","clinical_fiams","G_SA","selective/all","Clinical FIA-MS"
"heldout_qc_cv_mean",13.5134759406473,"lower",1594,"percent","","clinical_fiams","G_AA","all/all","Clinical FIA-MS"
"heldout_qc_cv_sd",5.7073634279204,"lower",1594,"percent","","clinical_fiams","G_AA","all/all","Clinical FIA-MS"
"heldout_qc_cv_median",12.0965740884015,"lower",1594,"percent","","clinical_fiams","G_AA","all/all","Clinical FIA-MS"
"residual_run_order_gam_mean_deviance",0.00519147469752825,"lower",12752,"proportion","","clinical_fiams","G_AA","all/all","Clinical FIA-MS"
"residual_run_order_gam_sd_deviance",0.0136419946137286,"lower",12752,"proportion","","clinical_fiams","G_AA","all/all","Clinical FIA-MS"
"residual_ljung_box_proportion_significant",0.13409661229611,"lower",12752,"proportion","","clinical_fiams","G_AA","all/all","Clinical FIA-MS"
"batch_weighted_pc_r2_categorical",0.000995782155015914,"lower",536,"weighted R-squared","Batch is explicitly categorical.","clinical_fiams","G_AA","all/all","Clinical FIA-MS"
"retained_features",1594,"higher",1594,"features","","clinical_fiams","G_AA","all/all","Clinical FIA-MS"
"retained_samples",660,"higher",660,"samples","","clinical_fiams","G_AA","all/all","Clinical FIA-MS"
"runtime_sec",33.719,"lower",1,"seconds","","clinical_fiams","G_AA","all/all","Clinical FIA-MS"
"drift_profiles_corrected",12752,"descriptive",12752,"profiles","","clinical_fiams","G_AA","all/all","Clinical FIA-MS"
"drift_features_corrected",1594,"descriptive",1594,"features","","clinical_fiams","G_AA","all/all","Clinical FIA-MS"
"batch_features_corrected",1594,"descriptive",1594,"features","","clinical_fiams","G_AA","all/all","Clinical FIA-MS"
"biological_weighted_pc_r2",0.779214232228572,"higher",536,"weighted R-squared","","clinical_fiams","G_AA","all/all","Clinical FIA-MS"
"feature_repeatability_ratio_median",0.637410705558402,"higher",1594,"repeatability ratio","","clinical_fiams","G_AA","all/all","Clinical FIA-MS"
"sample_replicate_pearson_median",0.990914257339101,"higher",267,"correlation","","clinical_fiams","G_AA","all/all","Clinical FIA-MS"
"genuine_replicate_icc_median",0.98992385975622,"higher",267,"ICC(A,1)","","clinical_fiams","G_AA","all/all","Clinical FIA-MS"
"heldout_qc_cv_mean",66.5698818959707,"lower",199,"percent","","batchcorr_set1","C0_RAW","Raw","BatchCorr Set 1"
"heldout_qc_cv_sd",31.7107776545374,"lower",199,"percent","","batchcorr_set1","C0_RAW","Raw","BatchCorr Set 1"
"heldout_qc_cv_median",56.4902088016956,"lower",199,"percent","","batchcorr_set1","C0_RAW","Raw","BatchCorr Set 1"
"residual_run_order_gam_mean_deviance",0.122438628105699,"lower",1990,"proportion","","batchcorr_set1","C0_RAW","Raw","BatchCorr Set 1"
"residual_run_order_gam_sd_deviance",0.165539431290999,"lower",1990,"proportion","","batchcorr_set1","C0_RAW","Raw","BatchCorr Set 1"
"residual_ljung_box_proportion_significant",0.175376884422111,"lower",1990,"proportion","","batchcorr_set1","C0_RAW","Raw","BatchCorr Set 1"
"batch_weighted_pc_r2_categorical",0.561111591272931,"lower",710,"weighted R-squared","Batch is explicitly categorical.","batchcorr_set1","C0_RAW","Raw","BatchCorr Set 1"
"retained_features",199,"higher",199,"features","","batchcorr_set1","C0_RAW","Raw","BatchCorr Set 1"
"retained_samples",761,"higher",761,"samples","","batchcorr_set1","C0_RAW","Raw","BatchCorr Set 1"
"runtime_sec",0,"lower",1,"seconds","","batchcorr_set1","C0_RAW","Raw","BatchCorr Set 1"
"drift_profiles_corrected",,"descriptive",1990,"profiles","","batchcorr_set1","C0_RAW","Raw","BatchCorr Set 1"
"drift_features_corrected",,"descriptive",199,"features","","batchcorr_set1","C0_RAW","Raw","BatchCorr Set 1"
"batch_features_corrected",,"descriptive",199,"features","","batchcorr_set1","C0_RAW","Raw","BatchCorr Set 1"
"biological_weighted_pc_r2",0.589667357711897,"higher",710,"weighted R-squared","","batchcorr_set1","C0_RAW","Raw","BatchCorr Set 1"
"feature_repeatability_ratio_median",0.52175027169439,"higher",199,"repeatability ratio","","batchcorr_set1","C0_RAW","Raw","BatchCorr Set 1"
"sample_replicate_pearson_median",0.911453639180002,"higher",352,"correlation","","batchcorr_set1","C0_RAW","Raw","BatchCorr Set 1"
"genuine_replicate_icc_median",0.8853604114021,"higher",352,"ICC(A,1)","","batchcorr_set1","C0_RAW","Raw","BatchCorr Set 1"
"biological_associated_features",172,"context",199,"features","","batchcorr_set1","C0_RAW","Raw","BatchCorr Set 1"
"heldout_qc_cv_mean",59.7578237515348,"lower",199,"percent","","batchcorr_set1","C1_OUTLIER","Outlier","BatchCorr Set 1"
"heldout_qc_cv_sd",21.7185653205951,"lower",199,"percent","","batchcorr_set1","C1_OUTLIER","Outlier","BatchCorr Set 1"
"heldout_qc_cv_median",54.7849548892636,"lower",199,"percent","","batchcorr_set1","C1_OUTLIER","Outlier","BatchCorr Set 1"
"residual_run_order_gam_mean_deviance",0.119881853906658,"lower",1990,"proportion","","batchcorr_set1","C1_OUTLIER","Outlier","BatchCorr Set 1"
"residual_run_order_gam_sd_deviance",0.164223581348323,"lower",1990,"proportion","","batchcorr_set1","C1_OUTLIER","Outlier","BatchCorr Set 1"
"residual_ljung_box_proportion_significant",0.164321608040201,"lower",1990,"proportion","","batchcorr_set1","C1_OUTLIER","Outlier","BatchCorr Set 1"
"batch_weighted_pc_r2_categorical",0.568121519981498,"lower",710,"weighted R-squared","Batch is explicitly categorical.","batchcorr_set1","C1_OUTLIER","Outlier","BatchCorr Set 1"
"retained_features",199,"higher",199,"features","","batchcorr_set1","C1_OUTLIER","Outlier","BatchCorr Set 1"
"retained_samples",761,"higher",761,"samples","","batchcorr_set1","C1_OUTLIER","Outlier","BatchCorr Set 1"
"runtime_sec",0.0730000000000004,"lower",1,"seconds","","batchcorr_set1","C1_OUTLIER","Outlier","BatchCorr Set 1"
"drift_profiles_corrected",,"descriptive",1990,"profiles","","batchcorr_set1","C1_OUTLIER","Outlier","BatchCorr Set 1"
"drift_features_corrected",,"descriptive",199,"features","","batchcorr_set1","C1_OUTLIER","Outlier","BatchCorr Set 1"
"batch_features_corrected",,"descriptive",199,"features","","batchcorr_set1","C1_OUTLIER","Outlier","BatchCorr Set 1"
"biological_weighted_pc_r2",0.587178418396029,"higher",710,"weighted R-squared","","batchcorr_set1","C1_OUTLIER","Outlier","BatchCorr Set 1"
"feature_repeatability_ratio_median",0.518537827710072,"higher",199,"repeatability ratio","","batchcorr_set1","C1_OUTLIER","Outlier","BatchCorr Set 1"
"sample_replicate_pearson_median",0.925076871110984,"higher",352,"correlation","","batchcorr_set1","C1_OUTLIER","Outlier","BatchCorr Set 1"
"genuine_replicate_icc_median",0.901238608279027,"higher",352,"ICC(A,1)","","batchcorr_set1","C1_OUTLIER","Outlier","BatchCorr Set 1"
"biological_associated_features",173,"context",199,"features","","batchcorr_set1","C1_OUTLIER","Outlier","BatchCorr Set 1"
"heldout_qc_cv_mean",58.7494741855028,"lower",199,"percent","","batchcorr_set1","C2_SELECTIVE_DRIFT","+ selective drift","BatchCorr Set 1"
"heldout_qc_cv_sd",21.8169554356981,"lower",199,"percent","","batchcorr_set1","C2_SELECTIVE_DRIFT","+ selective drift","BatchCorr Set 1"
"heldout_qc_cv_median",54.4138581258468,"lower",199,"percent","","batchcorr_set1","C2_SELECTIVE_DRIFT","+ selective drift","BatchCorr Set 1"
"residual_run_order_gam_mean_deviance",0.0463195481072315,"lower",1990,"proportion","","batchcorr_set1","C2_SELECTIVE_DRIFT","+ selective drift","BatchCorr Set 1"
"residual_run_order_gam_sd_deviance",0.0577342673857648,"lower",1990,"proportion","","batchcorr_set1","C2_SELECTIVE_DRIFT","+ selective drift","BatchCorr Set 1"
"residual_ljung_box_proportion_significant",0.0125628140703518,"lower",1990,"proportion","","batchcorr_set1","C2_SELECTIVE_DRIFT","+ selective drift","BatchCorr Set 1"
"batch_weighted_pc_r2_categorical",0.619814854947379,"lower",710,"weighted R-squared","Batch is explicitly categorical.","batchcorr_set1","C2_SELECTIVE_DRIFT","+ selective drift","BatchCorr Set 1"
"retained_features",199,"higher",199,"features","","batchcorr_set1","C2_SELECTIVE_DRIFT","+ selective drift","BatchCorr Set 1"
"retained_samples",761,"higher",761,"samples","","batchcorr_set1","C2_SELECTIVE_DRIFT","+ selective drift","BatchCorr Set 1"
"runtime_sec",1.375,"lower",1,"seconds","","batchcorr_set1","C2_SELECTIVE_DRIFT","+ selective drift","BatchCorr Set 1"
"drift_profiles_corrected",373,"descriptive",1990,"profiles","","batchcorr_set1","C2_SELECTIVE_DRIFT","+ selective drift","BatchCorr Set 1"
"drift_features_corrected",150,"descriptive",199,"features","","batchcorr_set1","C2_SELECTIVE_DRIFT","+ selective drift","BatchCorr Set 1"
"batch_features_corrected",,"descriptive",199,"features","","batchcorr_set1","C2_SELECTIVE_DRIFT","+ selective drift","BatchCorr Set 1"
"biological_weighted_pc_r2",0.585071080433094,"higher",710,"weighted R-squared","","batchcorr_set1","C2_SELECTIVE_DRIFT","+ selective drift","BatchCorr Set 1"
"feature_repeatability_ratio_median",0.511477204554755,"higher",199,"repeatability ratio","","batchcorr_set1","C2_SELECTIVE_DRIFT","+ selective drift","BatchCorr Set 1"
"sample_replicate_pearson_median",0.929158441184189,"higher",352,"correlation","","batchcorr_set1","C2_SELECTIVE_DRIFT","+ selective drift","BatchCorr Set 1"
"genuine_replicate_icc_median",0.907368864162828,"higher",352,"ICC(A,1)","","batchcorr_set1","C2_SELECTIVE_DRIFT","+ selective drift","BatchCorr Set 1"
"biological_associated_features",173,"context",199,"features","","batchcorr_set1","C2_SELECTIVE_DRIFT","+ selective drift","BatchCorr Set 1"
"heldout_qc_cv_mean",27.3320670980223,"lower",199,"percent","","batchcorr_set1","C3_SELECTIVE_BATCH","+ selective batch","BatchCorr Set 1"
"heldout_qc_cv_sd",16.3666830975476,"lower",199,"percent","","batchcorr_set1","C3_SELECTIVE_BATCH","+ selective batch","BatchCorr Set 1"
"heldout_qc_cv_median",22.4595520946646,"lower",199,"percent","","batchcorr_set1","C3_SELECTIVE_BATCH","+ selective batch","BatchCorr Set 1"
"residual_run_order_gam_mean_deviance",0.0463195481072314,"lower",1990,"proportion","","batchcorr_set1","C3_SELECTIVE_BATCH","+ selective batch","BatchCorr Set 1"
"residual_run_order_gam_sd_deviance",0.0577342673857648,"lower",1990,"proportion","","batchcorr_set1","C3_SELECTIVE_BATCH","+ selective batch","BatchCorr Set 1"
"residual_ljung_box_proportion_significant",0.0125628140703518,"lower",1990,"proportion","","batchcorr_set1","C3_SELECTIVE_BATCH","+ selective batch","BatchCorr Set 1"
"batch_weighted_pc_r2_categorical",0.000281135951661512,"lower",710,"weighted R-squared","Batch is explicitly categorical.","batchcorr_set1","C3_SELECTIVE_BATCH","+ selective batch","BatchCorr Set 1"
"retained_features",199,"higher",199,"features","","batchcorr_set1","C3_SELECTIVE_BATCH","+ selective batch","BatchCorr Set 1"
"retained_samples",761,"higher",761,"samples","","batchcorr_set1","C3_SELECTIVE_BATCH","+ selective batch","BatchCorr Set 1"
"runtime_sec",1.736,"lower",1,"seconds","","batchcorr_set1","C3_SELECTIVE_BATCH","+ selective batch","BatchCorr Set 1"
"drift_profiles_corrected",373,"descriptive",1990,"profiles","","batchcorr_set1","C3_SELECTIVE_BATCH","+ selective batch","BatchCorr Set 1"
"drift_features_corrected",150,"descriptive",199,"features","","batchcorr_set1","C3_SELECTIVE_BATCH","+ selective batch","BatchCorr Set 1"
"batch_features_corrected",195,"descriptive",199,"features","","batchcorr_set1","C3_SELECTIVE_BATCH","+ selective batch","BatchCorr Set 1"
"biological_weighted_pc_r2",0.813840584124155,"higher",710,"weighted R-squared","","batchcorr_set1","C3_SELECTIVE_BATCH","+ selective batch","BatchCorr Set 1"
"feature_repeatability_ratio_median",0.682829004795503,"higher",199,"repeatability ratio","","batchcorr_set1","C3_SELECTIVE_BATCH","+ selective batch","BatchCorr Set 1"
"sample_replicate_pearson_median",0.957541057766609,"higher",352,"correlation","","batchcorr_set1","C3_SELECTIVE_BATCH","+ selective batch","BatchCorr Set 1"
"genuine_replicate_icc_median",0.951060172641988,"higher",352,"ICC(A,1)","","batchcorr_set1","C3_SELECTIVE_BATCH","+ selective batch","BatchCorr Set 1"
"biological_associated_features",197,"context",199,"features","","batchcorr_set1","C3_SELECTIVE_BATCH","+ selective batch","BatchCorr Set 1"
"heldout_qc_cv_mean",26.6652760811313,"lower",199,"percent","","batchcorr_set1","C4_FULL_FIXED","+ PQN","BatchCorr Set 1"
"heldout_qc_cv_sd",16.1017669031863,"lower",199,"percent","","batchcorr_set1","C4_FULL_FIXED","+ PQN","BatchCorr Set 1"
"heldout_qc_cv_median",21.6389016588586,"lower",199,"percent","","batchcorr_set1","C4_FULL_FIXED","+ PQN","BatchCorr Set 1"
"residual_run_order_gam_mean_deviance",0.043772965202549,"lower",1990,"proportion","","batchcorr_set1","C4_FULL_FIXED","+ PQN","BatchCorr Set 1"
"residual_run_order_gam_sd_deviance",0.0555122121880683,"lower",1990,"proportion","","batchcorr_set1","C4_FULL_FIXED","+ PQN","BatchCorr Set 1"
"residual_ljung_box_proportion_significant",0.0085427135678392,"lower",1990,"proportion","","batchcorr_set1","C4_FULL_FIXED","+ PQN","BatchCorr Set 1"
"batch_weighted_pc_r2_categorical",0.000567147968917397,"lower",710,"weighted R-squared","Batch is explicitly categorical.","batchcorr_set1","C4_FULL_FIXED","+ PQN","BatchCorr Set 1"
"retained_features",199,"higher",199,"features","","batchcorr_set1","C4_FULL_FIXED","+ PQN","BatchCorr Set 1"
"retained_samples",761,"higher",761,"samples","","batchcorr_set1","C4_FULL_FIXED","+ PQN","BatchCorr Set 1"
"runtime_sec",1.787,"lower",1,"seconds","","batchcorr_set1","C4_FULL_FIXED","+ PQN","BatchCorr Set 1"
"drift_profiles_corrected",373,"descriptive",1990,"profiles","","batchcorr_set1","C4_FULL_FIXED","+ PQN","BatchCorr Set 1"
"drift_features_corrected",150,"descriptive",199,"features","","batchcorr_set1","C4_FULL_FIXED","+ PQN","BatchCorr Set 1"
"batch_features_corrected",195,"descriptive",199,"features","","batchcorr_set1","C4_FULL_FIXED","+ PQN","BatchCorr Set 1"
"biological_weighted_pc_r2",0.829484175037435,"higher",710,"weighted R-squared","","batchcorr_set1","C4_FULL_FIXED","+ PQN","BatchCorr Set 1"
"feature_repeatability_ratio_median",0.695315540683156,"higher",199,"repeatability ratio","","batchcorr_set1","C4_FULL_FIXED","+ PQN","BatchCorr Set 1"
"sample_replicate_pearson_median",0.957541057965195,"higher",352,"correlation","","batchcorr_set1","C4_FULL_FIXED","+ PQN","BatchCorr Set 1"
"genuine_replicate_icc_median",0.953917516280415,"higher",352,"ICC(A,1)","","batchcorr_set1","C4_FULL_FIXED","+ PQN","BatchCorr Set 1"
"biological_associated_features",197,"context",199,"features","","batchcorr_set1","C4_FULL_FIXED","+ PQN","BatchCorr Set 1"
"heldout_qc_cv_mean",26.6652760811313,"lower",199,"percent","","batchcorr_set1","G_SS","selective/selective","BatchCorr Set 1"
"heldout_qc_cv_sd",16.1017669031863,"lower",199,"percent","","batchcorr_set1","G_SS","selective/selective","BatchCorr Set 1"
"heldout_qc_cv_median",21.6389016588586,"lower",199,"percent","","batchcorr_set1","G_SS","selective/selective","BatchCorr Set 1"
"residual_run_order_gam_mean_deviance",0.043772965202549,"lower",1990,"proportion","","batchcorr_set1","G_SS","selective/selective","BatchCorr Set 1"
"residual_run_order_gam_sd_deviance",0.0555122121880683,"lower",1990,"proportion","","batchcorr_set1","G_SS","selective/selective","BatchCorr Set 1"
"residual_ljung_box_proportion_significant",0.0085427135678392,"lower",1990,"proportion","","batchcorr_set1","G_SS","selective/selective","BatchCorr Set 1"
"batch_weighted_pc_r2_categorical",0.000567147968917397,"lower",710,"weighted R-squared","Batch is explicitly categorical.","batchcorr_set1","G_SS","selective/selective","BatchCorr Set 1"
"retained_features",199,"higher",199,"features","","batchcorr_set1","G_SS","selective/selective","BatchCorr Set 1"
"retained_samples",761,"higher",761,"samples","","batchcorr_set1","G_SS","selective/selective","BatchCorr Set 1"
"runtime_sec",1.787,"lower",1,"seconds","","batchcorr_set1","G_SS","selective/selective","BatchCorr Set 1"
"drift_profiles_corrected",373,"descriptive",1990,"profiles","","batchcorr_set1","G_SS","selective/selective","BatchCorr Set 1"
"drift_features_corrected",150,"descriptive",199,"features","","batchcorr_set1","G_SS","selective/selective","BatchCorr Set 1"
"batch_features_corrected",195,"descriptive",199,"features","","batchcorr_set1","G_SS","selective/selective","BatchCorr Set 1"
"biological_weighted_pc_r2",0.829484175037435,"higher",710,"weighted R-squared","","batchcorr_set1","G_SS","selective/selective","BatchCorr Set 1"
"feature_repeatability_ratio_median",0.695315540683156,"higher",199,"repeatability ratio","","batchcorr_set1","G_SS","selective/selective","BatchCorr Set 1"
"sample_replicate_pearson_median",0.957541057965195,"higher",352,"correlation","","batchcorr_set1","G_SS","selective/selective","BatchCorr Set 1"
"genuine_replicate_icc_median",0.953917516280415,"higher",352,"ICC(A,1)","","batchcorr_set1","G_SS","selective/selective","BatchCorr Set 1"
"biological_associated_features",197,"context",199,"features","","batchcorr_set1","G_SS","selective/selective","BatchCorr Set 1"
"heldout_qc_cv_mean",28.4664171686162,"lower",199,"percent","","batchcorr_set1","G_AS","all/selective","BatchCorr Set 1"
"heldout_qc_cv_sd",15.5588669924787,"lower",199,"percent","","batchcorr_set1","G_AS","all/selective","BatchCorr Set 1"
"heldout_qc_cv_median",24.4433577471299,"lower",199,"percent","","batchcorr_set1","G_AS","all/selective","BatchCorr Set 1"
"residual_run_order_gam_mean_deviance",0.000826500461473387,"lower",1990,"proportion","","batchcorr_set1","G_AS","all/selective","BatchCorr Set 1"
"residual_run_order_gam_sd_deviance",0.00160521216270995,"lower",1990,"proportion","","batchcorr_set1","G_AS","all/selective","BatchCorr Set 1"
"residual_ljung_box_proportion_significant",0.0226130653266332,"lower",1990,"proportion","","batchcorr_set1","G_AS","all/selective","BatchCorr Set 1"
"batch_weighted_pc_r2_categorical",0.000779443758318777,"lower",710,"weighted R-squared","Batch is explicitly categorical.","batchcorr_set1","G_AS","all/selective","BatchCorr Set 1"
"retained_features",199,"higher",199,"features","","batchcorr_set1","G_AS","all/selective","BatchCorr Set 1"
"retained_samples",761,"higher",761,"samples","","batchcorr_set1","G_AS","all/selective","BatchCorr Set 1"
"runtime_sec",5.123,"lower",1,"seconds","","batchcorr_set1","G_AS","all/selective","BatchCorr Set 1"
"drift_profiles_corrected",1990,"descriptive",1990,"profiles","","batchcorr_set1","G_AS","all/selective","BatchCorr Set 1"
"drift_features_corrected",199,"descriptive",199,"features","","batchcorr_set1","G_AS","all/selective","BatchCorr Set 1"
"batch_features_corrected",196,"descriptive",199,"features","","batchcorr_set1","G_AS","all/selective","BatchCorr Set 1"
"biological_weighted_pc_r2",0.812807386397425,"higher",710,"weighted R-squared","","batchcorr_set1","G_AS","all/selective","BatchCorr Set 1"
"feature_repeatability_ratio_median",0.682738476706889,"higher",199,"repeatability ratio","","batchcorr_set1","G_AS","all/selective","BatchCorr Set 1"
"sample_replicate_pearson_median",0.957378256759523,"higher",352,"correlation","","batchcorr_set1","G_AS","all/selective","BatchCorr Set 1"
"genuine_replicate_icc_median",0.953921039363089,"higher",352,"ICC(A,1)","","batchcorr_set1","G_AS","all/selective","BatchCorr Set 1"
"biological_associated_features",196,"context",199,"features","","batchcorr_set1","G_AS","all/selective","BatchCorr Set 1"
"heldout_qc_cv_mean",26.7656305295088,"lower",199,"percent","","batchcorr_set1","G_SA","selective/all","BatchCorr Set 1"
"heldout_qc_cv_sd",16.1415114714907,"lower",199,"percent","","batchcorr_set1","G_SA","selective/all","BatchCorr Set 1"
"heldout_qc_cv_median",21.6837490986621,"lower",199,"percent","","batchcorr_set1","G_SA","selective/all","BatchCorr Set 1"
"residual_run_order_gam_mean_deviance",0.043732849175648,"lower",1990,"proportion","","batchcorr_set1","G_SA","selective/all","BatchCorr Set 1"
"residual_run_order_gam_sd_deviance",0.055466943974921,"lower",1990,"proportion","","batchcorr_set1","G_SA","selective/all","BatchCorr Set 1"
"residual_ljung_box_proportion_significant",0.00904522613065327,"lower",1990,"proportion","","batchcorr_set1","G_SA","selective/all","BatchCorr Set 1"
"batch_weighted_pc_r2_categorical",0.00050452677871665,"lower",710,"weighted R-squared","Batch is explicitly categorical.","batchcorr_set1","G_SA","selective/all","BatchCorr Set 1"
"retained_features",199,"higher",199,"features","","batchcorr_set1","G_SA","selective/all","BatchCorr Set 1"
"retained_samples",761,"higher",761,"samples","","batchcorr_set1","G_SA","selective/all","BatchCorr Set 1"
"runtime_sec",1.731,"lower",1,"seconds","","batchcorr_set1","G_SA","selective/all","BatchCorr Set 1"
"drift_profiles_corrected",373,"descriptive",1990,"profiles","","batchcorr_set1","G_SA","selective/all","BatchCorr Set 1"
"drift_features_corrected",150,"descriptive",199,"features","","batchcorr_set1","G_SA","selective/all","BatchCorr Set 1"
"batch_features_corrected",199,"descriptive",199,"features","","batchcorr_set1","G_SA","selective/all","BatchCorr Set 1"
"biological_weighted_pc_r2",0.829369310301113,"higher",710,"weighted R-squared","","batchcorr_set1","G_SA","selective/all","BatchCorr Set 1"
"feature_repeatability_ratio_median",0.695081216990993,"higher",199,"repeatability ratio","","batchcorr_set1","G_SA","selective/all","BatchCorr Set 1"
"sample_replicate_pearson_median",0.957090033886896,"higher",352,"correlation","","batchcorr_set1","G_SA","selective/all","BatchCorr Set 1"
"genuine_replicate_icc_median",0.953801644472076,"higher",352,"ICC(A,1)","","batchcorr_set1","G_SA","selective/all","BatchCorr Set 1"
"biological_associated_features",197,"context",199,"features","","batchcorr_set1","G_SA","selective/all","BatchCorr Set 1"
"heldout_qc_cv_mean",28.5016433990488,"lower",199,"percent","","batchcorr_set1","G_AA","all/all","BatchCorr Set 1"
"heldout_qc_cv_sd",15.5870816657865,"lower",199,"percent","","batchcorr_set1","G_AA","all/all","BatchCorr Set 1"
"heldout_qc_cv_median",24.4426790675521,"lower",199,"percent","","batchcorr_set1","G_AA","all/all","BatchCorr Set 1"
"residual_run_order_gam_mean_deviance",0.00082464809783633,"lower",1990,"proportion","","batchcorr_set1","G_AA","all/all","BatchCorr Set 1"
"residual_run_order_gam_sd_deviance",0.00160510618679957,"lower",1990,"proportion","","batchcorr_set1","G_AA","all/all","BatchCorr Set 1"
"residual_ljung_box_proportion_significant",0.0226130653266332,"lower",1990,"proportion","","batchcorr_set1","G_AA","all/all","BatchCorr Set 1"
"batch_weighted_pc_r2_categorical",0.000726388982066674,"lower",710,"weighted R-squared","Batch is explicitly categorical.","batchcorr_set1","G_AA","all/all","BatchCorr Set 1"
"retained_features",199,"higher",199,"features","","batchcorr_set1","G_AA","all/all","BatchCorr Set 1"
"retained_samples",761,"higher",761,"samples","","batchcorr_set1","G_AA","all/all","BatchCorr Set 1"
"runtime_sec",5.125,"lower",1,"seconds","","batchcorr_set1","G_AA","all/all","BatchCorr Set 1"
"drift_profiles_corrected",1990,"descriptive",1990,"profiles","","batchcorr_set1","G_AA","all/all","BatchCorr Set 1"
"drift_features_corrected",199,"descriptive",199,"features","","batchcorr_set1","G_AA","all/all","BatchCorr Set 1"
"batch_features_corrected",199,"descriptive",199,"features","","batchcorr_set1","G_AA","all/all","BatchCorr Set 1"
"biological_weighted_pc_r2",0.812721013011039,"higher",710,"weighted R-squared","","batchcorr_set1","G_AA","all/all","BatchCorr Set 1"
"feature_repeatability_ratio_median",0.682518978311824,"higher",199,"repeatability ratio","","batchcorr_set1","G_AA","all/all","BatchCorr Set 1"
"sample_replicate_pearson_median",0.956969722286409,"higher",352,"correlation","","batchcorr_set1","G_AA","all/all","BatchCorr Set 1"
"genuine_replicate_icc_median",0.953957258246792,"higher",352,"ICC(A,1)","","batchcorr_set1","G_AA","all/all","BatchCorr Set 1"
"biological_associated_features",196,"context",199,"features","","batchcorr_set1","G_AA","all/all","BatchCorr Set 1"
"heldout_qc_cv_mean",32.5994242278841,"lower",113,"percent","","sacurine","C0_RAW","Raw","Sacurine"
"heldout_qc_cv_sd",16.559428139738,"lower",113,"percent","","sacurine","C0_RAW","Raw","Sacurine"
"heldout_qc_cv_median",28.9001231259555,"lower",113,"percent","","sacurine","C0_RAW","Raw","Sacurine"
"residual_run_order_gam_mean_deviance",0.0684058304178776,"lower",226,"proportion","","sacurine","C0_RAW","Raw","Sacurine"
"residual_run_order_gam_sd_deviance",0.0800503403159908,"lower",226,"proportion","","sacurine","C0_RAW","Raw","Sacurine"
"residual_ljung_box_proportion_significant",0.128318584070796,"lower",226,"proportion","","sacurine","C0_RAW","Raw","Sacurine"
"batch_weighted_pc_r2_categorical",0.131658082609212,"lower",184,"weighted R-squared","Batch is explicitly categorical.","sacurine","C0_RAW","Raw","Sacurine"
"retained_features",113,"higher",113,"features","","sacurine","C0_RAW","Raw","Sacurine"
"retained_samples",210,"higher",210,"samples","","sacurine","C0_RAW","Raw","Sacurine"
"runtime_sec",0,"lower",1,"seconds","","sacurine","C0_RAW","Raw","Sacurine"
"drift_profiles_corrected",,"descriptive",226,"profiles","","sacurine","C0_RAW","Raw","Sacurine"
"drift_features_corrected",,"descriptive",113,"features","","sacurine","C0_RAW","Raw","Sacurine"
"batch_features_corrected",,"descriptive",113,"features","","sacurine","C0_RAW","Raw","Sacurine"
"biological_weighted_pc_r2",0.0241181676205405,"higher",3,"weighted R-squared","","sacurine","C0_RAW","Raw","Sacurine"
"biological_associated_features",30,"context",339,"feature-variable tests","","sacurine","C0_RAW","Raw","Sacurine"
"cross_batch_effect_pearson_median",0.535009679276094,"higher",3,"correlation","","sacurine","C0_RAW","Raw","Sacurine"
"heldout_qc_cv_mean",31.8089866995627,"lower",113,"percent","","sacurine","C1_OUTLIER","Outlier","Sacurine"
"heldout_qc_cv_sd",15.301151932928,"lower",113,"percent","","sacurine","C1_OUTLIER","Outlier","Sacurine"
"heldout_qc_cv_median",28.6062701021981,"lower",113,"percent","","sacurine","C1_OUTLIER","Outlier","Sacurine"
"residual_run_order_gam_mean_deviance",0.0689385055060147,"lower",226,"proportion","","sacurine","C1_OUTLIER","Outlier","Sacurine"
"residual_run_order_gam_sd_deviance",0.0804192167532568,"lower",226,"proportion","","sacurine","C1_OUTLIER","Outlier","Sacurine"
"residual_ljung_box_proportion_significant",0.123893805309735,"lower",226,"proportion","","sacurine","C1_OUTLIER","Outlier","Sacurine"
"batch_weighted_pc_r2_categorical",0.129641086172234,"lower",184,"weighted R-squared","Batch is explicitly categorical.","sacurine","C1_OUTLIER","Outlier","Sacurine"
"retained_features",113,"higher",113,"features","","sacurine","C1_OUTLIER","Outlier","Sacurine"
"retained_samples",210,"higher",210,"samples","","sacurine","C1_OUTLIER","Outlier","Sacurine"
"runtime_sec",0.0839999999999996,"lower",1,"seconds","","sacurine","C1_OUTLIER","Outlier","Sacurine"
"drift_profiles_corrected",,"descriptive",226,"profiles","","sacurine","C1_OUTLIER","Outlier","Sacurine"
"drift_features_corrected",,"descriptive",113,"features","","sacurine","C1_OUTLIER","Outlier","Sacurine"
"batch_features_corrected",,"descriptive",113,"features","","sacurine","C1_OUTLIER","Outlier","Sacurine"
"biological_weighted_pc_r2",0.0233378570149478,"higher",3,"weighted R-squared","","sacurine","C1_OUTLIER","Outlier","Sacurine"
"biological_associated_features",31,"context",339,"feature-variable tests","","sacurine","C1_OUTLIER","Outlier","Sacurine"
"cross_batch_effect_pearson_median",0.546482682681913,"higher",3,"correlation","","sacurine","C1_OUTLIER","Outlier","Sacurine"
"heldout_qc_cv_mean",30.5758192628179,"lower",113,"percent","","sacurine","C2_SELECTIVE_DRIFT","+ selective drift","Sacurine"
"heldout_qc_cv_sd",13.1784492312924,"lower",113,"percent","","sacurine","C2_SELECTIVE_DRIFT","+ selective drift","Sacurine"
"heldout_qc_cv_median",28.3210688805244,"lower",113,"percent","","sacurine","C2_SELECTIVE_DRIFT","+ selective drift","Sacurine"
"residual_run_order_gam_mean_deviance",0.0317341115811118,"lower",226,"proportion","","sacurine","C2_SELECTIVE_DRIFT","+ selective drift","Sacurine"
"residual_run_order_gam_sd_deviance",0.0420603724899108,"lower",226,"proportion","","sacurine","C2_SELECTIVE_DRIFT","+ selective drift","Sacurine"
"residual_ljung_box_proportion_significant",0,"lower",226,"proportion","","sacurine","C2_SELECTIVE_DRIFT","+ selective drift","Sacurine"
"batch_weighted_pc_r2_categorical",0.140593695051666,"lower",184,"weighted R-squared","Batch is explicitly categorical.","sacurine","C2_SELECTIVE_DRIFT","+ selective drift","Sacurine"
"retained_features",113,"higher",113,"features","","sacurine","C2_SELECTIVE_DRIFT","+ selective drift","Sacurine"
"retained_samples",210,"higher",210,"samples","","sacurine","C2_SELECTIVE_DRIFT","+ selective drift","Sacurine"
"runtime_sec",0.602,"lower",1,"seconds","","sacurine","C2_SELECTIVE_DRIFT","+ selective drift","Sacurine"
"drift_profiles_corrected",44,"descriptive",226,"profiles","","sacurine","C2_SELECTIVE_DRIFT","+ selective drift","Sacurine"
"drift_features_corrected",37,"descriptive",113,"features","","sacurine","C2_SELECTIVE_DRIFT","+ selective drift","Sacurine"
"batch_features_corrected",,"descriptive",113,"features","","sacurine","C2_SELECTIVE_DRIFT","+ selective drift","Sacurine"
"biological_weighted_pc_r2",0.0275658419521433,"higher",3,"weighted R-squared","","sacurine","C2_SELECTIVE_DRIFT","+ selective drift","Sacurine"
"biological_associated_features",29,"context",339,"feature-variable tests","","sacurine","C2_SELECTIVE_DRIFT","+ selective drift","Sacurine"
"cross_batch_effect_pearson_median",0.542954218063677,"higher",3,"correlation","","sacurine","C2_SELECTIVE_DRIFT","+ selective drift","Sacurine"
"heldout_qc_cv_mean",23.1936279802778,"lower",113,"percent","","sacurine","C3_SELECTIVE_BATCH","+ selective batch","Sacurine"
"heldout_qc_cv_sd",9.98973793830108,"lower",113,"percent","","sacurine","C3_SELECTIVE_BATCH","+ selective batch","Sacurine"
"heldout_qc_cv_median",22.0451486281816,"lower",113,"percent","","sacurine","C3_SELECTIVE_BATCH","+ selective batch","Sacurine"
"residual_run_order_gam_mean_deviance",0.0317341115811118,"lower",226,"proportion","","sacurine","C3_SELECTIVE_BATCH","+ selective batch","Sacurine"
"residual_run_order_gam_sd_deviance",0.0420603724899108,"lower",226,"proportion","","sacurine","C3_SELECTIVE_BATCH","+ selective batch","Sacurine"
"residual_ljung_box_proportion_significant",0,"lower",226,"proportion","","sacurine","C3_SELECTIVE_BATCH","+ selective batch","Sacurine"
"batch_weighted_pc_r2_categorical",0.000505940185942207,"lower",184,"weighted R-squared","Batch is explicitly categorical.","sacurine","C3_SELECTIVE_BATCH","+ selective batch","Sacurine"
"retained_features",113,"higher",113,"features","","sacurine","C3_SELECTIVE_BATCH","+ selective batch","Sacurine"
"retained_samples",210,"higher",210,"samples","","sacurine","C3_SELECTIVE_BATCH","+ selective batch","Sacurine"
"runtime_sec",1.104,"lower",1,"seconds","","sacurine","C3_SELECTIVE_BATCH","+ selective batch","Sacurine"
"drift_profiles_corrected",44,"descriptive",226,"profiles","","sacurine","C3_SELECTIVE_BATCH","+ selective batch","Sacurine"
"drift_features_corrected",37,"descriptive",113,"features","","sacurine","C3_SELECTIVE_BATCH","+ selective batch","Sacurine"
"batch_features_corrected",82,"descriptive",113,"features","","sacurine","C3_SELECTIVE_BATCH","+ selective batch","Sacurine"
"biological_weighted_pc_r2",0.0366429880766416,"higher",3,"weighted R-squared","","sacurine","C3_SELECTIVE_BATCH","+ selective batch","Sacurine"
"biological_associated_features",33,"context",339,"feature-variable tests","","sacurine","C3_SELECTIVE_BATCH","+ selective batch","Sacurine"
"cross_batch_effect_pearson_median",0.543747810017213,"higher",3,"correlation","","sacurine","C3_SELECTIVE_BATCH","+ selective batch","Sacurine"
"heldout_qc_cv_mean",22.421913234801,"lower",113,"percent","","sacurine","C4_FULL_FIXED","+ PQN","Sacurine"
"heldout_qc_cv_sd",10.0042736885185,"lower",113,"percent","","sacurine","C4_FULL_FIXED","+ PQN","Sacurine"
"heldout_qc_cv_median",20.7262308662042,"lower",113,"percent","","sacurine","C4_FULL_FIXED","+ PQN","Sacurine"
"residual_run_order_gam_mean_deviance",0.0520147926987853,"lower",226,"proportion","","sacurine","C4_FULL_FIXED","+ PQN","Sacurine"
"residual_run_order_gam_sd_deviance",0.0673011809210797,"lower",226,"proportion","","sacurine","C4_FULL_FIXED","+ PQN","Sacurine"
"residual_ljung_box_proportion_significant",0.0309734513274336,"lower",226,"proportion","","sacurine","C4_FULL_FIXED","+ PQN","Sacurine"
"batch_weighted_pc_r2_categorical",0.000737747609499402,"lower",184,"weighted R-squared","Batch is explicitly categorical.","sacurine","C4_FULL_FIXED","+ PQN","Sacurine"
"retained_features",113,"higher",113,"features","","sacurine","C4_FULL_FIXED","+ PQN","Sacurine"
"retained_samples",210,"higher",210,"samples","","sacurine","C4_FULL_FIXED","+ PQN","Sacurine"
"runtime_sec",1.119,"lower",1,"seconds","","sacurine","C4_FULL_FIXED","+ PQN","Sacurine"
"drift_profiles_corrected",44,"descriptive",226,"profiles","","sacurine","C4_FULL_FIXED","+ PQN","Sacurine"
"drift_features_corrected",37,"descriptive",113,"features","","sacurine","C4_FULL_FIXED","+ PQN","Sacurine"
"batch_features_corrected",82,"descriptive",113,"features","","sacurine","C4_FULL_FIXED","+ PQN","Sacurine"
"biological_weighted_pc_r2",0.0457852706905809,"higher",3,"weighted R-squared","","sacurine","C4_FULL_FIXED","+ PQN","Sacurine"
"biological_associated_features",48,"context",339,"feature-variable tests","","sacurine","C4_FULL_FIXED","+ PQN","Sacurine"
"cross_batch_effect_pearson_median",0.537221386297552,"higher",3,"correlation","","sacurine","C4_FULL_FIXED","+ PQN","Sacurine"
"heldout_qc_cv_mean",22.421913234801,"lower",113,"percent","","sacurine","G_SS","selective/selective","Sacurine"
"heldout_qc_cv_sd",10.0042736885185,"lower",113,"percent","","sacurine","G_SS","selective/selective","Sacurine"
"heldout_qc_cv_median",20.7262308662042,"lower",113,"percent","","sacurine","G_SS","selective/selective","Sacurine"
"residual_run_order_gam_mean_deviance",0.0520147926987853,"lower",226,"proportion","","sacurine","G_SS","selective/selective","Sacurine"
"residual_run_order_gam_sd_deviance",0.0673011809210797,"lower",226,"proportion","","sacurine","G_SS","selective/selective","Sacurine"
"residual_ljung_box_proportion_significant",0.0309734513274336,"lower",226,"proportion","","sacurine","G_SS","selective/selective","Sacurine"
"batch_weighted_pc_r2_categorical",0.000737747609499402,"lower",184,"weighted R-squared","Batch is explicitly categorical.","sacurine","G_SS","selective/selective","Sacurine"
"retained_features",113,"higher",113,"features","","sacurine","G_SS","selective/selective","Sacurine"
"retained_samples",210,"higher",210,"samples","","sacurine","G_SS","selective/selective","Sacurine"
"runtime_sec",1.119,"lower",1,"seconds","","sacurine","G_SS","selective/selective","Sacurine"
"drift_profiles_corrected",44,"descriptive",226,"profiles","","sacurine","G_SS","selective/selective","Sacurine"
"drift_features_corrected",37,"descriptive",113,"features","","sacurine","G_SS","selective/selective","Sacurine"
"batch_features_corrected",82,"descriptive",113,"features","","sacurine","G_SS","selective/selective","Sacurine"
"biological_weighted_pc_r2",0.0457852706905809,"higher",3,"weighted R-squared","","sacurine","G_SS","selective/selective","Sacurine"
"biological_associated_features",48,"context",339,"feature-variable tests","","sacurine","G_SS","selective/selective","Sacurine"
"cross_batch_effect_pearson_median",0.537221386297552,"higher",3,"correlation","","sacurine","G_SS","selective/selective","Sacurine"
"heldout_qc_cv_mean",23.5042049558585,"lower",113,"percent","","sacurine","G_AS","all/selective","Sacurine"
"heldout_qc_cv_sd",13.13972369563,"lower",113,"percent","","sacurine","G_AS","all/selective","Sacurine"
"heldout_qc_cv_median",20.1101016219649,"lower",113,"percent","","sacurine","G_AS","all/selective","Sacurine"
"residual_run_order_gam_mean_deviance",0.00452082116102002,"lower",226,"proportion","","sacurine","G_AS","all/selective","Sacurine"
"residual_run_order_gam_sd_deviance",0.00802249478855206,"lower",226,"proportion","","sacurine","G_AS","all/selective","Sacurine"
"residual_ljung_box_proportion_significant",0.00884955752212389,"lower",226,"proportion","","sacurine","G_AS","all/selective","Sacurine"
"batch_weighted_pc_r2_categorical",0.00105850874958049,"lower",184,"weighted R-squared","Batch is explicitly categorical.","sacurine","G_AS","all/selective","Sacurine"
"retained_features",113,"higher",113,"features","","sacurine","G_AS","all/selective","Sacurine"
"retained_samples",210,"higher",210,"samples","","sacurine","G_AS","all/selective","Sacurine"
"runtime_sec",2.481,"lower",1,"seconds","","sacurine","G_AS","all/selective","Sacurine"
"drift_profiles_corrected",226,"descriptive",226,"profiles","","sacurine","G_AS","all/selective","Sacurine"
"drift_features_corrected",113,"descriptive",113,"features","","sacurine","G_AS","all/selective","Sacurine"
"batch_features_corrected",84,"descriptive",113,"features","","sacurine","G_AS","all/selective","Sacurine"
"biological_weighted_pc_r2",0.0450719311645159,"higher",3,"weighted R-squared","","sacurine","G_AS","all/selective","Sacurine"
"biological_associated_features",49,"context",339,"feature-variable tests","","sacurine","G_AS","all/selective","Sacurine"
"cross_batch_effect_pearson_median",0.551099930668215,"higher",3,"correlation","","sacurine","G_AS","all/selective","Sacurine"
"heldout_qc_cv_mean",21.9299926994854,"lower",113,"percent","","sacurine","G_SA","selective/all","Sacurine"
"heldout_qc_cv_sd",9.48529918475739,"lower",113,"percent","","sacurine","G_SA","selective/all","Sacurine"
"heldout_qc_cv_median",20.579994922013,"lower",113,"percent","","sacurine","G_SA","selective/all","Sacurine"
"residual_run_order_gam_mean_deviance",0.0523762634412072,"lower",226,"proportion","","sacurine","G_SA","selective/all","Sacurine"
"residual_run_order_gam_sd_deviance",0.0678248666680279,"lower",226,"proportion","","sacurine","G_SA","selective/all","Sacurine"
"residual_ljung_box_proportion_significant",0.0309734513274336,"lower",226,"proportion","","sacurine","G_SA","selective/all","Sacurine"
"batch_weighted_pc_r2_categorical",0.000442153745158434,"lower",184,"weighted R-squared","Batch is explicitly categorical.","sacurine","G_SA","selective/all","Sacurine"
"retained_features",113,"higher",113,"features","","sacurine","G_SA","selective/all","Sacurine"
"retained_samples",210,"higher",210,"samples","","sacurine","G_SA","selective/all","Sacurine"
"runtime_sec",1.127,"lower",1,"seconds","","sacurine","G_SA","selective/all","Sacurine"
"drift_profiles_corrected",44,"descriptive",226,"profiles","","sacurine","G_SA","selective/all","Sacurine"
"drift_features_corrected",37,"descriptive",113,"features","","sacurine","G_SA","selective/all","Sacurine"
"batch_features_corrected",113,"descriptive",113,"features","","sacurine","G_SA","selective/all","Sacurine"
"biological_weighted_pc_r2",0.0459713960769054,"higher",3,"weighted R-squared","","sacurine","G_SA","selective/all","Sacurine"
"biological_associated_features",48,"context",339,"feature-variable tests","","sacurine","G_SA","selective/all","Sacurine"
"cross_batch_effect_pearson_median",0.537207329596118,"higher",3,"correlation","","sacurine","G_SA","selective/all","Sacurine"
"heldout_qc_cv_mean",22.9626454620396,"lower",113,"percent","","sacurine","G_AA","all/all","Sacurine"
"heldout_qc_cv_sd",13.2345168393841,"lower",113,"percent","","sacurine","G_AA","all/all","Sacurine"
"heldout_qc_cv_median",19.6126702631388,"lower",113,"percent","","sacurine","G_AA","all/all","Sacurine"
"residual_run_order_gam_mean_deviance",0.00483435797740552,"lower",226,"proportion","","sacurine","G_AA","all/all","Sacurine"
"residual_run_order_gam_sd_deviance",0.00826134899584249,"lower",226,"proportion","","sacurine","G_AA","all/all","Sacurine"
"residual_ljung_box_proportion_significant",0.00884955752212389,"lower",226,"proportion","","sacurine","G_AA","all/all","Sacurine"
"batch_weighted_pc_r2_categorical",0.000841918579778785,"lower",184,"weighted R-squared","Batch is explicitly categorical.","sacurine","G_AA","all/all","Sacurine"
"retained_features",113,"higher",113,"features","","sacurine","G_AA","all/all","Sacurine"
"retained_samples",210,"higher",210,"samples","","sacurine","G_AA","all/all","Sacurine"
"runtime_sec",2.461,"lower",1,"seconds","","sacurine","G_AA","all/all","Sacurine"
"drift_profiles_corrected",226,"descriptive",226,"profiles","","sacurine","G_AA","all/all","Sacurine"
"drift_features_corrected",113,"descriptive",113,"features","","sacurine","G_AA","all/all","Sacurine"
"batch_features_corrected",113,"descriptive",113,"features","","sacurine","G_AA","all/all","Sacurine"
"biological_weighted_pc_r2",0.0451397139096627,"higher",3,"weighted R-squared","","sacurine","G_AA","all/all","Sacurine"
"biological_associated_features",49,"context",339,"feature-variable tests","","sacurine","G_AA","all/all","Sacurine"
"cross_batch_effect_pearson_median",0.551496323775515,"higher",3,"correlation","","sacurine","G_AA","all/all","Sacurine"
"heldout_qc_cv_mean",49.6615125014856,"lower",6461,"percent","","waveica","C0_RAW","Raw","WaveICA"
"heldout_qc_cv_sd",29.0476446241413,"lower",6461,"percent","","waveica","C0_RAW","Raw","WaveICA"
"heldout_qc_cv_median",43.4386738587829,"lower",6461,"percent","","waveica","C0_RAW","Raw","WaveICA"
"residual_run_order_gam_mean_deviance",0.205768293336358,"lower",19383,"proportion","","waveica","C0_RAW","Raw","WaveICA"
"residual_run_order_gam_sd_deviance",0.232415409330365,"lower",19383,"proportion","","waveica","C0_RAW","Raw","WaveICA"
"residual_ljung_box_proportion_significant",0.598565753495331,"lower",19383,"proportion","","waveica","C0_RAW","Raw","WaveICA"
"batch_weighted_pc_r2_categorical",0.69436740649987,"lower",568,"weighted R-squared","Batch is explicitly categorical.","waveica","C0_RAW","Raw","WaveICA"
"retained_features",6461,"higher",6461,"features","","waveica","C0_RAW","Raw","WaveICA"
"retained_samples",642,"higher",642,"samples","","waveica","C0_RAW","Raw","WaveICA"
"runtime_sec",0,"lower",1,"seconds","","waveica","C0_RAW","Raw","WaveICA"
"drift_profiles_corrected",,"descriptive",19383,"profiles","","waveica","C0_RAW","Raw","WaveICA"
"drift_features_corrected",,"descriptive",6461,"features","","waveica","C0_RAW","Raw","WaveICA"
"batch_features_corrected",,"descriptive",6461,"features","","waveica","C0_RAW","Raw","WaveICA"
"biological_weighted_pc_r2",0.00276573078388549,"higher",568,"weighted R-squared","","waveica","C0_RAW","Raw","WaveICA"
"biological_associated_features",206,"context",6461,"features","","waveica","C0_RAW","Raw","WaveICA"
"cross_batch_effect_pearson_median",0.261918456568283,"higher",3,"correlation","","waveica","C0_RAW","Raw","WaveICA"
"heldout_qc_cv_mean",45.6662065407926,"lower",6461,"percent","","waveica","C1_OUTLIER","Outlier","WaveICA"
"heldout_qc_cv_sd",23.57064648624,"lower",6461,"percent","","waveica","C1_OUTLIER","Outlier","WaveICA"
"heldout_qc_cv_median",41.5376276463927,"lower",6461,"percent","","waveica","C1_OUTLIER","Outlier","WaveICA"
"residual_run_order_gam_mean_deviance",0.208336678872152,"lower",19383,"proportion","","waveica","C1_OUTLIER","Outlier","WaveICA"
"residual_run_order_gam_sd_deviance",0.231729758957577,"lower",19383,"proportion","","waveica","C1_OUTLIER","Outlier","WaveICA"
"residual_ljung_box_proportion_significant",0.606459268431099,"lower",19383,"proportion","","waveica","C1_OUTLIER","Outlier","WaveICA"
"batch_weighted_pc_r2_categorical",0.696520411780516,"lower",568,"weighted R-squared","Batch is explicitly categorical.","waveica","C1_OUTLIER","Outlier","WaveICA"
"retained_features",6461,"higher",6461,"features","","waveica","C1_OUTLIER","Outlier","WaveICA"
"retained_samples",642,"higher",642,"samples","","waveica","C1_OUTLIER","Outlier","WaveICA"
"runtime_sec",1.288,"lower",1,"seconds","","waveica","C1_OUTLIER","Outlier","WaveICA"
"drift_profiles_corrected",,"descriptive",19383,"profiles","","waveica","C1_OUTLIER","Outlier","WaveICA"
"drift_features_corrected",,"descriptive",6461,"features","","waveica","C1_OUTLIER","Outlier","WaveICA"
"batch_features_corrected",,"descriptive",6461,"features","","waveica","C1_OUTLIER","Outlier","WaveICA"
"biological_weighted_pc_r2",0.00260038532147676,"higher",568,"weighted R-squared","","waveica","C1_OUTLIER","Outlier","WaveICA"
"biological_associated_features",210,"context",6461,"features","","waveica","C1_OUTLIER","Outlier","WaveICA"
"cross_batch_effect_pearson_median",0.264155764918338,"higher",3,"correlation","","waveica","C1_OUTLIER","Outlier","WaveICA"
"heldout_qc_cv_mean",47.7971050453376,"lower",6461,"percent","","waveica","C2_SELECTIVE_DRIFT","+ selective drift","WaveICA"
"heldout_qc_cv_sd",27.7133091242331,"lower",6461,"percent","","waveica","C2_SELECTIVE_DRIFT","+ selective drift","WaveICA"
"heldout_qc_cv_median",41.8643081503881,"lower",6461,"percent","","waveica","C2_SELECTIVE_DRIFT","+ selective drift","WaveICA"
"residual_run_order_gam_mean_deviance",0.0141264798034463,"lower",19383,"proportion","","waveica","C2_SELECTIVE_DRIFT","+ selective drift","WaveICA"
"residual_run_order_gam_sd_deviance",0.0256197168194202,"lower",19383,"proportion","","waveica","C2_SELECTIVE_DRIFT","+ selective drift","WaveICA"
"residual_ljung_box_proportion_significant",0.135685910333798,"lower",19383,"proportion","","waveica","C2_SELECTIVE_DRIFT","+ selective drift","WaveICA"
"batch_weighted_pc_r2_categorical",0.815399581483355,"lower",568,"weighted R-squared","Batch is explicitly categorical.","waveica","C2_SELECTIVE_DRIFT","+ selective drift","WaveICA"
"retained_features",6461,"higher",6461,"features","","waveica","C2_SELECTIVE_DRIFT","+ selective drift","WaveICA"
"retained_samples",642,"higher",642,"samples","","waveica","C2_SELECTIVE_DRIFT","+ selective drift","WaveICA"
"runtime_sec",34.935,"lower",1,"seconds","","waveica","C2_SELECTIVE_DRIFT","+ selective drift","WaveICA"
"drift_profiles_corrected",12480,"descriptive",19383,"profiles","","waveica","C2_SELECTIVE_DRIFT","+ selective drift","WaveICA"
"drift_features_corrected",5675,"descriptive",6461,"features","","waveica","C2_SELECTIVE_DRIFT","+ selective drift","WaveICA"
"batch_features_corrected",,"descriptive",6461,"features","","waveica","C2_SELECTIVE_DRIFT","+ selective drift","WaveICA"
"biological_weighted_pc_r2",0.0032984572446062,"higher",568,"weighted R-squared","","waveica","C2_SELECTIVE_DRIFT","+ selective drift","WaveICA"
"biological_associated_features",234,"context",6461,"features","","waveica","C2_SELECTIVE_DRIFT","+ selective drift","WaveICA"
"cross_batch_effect_pearson_median",0.260835274870995,"higher",3,"correlation","","waveica","C2_SELECTIVE_DRIFT","+ selective drift","WaveICA"
"heldout_qc_cv_mean",38.3766251478486,"lower",6461,"percent","","waveica","C3_SELECTIVE_BATCH","+ selective batch","WaveICA"
"heldout_qc_cv_sd",39.5313043486767,"lower",6461,"percent","","waveica","C3_SELECTIVE_BATCH","+ selective batch","WaveICA"
"heldout_qc_cv_median",27.2865197972637,"lower",6461,"percent","","waveica","C3_SELECTIVE_BATCH","+ selective batch","WaveICA"
"residual_run_order_gam_mean_deviance",0.0141656712326795,"lower",19383,"proportion","","waveica","C3_SELECTIVE_BATCH","+ selective batch","WaveICA"
"residual_run_order_gam_sd_deviance",0.0257003602721276,"lower",19383,"proportion","","waveica","C3_SELECTIVE_BATCH","+ selective batch","WaveICA"
"residual_ljung_box_proportion_significant",0.135943868338235,"lower",19383,"proportion","","waveica","C3_SELECTIVE_BATCH","+ selective batch","WaveICA"
"batch_weighted_pc_r2_categorical",0.00239368794350399,"lower",568,"weighted R-squared","Batch is explicitly categorical.","waveica","C3_SELECTIVE_BATCH","+ selective batch","WaveICA"
"retained_features",6461,"higher",6461,"features","","waveica","C3_SELECTIVE_BATCH","+ selective batch","WaveICA"
"retained_samples",642,"higher",642,"samples","","waveica","C3_SELECTIVE_BATCH","+ selective batch","WaveICA"
"runtime_sec",44.332,"lower",1,"seconds","","waveica","C3_SELECTIVE_BATCH","+ selective batch","WaveICA"
"drift_profiles_corrected",12480,"descriptive",19383,"profiles","","waveica","C3_SELECTIVE_BATCH","+ selective batch","WaveICA"
"drift_features_corrected",5675,"descriptive",6461,"features","","waveica","C3_SELECTIVE_BATCH","+ selective batch","WaveICA"
"batch_features_corrected",6298,"descriptive",6461,"features","","waveica","C3_SELECTIVE_BATCH","+ selective batch","WaveICA"
"biological_weighted_pc_r2",0.0137303233991831,"higher",568,"weighted R-squared","","waveica","C3_SELECTIVE_BATCH","+ selective batch","WaveICA"
"biological_associated_features",508,"context",6461,"features","","waveica","C3_SELECTIVE_BATCH","+ selective batch","WaveICA"
"cross_batch_effect_pearson_median",0.26146280867183,"higher",3,"correlation","","waveica","C3_SELECTIVE_BATCH","+ selective batch","WaveICA"
"heldout_qc_cv_mean",38.3003440498814,"lower",6461,"percent","","waveica","C4_FULL_FIXED","+ PQN","WaveICA"
"heldout_qc_cv_sd",39.5165917241963,"lower",6461,"percent","","waveica","C4_FULL_FIXED","+ PQN","WaveICA"
"heldout_qc_cv_median",27.2736232431653,"lower",6461,"percent","","waveica","C4_FULL_FIXED","+ PQN","WaveICA"
"residual_run_order_gam_mean_deviance",0.0141634445598343,"lower",19383,"proportion","","waveica","C4_FULL_FIXED","+ PQN","WaveICA"
"residual_run_order_gam_sd_deviance",0.0256953788431241,"lower",19383,"proportion","","waveica","C4_FULL_FIXED","+ PQN","WaveICA"
"residual_ljung_box_proportion_significant",0.135118402724037,"lower",19383,"proportion","","waveica","C4_FULL_FIXED","+ PQN","WaveICA"
"batch_weighted_pc_r2_categorical",0.00207900815504909,"lower",568,"weighted R-squared","Batch is explicitly categorical.","waveica","C4_FULL_FIXED","+ PQN","WaveICA"
"retained_features",6461,"higher",6461,"features","","waveica","C4_FULL_FIXED","+ PQN","WaveICA"
"retained_samples",642,"higher",642,"samples","","waveica","C4_FULL_FIXED","+ PQN","WaveICA"
"runtime_sec",45.344,"lower",1,"seconds","","waveica","C4_FULL_FIXED","+ PQN","WaveICA"
"drift_profiles_corrected",12480,"descriptive",19383,"profiles","","waveica","C4_FULL_FIXED","+ PQN","WaveICA"
"drift_features_corrected",5675,"descriptive",6461,"features","","waveica","C4_FULL_FIXED","+ PQN","WaveICA"
"batch_features_corrected",6298,"descriptive",6461,"features","","waveica","C4_FULL_FIXED","+ PQN","WaveICA"
"biological_weighted_pc_r2",0.0142279960061751,"higher",568,"weighted R-squared","","waveica","C4_FULL_FIXED","+ PQN","WaveICA"
"biological_associated_features",515,"context",6461,"features","","waveica","C4_FULL_FIXED","+ PQN","WaveICA"
"cross_batch_effect_pearson_median",0.266637781078006,"higher",3,"correlation","","waveica","C4_FULL_FIXED","+ PQN","WaveICA"
"heldout_qc_cv_mean",38.3003440498814,"lower",6461,"percent","","waveica","G_SS","selective/selective","WaveICA"
"heldout_qc_cv_sd",39.5165917241963,"lower",6461,"percent","","waveica","G_SS","selective/selective","WaveICA"
"heldout_qc_cv_median",27.2736232431653,"lower",6461,"percent","","waveica","G_SS","selective/selective","WaveICA"
"residual_run_order_gam_mean_deviance",0.0141634445598343,"lower",19383,"proportion","","waveica","G_SS","selective/selective","WaveICA"
"residual_run_order_gam_sd_deviance",0.0256953788431241,"lower",19383,"proportion","","waveica","G_SS","selective/selective","WaveICA"
"residual_ljung_box_proportion_significant",0.135118402724037,"lower",19383,"proportion","","waveica","G_SS","selective/selective","WaveICA"
"batch_weighted_pc_r2_categorical",0.00207900815504909,"lower",568,"weighted R-squared","Batch is explicitly categorical.","waveica","G_SS","selective/selective","WaveICA"
"retained_features",6461,"higher",6461,"features","","waveica","G_SS","selective/selective","WaveICA"
"retained_samples",642,"higher",642,"samples","","waveica","G_SS","selective/selective","WaveICA"
"runtime_sec",45.344,"lower",1,"seconds","","waveica","G_SS","selective/selective","WaveICA"
"drift_profiles_corrected",12480,"descriptive",19383,"profiles","","waveica","G_SS","selective/selective","WaveICA"
"drift_features_corrected",5675,"descriptive",6461,"features","","waveica","G_SS","selective/selective","WaveICA"
"batch_features_corrected",6298,"descriptive",6461,"features","","waveica","G_SS","selective/selective","WaveICA"
"biological_weighted_pc_r2",0.0142279960061751,"higher",568,"weighted R-squared","","waveica","G_SS","selective/selective","WaveICA"
"biological_associated_features",515,"context",6461,"features","","waveica","G_SS","selective/selective","WaveICA"
"cross_batch_effect_pearson_median",0.266637781078006,"higher",3,"correlation","","waveica","G_SS","selective/selective","WaveICA"
"heldout_qc_cv_mean",38.973854310665,"lower",6461,"percent","","waveica","G_AS","all/selective","WaveICA"
"heldout_qc_cv_sd",40.1404373812242,"lower",6461,"percent","","waveica","G_AS","all/selective","WaveICA"
"heldout_qc_cv_median",27.5344306874526,"lower",6461,"percent","","waveica","G_AS","all/selective","WaveICA"
"residual_run_order_gam_mean_deviance",0.00187501034065054,"lower",19383,"proportion","","waveica","G_AS","all/selective","WaveICA"
"residual_run_order_gam_sd_deviance",0.00880851910715437,"lower",19383,"proportion","","waveica","G_AS","all/selective","WaveICA"
"residual_ljung_box_proportion_significant",0.135015219522262,"lower",19383,"proportion","","waveica","G_AS","all/selective","WaveICA"
"batch_weighted_pc_r2_categorical",0.00148661487004652,"lower",568,"weighted R-squared","Batch is explicitly categorical.","waveica","G_AS","all/selective","WaveICA"
"retained_features",6461,"higher",6461,"features","","waveica","G_AS","all/selective","WaveICA"
"retained_samples",642,"higher",642,"samples","","waveica","G_AS","all/selective","WaveICA"
"runtime_sec",61.763,"lower",1,"seconds","","waveica","G_AS","all/selective","WaveICA"
"drift_profiles_corrected",19383,"descriptive",19383,"profiles","","waveica","G_AS","all/selective","WaveICA"
"drift_features_corrected",6461,"descriptive",6461,"features","","waveica","G_AS","all/selective","WaveICA"
"batch_features_corrected",6304,"descriptive",6461,"features","","waveica","G_AS","all/selective","WaveICA"
"biological_weighted_pc_r2",0.0144339199379805,"higher",568,"weighted R-squared","","waveica","G_AS","all/selective","WaveICA"
"biological_associated_features",549,"context",6461,"features","","waveica","G_AS","all/selective","WaveICA"
"cross_batch_effect_pearson_median",0.270022278327921,"higher",3,"correlation","","waveica","G_AS","all/selective","WaveICA"
"heldout_qc_cv_mean",38.2939983950556,"lower",6461,"percent","","waveica","G_SA","selective/all","WaveICA"
"heldout_qc_cv_sd",39.5206030193524,"lower",6461,"percent","","waveica","G_SA","selective/all","WaveICA"
"heldout_qc_cv_median",27.2469138993001,"lower",6461,"percent","","waveica","G_SA","selective/all","WaveICA"
"residual_run_order_gam_mean_deviance",0.0141637417979582,"lower",19383,"proportion","","waveica","G_SA","selective/all","WaveICA"
"residual_run_order_gam_sd_deviance",0.0256959470065599,"lower",19383,"proportion","","waveica","G_SA","selective/all","WaveICA"
"residual_ljung_box_proportion_significant",0.135066811123149,"lower",19383,"proportion","","waveica","G_SA","selective/all","WaveICA"
"batch_weighted_pc_r2_categorical",0.0020631185319165,"lower",568,"weighted R-squared","Batch is explicitly categorical.","waveica","G_SA","selective/all","WaveICA"
"retained_features",6461,"higher",6461,"features","","waveica","G_SA","selective/all","WaveICA"
"retained_samples",642,"higher",642,"samples","","waveica","G_SA","selective/all","WaveICA"
"runtime_sec",44.921,"lower",1,"seconds","","waveica","G_SA","selective/all","WaveICA"
"drift_profiles_corrected",12480,"descriptive",19383,"profiles","","waveica","G_SA","selective/all","WaveICA"
"drift_features_corrected",5675,"descriptive",6461,"features","","waveica","G_SA","selective/all","WaveICA"
"batch_features_corrected",6461,"descriptive",6461,"features","","waveica","G_SA","selective/all","WaveICA"
"biological_weighted_pc_r2",0.01422870765154,"higher",568,"weighted R-squared","","waveica","G_SA","selective/all","WaveICA"
"biological_associated_features",515,"context",6461,"features","","waveica","G_SA","selective/all","WaveICA"
"cross_batch_effect_pearson_median",0.26668278836203,"higher",3,"correlation","","waveica","G_SA","selective/all","WaveICA"
"heldout_qc_cv_mean",38.9695454458858,"lower",6461,"percent","","waveica","G_AA","all/all","WaveICA"
"heldout_qc_cv_sd",40.142041322147,"lower",6461,"percent","","waveica","G_AA","all/all","WaveICA"
"heldout_qc_cv_median",27.5321433796179,"lower",6461,"percent","","waveica","G_AA","all/all","WaveICA"
"residual_run_order_gam_mean_deviance",0.00187535250880175,"lower",19383,"proportion","","waveica","G_AA","all/all","WaveICA"
"residual_run_order_gam_sd_deviance",0.00880913823753104,"lower",19383,"proportion","","waveica","G_AA","all/all","WaveICA"
"residual_ljung_box_proportion_significant",0.135015219522262,"lower",19383,"proportion","","waveica","G_AA","all/all","WaveICA"
"batch_weighted_pc_r2_categorical",0.0014695177526822,"lower",568,"weighted R-squared","Batch is explicitly categorical.","waveica","G_AA","all/all","WaveICA"
"retained_features",6461,"higher",6461,"features","","waveica","G_AA","all/all","WaveICA"
"retained_samples",642,"higher",642,"samples","","waveica","G_AA","all/all","WaveICA"
"runtime_sec",61.834,"lower",1,"seconds","","waveica","G_AA","all/all","WaveICA"
"drift_profiles_corrected",19383,"descriptive",19383,"profiles","","waveica","G_AA","all/all","WaveICA"
"drift_features_corrected",6461,"descriptive",6461,"features","","waveica","G_AA","all/all","WaveICA"
"batch_features_corrected",6461,"descriptive",6461,"features","","waveica","G_AA","all/all","WaveICA"
"biological_weighted_pc_r2",0.0144348910953949,"higher",568,"weighted R-squared","","waveica","G_AA","all/all","WaveICA"
"biological_associated_features",549,"context",6461,"features","","waveica","G_AA","all/all","WaveICA"
"cross_batch_effect_pearson_median",0.270076397548034,"higher",3,"correlation","","waveica","G_AA","all/all","WaveICA"
