"analysis_family","task_id","dataset_key","seed_id","split_id","method_id","method","output_dir","floor_applied","negative_values_floored","features_with_flooring","samples_with_flooring","minimum_before_floor","rule"
"primary","PRIMARY_001","simulation",,,"raw","Raw","results/primary/simulation/raw",FALSE,0,0,0,,"No negative corrected intensities."
"primary","PRIMARY_002","simulation",,,"combat","ComBat","results/primary/simulation/combat",TRUE,1,1,1,-0.0280105824579054,"Negative corrected intensities were floored at zero before evaluation."
"primary","PRIMARY_003","simulation",,,"qc_rlsc","QC-RLSC","results/primary/simulation/qc_rlsc",FALSE,0,0,0,,"No negative corrected intensities."
"primary","PRIMARY_004","simulation",,,"qc_rfsc","QC-RFSC","results/primary/simulation/qc_rfsc",FALSE,0,0,0,,"No negative corrected intensities."
"primary","PRIMARY_005","simulation",,,"tiger","TIGER","results/primary/simulation/tiger",FALSE,0,0,0,,"No negative corrected intensities."
"primary","PRIMARY_006","simulation",,,"serrf","SERRF","results/primary/simulation/serrf",FALSE,0,0,0,,"No negative corrected intensities."
"primary","PRIMARY_007","simulation",,,"winn_auto_qc","WiNN auto (QC)","results/primary/simulation/winn_auto_qc",FALSE,0,0,0,,"No negative corrected intensities."
"primary","PRIMARY_008","simulation",,,"winn_auto_batch_qc","WiNN auto-batch (QC)","results/primary/simulation/winn_auto_batch_qc",FALSE,0,0,0,,"No negative corrected intensities."
"primary","PRIMARY_009","simulation",,,"winn_fixed_no_qc","WiNN fixed default (no QC)","results/primary/simulation/winn_fixed_no_qc",FALSE,0,0,0,,"No negative corrected intensities."
"primary","PRIMARY_010","mtbls79",,,"raw","Raw","results/primary/mtbls79/raw",FALSE,0,0,0,,"No negative corrected intensities."
"primary","PRIMARY_011","mtbls79",,,"combat","ComBat","results/primary/mtbls79/combat",FALSE,0,0,0,,"No negative corrected intensities."
"primary","PRIMARY_012","mtbls79",,,"qc_rlsc","QC-RLSC","results/primary/mtbls79/qc_rlsc",FALSE,0,0,0,,"No negative corrected intensities."
"primary","PRIMARY_013","mtbls79",,,"qc_rfsc","QC-RFSC","results/primary/mtbls79/qc_rfsc",FALSE,0,0,0,,"No negative corrected intensities."
"primary","PRIMARY_014","mtbls79",,,"tiger","TIGER","results/primary/mtbls79/tiger",FALSE,0,0,0,,"No negative corrected intensities."
"primary","PRIMARY_015","mtbls79",,,"serrf","SERRF","results/primary/mtbls79/serrf",FALSE,0,0,0,,"No negative corrected intensities."
"primary","PRIMARY_016","mtbls79",,,"winn_auto_qc","WiNN auto (QC)","results/primary/mtbls79/winn_auto_qc",FALSE,0,0,0,,"No negative corrected intensities."
"primary","PRIMARY_017","mtbls79",,,"winn_auto_batch_qc","WiNN auto-batch (QC)","results/primary/mtbls79/winn_auto_batch_qc",FALSE,0,0,0,,"No negative corrected intensities."
"primary","PRIMARY_018","mtbls79",,,"winn_fixed_no_qc","WiNN fixed default (no QC)","results/primary/mtbls79/winn_fixed_no_qc",FALSE,0,0,0,,"No negative corrected intensities."
"primary","PRIMARY_019","clinical_fiams",,,"raw","Raw","results/primary/clinical_fiams/raw",FALSE,0,0,0,,"No negative corrected intensities."
"primary","PRIMARY_020","clinical_fiams",,,"combat","ComBat","results/primary/clinical_fiams/combat",FALSE,0,0,0,,"No negative corrected intensities."
"primary","PRIMARY_021","clinical_fiams",,,"qc_rlsc","QC-RLSC","results/primary/clinical_fiams/qc_rlsc",FALSE,0,0,0,,"No negative corrected intensities."
"primary","PRIMARY_022","clinical_fiams",,,"qc_rfsc","QC-RFSC","results/primary/clinical_fiams/qc_rfsc",FALSE,0,0,0,,"No negative corrected intensities."
"primary","PRIMARY_023","clinical_fiams",,,"tiger","TIGER","results/primary/clinical_fiams/tiger",FALSE,0,0,0,,"No negative corrected intensities."
"primary","PRIMARY_024","clinical_fiams",,,"serrf","SERRF","results/primary/clinical_fiams/serrf",FALSE,0,0,0,,"No negative corrected intensities."
"primary","PRIMARY_025","clinical_fiams",,,"winn_auto_qc","WiNN auto (QC)","results/primary/clinical_fiams/winn_auto_qc",FALSE,0,0,0,,"No negative corrected intensities."
"primary","PRIMARY_026","clinical_fiams",,,"winn_auto_batch_qc","WiNN auto-batch (QC)","results/primary/clinical_fiams/winn_auto_batch_qc",FALSE,0,0,0,,"No negative corrected intensities."
"primary","PRIMARY_027","clinical_fiams",,,"winn_fixed_no_qc","WiNN fixed default (no QC)","results/primary/clinical_fiams/winn_fixed_no_qc",FALSE,0,0,0,,"No negative corrected intensities."
"primary","PRIMARY_028","batchcorr_set1",,,"raw","Raw","results/primary/batchcorr_set1/raw",FALSE,0,0,0,,"No negative corrected intensities."
"primary","PRIMARY_029","batchcorr_set1",,,"combat","ComBat","results/primary/batchcorr_set1/combat",FALSE,0,0,0,,"No negative corrected intensities."
"primary","PRIMARY_030","batchcorr_set1",,,"qc_rlsc","QC-RLSC","results/primary/batchcorr_set1/qc_rlsc",FALSE,0,0,0,,"No negative corrected intensities."
"primary","PRIMARY_031","batchcorr_set1",,,"qc_rfsc","QC-RFSC","results/primary/batchcorr_set1/qc_rfsc",FALSE,0,0,0,,"No negative corrected intensities."
"primary","PRIMARY_032","batchcorr_set1",,,"tiger","TIGER","results/primary/batchcorr_set1/tiger",FALSE,0,0,0,,"No negative corrected intensities."
"primary","PRIMARY_033","batchcorr_set1",,,"serrf","SERRF","results/primary/batchcorr_set1/serrf",FALSE,0,0,0,,"No negative corrected intensities."
"primary","PRIMARY_034","batchcorr_set1",,,"winn_auto_qc","WiNN auto (QC)","results/primary/batchcorr_set1/winn_auto_qc",FALSE,0,0,0,,"No negative corrected intensities."
"primary","PRIMARY_035","batchcorr_set1",,,"winn_auto_batch_qc","WiNN auto-batch (QC)","results/primary/batchcorr_set1/winn_auto_batch_qc",FALSE,0,0,0,,"No negative corrected intensities."
"primary","PRIMARY_036","batchcorr_set1",,,"winn_fixed_no_qc","WiNN fixed default (no QC)","results/primary/batchcorr_set1/winn_fixed_no_qc",FALSE,0,0,0,,"No negative corrected intensities."
"primary","PRIMARY_037","sacurine",,,"raw","Raw","results/primary/sacurine/raw",FALSE,0,0,0,,"No negative corrected intensities."
"primary","PRIMARY_038","sacurine",,,"combat","ComBat","results/primary/sacurine/combat",FALSE,0,0,0,,"No negative corrected intensities."
"primary","PRIMARY_039","sacurine",,,"qc_rlsc","QC-RLSC","results/primary/sacurine/qc_rlsc",FALSE,0,0,0,,"No negative corrected intensities."
"primary","PRIMARY_040","sacurine",,,"qc_rfsc","QC-RFSC","results/primary/sacurine/qc_rfsc",FALSE,0,0,0,,"No negative corrected intensities."
"primary","PRIMARY_041","sacurine",,,"tiger","TIGER","results/primary/sacurine/tiger",FALSE,0,0,0,,"No negative corrected intensities."
"primary","PRIMARY_042","sacurine",,,"serrf","SERRF","results/primary/sacurine/serrf",FALSE,0,0,0,,"No negative corrected intensities."
"primary","PRIMARY_043","sacurine",,,"winn_auto_qc","WiNN auto (QC)","results/primary/sacurine/winn_auto_qc",FALSE,0,0,0,,"No negative corrected intensities."
"primary","PRIMARY_044","sacurine",,,"winn_auto_batch_qc","WiNN auto-batch (QC)","results/primary/sacurine/winn_auto_batch_qc",FALSE,0,0,0,,"No negative corrected intensities."
"primary","PRIMARY_045","sacurine",,,"winn_fixed_no_qc","WiNN fixed default (no QC)","results/primary/sacurine/winn_fixed_no_qc",FALSE,0,0,0,,"No negative corrected intensities."
"primary","PRIMARY_046","waveica",,,"raw","Raw","results/primary/waveica/raw",FALSE,0,0,0,,"No negative corrected intensities."
"primary","PRIMARY_047","waveica",,,"combat","ComBat","results/primary/waveica/combat",FALSE,0,0,0,,"No negative corrected intensities."
"primary","PRIMARY_048","waveica",,,"qc_rlsc","QC-RLSC","results/primary/waveica/qc_rlsc",FALSE,0,0,0,,"No negative corrected intensities."
"primary","PRIMARY_049","waveica",,,"qc_rfsc","QC-RFSC","results/primary/waveica/qc_rfsc",FALSE,0,0,0,,"No negative corrected intensities."
"primary","PRIMARY_050","waveica",,,"tiger","TIGER","results/primary/waveica/tiger",FALSE,0,0,0,,"No negative corrected intensities."
"primary","PRIMARY_051","waveica",,,"serrf","SERRF","results/primary/waveica/serrf",FALSE,0,0,0,,"No negative corrected intensities."
"primary","PRIMARY_052","waveica",,,"winn_auto_qc","WiNN auto (QC)","results/primary/waveica/winn_auto_qc",FALSE,0,0,0,,"No negative corrected intensities."
"primary","PRIMARY_053","waveica",,,"winn_auto_batch_qc","WiNN auto-batch (QC)","results/primary/waveica/winn_auto_batch_qc",FALSE,0,0,0,,"No negative corrected intensities."
"primary","PRIMARY_054","waveica",,,"winn_fixed_no_qc","WiNN fixed default (no QC)","results/primary/waveica/winn_fixed_no_qc",FALSE,0,0,0,,"No negative corrected intensities."
"simulation_seed","SIM_001","simulation","SIM01",,"raw","Raw","results/simulation_seeds/SIM01/raw",FALSE,0,0,0,,"No negative corrected intensities."
"simulation_seed","SIM_002","simulation","SIM01",,"combat","ComBat","results/simulation_seeds/SIM01/combat",TRUE,1,1,1,-0.0280105824579054,"Negative corrected intensities were floored at zero before evaluation."
"simulation_seed","SIM_003","simulation","SIM01",,"qc_rlsc","QC-RLSC","results/simulation_seeds/SIM01/qc_rlsc",FALSE,0,0,0,,"No negative corrected intensities."
"simulation_seed","SIM_004","simulation","SIM01",,"qc_rfsc","QC-RFSC","results/simulation_seeds/SIM01/qc_rfsc",FALSE,0,0,0,,"No negative corrected intensities."
"simulation_seed","SIM_005","simulation","SIM01",,"tiger","TIGER","results/simulation_seeds/SIM01/tiger",FALSE,0,0,0,,"No negative corrected intensities."
"simulation_seed","SIM_006","simulation","SIM01",,"serrf","SERRF","results/simulation_seeds/SIM01/serrf",FALSE,0,0,0,,"No negative corrected intensities."
"simulation_seed","SIM_007","simulation","SIM01",,"winn_auto_qc","WiNN auto (QC)","results/simulation_seeds/SIM01/winn_auto_qc",FALSE,0,0,0,,"No negative corrected intensities."
"simulation_seed","SIM_008","simulation","SIM01",,"winn_auto_batch_qc","WiNN auto-batch (QC)","results/simulation_seeds/SIM01/winn_auto_batch_qc",FALSE,0,0,0,,"No negative corrected intensities."
"simulation_seed","SIM_009","simulation","SIM01",,"winn_fixed_no_qc","WiNN fixed default (no QC)","results/simulation_seeds/SIM01/winn_fixed_no_qc",FALSE,0,0,0,,"No negative corrected intensities."
"simulation_seed","SIM_010","simulation","SIM02",,"raw","Raw","results/simulation_seeds/SIM02/raw",FALSE,0,0,0,,"No negative corrected intensities."
"simulation_seed","SIM_011","simulation","SIM02",,"combat","ComBat","results/simulation_seeds/SIM02/combat",FALSE,0,0,0,,"No negative corrected intensities."
"simulation_seed","SIM_012","simulation","SIM02",,"qc_rlsc","QC-RLSC","results/simulation_seeds/SIM02/qc_rlsc",FALSE,0,0,0,,"No negative corrected intensities."
"simulation_seed","SIM_013","simulation","SIM02",,"qc_rfsc","QC-RFSC","results/simulation_seeds/SIM02/qc_rfsc",FALSE,0,0,0,,"No negative corrected intensities."
"simulation_seed","SIM_014","simulation","SIM02",,"tiger","TIGER","results/simulation_seeds/SIM02/tiger",FALSE,0,0,0,,"No negative corrected intensities."
"simulation_seed","SIM_015","simulation","SIM02",,"serrf","SERRF","results/simulation_seeds/SIM02/serrf",FALSE,0,0,0,,"No negative corrected intensities."
"simulation_seed","SIM_016","simulation","SIM02",,"winn_auto_qc","WiNN auto (QC)","results/simulation_seeds/SIM02/winn_auto_qc",FALSE,0,0,0,,"No negative corrected intensities."
"simulation_seed","SIM_017","simulation","SIM02",,"winn_auto_batch_qc","WiNN auto-batch (QC)","results/simulation_seeds/SIM02/winn_auto_batch_qc",FALSE,0,0,0,,"No negative corrected intensities."
"simulation_seed","SIM_018","simulation","SIM02",,"winn_fixed_no_qc","WiNN fixed default (no QC)","results/simulation_seeds/SIM02/winn_fixed_no_qc",FALSE,0,0,0,,"No negative corrected intensities."
"simulation_seed","SIM_019","simulation","SIM03",,"raw","Raw","results/simulation_seeds/SIM03/raw",FALSE,0,0,0,,"No negative corrected intensities."
"simulation_seed","SIM_020","simulation","SIM03",,"combat","ComBat","results/simulation_seeds/SIM03/combat",FALSE,0,0,0,,"No negative corrected intensities."
"simulation_seed","SIM_021","simulation","SIM03",,"qc_rlsc","QC-RLSC","results/simulation_seeds/SIM03/qc_rlsc",FALSE,0,0,0,,"No negative corrected intensities."
"simulation_seed","SIM_022","simulation","SIM03",,"qc_rfsc","QC-RFSC","results/simulation_seeds/SIM03/qc_rfsc",FALSE,0,0,0,,"No negative corrected intensities."
"simulation_seed","SIM_023","simulation","SIM03",,"tiger","TIGER","results/simulation_seeds/SIM03/tiger",FALSE,0,0,0,,"No negative corrected intensities."
"simulation_seed","SIM_024","simulation","SIM03",,"serrf","SERRF","results/simulation_seeds/SIM03/serrf",FALSE,0,0,0,,"No negative corrected intensities."
"simulation_seed","SIM_025","simulation","SIM03",,"winn_auto_qc","WiNN auto (QC)","results/simulation_seeds/SIM03/winn_auto_qc",FALSE,0,0,0,,"No negative corrected intensities."
"simulation_seed","SIM_026","simulation","SIM03",,"winn_auto_batch_qc","WiNN auto-batch (QC)","results/simulation_seeds/SIM03/winn_auto_batch_qc",FALSE,0,0,0,,"No negative corrected intensities."
"simulation_seed","SIM_027","simulation","SIM03",,"winn_fixed_no_qc","WiNN fixed default (no QC)","results/simulation_seeds/SIM03/winn_fixed_no_qc",FALSE,0,0,0,,"No negative corrected intensities."
"simulation_seed","SIM_028","simulation","SIM04",,"raw","Raw","results/simulation_seeds/SIM04/raw",FALSE,0,0,0,,"No negative corrected intensities."
"simulation_seed","SIM_029","simulation","SIM04",,"combat","ComBat","results/simulation_seeds/SIM04/combat",FALSE,0,0,0,,"No negative corrected intensities."
"simulation_seed","SIM_030","simulation","SIM04",,"qc_rlsc","QC-RLSC","results/simulation_seeds/SIM04/qc_rlsc",FALSE,0,0,0,,"No negative corrected intensities."
"simulation_seed","SIM_031","simulation","SIM04",,"qc_rfsc","QC-RFSC","results/simulation_seeds/SIM04/qc_rfsc",FALSE,0,0,0,,"No negative corrected intensities."
"simulation_seed","SIM_032","simulation","SIM04",,"tiger","TIGER","results/simulation_seeds/SIM04/tiger",FALSE,0,0,0,,"No negative corrected intensities."
"simulation_seed","SIM_033","simulation","SIM04",,"serrf","SERRF","results/simulation_seeds/SIM04/serrf",FALSE,0,0,0,,"No negative corrected intensities."
"simulation_seed","SIM_034","simulation","SIM04",,"winn_auto_qc","WiNN auto (QC)","results/simulation_seeds/SIM04/winn_auto_qc",FALSE,0,0,0,,"No negative corrected intensities."
"simulation_seed","SIM_035","simulation","SIM04",,"winn_auto_batch_qc","WiNN auto-batch (QC)","results/simulation_seeds/SIM04/winn_auto_batch_qc",FALSE,0,0,0,,"No negative corrected intensities."
"simulation_seed","SIM_036","simulation","SIM04",,"winn_fixed_no_qc","WiNN fixed default (no QC)","results/simulation_seeds/SIM04/winn_fixed_no_qc",FALSE,0,0,0,,"No negative corrected intensities."
"simulation_seed","SIM_037","simulation","SIM05",,"raw","Raw","results/simulation_seeds/SIM05/raw",FALSE,0,0,0,,"No negative corrected intensities."
"simulation_seed","SIM_038","simulation","SIM05",,"combat","ComBat","results/simulation_seeds/SIM05/combat",FALSE,0,0,0,,"No negative corrected intensities."
"simulation_seed","SIM_039","simulation","SIM05",,"qc_rlsc","QC-RLSC","results/simulation_seeds/SIM05/qc_rlsc",FALSE,0,0,0,,"No negative corrected intensities."
"simulation_seed","SIM_040","simulation","SIM05",,"qc_rfsc","QC-RFSC","results/simulation_seeds/SIM05/qc_rfsc",FALSE,0,0,0,,"No negative corrected intensities."
"simulation_seed","SIM_041","simulation","SIM05",,"tiger","TIGER","results/simulation_seeds/SIM05/tiger",FALSE,0,0,0,,"No negative corrected intensities."
"simulation_seed","SIM_042","simulation","SIM05",,"serrf","SERRF","results/simulation_seeds/SIM05/serrf",FALSE,0,0,0,,"No negative corrected intensities."
"simulation_seed","SIM_043","simulation","SIM05",,"winn_auto_qc","WiNN auto (QC)","results/simulation_seeds/SIM05/winn_auto_qc",FALSE,0,0,0,,"No negative corrected intensities."
"simulation_seed","SIM_044","simulation","SIM05",,"winn_auto_batch_qc","WiNN auto-batch (QC)","results/simulation_seeds/SIM05/winn_auto_batch_qc",FALSE,0,0,0,,"No negative corrected intensities."
"simulation_seed","SIM_045","simulation","SIM05",,"winn_fixed_no_qc","WiNN fixed default (no QC)","results/simulation_seeds/SIM05/winn_fixed_no_qc",FALSE,0,0,0,,"No negative corrected intensities."
"simulation_seed","SIM_046","simulation","SIM06",,"raw","Raw","results/simulation_seeds/SIM06/raw",FALSE,0,0,0,,"No negative corrected intensities."
"simulation_seed","SIM_047","simulation","SIM06",,"combat","ComBat","results/simulation_seeds/SIM06/combat",FALSE,0,0,0,,"No negative corrected intensities."
"simulation_seed","SIM_048","simulation","SIM06",,"qc_rlsc","QC-RLSC","results/simulation_seeds/SIM06/qc_rlsc",FALSE,0,0,0,,"No negative corrected intensities."
"simulation_seed","SIM_049","simulation","SIM06",,"qc_rfsc","QC-RFSC","results/simulation_seeds/SIM06/qc_rfsc",FALSE,0,0,0,,"No negative corrected intensities."
"simulation_seed","SIM_050","simulation","SIM06",,"tiger","TIGER","results/simulation_seeds/SIM06/tiger",FALSE,0,0,0,,"No negative corrected intensities."
"simulation_seed","SIM_051","simulation","SIM06",,"serrf","SERRF","results/simulation_seeds/SIM06/serrf",FALSE,0,0,0,,"No negative corrected intensities."
"simulation_seed","SIM_052","simulation","SIM06",,"winn_auto_qc","WiNN auto (QC)","results/simulation_seeds/SIM06/winn_auto_qc",FALSE,0,0,0,,"No negative corrected intensities."
"simulation_seed","SIM_053","simulation","SIM06",,"winn_auto_batch_qc","WiNN auto-batch (QC)","results/simulation_seeds/SIM06/winn_auto_batch_qc",FALSE,0,0,0,,"No negative corrected intensities."
"simulation_seed","SIM_054","simulation","SIM06",,"winn_fixed_no_qc","WiNN fixed default (no QC)","results/simulation_seeds/SIM06/winn_fixed_no_qc",FALSE,0,0,0,,"No negative corrected intensities."
"simulation_seed","SIM_055","simulation","SIM07",,"raw","Raw","results/simulation_seeds/SIM07/raw",FALSE,0,0,0,,"No negative corrected intensities."
"simulation_seed","SIM_056","simulation","SIM07",,"combat","ComBat","results/simulation_seeds/SIM07/combat",FALSE,0,0,0,,"No negative corrected intensities."
"simulation_seed","SIM_057","simulation","SIM07",,"qc_rlsc","QC-RLSC","results/simulation_seeds/SIM07/qc_rlsc",FALSE,0,0,0,,"No negative corrected intensities."
"simulation_seed","SIM_058","simulation","SIM07",,"qc_rfsc","QC-RFSC","results/simulation_seeds/SIM07/qc_rfsc",FALSE,0,0,0,,"No negative corrected intensities."
"simulation_seed","SIM_059","simulation","SIM07",,"tiger","TIGER","results/simulation_seeds/SIM07/tiger",FALSE,0,0,0,,"No negative corrected intensities."
"simulation_seed","SIM_060","simulation","SIM07",,"serrf","SERRF","results/simulation_seeds/SIM07/serrf",FALSE,0,0,0,,"No negative corrected intensities."
"simulation_seed","SIM_061","simulation","SIM07",,"winn_auto_qc","WiNN auto (QC)","results/simulation_seeds/SIM07/winn_auto_qc",FALSE,0,0,0,,"No negative corrected intensities."
"simulation_seed","SIM_062","simulation","SIM07",,"winn_auto_batch_qc","WiNN auto-batch (QC)","results/simulation_seeds/SIM07/winn_auto_batch_qc",FALSE,0,0,0,,"No negative corrected intensities."
"simulation_seed","SIM_063","simulation","SIM07",,"winn_fixed_no_qc","WiNN fixed default (no QC)","results/simulation_seeds/SIM07/winn_fixed_no_qc",FALSE,0,0,0,,"No negative corrected intensities."
"simulation_seed","SIM_064","simulation","SIM08",,"raw","Raw","results/simulation_seeds/SIM08/raw",FALSE,0,0,0,,"No negative corrected intensities."
"simulation_seed","SIM_065","simulation","SIM08",,"combat","ComBat","results/simulation_seeds/SIM08/combat",FALSE,0,0,0,,"No negative corrected intensities."
"simulation_seed","SIM_066","simulation","SIM08",,"qc_rlsc","QC-RLSC","results/simulation_seeds/SIM08/qc_rlsc",FALSE,0,0,0,,"No negative corrected intensities."
"simulation_seed","SIM_067","simulation","SIM08",,"qc_rfsc","QC-RFSC","results/simulation_seeds/SIM08/qc_rfsc",FALSE,0,0,0,,"No negative corrected intensities."
"simulation_seed","SIM_068","simulation","SIM08",,"tiger","TIGER","results/simulation_seeds/SIM08/tiger",FALSE,0,0,0,,"No negative corrected intensities."
"simulation_seed","SIM_069","simulation","SIM08",,"serrf","SERRF","results/simulation_seeds/SIM08/serrf",FALSE,0,0,0,,"No negative corrected intensities."
"simulation_seed","SIM_070","simulation","SIM08",,"winn_auto_qc","WiNN auto (QC)","results/simulation_seeds/SIM08/winn_auto_qc",FALSE,0,0,0,,"No negative corrected intensities."
"simulation_seed","SIM_071","simulation","SIM08",,"winn_auto_batch_qc","WiNN auto-batch (QC)","results/simulation_seeds/SIM08/winn_auto_batch_qc",FALSE,0,0,0,,"No negative corrected intensities."
"simulation_seed","SIM_072","simulation","SIM08",,"winn_fixed_no_qc","WiNN fixed default (no QC)","results/simulation_seeds/SIM08/winn_fixed_no_qc",FALSE,0,0,0,,"No negative corrected intensities."
"simulation_seed","SIM_073","simulation","SIM09",,"raw","Raw","results/simulation_seeds/SIM09/raw",FALSE,0,0,0,,"No negative corrected intensities."
"simulation_seed","SIM_074","simulation","SIM09",,"combat","ComBat","results/simulation_seeds/SIM09/combat",FALSE,0,0,0,,"No negative corrected intensities."
"simulation_seed","SIM_075","simulation","SIM09",,"qc_rlsc","QC-RLSC","results/simulation_seeds/SIM09/qc_rlsc",FALSE,0,0,0,,"No negative corrected intensities."
"simulation_seed","SIM_076","simulation","SIM09",,"qc_rfsc","QC-RFSC","results/simulation_seeds/SIM09/qc_rfsc",FALSE,0,0,0,,"No negative corrected intensities."
"simulation_seed","SIM_077","simulation","SIM09",,"tiger","TIGER","results/simulation_seeds/SIM09/tiger",FALSE,0,0,0,,"No negative corrected intensities."
"simulation_seed","SIM_078","simulation","SIM09",,"serrf","SERRF","results/simulation_seeds/SIM09/serrf",FALSE,0,0,0,,"No negative corrected intensities."
"simulation_seed","SIM_079","simulation","SIM09",,"winn_auto_qc","WiNN auto (QC)","results/simulation_seeds/SIM09/winn_auto_qc",FALSE,0,0,0,,"No negative corrected intensities."
"simulation_seed","SIM_080","simulation","SIM09",,"winn_auto_batch_qc","WiNN auto-batch (QC)","results/simulation_seeds/SIM09/winn_auto_batch_qc",FALSE,0,0,0,,"No negative corrected intensities."
"simulation_seed","SIM_081","simulation","SIM09",,"winn_fixed_no_qc","WiNN fixed default (no QC)","results/simulation_seeds/SIM09/winn_fixed_no_qc",FALSE,0,0,0,,"No negative corrected intensities."
"simulation_seed","SIM_082","simulation","SIM10",,"raw","Raw","results/simulation_seeds/SIM10/raw",FALSE,0,0,0,,"No negative corrected intensities."
"simulation_seed","SIM_083","simulation","SIM10",,"combat","ComBat","results/simulation_seeds/SIM10/combat",FALSE,0,0,0,,"No negative corrected intensities."
"simulation_seed","SIM_084","simulation","SIM10",,"qc_rlsc","QC-RLSC","results/simulation_seeds/SIM10/qc_rlsc",FALSE,0,0,0,,"No negative corrected intensities."
"simulation_seed","SIM_085","simulation","SIM10",,"qc_rfsc","QC-RFSC","results/simulation_seeds/SIM10/qc_rfsc",FALSE,0,0,0,,"No negative corrected intensities."
"simulation_seed","SIM_086","simulation","SIM10",,"tiger","TIGER","results/simulation_seeds/SIM10/tiger",FALSE,0,0,0,,"No negative corrected intensities."
"simulation_seed","SIM_087","simulation","SIM10",,"serrf","SERRF","results/simulation_seeds/SIM10/serrf",FALSE,0,0,0,,"No negative corrected intensities."
"simulation_seed","SIM_088","simulation","SIM10",,"winn_auto_qc","WiNN auto (QC)","results/simulation_seeds/SIM10/winn_auto_qc",FALSE,0,0,0,,"No negative corrected intensities."
"simulation_seed","SIM_089","simulation","SIM10",,"winn_auto_batch_qc","WiNN auto-batch (QC)","results/simulation_seeds/SIM10/winn_auto_batch_qc",FALSE,0,0,0,,"No negative corrected intensities."
"simulation_seed","SIM_090","simulation","SIM10",,"winn_fixed_no_qc","WiNN fixed default (no QC)","results/simulation_seeds/SIM10/winn_fixed_no_qc",FALSE,0,0,0,,"No negative corrected intensities."
"reference_split","REF_001","simulation",,"SPLIT01","raw","Raw","results/reference_splits/simulation/SPLIT01/raw",FALSE,0,0,0,,"No negative corrected intensities."
"reference_split","REF_002","simulation",,"SPLIT01","combat","ComBat","results/reference_splits/simulation/SPLIT01/combat",TRUE,1,1,1,-0.0280105824579054,"Negative corrected intensities were floored at zero before evaluation."
"reference_split","REF_003","simulation",,"SPLIT01","qc_rlsc","QC-RLSC","results/reference_splits/simulation/SPLIT01/qc_rlsc",FALSE,0,0,0,,"No negative corrected intensities."
"reference_split","REF_004","simulation",,"SPLIT01","qc_rfsc","QC-RFSC","results/reference_splits/simulation/SPLIT01/qc_rfsc",FALSE,0,0,0,,"No negative corrected intensities."
"reference_split","REF_005","simulation",,"SPLIT01","serrf","SERRF","results/reference_splits/simulation/SPLIT01/serrf",FALSE,0,0,0,,"No negative corrected intensities."
"reference_split","REF_006","simulation",,"SPLIT01","winn_auto_qc","WiNN auto (QC)","results/reference_splits/simulation/SPLIT01/winn_auto_qc",FALSE,0,0,0,,"No negative corrected intensities."
"reference_split","REF_007","simulation",,"SPLIT01","winn_auto_batch_qc","WiNN auto-batch (QC)","results/reference_splits/simulation/SPLIT01/winn_auto_batch_qc",FALSE,0,0,0,,"No negative corrected intensities."
"reference_split","REF_008","simulation",,"SPLIT01","winn_fixed_no_qc","WiNN fixed default (no QC)","results/reference_splits/simulation/SPLIT01/winn_fixed_no_qc",FALSE,0,0,0,,"No negative corrected intensities."
"reference_split","REF_009","simulation",,"SPLIT02","raw","Raw","results/reference_splits/simulation/SPLIT02/raw",FALSE,0,0,0,,"No negative corrected intensities."
"reference_split","REF_010","simulation",,"SPLIT02","combat","ComBat","results/reference_splits/simulation/SPLIT02/combat",TRUE,1,1,1,-0.0280105824579054,"Negative corrected intensities were floored at zero before evaluation."
"reference_split","REF_011","simulation",,"SPLIT02","qc_rlsc","QC-RLSC","results/reference_splits/simulation/SPLIT02/qc_rlsc",FALSE,0,0,0,,"No negative corrected intensities."
"reference_split","REF_012","simulation",,"SPLIT02","qc_rfsc","QC-RFSC","results/reference_splits/simulation/SPLIT02/qc_rfsc",FALSE,0,0,0,,"No negative corrected intensities."
"reference_split","REF_013","simulation",,"SPLIT02","serrf","SERRF","results/reference_splits/simulation/SPLIT02/serrf",FALSE,0,0,0,,"No negative corrected intensities."
"reference_split","REF_014","simulation",,"SPLIT02","winn_auto_qc","WiNN auto (QC)","results/reference_splits/simulation/SPLIT02/winn_auto_qc",FALSE,0,0,0,,"No negative corrected intensities."
"reference_split","REF_015","simulation",,"SPLIT02","winn_auto_batch_qc","WiNN auto-batch (QC)","results/reference_splits/simulation/SPLIT02/winn_auto_batch_qc",FALSE,0,0,0,,"No negative corrected intensities."
"reference_split","REF_016","simulation",,"SPLIT02","winn_fixed_no_qc","WiNN fixed default (no QC)","results/reference_splits/simulation/SPLIT02/winn_fixed_no_qc",FALSE,0,0,0,,"No negative corrected intensities."
"reference_split","REF_017","simulation",,"SPLIT03","raw","Raw","results/reference_splits/simulation/SPLIT03/raw",FALSE,0,0,0,,"No negative corrected intensities."
"reference_split","REF_018","simulation",,"SPLIT03","combat","ComBat","results/reference_splits/simulation/SPLIT03/combat",TRUE,1,1,1,-0.0280105824579054,"Negative corrected intensities were floored at zero before evaluation."
"reference_split","REF_019","simulation",,"SPLIT03","qc_rlsc","QC-RLSC","results/reference_splits/simulation/SPLIT03/qc_rlsc",FALSE,0,0,0,,"No negative corrected intensities."
"reference_split","REF_020","simulation",,"SPLIT03","qc_rfsc","QC-RFSC","results/reference_splits/simulation/SPLIT03/qc_rfsc",FALSE,0,0,0,,"No negative corrected intensities."
"reference_split","REF_021","simulation",,"SPLIT03","serrf","SERRF","results/reference_splits/simulation/SPLIT03/serrf",FALSE,0,0,0,,"No negative corrected intensities."
"reference_split","REF_022","simulation",,"SPLIT03","winn_auto_qc","WiNN auto (QC)","results/reference_splits/simulation/SPLIT03/winn_auto_qc",FALSE,0,0,0,,"No negative corrected intensities."
"reference_split","REF_023","simulation",,"SPLIT03","winn_auto_batch_qc","WiNN auto-batch (QC)","results/reference_splits/simulation/SPLIT03/winn_auto_batch_qc",FALSE,0,0,0,,"No negative corrected intensities."
"reference_split","REF_024","simulation",,"SPLIT03","winn_fixed_no_qc","WiNN fixed default (no QC)","results/reference_splits/simulation/SPLIT03/winn_fixed_no_qc",FALSE,0,0,0,,"No negative corrected intensities."
"reference_split","REF_025","simulation",,"SPLIT04","raw","Raw","results/reference_splits/simulation/SPLIT04/raw",FALSE,0,0,0,,"No negative corrected intensities."
"reference_split","REF_026","simulation",,"SPLIT04","combat","ComBat","results/reference_splits/simulation/SPLIT04/combat",TRUE,1,1,1,-0.0280105824579054,"Negative corrected intensities were floored at zero before evaluation."
"reference_split","REF_027","simulation",,"SPLIT04","qc_rlsc","QC-RLSC","results/reference_splits/simulation/SPLIT04/qc_rlsc",FALSE,0,0,0,,"No negative corrected intensities."
"reference_split","REF_028","simulation",,"SPLIT04","qc_rfsc","QC-RFSC","results/reference_splits/simulation/SPLIT04/qc_rfsc",FALSE,0,0,0,,"No negative corrected intensities."
"reference_split","REF_029","simulation",,"SPLIT04","serrf","SERRF","results/reference_splits/simulation/SPLIT04/serrf",FALSE,0,0,0,,"No negative corrected intensities."
"reference_split","REF_030","simulation",,"SPLIT04","winn_auto_qc","WiNN auto (QC)","results/reference_splits/simulation/SPLIT04/winn_auto_qc",FALSE,0,0,0,,"No negative corrected intensities."
"reference_split","REF_031","simulation",,"SPLIT04","winn_auto_batch_qc","WiNN auto-batch (QC)","results/reference_splits/simulation/SPLIT04/winn_auto_batch_qc",FALSE,0,0,0,,"No negative corrected intensities."
"reference_split","REF_032","simulation",,"SPLIT04","winn_fixed_no_qc","WiNN fixed default (no QC)","results/reference_splits/simulation/SPLIT04/winn_fixed_no_qc",FALSE,0,0,0,,"No negative corrected intensities."
"reference_split","REF_033","simulation",,"SPLIT05","raw","Raw","results/reference_splits/simulation/SPLIT05/raw",FALSE,0,0,0,,"No negative corrected intensities."
"reference_split","REF_034","simulation",,"SPLIT05","combat","ComBat","results/reference_splits/simulation/SPLIT05/combat",TRUE,1,1,1,-0.0280105824579054,"Negative corrected intensities were floored at zero before evaluation."
"reference_split","REF_035","simulation",,"SPLIT05","qc_rlsc","QC-RLSC","results/reference_splits/simulation/SPLIT05/qc_rlsc",FALSE,0,0,0,,"No negative corrected intensities."
"reference_split","REF_036","simulation",,"SPLIT05","qc_rfsc","QC-RFSC","results/reference_splits/simulation/SPLIT05/qc_rfsc",FALSE,0,0,0,,"No negative corrected intensities."
"reference_split","REF_037","simulation",,"SPLIT05","serrf","SERRF","results/reference_splits/simulation/SPLIT05/serrf",FALSE,0,0,0,,"No negative corrected intensities."
"reference_split","REF_038","simulation",,"SPLIT05","winn_auto_qc","WiNN auto (QC)","results/reference_splits/simulation/SPLIT05/winn_auto_qc",FALSE,0,0,0,,"No negative corrected intensities."
"reference_split","REF_039","simulation",,"SPLIT05","winn_auto_batch_qc","WiNN auto-batch (QC)","results/reference_splits/simulation/SPLIT05/winn_auto_batch_qc",FALSE,0,0,0,,"No negative corrected intensities."
"reference_split","REF_040","simulation",,"SPLIT05","winn_fixed_no_qc","WiNN fixed default (no QC)","results/reference_splits/simulation/SPLIT05/winn_fixed_no_qc",FALSE,0,0,0,,"No negative corrected intensities."
"reference_split","REF_041","simulation",,"SPLIT06","raw","Raw","results/reference_splits/simulation/SPLIT06/raw",FALSE,0,0,0,,"No negative corrected intensities."
"reference_split","REF_042","simulation",,"SPLIT06","combat","ComBat","results/reference_splits/simulation/SPLIT06/combat",TRUE,1,1,1,-0.0280105824579054,"Negative corrected intensities were floored at zero before evaluation."
"reference_split","REF_043","simulation",,"SPLIT06","qc_rlsc","QC-RLSC","results/reference_splits/simulation/SPLIT06/qc_rlsc",FALSE,0,0,0,,"No negative corrected intensities."
"reference_split","REF_044","simulation",,"SPLIT06","qc_rfsc","QC-RFSC","results/reference_splits/simulation/SPLIT06/qc_rfsc",FALSE,0,0,0,,"No negative corrected intensities."
"reference_split","REF_045","simulation",,"SPLIT06","serrf","SERRF","results/reference_splits/simulation/SPLIT06/serrf",FALSE,0,0,0,,"No negative corrected intensities."
"reference_split","REF_046","simulation",,"SPLIT06","winn_auto_qc","WiNN auto (QC)","results/reference_splits/simulation/SPLIT06/winn_auto_qc",FALSE,0,0,0,,"No negative corrected intensities."
"reference_split","REF_047","simulation",,"SPLIT06","winn_auto_batch_qc","WiNN auto-batch (QC)","results/reference_splits/simulation/SPLIT06/winn_auto_batch_qc",FALSE,0,0,0,,"No negative corrected intensities."
"reference_split","REF_048","simulation",,"SPLIT06","winn_fixed_no_qc","WiNN fixed default (no QC)","results/reference_splits/simulation/SPLIT06/winn_fixed_no_qc",FALSE,0,0,0,,"No negative corrected intensities."
"reference_split","REF_049","simulation",,"SPLIT07","raw","Raw","results/reference_splits/simulation/SPLIT07/raw",FALSE,0,0,0,,"No negative corrected intensities."
"reference_split","REF_050","simulation",,"SPLIT07","combat","ComBat","results/reference_splits/simulation/SPLIT07/combat",TRUE,1,1,1,-0.0280105824579054,"Negative corrected intensities were floored at zero before evaluation."
"reference_split","REF_051","simulation",,"SPLIT07","qc_rlsc","QC-RLSC","results/reference_splits/simulation/SPLIT07/qc_rlsc",FALSE,0,0,0,,"No negative corrected intensities."
"reference_split","REF_052","simulation",,"SPLIT07","qc_rfsc","QC-RFSC","results/reference_splits/simulation/SPLIT07/qc_rfsc",FALSE,0,0,0,,"No negative corrected intensities."
"reference_split","REF_053","simulation",,"SPLIT07","serrf","SERRF","results/reference_splits/simulation/SPLIT07/serrf",FALSE,0,0,0,,"No negative corrected intensities."
"reference_split","REF_054","simulation",,"SPLIT07","winn_auto_qc","WiNN auto (QC)","results/reference_splits/simulation/SPLIT07/winn_auto_qc",FALSE,0,0,0,,"No negative corrected intensities."
"reference_split","REF_055","simulation",,"SPLIT07","winn_auto_batch_qc","WiNN auto-batch (QC)","results/reference_splits/simulation/SPLIT07/winn_auto_batch_qc",FALSE,0,0,0,,"No negative corrected intensities."
"reference_split","REF_056","simulation",,"SPLIT07","winn_fixed_no_qc","WiNN fixed default (no QC)","results/reference_splits/simulation/SPLIT07/winn_fixed_no_qc",FALSE,0,0,0,,"No negative corrected intensities."
"reference_split","REF_057","simulation",,"SPLIT08","raw","Raw","results/reference_splits/simulation/SPLIT08/raw",FALSE,0,0,0,,"No negative corrected intensities."
"reference_split","REF_058","simulation",,"SPLIT08","combat","ComBat","results/reference_splits/simulation/SPLIT08/combat",TRUE,1,1,1,-0.0280105824579054,"Negative corrected intensities were floored at zero before evaluation."
"reference_split","REF_059","simulation",,"SPLIT08","qc_rlsc","QC-RLSC","results/reference_splits/simulation/SPLIT08/qc_rlsc",FALSE,0,0,0,,"No negative corrected intensities."
"reference_split","REF_060","simulation",,"SPLIT08","qc_rfsc","QC-RFSC","results/reference_splits/simulation/SPLIT08/qc_rfsc",FALSE,0,0,0,,"No negative corrected intensities."
"reference_split","REF_061","simulation",,"SPLIT08","serrf","SERRF","results/reference_splits/simulation/SPLIT08/serrf",FALSE,0,0,0,,"No negative corrected intensities."
"reference_split","REF_062","simulation",,"SPLIT08","winn_auto_qc","WiNN auto (QC)","results/reference_splits/simulation/SPLIT08/winn_auto_qc",FALSE,0,0,0,,"No negative corrected intensities."
"reference_split","REF_063","simulation",,"SPLIT08","winn_auto_batch_qc","WiNN auto-batch (QC)","results/reference_splits/simulation/SPLIT08/winn_auto_batch_qc",FALSE,0,0,0,,"No negative corrected intensities."
"reference_split","REF_064","simulation",,"SPLIT08","winn_fixed_no_qc","WiNN fixed default (no QC)","results/reference_splits/simulation/SPLIT08/winn_fixed_no_qc",FALSE,0,0,0,,"No negative corrected intensities."
"reference_split","REF_065","simulation",,"SPLIT09","raw","Raw","results/reference_splits/simulation/SPLIT09/raw",FALSE,0,0,0,,"No negative corrected intensities."
"reference_split","REF_066","simulation",,"SPLIT09","combat","ComBat","results/reference_splits/simulation/SPLIT09/combat",TRUE,1,1,1,-0.0280105824579054,"Negative corrected intensities were floored at zero before evaluation."
"reference_split","REF_067","simulation",,"SPLIT09","qc_rlsc","QC-RLSC","results/reference_splits/simulation/SPLIT09/qc_rlsc",FALSE,0,0,0,,"No negative corrected intensities."
"reference_split","REF_068","simulation",,"SPLIT09","qc_rfsc","QC-RFSC","results/reference_splits/simulation/SPLIT09/qc_rfsc",FALSE,0,0,0,,"No negative corrected intensities."
"reference_split","REF_069","simulation",,"SPLIT09","serrf","SERRF","results/reference_splits/simulation/SPLIT09/serrf",FALSE,0,0,0,,"No negative corrected intensities."
"reference_split","REF_070","simulation",,"SPLIT09","winn_auto_qc","WiNN auto (QC)","results/reference_splits/simulation/SPLIT09/winn_auto_qc",FALSE,0,0,0,,"No negative corrected intensities."
"reference_split","REF_071","simulation",,"SPLIT09","winn_auto_batch_qc","WiNN auto-batch (QC)","results/reference_splits/simulation/SPLIT09/winn_auto_batch_qc",FALSE,0,0,0,,"No negative corrected intensities."
"reference_split","REF_072","simulation",,"SPLIT09","winn_fixed_no_qc","WiNN fixed default (no QC)","results/reference_splits/simulation/SPLIT09/winn_fixed_no_qc",FALSE,0,0,0,,"No negative corrected intensities."
"reference_split","REF_073","simulation",,"SPLIT10","raw","Raw","results/reference_splits/simulation/SPLIT10/raw",FALSE,0,0,0,,"No negative corrected intensities."
"reference_split","REF_074","simulation",,"SPLIT10","combat","ComBat","results/reference_splits/simulation/SPLIT10/combat",TRUE,1,1,1,-0.0280105824579054,"Negative corrected intensities were floored at zero before evaluation."
"reference_split","REF_075","simulation",,"SPLIT10","qc_rlsc","QC-RLSC","results/reference_splits/simulation/SPLIT10/qc_rlsc",FALSE,0,0,0,,"No negative corrected intensities."
"reference_split","REF_076","simulation",,"SPLIT10","qc_rfsc","QC-RFSC","results/reference_splits/simulation/SPLIT10/qc_rfsc",FALSE,0,0,0,,"No negative corrected intensities."
"reference_split","REF_077","simulation",,"SPLIT10","serrf","SERRF","results/reference_splits/simulation/SPLIT10/serrf",FALSE,0,0,0,,"No negative corrected intensities."
"reference_split","REF_078","simulation",,"SPLIT10","winn_auto_qc","WiNN auto (QC)","results/reference_splits/simulation/SPLIT10/winn_auto_qc",FALSE,0,0,0,,"No negative corrected intensities."
"reference_split","REF_079","simulation",,"SPLIT10","winn_auto_batch_qc","WiNN auto-batch (QC)","results/reference_splits/simulation/SPLIT10/winn_auto_batch_qc",FALSE,0,0,0,,"No negative corrected intensities."
"reference_split","REF_080","simulation",,"SPLIT10","winn_fixed_no_qc","WiNN fixed default (no QC)","results/reference_splits/simulation/SPLIT10/winn_fixed_no_qc",FALSE,0,0,0,,"No negative corrected intensities."
"reference_split","REF_081","mtbls79",,"SPLIT01","raw","Raw","results/reference_splits/mtbls79/SPLIT01/raw",FALSE,0,0,0,,"No negative corrected intensities."
"reference_split","REF_082","mtbls79",,"SPLIT01","combat","ComBat","results/reference_splits/mtbls79/SPLIT01/combat",FALSE,0,0,0,,"No negative corrected intensities."
"reference_split","REF_083","mtbls79",,"SPLIT01","qc_rlsc","QC-RLSC","results/reference_splits/mtbls79/SPLIT01/qc_rlsc",FALSE,0,0,0,,"No negative corrected intensities."
"reference_split","REF_084","mtbls79",,"SPLIT01","qc_rfsc","QC-RFSC","results/reference_splits/mtbls79/SPLIT01/qc_rfsc",FALSE,0,0,0,,"No negative corrected intensities."
"reference_split","REF_085","mtbls79",,"SPLIT01","serrf","SERRF","results/reference_splits/mtbls79/SPLIT01/serrf",FALSE,0,0,0,,"No negative corrected intensities."
"reference_split","REF_086","mtbls79",,"SPLIT01","winn_auto_qc","WiNN auto (QC)","results/reference_splits/mtbls79/SPLIT01/winn_auto_qc",FALSE,0,0,0,,"No negative corrected intensities."
"reference_split","REF_087","mtbls79",,"SPLIT01","winn_auto_batch_qc","WiNN auto-batch (QC)","results/reference_splits/mtbls79/SPLIT01/winn_auto_batch_qc",FALSE,0,0,0,,"No negative corrected intensities."
"reference_split","REF_088","mtbls79",,"SPLIT01","winn_fixed_no_qc","WiNN fixed default (no QC)","results/reference_splits/mtbls79/SPLIT01/winn_fixed_no_qc",FALSE,0,0,0,,"No negative corrected intensities."
"reference_split","REF_089","mtbls79",,"SPLIT02","raw","Raw","results/reference_splits/mtbls79/SPLIT02/raw",FALSE,0,0,0,,"No negative corrected intensities."
"reference_split","REF_090","mtbls79",,"SPLIT02","combat","ComBat","results/reference_splits/mtbls79/SPLIT02/combat",FALSE,0,0,0,,"No negative corrected intensities."
"reference_split","REF_091","mtbls79",,"SPLIT02","qc_rlsc","QC-RLSC","results/reference_splits/mtbls79/SPLIT02/qc_rlsc",FALSE,0,0,0,,"No negative corrected intensities."
"reference_split","REF_092","mtbls79",,"SPLIT02","qc_rfsc","QC-RFSC","results/reference_splits/mtbls79/SPLIT02/qc_rfsc",FALSE,0,0,0,,"No negative corrected intensities."
"reference_split","REF_093","mtbls79",,"SPLIT02","serrf","SERRF","results/reference_splits/mtbls79/SPLIT02/serrf",FALSE,0,0,0,,"No negative corrected intensities."
"reference_split","REF_094","mtbls79",,"SPLIT02","winn_auto_qc","WiNN auto (QC)","results/reference_splits/mtbls79/SPLIT02/winn_auto_qc",FALSE,0,0,0,,"No negative corrected intensities."
"reference_split","REF_095","mtbls79",,"SPLIT02","winn_auto_batch_qc","WiNN auto-batch (QC)","results/reference_splits/mtbls79/SPLIT02/winn_auto_batch_qc",FALSE,0,0,0,,"No negative corrected intensities."
"reference_split","REF_096","mtbls79",,"SPLIT02","winn_fixed_no_qc","WiNN fixed default (no QC)","results/reference_splits/mtbls79/SPLIT02/winn_fixed_no_qc",FALSE,0,0,0,,"No negative corrected intensities."
"reference_split","REF_097","mtbls79",,"SPLIT03","raw","Raw","results/reference_splits/mtbls79/SPLIT03/raw",FALSE,0,0,0,,"No negative corrected intensities."
"reference_split","REF_098","mtbls79",,"SPLIT03","combat","ComBat","results/reference_splits/mtbls79/SPLIT03/combat",FALSE,0,0,0,,"No negative corrected intensities."
"reference_split","REF_099","mtbls79",,"SPLIT03","qc_rlsc","QC-RLSC","results/reference_splits/mtbls79/SPLIT03/qc_rlsc",FALSE,0,0,0,,"No negative corrected intensities."
"reference_split","REF_100","mtbls79",,"SPLIT03","qc_rfsc","QC-RFSC","results/reference_splits/mtbls79/SPLIT03/qc_rfsc",FALSE,0,0,0,,"No negative corrected intensities."
"reference_split","REF_101","mtbls79",,"SPLIT03","serrf","SERRF","results/reference_splits/mtbls79/SPLIT03/serrf",FALSE,0,0,0,,"No negative corrected intensities."
"reference_split","REF_102","mtbls79",,"SPLIT03","winn_auto_qc","WiNN auto (QC)","results/reference_splits/mtbls79/SPLIT03/winn_auto_qc",FALSE,0,0,0,,"No negative corrected intensities."
"reference_split","REF_103","mtbls79",,"SPLIT03","winn_auto_batch_qc","WiNN auto-batch (QC)","results/reference_splits/mtbls79/SPLIT03/winn_auto_batch_qc",FALSE,0,0,0,,"No negative corrected intensities."
"reference_split","REF_104","mtbls79",,"SPLIT03","winn_fixed_no_qc","WiNN fixed default (no QC)","results/reference_splits/mtbls79/SPLIT03/winn_fixed_no_qc",FALSE,0,0,0,,"No negative corrected intensities."
"reference_split","REF_105","mtbls79",,"SPLIT04","raw","Raw","results/reference_splits/mtbls79/SPLIT04/raw",FALSE,0,0,0,,"No negative corrected intensities."
"reference_split","REF_106","mtbls79",,"SPLIT04","combat","ComBat","results/reference_splits/mtbls79/SPLIT04/combat",FALSE,0,0,0,,"No negative corrected intensities."
"reference_split","REF_107","mtbls79",,"SPLIT04","qc_rlsc","QC-RLSC","results/reference_splits/mtbls79/SPLIT04/qc_rlsc",FALSE,0,0,0,,"No negative corrected intensities."
"reference_split","REF_108","mtbls79",,"SPLIT04","qc_rfsc","QC-RFSC","results/reference_splits/mtbls79/SPLIT04/qc_rfsc",FALSE,0,0,0,,"No negative corrected intensities."
"reference_split","REF_109","mtbls79",,"SPLIT04","serrf","SERRF","results/reference_splits/mtbls79/SPLIT04/serrf",FALSE,0,0,0,,"No negative corrected intensities."
"reference_split","REF_110","mtbls79",,"SPLIT04","winn_auto_qc","WiNN auto (QC)","results/reference_splits/mtbls79/SPLIT04/winn_auto_qc",FALSE,0,0,0,,"No negative corrected intensities."
"reference_split","REF_111","mtbls79",,"SPLIT04","winn_auto_batch_qc","WiNN auto-batch (QC)","results/reference_splits/mtbls79/SPLIT04/winn_auto_batch_qc",FALSE,0,0,0,,"No negative corrected intensities."
"reference_split","REF_112","mtbls79",,"SPLIT04","winn_fixed_no_qc","WiNN fixed default (no QC)","results/reference_splits/mtbls79/SPLIT04/winn_fixed_no_qc",FALSE,0,0,0,,"No negative corrected intensities."
"reference_split","REF_113","mtbls79",,"SPLIT05","raw","Raw","results/reference_splits/mtbls79/SPLIT05/raw",FALSE,0,0,0,,"No negative corrected intensities."
"reference_split","REF_114","mtbls79",,"SPLIT05","combat","ComBat","results/reference_splits/mtbls79/SPLIT05/combat",FALSE,0,0,0,,"No negative corrected intensities."
"reference_split","REF_115","mtbls79",,"SPLIT05","qc_rlsc","QC-RLSC","results/reference_splits/mtbls79/SPLIT05/qc_rlsc",FALSE,0,0,0,,"No negative corrected intensities."
"reference_split","REF_116","mtbls79",,"SPLIT05","qc_rfsc","QC-RFSC","results/reference_splits/mtbls79/SPLIT05/qc_rfsc",FALSE,0,0,0,,"No negative corrected intensities."
"reference_split","REF_117","mtbls79",,"SPLIT05","serrf","SERRF","results/reference_splits/mtbls79/SPLIT05/serrf",FALSE,0,0,0,,"No negative corrected intensities."
"reference_split","REF_118","mtbls79",,"SPLIT05","winn_auto_qc","WiNN auto (QC)","results/reference_splits/mtbls79/SPLIT05/winn_auto_qc",FALSE,0,0,0,,"No negative corrected intensities."
"reference_split","REF_119","mtbls79",,"SPLIT05","winn_auto_batch_qc","WiNN auto-batch (QC)","results/reference_splits/mtbls79/SPLIT05/winn_auto_batch_qc",FALSE,0,0,0,,"No negative corrected intensities."
"reference_split","REF_120","mtbls79",,"SPLIT05","winn_fixed_no_qc","WiNN fixed default (no QC)","results/reference_splits/mtbls79/SPLIT05/winn_fixed_no_qc",FALSE,0,0,0,,"No negative corrected intensities."
"reference_split","REF_121","mtbls79",,"SPLIT06","raw","Raw","results/reference_splits/mtbls79/SPLIT06/raw",FALSE,0,0,0,,"No negative corrected intensities."
"reference_split","REF_122","mtbls79",,"SPLIT06","combat","ComBat","results/reference_splits/mtbls79/SPLIT06/combat",FALSE,0,0,0,,"No negative corrected intensities."
"reference_split","REF_123","mtbls79",,"SPLIT06","qc_rlsc","QC-RLSC","results/reference_splits/mtbls79/SPLIT06/qc_rlsc",FALSE,0,0,0,,"No negative corrected intensities."
"reference_split","REF_124","mtbls79",,"SPLIT06","qc_rfsc","QC-RFSC","results/reference_splits/mtbls79/SPLIT06/qc_rfsc",FALSE,0,0,0,,"No negative corrected intensities."
"reference_split","REF_125","mtbls79",,"SPLIT06","serrf","SERRF","results/reference_splits/mtbls79/SPLIT06/serrf",FALSE,0,0,0,,"No negative corrected intensities."
"reference_split","REF_126","mtbls79",,"SPLIT06","winn_auto_qc","WiNN auto (QC)","results/reference_splits/mtbls79/SPLIT06/winn_auto_qc",FALSE,0,0,0,,"No negative corrected intensities."
"reference_split","REF_127","mtbls79",,"SPLIT06","winn_auto_batch_qc","WiNN auto-batch (QC)","results/reference_splits/mtbls79/SPLIT06/winn_auto_batch_qc",FALSE,0,0,0,,"No negative corrected intensities."
"reference_split","REF_128","mtbls79",,"SPLIT06","winn_fixed_no_qc","WiNN fixed default (no QC)","results/reference_splits/mtbls79/SPLIT06/winn_fixed_no_qc",FALSE,0,0,0,,"No negative corrected intensities."
"reference_split","REF_129","mtbls79",,"SPLIT07","raw","Raw","results/reference_splits/mtbls79/SPLIT07/raw",FALSE,0,0,0,,"No negative corrected intensities."
"reference_split","REF_130","mtbls79",,"SPLIT07","combat","ComBat","results/reference_splits/mtbls79/SPLIT07/combat",FALSE,0,0,0,,"No negative corrected intensities."
"reference_split","REF_131","mtbls79",,"SPLIT07","qc_rlsc","QC-RLSC","results/reference_splits/mtbls79/SPLIT07/qc_rlsc",FALSE,0,0,0,,"No negative corrected intensities."
"reference_split","REF_132","mtbls79",,"SPLIT07","qc_rfsc","QC-RFSC","results/reference_splits/mtbls79/SPLIT07/qc_rfsc",FALSE,0,0,0,,"No negative corrected intensities."
"reference_split","REF_133","mtbls79",,"SPLIT07","serrf","SERRF","results/reference_splits/mtbls79/SPLIT07/serrf",FALSE,0,0,0,,"No negative corrected intensities."
"reference_split","REF_134","mtbls79",,"SPLIT07","winn_auto_qc","WiNN auto (QC)","results/reference_splits/mtbls79/SPLIT07/winn_auto_qc",FALSE,0,0,0,,"No negative corrected intensities."
"reference_split","REF_135","mtbls79",,"SPLIT07","winn_auto_batch_qc","WiNN auto-batch (QC)","results/reference_splits/mtbls79/SPLIT07/winn_auto_batch_qc",FALSE,0,0,0,,"No negative corrected intensities."
"reference_split","REF_136","mtbls79",,"SPLIT07","winn_fixed_no_qc","WiNN fixed default (no QC)","results/reference_splits/mtbls79/SPLIT07/winn_fixed_no_qc",FALSE,0,0,0,,"No negative corrected intensities."
"reference_split","REF_137","mtbls79",,"SPLIT08","raw","Raw","results/reference_splits/mtbls79/SPLIT08/raw",FALSE,0,0,0,,"No negative corrected intensities."
"reference_split","REF_138","mtbls79",,"SPLIT08","combat","ComBat","results/reference_splits/mtbls79/SPLIT08/combat",FALSE,0,0,0,,"No negative corrected intensities."
"reference_split","REF_139","mtbls79",,"SPLIT08","qc_rlsc","QC-RLSC","results/reference_splits/mtbls79/SPLIT08/qc_rlsc",FALSE,0,0,0,,"No negative corrected intensities."
"reference_split","REF_140","mtbls79",,"SPLIT08","qc_rfsc","QC-RFSC","results/reference_splits/mtbls79/SPLIT08/qc_rfsc",FALSE,0,0,0,,"No negative corrected intensities."
"reference_split","REF_141","mtbls79",,"SPLIT08","serrf","SERRF","results/reference_splits/mtbls79/SPLIT08/serrf",FALSE,0,0,0,,"No negative corrected intensities."
"reference_split","REF_142","mtbls79",,"SPLIT08","winn_auto_qc","WiNN auto (QC)","results/reference_splits/mtbls79/SPLIT08/winn_auto_qc",FALSE,0,0,0,,"No negative corrected intensities."
"reference_split","REF_143","mtbls79",,"SPLIT08","winn_auto_batch_qc","WiNN auto-batch (QC)","results/reference_splits/mtbls79/SPLIT08/winn_auto_batch_qc",FALSE,0,0,0,,"No negative corrected intensities."
"reference_split","REF_144","mtbls79",,"SPLIT08","winn_fixed_no_qc","WiNN fixed default (no QC)","results/reference_splits/mtbls79/SPLIT08/winn_fixed_no_qc",FALSE,0,0,0,,"No negative corrected intensities."
"reference_split","REF_145","mtbls79",,"SPLIT09","raw","Raw","results/reference_splits/mtbls79/SPLIT09/raw",FALSE,0,0,0,,"No negative corrected intensities."
"reference_split","REF_146","mtbls79",,"SPLIT09","combat","ComBat","results/reference_splits/mtbls79/SPLIT09/combat",FALSE,0,0,0,,"No negative corrected intensities."
"reference_split","REF_147","mtbls79",,"SPLIT09","qc_rlsc","QC-RLSC","results/reference_splits/mtbls79/SPLIT09/qc_rlsc",FALSE,0,0,0,,"No negative corrected intensities."
"reference_split","REF_148","mtbls79",,"SPLIT09","qc_rfsc","QC-RFSC","results/reference_splits/mtbls79/SPLIT09/qc_rfsc",FALSE,0,0,0,,"No negative corrected intensities."
"reference_split","REF_149","mtbls79",,"SPLIT09","serrf","SERRF","results/reference_splits/mtbls79/SPLIT09/serrf",FALSE,0,0,0,,"No negative corrected intensities."
"reference_split","REF_150","mtbls79",,"SPLIT09","winn_auto_qc","WiNN auto (QC)","results/reference_splits/mtbls79/SPLIT09/winn_auto_qc",FALSE,0,0,0,,"No negative corrected intensities."
"reference_split","REF_151","mtbls79",,"SPLIT09","winn_auto_batch_qc","WiNN auto-batch (QC)","results/reference_splits/mtbls79/SPLIT09/winn_auto_batch_qc",FALSE,0,0,0,,"No negative corrected intensities."
"reference_split","REF_152","mtbls79",,"SPLIT09","winn_fixed_no_qc","WiNN fixed default (no QC)","results/reference_splits/mtbls79/SPLIT09/winn_fixed_no_qc",FALSE,0,0,0,,"No negative corrected intensities."
"reference_split","REF_153","mtbls79",,"SPLIT10","raw","Raw","results/reference_splits/mtbls79/SPLIT10/raw",FALSE,0,0,0,,"No negative corrected intensities."
"reference_split","REF_154","mtbls79",,"SPLIT10","combat","ComBat","results/reference_splits/mtbls79/SPLIT10/combat",FALSE,0,0,0,,"No negative corrected intensities."
"reference_split","REF_155","mtbls79",,"SPLIT10","qc_rlsc","QC-RLSC","results/reference_splits/mtbls79/SPLIT10/qc_rlsc",FALSE,0,0,0,,"No negative corrected intensities."
"reference_split","REF_156","mtbls79",,"SPLIT10","qc_rfsc","QC-RFSC","results/reference_splits/mtbls79/SPLIT10/qc_rfsc",FALSE,0,0,0,,"No negative corrected intensities."
"reference_split","REF_157","mtbls79",,"SPLIT10","serrf","SERRF","results/reference_splits/mtbls79/SPLIT10/serrf",FALSE,0,0,0,,"No negative corrected intensities."
"reference_split","REF_158","mtbls79",,"SPLIT10","winn_auto_qc","WiNN auto (QC)","results/reference_splits/mtbls79/SPLIT10/winn_auto_qc",FALSE,0,0,0,,"No negative corrected intensities."
"reference_split","REF_159","mtbls79",,"SPLIT10","winn_auto_batch_qc","WiNN auto-batch (QC)","results/reference_splits/mtbls79/SPLIT10/winn_auto_batch_qc",FALSE,0,0,0,,"No negative corrected intensities."
"reference_split","REF_160","mtbls79",,"SPLIT10","winn_fixed_no_qc","WiNN fixed default (no QC)","results/reference_splits/mtbls79/SPLIT10/winn_fixed_no_qc",FALSE,0,0,0,,"No negative corrected intensities."
"reference_split","REF_161","clinical_fiams",,"SPLIT01","raw","Raw","results/reference_splits/clinical_fiams/SPLIT01/raw",FALSE,0,0,0,,"No negative corrected intensities."
"reference_split","REF_162","clinical_fiams",,"SPLIT01","combat","ComBat","results/reference_splits/clinical_fiams/SPLIT01/combat",FALSE,0,0,0,,"No negative corrected intensities."
"reference_split","REF_163","clinical_fiams",,"SPLIT01","qc_rlsc","QC-RLSC","results/reference_splits/clinical_fiams/SPLIT01/qc_rlsc",FALSE,0,0,0,,"No negative corrected intensities."
"reference_split","REF_164","clinical_fiams",,"SPLIT01","qc_rfsc","QC-RFSC","results/reference_splits/clinical_fiams/SPLIT01/qc_rfsc",FALSE,0,0,0,,"No negative corrected intensities."
"reference_split","REF_165","clinical_fiams",,"SPLIT01","serrf","SERRF","results/reference_splits/clinical_fiams/SPLIT01/serrf",FALSE,0,0,0,,"No negative corrected intensities."
"reference_split","REF_166","clinical_fiams",,"SPLIT01","winn_auto_qc","WiNN auto (QC)","results/reference_splits/clinical_fiams/SPLIT01/winn_auto_qc",FALSE,0,0,0,,"No negative corrected intensities."
"reference_split","REF_167","clinical_fiams",,"SPLIT01","winn_auto_batch_qc","WiNN auto-batch (QC)","results/reference_splits/clinical_fiams/SPLIT01/winn_auto_batch_qc",FALSE,0,0,0,,"No negative corrected intensities."
"reference_split","REF_168","clinical_fiams",,"SPLIT01","winn_fixed_no_qc","WiNN fixed default (no QC)","results/reference_splits/clinical_fiams/SPLIT01/winn_fixed_no_qc",FALSE,0,0,0,,"No negative corrected intensities."
"reference_split","REF_169","clinical_fiams",,"SPLIT02","raw","Raw","results/reference_splits/clinical_fiams/SPLIT02/raw",FALSE,0,0,0,,"No negative corrected intensities."
"reference_split","REF_170","clinical_fiams",,"SPLIT02","combat","ComBat","results/reference_splits/clinical_fiams/SPLIT02/combat",FALSE,0,0,0,,"No negative corrected intensities."
"reference_split","REF_171","clinical_fiams",,"SPLIT02","qc_rlsc","QC-RLSC","results/reference_splits/clinical_fiams/SPLIT02/qc_rlsc",FALSE,0,0,0,,"No negative corrected intensities."
"reference_split","REF_172","clinical_fiams",,"SPLIT02","qc_rfsc","QC-RFSC","results/reference_splits/clinical_fiams/SPLIT02/qc_rfsc",FALSE,0,0,0,,"No negative corrected intensities."
"reference_split","REF_173","clinical_fiams",,"SPLIT02","serrf","SERRF","results/reference_splits/clinical_fiams/SPLIT02/serrf",FALSE,0,0,0,,"No negative corrected intensities."
"reference_split","REF_174","clinical_fiams",,"SPLIT02","winn_auto_qc","WiNN auto (QC)","results/reference_splits/clinical_fiams/SPLIT02/winn_auto_qc",FALSE,0,0,0,,"No negative corrected intensities."
"reference_split","REF_175","clinical_fiams",,"SPLIT02","winn_auto_batch_qc","WiNN auto-batch (QC)","results/reference_splits/clinical_fiams/SPLIT02/winn_auto_batch_qc",FALSE,0,0,0,,"No negative corrected intensities."
"reference_split","REF_176","clinical_fiams",,"SPLIT02","winn_fixed_no_qc","WiNN fixed default (no QC)","results/reference_splits/clinical_fiams/SPLIT02/winn_fixed_no_qc",FALSE,0,0,0,,"No negative corrected intensities."
"reference_split","REF_177","clinical_fiams",,"SPLIT03","raw","Raw","results/reference_splits/clinical_fiams/SPLIT03/raw",FALSE,0,0,0,,"No negative corrected intensities."
"reference_split","REF_178","clinical_fiams",,"SPLIT03","combat","ComBat","results/reference_splits/clinical_fiams/SPLIT03/combat",FALSE,0,0,0,,"No negative corrected intensities."
"reference_split","REF_179","clinical_fiams",,"SPLIT03","qc_rlsc","QC-RLSC","results/reference_splits/clinical_fiams/SPLIT03/qc_rlsc",FALSE,0,0,0,,"No negative corrected intensities."
"reference_split","REF_180","clinical_fiams",,"SPLIT03","qc_rfsc","QC-RFSC","results/reference_splits/clinical_fiams/SPLIT03/qc_rfsc",FALSE,0,0,0,,"No negative corrected intensities."
"reference_split","REF_181","clinical_fiams",,"SPLIT03","serrf","SERRF","results/reference_splits/clinical_fiams/SPLIT03/serrf",FALSE,0,0,0,,"No negative corrected intensities."
"reference_split","REF_182","clinical_fiams",,"SPLIT03","winn_auto_qc","WiNN auto (QC)","results/reference_splits/clinical_fiams/SPLIT03/winn_auto_qc",FALSE,0,0,0,,"No negative corrected intensities."
"reference_split","REF_183","clinical_fiams",,"SPLIT03","winn_auto_batch_qc","WiNN auto-batch (QC)","results/reference_splits/clinical_fiams/SPLIT03/winn_auto_batch_qc",FALSE,0,0,0,,"No negative corrected intensities."
"reference_split","REF_184","clinical_fiams",,"SPLIT03","winn_fixed_no_qc","WiNN fixed default (no QC)","results/reference_splits/clinical_fiams/SPLIT03/winn_fixed_no_qc",FALSE,0,0,0,,"No negative corrected intensities."
"reference_split","REF_185","clinical_fiams",,"SPLIT04","raw","Raw","results/reference_splits/clinical_fiams/SPLIT04/raw",FALSE,0,0,0,,"No negative corrected intensities."
"reference_split","REF_186","clinical_fiams",,"SPLIT04","combat","ComBat","results/reference_splits/clinical_fiams/SPLIT04/combat",FALSE,0,0,0,,"No negative corrected intensities."
"reference_split","REF_187","clinical_fiams",,"SPLIT04","qc_rlsc","QC-RLSC","results/reference_splits/clinical_fiams/SPLIT04/qc_rlsc",FALSE,0,0,0,,"No negative corrected intensities."
"reference_split","REF_188","clinical_fiams",,"SPLIT04","qc_rfsc","QC-RFSC","results/reference_splits/clinical_fiams/SPLIT04/qc_rfsc",FALSE,0,0,0,,"No negative corrected intensities."
"reference_split","REF_189","clinical_fiams",,"SPLIT04","serrf","SERRF","results/reference_splits/clinical_fiams/SPLIT04/serrf",FALSE,0,0,0,,"No negative corrected intensities."
"reference_split","REF_190","clinical_fiams",,"SPLIT04","winn_auto_qc","WiNN auto (QC)","results/reference_splits/clinical_fiams/SPLIT04/winn_auto_qc",FALSE,0,0,0,,"No negative corrected intensities."
"reference_split","REF_191","clinical_fiams",,"SPLIT04","winn_auto_batch_qc","WiNN auto-batch (QC)","results/reference_splits/clinical_fiams/SPLIT04/winn_auto_batch_qc",FALSE,0,0,0,,"No negative corrected intensities."
"reference_split","REF_192","clinical_fiams",,"SPLIT04","winn_fixed_no_qc","WiNN fixed default (no QC)","results/reference_splits/clinical_fiams/SPLIT04/winn_fixed_no_qc",FALSE,0,0,0,,"No negative corrected intensities."
"reference_split","REF_193","clinical_fiams",,"SPLIT05","raw","Raw","results/reference_splits/clinical_fiams/SPLIT05/raw",FALSE,0,0,0,,"No negative corrected intensities."
"reference_split","REF_194","clinical_fiams",,"SPLIT05","combat","ComBat","results/reference_splits/clinical_fiams/SPLIT05/combat",FALSE,0,0,0,,"No negative corrected intensities."
"reference_split","REF_195","clinical_fiams",,"SPLIT05","qc_rlsc","QC-RLSC","results/reference_splits/clinical_fiams/SPLIT05/qc_rlsc",FALSE,0,0,0,,"No negative corrected intensities."
"reference_split","REF_196","clinical_fiams",,"SPLIT05","qc_rfsc","QC-RFSC","results/reference_splits/clinical_fiams/SPLIT05/qc_rfsc",FALSE,0,0,0,,"No negative corrected intensities."
"reference_split","REF_197","clinical_fiams",,"SPLIT05","serrf","SERRF","results/reference_splits/clinical_fiams/SPLIT05/serrf",FALSE,0,0,0,,"No negative corrected intensities."
"reference_split","REF_198","clinical_fiams",,"SPLIT05","winn_auto_qc","WiNN auto (QC)","results/reference_splits/clinical_fiams/SPLIT05/winn_auto_qc",FALSE,0,0,0,,"No negative corrected intensities."
"reference_split","REF_199","clinical_fiams",,"SPLIT05","winn_auto_batch_qc","WiNN auto-batch (QC)","results/reference_splits/clinical_fiams/SPLIT05/winn_auto_batch_qc",FALSE,0,0,0,,"No negative corrected intensities."
"reference_split","REF_200","clinical_fiams",,"SPLIT05","winn_fixed_no_qc","WiNN fixed default (no QC)","results/reference_splits/clinical_fiams/SPLIT05/winn_fixed_no_qc",FALSE,0,0,0,,"No negative corrected intensities."
"reference_split","REF_201","clinical_fiams",,"SPLIT06","raw","Raw","results/reference_splits/clinical_fiams/SPLIT06/raw",FALSE,0,0,0,,"No negative corrected intensities."
"reference_split","REF_202","clinical_fiams",,"SPLIT06","combat","ComBat","results/reference_splits/clinical_fiams/SPLIT06/combat",FALSE,0,0,0,,"No negative corrected intensities."
"reference_split","REF_203","clinical_fiams",,"SPLIT06","qc_rlsc","QC-RLSC","results/reference_splits/clinical_fiams/SPLIT06/qc_rlsc",FALSE,0,0,0,,"No negative corrected intensities."
"reference_split","REF_204","clinical_fiams",,"SPLIT06","qc_rfsc","QC-RFSC","results/reference_splits/clinical_fiams/SPLIT06/qc_rfsc",FALSE,0,0,0,,"No negative corrected intensities."
"reference_split","REF_205","clinical_fiams",,"SPLIT06","serrf","SERRF","results/reference_splits/clinical_fiams/SPLIT06/serrf",FALSE,0,0,0,,"No negative corrected intensities."
"reference_split","REF_206","clinical_fiams",,"SPLIT06","winn_auto_qc","WiNN auto (QC)","results/reference_splits/clinical_fiams/SPLIT06/winn_auto_qc",FALSE,0,0,0,,"No negative corrected intensities."
"reference_split","REF_207","clinical_fiams",,"SPLIT06","winn_auto_batch_qc","WiNN auto-batch (QC)","results/reference_splits/clinical_fiams/SPLIT06/winn_auto_batch_qc",FALSE,0,0,0,,"No negative corrected intensities."
"reference_split","REF_208","clinical_fiams",,"SPLIT06","winn_fixed_no_qc","WiNN fixed default (no QC)","results/reference_splits/clinical_fiams/SPLIT06/winn_fixed_no_qc",FALSE,0,0,0,,"No negative corrected intensities."
"reference_split","REF_209","clinical_fiams",,"SPLIT07","raw","Raw","results/reference_splits/clinical_fiams/SPLIT07/raw",FALSE,0,0,0,,"No negative corrected intensities."
"reference_split","REF_210","clinical_fiams",,"SPLIT07","combat","ComBat","results/reference_splits/clinical_fiams/SPLIT07/combat",FALSE,0,0,0,,"No negative corrected intensities."
"reference_split","REF_211","clinical_fiams",,"SPLIT07","qc_rlsc","QC-RLSC","results/reference_splits/clinical_fiams/SPLIT07/qc_rlsc",FALSE,0,0,0,,"No negative corrected intensities."
"reference_split","REF_212","clinical_fiams",,"SPLIT07","qc_rfsc","QC-RFSC","results/reference_splits/clinical_fiams/SPLIT07/qc_rfsc",FALSE,0,0,0,,"No negative corrected intensities."
"reference_split","REF_213","clinical_fiams",,"SPLIT07","serrf","SERRF","results/reference_splits/clinical_fiams/SPLIT07/serrf",FALSE,0,0,0,,"No negative corrected intensities."
"reference_split","REF_214","clinical_fiams",,"SPLIT07","winn_auto_qc","WiNN auto (QC)","results/reference_splits/clinical_fiams/SPLIT07/winn_auto_qc",FALSE,0,0,0,,"No negative corrected intensities."
"reference_split","REF_215","clinical_fiams",,"SPLIT07","winn_auto_batch_qc","WiNN auto-batch (QC)","results/reference_splits/clinical_fiams/SPLIT07/winn_auto_batch_qc",FALSE,0,0,0,,"No negative corrected intensities."
"reference_split","REF_216","clinical_fiams",,"SPLIT07","winn_fixed_no_qc","WiNN fixed default (no QC)","results/reference_splits/clinical_fiams/SPLIT07/winn_fixed_no_qc",FALSE,0,0,0,,"No negative corrected intensities."
"reference_split","REF_217","clinical_fiams",,"SPLIT08","raw","Raw","results/reference_splits/clinical_fiams/SPLIT08/raw",FALSE,0,0,0,,"No negative corrected intensities."
"reference_split","REF_218","clinical_fiams",,"SPLIT08","combat","ComBat","results/reference_splits/clinical_fiams/SPLIT08/combat",FALSE,0,0,0,,"No negative corrected intensities."
"reference_split","REF_219","clinical_fiams",,"SPLIT08","qc_rlsc","QC-RLSC","results/reference_splits/clinical_fiams/SPLIT08/qc_rlsc",FALSE,0,0,0,,"No negative corrected intensities."
"reference_split","REF_220","clinical_fiams",,"SPLIT08","qc_rfsc","QC-RFSC","results/reference_splits/clinical_fiams/SPLIT08/qc_rfsc",FALSE,0,0,0,,"No negative corrected intensities."
"reference_split","REF_221","clinical_fiams",,"SPLIT08","serrf","SERRF","results/reference_splits/clinical_fiams/SPLIT08/serrf",FALSE,0,0,0,,"No negative corrected intensities."
"reference_split","REF_222","clinical_fiams",,"SPLIT08","winn_auto_qc","WiNN auto (QC)","results/reference_splits/clinical_fiams/SPLIT08/winn_auto_qc",FALSE,0,0,0,,"No negative corrected intensities."
"reference_split","REF_223","clinical_fiams",,"SPLIT08","winn_auto_batch_qc","WiNN auto-batch (QC)","results/reference_splits/clinical_fiams/SPLIT08/winn_auto_batch_qc",FALSE,0,0,0,,"No negative corrected intensities."
"reference_split","REF_224","clinical_fiams",,"SPLIT08","winn_fixed_no_qc","WiNN fixed default (no QC)","results/reference_splits/clinical_fiams/SPLIT08/winn_fixed_no_qc",FALSE,0,0,0,,"No negative corrected intensities."
"reference_split","REF_225","clinical_fiams",,"SPLIT09","raw","Raw","results/reference_splits/clinical_fiams/SPLIT09/raw",FALSE,0,0,0,,"No negative corrected intensities."
"reference_split","REF_226","clinical_fiams",,"SPLIT09","combat","ComBat","results/reference_splits/clinical_fiams/SPLIT09/combat",FALSE,0,0,0,,"No negative corrected intensities."
"reference_split","REF_227","clinical_fiams",,"SPLIT09","qc_rlsc","QC-RLSC","results/reference_splits/clinical_fiams/SPLIT09/qc_rlsc",FALSE,0,0,0,,"No negative corrected intensities."
"reference_split","REF_228","clinical_fiams",,"SPLIT09","qc_rfsc","QC-RFSC","results/reference_splits/clinical_fiams/SPLIT09/qc_rfsc",FALSE,0,0,0,,"No negative corrected intensities."
"reference_split","REF_229","clinical_fiams",,"SPLIT09","serrf","SERRF","results/reference_splits/clinical_fiams/SPLIT09/serrf",FALSE,0,0,0,,"No negative corrected intensities."
"reference_split","REF_230","clinical_fiams",,"SPLIT09","winn_auto_qc","WiNN auto (QC)","results/reference_splits/clinical_fiams/SPLIT09/winn_auto_qc",FALSE,0,0,0,,"No negative corrected intensities."
"reference_split","REF_231","clinical_fiams",,"SPLIT09","winn_auto_batch_qc","WiNN auto-batch (QC)","results/reference_splits/clinical_fiams/SPLIT09/winn_auto_batch_qc",FALSE,0,0,0,,"No negative corrected intensities."
"reference_split","REF_232","clinical_fiams",,"SPLIT09","winn_fixed_no_qc","WiNN fixed default (no QC)","results/reference_splits/clinical_fiams/SPLIT09/winn_fixed_no_qc",FALSE,0,0,0,,"No negative corrected intensities."
"reference_split","REF_233","clinical_fiams",,"SPLIT10","raw","Raw","results/reference_splits/clinical_fiams/SPLIT10/raw",FALSE,0,0,0,,"No negative corrected intensities."
"reference_split","REF_234","clinical_fiams",,"SPLIT10","combat","ComBat","results/reference_splits/clinical_fiams/SPLIT10/combat",FALSE,0,0,0,,"No negative corrected intensities."
"reference_split","REF_235","clinical_fiams",,"SPLIT10","qc_rlsc","QC-RLSC","results/reference_splits/clinical_fiams/SPLIT10/qc_rlsc",FALSE,0,0,0,,"No negative corrected intensities."
"reference_split","REF_236","clinical_fiams",,"SPLIT10","qc_rfsc","QC-RFSC","results/reference_splits/clinical_fiams/SPLIT10/qc_rfsc",FALSE,0,0,0,,"No negative corrected intensities."
"reference_split","REF_237","clinical_fiams",,"SPLIT10","serrf","SERRF","results/reference_splits/clinical_fiams/SPLIT10/serrf",FALSE,0,0,0,,"No negative corrected intensities."
"reference_split","REF_238","clinical_fiams",,"SPLIT10","winn_auto_qc","WiNN auto (QC)","results/reference_splits/clinical_fiams/SPLIT10/winn_auto_qc",FALSE,0,0,0,,"No negative corrected intensities."
"reference_split","REF_239","clinical_fiams",,"SPLIT10","winn_auto_batch_qc","WiNN auto-batch (QC)","results/reference_splits/clinical_fiams/SPLIT10/winn_auto_batch_qc",FALSE,0,0,0,,"No negative corrected intensities."
"reference_split","REF_240","clinical_fiams",,"SPLIT10","winn_fixed_no_qc","WiNN fixed default (no QC)","results/reference_splits/clinical_fiams/SPLIT10/winn_fixed_no_qc",FALSE,0,0,0,,"No negative corrected intensities."
"reference_split","REF_241","batchcorr_set1",,"SPLIT01","raw","Raw","results/reference_splits/batchcorr_set1/SPLIT01/raw",FALSE,0,0,0,,"No negative corrected intensities."
"reference_split","REF_242","batchcorr_set1",,"SPLIT01","combat","ComBat","results/reference_splits/batchcorr_set1/SPLIT01/combat",FALSE,0,0,0,,"No negative corrected intensities."
"reference_split","REF_243","batchcorr_set1",,"SPLIT01","qc_rlsc","QC-RLSC","results/reference_splits/batchcorr_set1/SPLIT01/qc_rlsc",FALSE,0,0,0,,"No negative corrected intensities."
"reference_split","REF_244","batchcorr_set1",,"SPLIT01","qc_rfsc","QC-RFSC","results/reference_splits/batchcorr_set1/SPLIT01/qc_rfsc",FALSE,0,0,0,,"No negative corrected intensities."
"reference_split","REF_245","batchcorr_set1",,"SPLIT01","serrf","SERRF","results/reference_splits/batchcorr_set1/SPLIT01/serrf",FALSE,0,0,0,,"No negative corrected intensities."
"reference_split","REF_246","batchcorr_set1",,"SPLIT01","winn_auto_qc","WiNN auto (QC)","results/reference_splits/batchcorr_set1/SPLIT01/winn_auto_qc",FALSE,0,0,0,,"No negative corrected intensities."
"reference_split","REF_247","batchcorr_set1",,"SPLIT01","winn_auto_batch_qc","WiNN auto-batch (QC)","results/reference_splits/batchcorr_set1/SPLIT01/winn_auto_batch_qc",FALSE,0,0,0,,"No negative corrected intensities."
"reference_split","REF_248","batchcorr_set1",,"SPLIT01","winn_fixed_no_qc","WiNN fixed default (no QC)","results/reference_splits/batchcorr_set1/SPLIT01/winn_fixed_no_qc",FALSE,0,0,0,,"No negative corrected intensities."
"reference_split","REF_249","batchcorr_set1",,"SPLIT02","raw","Raw","results/reference_splits/batchcorr_set1/SPLIT02/raw",FALSE,0,0,0,,"No negative corrected intensities."
"reference_split","REF_250","batchcorr_set1",,"SPLIT02","combat","ComBat","results/reference_splits/batchcorr_set1/SPLIT02/combat",FALSE,0,0,0,,"No negative corrected intensities."
"reference_split","REF_251","batchcorr_set1",,"SPLIT02","qc_rlsc","QC-RLSC","results/reference_splits/batchcorr_set1/SPLIT02/qc_rlsc",FALSE,0,0,0,,"No negative corrected intensities."
"reference_split","REF_252","batchcorr_set1",,"SPLIT02","qc_rfsc","QC-RFSC","results/reference_splits/batchcorr_set1/SPLIT02/qc_rfsc",FALSE,0,0,0,,"No negative corrected intensities."
"reference_split","REF_253","batchcorr_set1",,"SPLIT02","serrf","SERRF","results/reference_splits/batchcorr_set1/SPLIT02/serrf",FALSE,0,0,0,,"No negative corrected intensities."
"reference_split","REF_254","batchcorr_set1",,"SPLIT02","winn_auto_qc","WiNN auto (QC)","results/reference_splits/batchcorr_set1/SPLIT02/winn_auto_qc",FALSE,0,0,0,,"No negative corrected intensities."
"reference_split","REF_255","batchcorr_set1",,"SPLIT02","winn_auto_batch_qc","WiNN auto-batch (QC)","results/reference_splits/batchcorr_set1/SPLIT02/winn_auto_batch_qc",FALSE,0,0,0,,"No negative corrected intensities."
"reference_split","REF_256","batchcorr_set1",,"SPLIT02","winn_fixed_no_qc","WiNN fixed default (no QC)","results/reference_splits/batchcorr_set1/SPLIT02/winn_fixed_no_qc",FALSE,0,0,0,,"No negative corrected intensities."
"reference_split","REF_257","batchcorr_set1",,"SPLIT03","raw","Raw","results/reference_splits/batchcorr_set1/SPLIT03/raw",FALSE,0,0,0,,"No negative corrected intensities."
"reference_split","REF_258","batchcorr_set1",,"SPLIT03","combat","ComBat","results/reference_splits/batchcorr_set1/SPLIT03/combat",FALSE,0,0,0,,"No negative corrected intensities."
"reference_split","REF_259","batchcorr_set1",,"SPLIT03","qc_rlsc","QC-RLSC","results/reference_splits/batchcorr_set1/SPLIT03/qc_rlsc",FALSE,0,0,0,,"No negative corrected intensities."
"reference_split","REF_260","batchcorr_set1",,"SPLIT03","qc_rfsc","QC-RFSC","results/reference_splits/batchcorr_set1/SPLIT03/qc_rfsc",FALSE,0,0,0,,"No negative corrected intensities."
"reference_split","REF_261","batchcorr_set1",,"SPLIT03","serrf","SERRF","results/reference_splits/batchcorr_set1/SPLIT03/serrf",FALSE,0,0,0,,"No negative corrected intensities."
"reference_split","REF_262","batchcorr_set1",,"SPLIT03","winn_auto_qc","WiNN auto (QC)","results/reference_splits/batchcorr_set1/SPLIT03/winn_auto_qc",FALSE,0,0,0,,"No negative corrected intensities."
"reference_split","REF_263","batchcorr_set1",,"SPLIT03","winn_auto_batch_qc","WiNN auto-batch (QC)","results/reference_splits/batchcorr_set1/SPLIT03/winn_auto_batch_qc",FALSE,0,0,0,,"No negative corrected intensities."
"reference_split","REF_264","batchcorr_set1",,"SPLIT03","winn_fixed_no_qc","WiNN fixed default (no QC)","results/reference_splits/batchcorr_set1/SPLIT03/winn_fixed_no_qc",FALSE,0,0,0,,"No negative corrected intensities."
"reference_split","REF_265","batchcorr_set1",,"SPLIT04","raw","Raw","results/reference_splits/batchcorr_set1/SPLIT04/raw",FALSE,0,0,0,,"No negative corrected intensities."
"reference_split","REF_266","batchcorr_set1",,"SPLIT04","combat","ComBat","results/reference_splits/batchcorr_set1/SPLIT04/combat",FALSE,0,0,0,,"No negative corrected intensities."
"reference_split","REF_267","batchcorr_set1",,"SPLIT04","qc_rlsc","QC-RLSC","results/reference_splits/batchcorr_set1/SPLIT04/qc_rlsc",FALSE,0,0,0,,"No negative corrected intensities."
"reference_split","REF_268","batchcorr_set1",,"SPLIT04","qc_rfsc","QC-RFSC","results/reference_splits/batchcorr_set1/SPLIT04/qc_rfsc",FALSE,0,0,0,,"No negative corrected intensities."
"reference_split","REF_269","batchcorr_set1",,"SPLIT04","serrf","SERRF","results/reference_splits/batchcorr_set1/SPLIT04/serrf",FALSE,0,0,0,,"No negative corrected intensities."
"reference_split","REF_270","batchcorr_set1",,"SPLIT04","winn_auto_qc","WiNN auto (QC)","results/reference_splits/batchcorr_set1/SPLIT04/winn_auto_qc",FALSE,0,0,0,,"No negative corrected intensities."
"reference_split","REF_271","batchcorr_set1",,"SPLIT04","winn_auto_batch_qc","WiNN auto-batch (QC)","results/reference_splits/batchcorr_set1/SPLIT04/winn_auto_batch_qc",FALSE,0,0,0,,"No negative corrected intensities."
"reference_split","REF_272","batchcorr_set1",,"SPLIT04","winn_fixed_no_qc","WiNN fixed default (no QC)","results/reference_splits/batchcorr_set1/SPLIT04/winn_fixed_no_qc",FALSE,0,0,0,,"No negative corrected intensities."
"reference_split","REF_273","batchcorr_set1",,"SPLIT05","raw","Raw","results/reference_splits/batchcorr_set1/SPLIT05/raw",FALSE,0,0,0,,"No negative corrected intensities."
"reference_split","REF_274","batchcorr_set1",,"SPLIT05","combat","ComBat","results/reference_splits/batchcorr_set1/SPLIT05/combat",FALSE,0,0,0,,"No negative corrected intensities."
"reference_split","REF_275","batchcorr_set1",,"SPLIT05","qc_rlsc","QC-RLSC","results/reference_splits/batchcorr_set1/SPLIT05/qc_rlsc",FALSE,0,0,0,,"No negative corrected intensities."
"reference_split","REF_276","batchcorr_set1",,"SPLIT05","qc_rfsc","QC-RFSC","results/reference_splits/batchcorr_set1/SPLIT05/qc_rfsc",FALSE,0,0,0,,"No negative corrected intensities."
"reference_split","REF_277","batchcorr_set1",,"SPLIT05","serrf","SERRF","results/reference_splits/batchcorr_set1/SPLIT05/serrf",FALSE,0,0,0,,"No negative corrected intensities."
"reference_split","REF_278","batchcorr_set1",,"SPLIT05","winn_auto_qc","WiNN auto (QC)","results/reference_splits/batchcorr_set1/SPLIT05/winn_auto_qc",FALSE,0,0,0,,"No negative corrected intensities."
"reference_split","REF_279","batchcorr_set1",,"SPLIT05","winn_auto_batch_qc","WiNN auto-batch (QC)","results/reference_splits/batchcorr_set1/SPLIT05/winn_auto_batch_qc",FALSE,0,0,0,,"No negative corrected intensities."
"reference_split","REF_280","batchcorr_set1",,"SPLIT05","winn_fixed_no_qc","WiNN fixed default (no QC)","results/reference_splits/batchcorr_set1/SPLIT05/winn_fixed_no_qc",FALSE,0,0,0,,"No negative corrected intensities."
"reference_split","REF_281","batchcorr_set1",,"SPLIT06","raw","Raw","results/reference_splits/batchcorr_set1/SPLIT06/raw",FALSE,0,0,0,,"No negative corrected intensities."
"reference_split","REF_282","batchcorr_set1",,"SPLIT06","combat","ComBat","results/reference_splits/batchcorr_set1/SPLIT06/combat",FALSE,0,0,0,,"No negative corrected intensities."
"reference_split","REF_283","batchcorr_set1",,"SPLIT06","qc_rlsc","QC-RLSC","results/reference_splits/batchcorr_set1/SPLIT06/qc_rlsc",FALSE,0,0,0,,"No negative corrected intensities."
"reference_split","REF_284","batchcorr_set1",,"SPLIT06","qc_rfsc","QC-RFSC","results/reference_splits/batchcorr_set1/SPLIT06/qc_rfsc",FALSE,0,0,0,,"No negative corrected intensities."
"reference_split","REF_285","batchcorr_set1",,"SPLIT06","serrf","SERRF","results/reference_splits/batchcorr_set1/SPLIT06/serrf",FALSE,0,0,0,,"No negative corrected intensities."
"reference_split","REF_286","batchcorr_set1",,"SPLIT06","winn_auto_qc","WiNN auto (QC)","results/reference_splits/batchcorr_set1/SPLIT06/winn_auto_qc",FALSE,0,0,0,,"No negative corrected intensities."
"reference_split","REF_287","batchcorr_set1",,"SPLIT06","winn_auto_batch_qc","WiNN auto-batch (QC)","results/reference_splits/batchcorr_set1/SPLIT06/winn_auto_batch_qc",FALSE,0,0,0,,"No negative corrected intensities."
"reference_split","REF_288","batchcorr_set1",,"SPLIT06","winn_fixed_no_qc","WiNN fixed default (no QC)","results/reference_splits/batchcorr_set1/SPLIT06/winn_fixed_no_qc",FALSE,0,0,0,,"No negative corrected intensities."
"reference_split","REF_289","batchcorr_set1",,"SPLIT07","raw","Raw","results/reference_splits/batchcorr_set1/SPLIT07/raw",FALSE,0,0,0,,"No negative corrected intensities."
"reference_split","REF_290","batchcorr_set1",,"SPLIT07","combat","ComBat","results/reference_splits/batchcorr_set1/SPLIT07/combat",FALSE,0,0,0,,"No negative corrected intensities."
"reference_split","REF_291","batchcorr_set1",,"SPLIT07","qc_rlsc","QC-RLSC","results/reference_splits/batchcorr_set1/SPLIT07/qc_rlsc",FALSE,0,0,0,,"No negative corrected intensities."
"reference_split","REF_292","batchcorr_set1",,"SPLIT07","qc_rfsc","QC-RFSC","results/reference_splits/batchcorr_set1/SPLIT07/qc_rfsc",FALSE,0,0,0,,"No negative corrected intensities."
"reference_split","REF_293","batchcorr_set1",,"SPLIT07","serrf","SERRF","results/reference_splits/batchcorr_set1/SPLIT07/serrf",FALSE,0,0,0,,"No negative corrected intensities."
"reference_split","REF_294","batchcorr_set1",,"SPLIT07","winn_auto_qc","WiNN auto (QC)","results/reference_splits/batchcorr_set1/SPLIT07/winn_auto_qc",FALSE,0,0,0,,"No negative corrected intensities."
"reference_split","REF_295","batchcorr_set1",,"SPLIT07","winn_auto_batch_qc","WiNN auto-batch (QC)","results/reference_splits/batchcorr_set1/SPLIT07/winn_auto_batch_qc",FALSE,0,0,0,,"No negative corrected intensities."
"reference_split","REF_296","batchcorr_set1",,"SPLIT07","winn_fixed_no_qc","WiNN fixed default (no QC)","results/reference_splits/batchcorr_set1/SPLIT07/winn_fixed_no_qc",FALSE,0,0,0,,"No negative corrected intensities."
"reference_split","REF_297","batchcorr_set1",,"SPLIT08","raw","Raw","results/reference_splits/batchcorr_set1/SPLIT08/raw",FALSE,0,0,0,,"No negative corrected intensities."
"reference_split","REF_298","batchcorr_set1",,"SPLIT08","combat","ComBat","results/reference_splits/batchcorr_set1/SPLIT08/combat",FALSE,0,0,0,,"No negative corrected intensities."
"reference_split","REF_299","batchcorr_set1",,"SPLIT08","qc_rlsc","QC-RLSC","results/reference_splits/batchcorr_set1/SPLIT08/qc_rlsc",FALSE,0,0,0,,"No negative corrected intensities."
"reference_split","REF_300","batchcorr_set1",,"SPLIT08","qc_rfsc","QC-RFSC","results/reference_splits/batchcorr_set1/SPLIT08/qc_rfsc",FALSE,0,0,0,,"No negative corrected intensities."
"reference_split","REF_301","batchcorr_set1",,"SPLIT08","serrf","SERRF","results/reference_splits/batchcorr_set1/SPLIT08/serrf",FALSE,0,0,0,,"No negative corrected intensities."
"reference_split","REF_302","batchcorr_set1",,"SPLIT08","winn_auto_qc","WiNN auto (QC)","results/reference_splits/batchcorr_set1/SPLIT08/winn_auto_qc",FALSE,0,0,0,,"No negative corrected intensities."
"reference_split","REF_303","batchcorr_set1",,"SPLIT08","winn_auto_batch_qc","WiNN auto-batch (QC)","results/reference_splits/batchcorr_set1/SPLIT08/winn_auto_batch_qc",FALSE,0,0,0,,"No negative corrected intensities."
"reference_split","REF_304","batchcorr_set1",,"SPLIT08","winn_fixed_no_qc","WiNN fixed default (no QC)","results/reference_splits/batchcorr_set1/SPLIT08/winn_fixed_no_qc",FALSE,0,0,0,,"No negative corrected intensities."
"reference_split","REF_305","batchcorr_set1",,"SPLIT09","raw","Raw","results/reference_splits/batchcorr_set1/SPLIT09/raw",FALSE,0,0,0,,"No negative corrected intensities."
"reference_split","REF_306","batchcorr_set1",,"SPLIT09","combat","ComBat","results/reference_splits/batchcorr_set1/SPLIT09/combat",FALSE,0,0,0,,"No negative corrected intensities."
"reference_split","REF_307","batchcorr_set1",,"SPLIT09","qc_rlsc","QC-RLSC","results/reference_splits/batchcorr_set1/SPLIT09/qc_rlsc",FALSE,0,0,0,,"No negative corrected intensities."
"reference_split","REF_308","batchcorr_set1",,"SPLIT09","qc_rfsc","QC-RFSC","results/reference_splits/batchcorr_set1/SPLIT09/qc_rfsc",FALSE,0,0,0,,"No negative corrected intensities."
"reference_split","REF_309","batchcorr_set1",,"SPLIT09","serrf","SERRF","results/reference_splits/batchcorr_set1/SPLIT09/serrf",FALSE,0,0,0,,"No negative corrected intensities."
"reference_split","REF_310","batchcorr_set1",,"SPLIT09","winn_auto_qc","WiNN auto (QC)","results/reference_splits/batchcorr_set1/SPLIT09/winn_auto_qc",FALSE,0,0,0,,"No negative corrected intensities."
"reference_split","REF_311","batchcorr_set1",,"SPLIT09","winn_auto_batch_qc","WiNN auto-batch (QC)","results/reference_splits/batchcorr_set1/SPLIT09/winn_auto_batch_qc",FALSE,0,0,0,,"No negative corrected intensities."
"reference_split","REF_312","batchcorr_set1",,"SPLIT09","winn_fixed_no_qc","WiNN fixed default (no QC)","results/reference_splits/batchcorr_set1/SPLIT09/winn_fixed_no_qc",FALSE,0,0,0,,"No negative corrected intensities."
"reference_split","REF_313","batchcorr_set1",,"SPLIT10","raw","Raw","results/reference_splits/batchcorr_set1/SPLIT10/raw",FALSE,0,0,0,,"No negative corrected intensities."
"reference_split","REF_314","batchcorr_set1",,"SPLIT10","combat","ComBat","results/reference_splits/batchcorr_set1/SPLIT10/combat",FALSE,0,0,0,,"No negative corrected intensities."
"reference_split","REF_315","batchcorr_set1",,"SPLIT10","qc_rlsc","QC-RLSC","results/reference_splits/batchcorr_set1/SPLIT10/qc_rlsc",FALSE,0,0,0,,"No negative corrected intensities."
"reference_split","REF_316","batchcorr_set1",,"SPLIT10","qc_rfsc","QC-RFSC","results/reference_splits/batchcorr_set1/SPLIT10/qc_rfsc",FALSE,0,0,0,,"No negative corrected intensities."
"reference_split","REF_317","batchcorr_set1",,"SPLIT10","serrf","SERRF","results/reference_splits/batchcorr_set1/SPLIT10/serrf",FALSE,0,0,0,,"No negative corrected intensities."
"reference_split","REF_318","batchcorr_set1",,"SPLIT10","winn_auto_qc","WiNN auto (QC)","results/reference_splits/batchcorr_set1/SPLIT10/winn_auto_qc",FALSE,0,0,0,,"No negative corrected intensities."
"reference_split","REF_319","batchcorr_set1",,"SPLIT10","winn_auto_batch_qc","WiNN auto-batch (QC)","results/reference_splits/batchcorr_set1/SPLIT10/winn_auto_batch_qc",FALSE,0,0,0,,"No negative corrected intensities."
"reference_split","REF_320","batchcorr_set1",,"SPLIT10","winn_fixed_no_qc","WiNN fixed default (no QC)","results/reference_splits/batchcorr_set1/SPLIT10/winn_fixed_no_qc",FALSE,0,0,0,,"No negative corrected intensities."
"reference_split","REF_321","sacurine",,"SPLIT01","raw","Raw","results/reference_splits/sacurine/SPLIT01/raw",FALSE,0,0,0,,"No negative corrected intensities."
"reference_split","REF_322","sacurine",,"SPLIT01","combat","ComBat","results/reference_splits/sacurine/SPLIT01/combat",FALSE,0,0,0,,"No negative corrected intensities."
"reference_split","REF_323","sacurine",,"SPLIT01","qc_rlsc","QC-RLSC","results/reference_splits/sacurine/SPLIT01/qc_rlsc",FALSE,0,0,0,,"No negative corrected intensities."
"reference_split","REF_324","sacurine",,"SPLIT01","qc_rfsc","QC-RFSC","results/reference_splits/sacurine/SPLIT01/qc_rfsc",FALSE,0,0,0,,"No negative corrected intensities."
"reference_split","REF_325","sacurine",,"SPLIT01","serrf","SERRF","results/reference_splits/sacurine/SPLIT01/serrf",FALSE,0,0,0,,"No negative corrected intensities."
"reference_split","REF_326","sacurine",,"SPLIT01","winn_auto_qc","WiNN auto (QC)","results/reference_splits/sacurine/SPLIT01/winn_auto_qc",FALSE,0,0,0,,"No negative corrected intensities."
"reference_split","REF_327","sacurine",,"SPLIT01","winn_auto_batch_qc","WiNN auto-batch (QC)","results/reference_splits/sacurine/SPLIT01/winn_auto_batch_qc",FALSE,0,0,0,,"No negative corrected intensities."
"reference_split","REF_328","sacurine",,"SPLIT01","winn_fixed_no_qc","WiNN fixed default (no QC)","results/reference_splits/sacurine/SPLIT01/winn_fixed_no_qc",FALSE,0,0,0,,"No negative corrected intensities."
"reference_split","REF_329","sacurine",,"SPLIT02","raw","Raw","results/reference_splits/sacurine/SPLIT02/raw",FALSE,0,0,0,,"No negative corrected intensities."
"reference_split","REF_330","sacurine",,"SPLIT02","combat","ComBat","results/reference_splits/sacurine/SPLIT02/combat",FALSE,0,0,0,,"No negative corrected intensities."
"reference_split","REF_331","sacurine",,"SPLIT02","qc_rlsc","QC-RLSC","results/reference_splits/sacurine/SPLIT02/qc_rlsc",FALSE,0,0,0,,"No negative corrected intensities."
"reference_split","REF_332","sacurine",,"SPLIT02","qc_rfsc","QC-RFSC","results/reference_splits/sacurine/SPLIT02/qc_rfsc",FALSE,0,0,0,,"No negative corrected intensities."
"reference_split","REF_333","sacurine",,"SPLIT02","serrf","SERRF","results/reference_splits/sacurine/SPLIT02/serrf",FALSE,0,0,0,,"No negative corrected intensities."
"reference_split","REF_334","sacurine",,"SPLIT02","winn_auto_qc","WiNN auto (QC)","results/reference_splits/sacurine/SPLIT02/winn_auto_qc",FALSE,0,0,0,,"No negative corrected intensities."
"reference_split","REF_335","sacurine",,"SPLIT02","winn_auto_batch_qc","WiNN auto-batch (QC)","results/reference_splits/sacurine/SPLIT02/winn_auto_batch_qc",FALSE,0,0,0,,"No negative corrected intensities."
"reference_split","REF_336","sacurine",,"SPLIT02","winn_fixed_no_qc","WiNN fixed default (no QC)","results/reference_splits/sacurine/SPLIT02/winn_fixed_no_qc",FALSE,0,0,0,,"No negative corrected intensities."
"reference_split","REF_337","sacurine",,"SPLIT03","raw","Raw","results/reference_splits/sacurine/SPLIT03/raw",FALSE,0,0,0,,"No negative corrected intensities."
"reference_split","REF_338","sacurine",,"SPLIT03","combat","ComBat","results/reference_splits/sacurine/SPLIT03/combat",FALSE,0,0,0,,"No negative corrected intensities."
"reference_split","REF_339","sacurine",,"SPLIT03","qc_rlsc","QC-RLSC","results/reference_splits/sacurine/SPLIT03/qc_rlsc",FALSE,0,0,0,,"No negative corrected intensities."
"reference_split","REF_340","sacurine",,"SPLIT03","qc_rfsc","QC-RFSC","results/reference_splits/sacurine/SPLIT03/qc_rfsc",FALSE,0,0,0,,"No negative corrected intensities."
"reference_split","REF_341","sacurine",,"SPLIT03","serrf","SERRF","results/reference_splits/sacurine/SPLIT03/serrf",FALSE,0,0,0,,"No negative corrected intensities."
"reference_split","REF_342","sacurine",,"SPLIT03","winn_auto_qc","WiNN auto (QC)","results/reference_splits/sacurine/SPLIT03/winn_auto_qc",FALSE,0,0,0,,"No negative corrected intensities."
"reference_split","REF_343","sacurine",,"SPLIT03","winn_auto_batch_qc","WiNN auto-batch (QC)","results/reference_splits/sacurine/SPLIT03/winn_auto_batch_qc",FALSE,0,0,0,,"No negative corrected intensities."
"reference_split","REF_344","sacurine",,"SPLIT03","winn_fixed_no_qc","WiNN fixed default (no QC)","results/reference_splits/sacurine/SPLIT03/winn_fixed_no_qc",FALSE,0,0,0,,"No negative corrected intensities."
"reference_split","REF_345","sacurine",,"SPLIT04","raw","Raw","results/reference_splits/sacurine/SPLIT04/raw",FALSE,0,0,0,,"No negative corrected intensities."
"reference_split","REF_346","sacurine",,"SPLIT04","combat","ComBat","results/reference_splits/sacurine/SPLIT04/combat",FALSE,0,0,0,,"No negative corrected intensities."
"reference_split","REF_347","sacurine",,"SPLIT04","qc_rlsc","QC-RLSC","results/reference_splits/sacurine/SPLIT04/qc_rlsc",FALSE,0,0,0,,"No negative corrected intensities."
"reference_split","REF_348","sacurine",,"SPLIT04","qc_rfsc","QC-RFSC","results/reference_splits/sacurine/SPLIT04/qc_rfsc",FALSE,0,0,0,,"No negative corrected intensities."
"reference_split","REF_349","sacurine",,"SPLIT04","serrf","SERRF","results/reference_splits/sacurine/SPLIT04/serrf",FALSE,0,0,0,,"No negative corrected intensities."
"reference_split","REF_350","sacurine",,"SPLIT04","winn_auto_qc","WiNN auto (QC)","results/reference_splits/sacurine/SPLIT04/winn_auto_qc",FALSE,0,0,0,,"No negative corrected intensities."
"reference_split","REF_351","sacurine",,"SPLIT04","winn_auto_batch_qc","WiNN auto-batch (QC)","results/reference_splits/sacurine/SPLIT04/winn_auto_batch_qc",FALSE,0,0,0,,"No negative corrected intensities."
"reference_split","REF_352","sacurine",,"SPLIT04","winn_fixed_no_qc","WiNN fixed default (no QC)","results/reference_splits/sacurine/SPLIT04/winn_fixed_no_qc",FALSE,0,0,0,,"No negative corrected intensities."
"reference_split","REF_353","sacurine",,"SPLIT05","raw","Raw","results/reference_splits/sacurine/SPLIT05/raw",FALSE,0,0,0,,"No negative corrected intensities."
"reference_split","REF_354","sacurine",,"SPLIT05","combat","ComBat","results/reference_splits/sacurine/SPLIT05/combat",FALSE,0,0,0,,"No negative corrected intensities."
"reference_split","REF_355","sacurine",,"SPLIT05","qc_rlsc","QC-RLSC","results/reference_splits/sacurine/SPLIT05/qc_rlsc",FALSE,0,0,0,,"No negative corrected intensities."
"reference_split","REF_356","sacurine",,"SPLIT05","qc_rfsc","QC-RFSC","results/reference_splits/sacurine/SPLIT05/qc_rfsc",FALSE,0,0,0,,"No negative corrected intensities."
"reference_split","REF_357","sacurine",,"SPLIT05","serrf","SERRF","results/reference_splits/sacurine/SPLIT05/serrf",FALSE,0,0,0,,"No negative corrected intensities."
"reference_split","REF_358","sacurine",,"SPLIT05","winn_auto_qc","WiNN auto (QC)","results/reference_splits/sacurine/SPLIT05/winn_auto_qc",FALSE,0,0,0,,"No negative corrected intensities."
"reference_split","REF_359","sacurine",,"SPLIT05","winn_auto_batch_qc","WiNN auto-batch (QC)","results/reference_splits/sacurine/SPLIT05/winn_auto_batch_qc",FALSE,0,0,0,,"No negative corrected intensities."
"reference_split","REF_360","sacurine",,"SPLIT05","winn_fixed_no_qc","WiNN fixed default (no QC)","results/reference_splits/sacurine/SPLIT05/winn_fixed_no_qc",FALSE,0,0,0,,"No negative corrected intensities."
"reference_split","REF_361","sacurine",,"SPLIT06","raw","Raw","results/reference_splits/sacurine/SPLIT06/raw",FALSE,0,0,0,,"No negative corrected intensities."
"reference_split","REF_362","sacurine",,"SPLIT06","combat","ComBat","results/reference_splits/sacurine/SPLIT06/combat",FALSE,0,0,0,,"No negative corrected intensities."
"reference_split","REF_363","sacurine",,"SPLIT06","qc_rlsc","QC-RLSC","results/reference_splits/sacurine/SPLIT06/qc_rlsc",FALSE,0,0,0,,"No negative corrected intensities."
"reference_split","REF_364","sacurine",,"SPLIT06","qc_rfsc","QC-RFSC","results/reference_splits/sacurine/SPLIT06/qc_rfsc",FALSE,0,0,0,,"No negative corrected intensities."
"reference_split","REF_365","sacurine",,"SPLIT06","serrf","SERRF","results/reference_splits/sacurine/SPLIT06/serrf",FALSE,0,0,0,,"No negative corrected intensities."
"reference_split","REF_366","sacurine",,"SPLIT06","winn_auto_qc","WiNN auto (QC)","results/reference_splits/sacurine/SPLIT06/winn_auto_qc",FALSE,0,0,0,,"No negative corrected intensities."
"reference_split","REF_367","sacurine",,"SPLIT06","winn_auto_batch_qc","WiNN auto-batch (QC)","results/reference_splits/sacurine/SPLIT06/winn_auto_batch_qc",FALSE,0,0,0,,"No negative corrected intensities."
"reference_split","REF_368","sacurine",,"SPLIT06","winn_fixed_no_qc","WiNN fixed default (no QC)","results/reference_splits/sacurine/SPLIT06/winn_fixed_no_qc",FALSE,0,0,0,,"No negative corrected intensities."
"reference_split","REF_369","sacurine",,"SPLIT07","raw","Raw","results/reference_splits/sacurine/SPLIT07/raw",FALSE,0,0,0,,"No negative corrected intensities."
"reference_split","REF_370","sacurine",,"SPLIT07","combat","ComBat","results/reference_splits/sacurine/SPLIT07/combat",FALSE,0,0,0,,"No negative corrected intensities."
"reference_split","REF_371","sacurine",,"SPLIT07","qc_rlsc","QC-RLSC","results/reference_splits/sacurine/SPLIT07/qc_rlsc",FALSE,0,0,0,,"No negative corrected intensities."
"reference_split","REF_372","sacurine",,"SPLIT07","qc_rfsc","QC-RFSC","results/reference_splits/sacurine/SPLIT07/qc_rfsc",FALSE,0,0,0,,"No negative corrected intensities."
"reference_split","REF_373","sacurine",,"SPLIT07","serrf","SERRF","results/reference_splits/sacurine/SPLIT07/serrf",FALSE,0,0,0,,"No negative corrected intensities."
"reference_split","REF_374","sacurine",,"SPLIT07","winn_auto_qc","WiNN auto (QC)","results/reference_splits/sacurine/SPLIT07/winn_auto_qc",FALSE,0,0,0,,"No negative corrected intensities."
"reference_split","REF_375","sacurine",,"SPLIT07","winn_auto_batch_qc","WiNN auto-batch (QC)","results/reference_splits/sacurine/SPLIT07/winn_auto_batch_qc",FALSE,0,0,0,,"No negative corrected intensities."
"reference_split","REF_376","sacurine",,"SPLIT07","winn_fixed_no_qc","WiNN fixed default (no QC)","results/reference_splits/sacurine/SPLIT07/winn_fixed_no_qc",FALSE,0,0,0,,"No negative corrected intensities."
"reference_split","REF_377","sacurine",,"SPLIT08","raw","Raw","results/reference_splits/sacurine/SPLIT08/raw",FALSE,0,0,0,,"No negative corrected intensities."
"reference_split","REF_378","sacurine",,"SPLIT08","combat","ComBat","results/reference_splits/sacurine/SPLIT08/combat",FALSE,0,0,0,,"No negative corrected intensities."
"reference_split","REF_379","sacurine",,"SPLIT08","qc_rlsc","QC-RLSC","results/reference_splits/sacurine/SPLIT08/qc_rlsc",FALSE,0,0,0,,"No negative corrected intensities."
"reference_split","REF_380","sacurine",,"SPLIT08","qc_rfsc","QC-RFSC","results/reference_splits/sacurine/SPLIT08/qc_rfsc",FALSE,0,0,0,,"No negative corrected intensities."
"reference_split","REF_381","sacurine",,"SPLIT08","serrf","SERRF","results/reference_splits/sacurine/SPLIT08/serrf",FALSE,0,0,0,,"No negative corrected intensities."
"reference_split","REF_382","sacurine",,"SPLIT08","winn_auto_qc","WiNN auto (QC)","results/reference_splits/sacurine/SPLIT08/winn_auto_qc",FALSE,0,0,0,,"No negative corrected intensities."
"reference_split","REF_383","sacurine",,"SPLIT08","winn_auto_batch_qc","WiNN auto-batch (QC)","results/reference_splits/sacurine/SPLIT08/winn_auto_batch_qc",FALSE,0,0,0,,"No negative corrected intensities."
"reference_split","REF_384","sacurine",,"SPLIT08","winn_fixed_no_qc","WiNN fixed default (no QC)","results/reference_splits/sacurine/SPLIT08/winn_fixed_no_qc",FALSE,0,0,0,,"No negative corrected intensities."
"reference_split","REF_385","sacurine",,"SPLIT09","raw","Raw","results/reference_splits/sacurine/SPLIT09/raw",FALSE,0,0,0,,"No negative corrected intensities."
"reference_split","REF_386","sacurine",,"SPLIT09","combat","ComBat","results/reference_splits/sacurine/SPLIT09/combat",FALSE,0,0,0,,"No negative corrected intensities."
"reference_split","REF_387","sacurine",,"SPLIT09","qc_rlsc","QC-RLSC","results/reference_splits/sacurine/SPLIT09/qc_rlsc",FALSE,0,0,0,,"No negative corrected intensities."
"reference_split","REF_388","sacurine",,"SPLIT09","qc_rfsc","QC-RFSC","results/reference_splits/sacurine/SPLIT09/qc_rfsc",FALSE,0,0,0,,"No negative corrected intensities."
"reference_split","REF_389","sacurine",,"SPLIT09","serrf","SERRF","results/reference_splits/sacurine/SPLIT09/serrf",FALSE,0,0,0,,"No negative corrected intensities."
"reference_split","REF_390","sacurine",,"SPLIT09","winn_auto_qc","WiNN auto (QC)","results/reference_splits/sacurine/SPLIT09/winn_auto_qc",FALSE,0,0,0,,"No negative corrected intensities."
"reference_split","REF_391","sacurine",,"SPLIT09","winn_auto_batch_qc","WiNN auto-batch (QC)","results/reference_splits/sacurine/SPLIT09/winn_auto_batch_qc",FALSE,0,0,0,,"No negative corrected intensities."
"reference_split","REF_392","sacurine",,"SPLIT09","winn_fixed_no_qc","WiNN fixed default (no QC)","results/reference_splits/sacurine/SPLIT09/winn_fixed_no_qc",FALSE,0,0,0,,"No negative corrected intensities."
"reference_split","REF_393","sacurine",,"SPLIT10","raw","Raw","results/reference_splits/sacurine/SPLIT10/raw",FALSE,0,0,0,,"No negative corrected intensities."
"reference_split","REF_394","sacurine",,"SPLIT10","combat","ComBat","results/reference_splits/sacurine/SPLIT10/combat",FALSE,0,0,0,,"No negative corrected intensities."
"reference_split","REF_395","sacurine",,"SPLIT10","qc_rlsc","QC-RLSC","results/reference_splits/sacurine/SPLIT10/qc_rlsc",FALSE,0,0,0,,"No negative corrected intensities."
"reference_split","REF_396","sacurine",,"SPLIT10","qc_rfsc","QC-RFSC","results/reference_splits/sacurine/SPLIT10/qc_rfsc",FALSE,0,0,0,,"No negative corrected intensities."
"reference_split","REF_397","sacurine",,"SPLIT10","serrf","SERRF","results/reference_splits/sacurine/SPLIT10/serrf",FALSE,0,0,0,,"No negative corrected intensities."
"reference_split","REF_398","sacurine",,"SPLIT10","winn_auto_qc","WiNN auto (QC)","results/reference_splits/sacurine/SPLIT10/winn_auto_qc",FALSE,0,0,0,,"No negative corrected intensities."
"reference_split","REF_399","sacurine",,"SPLIT10","winn_auto_batch_qc","WiNN auto-batch (QC)","results/reference_splits/sacurine/SPLIT10/winn_auto_batch_qc",FALSE,0,0,0,,"No negative corrected intensities."
"reference_split","REF_400","sacurine",,"SPLIT10","winn_fixed_no_qc","WiNN fixed default (no QC)","results/reference_splits/sacurine/SPLIT10/winn_fixed_no_qc",FALSE,0,0,0,,"No negative corrected intensities."
"reference_split","REF_401","waveica",,"SPLIT01","raw","Raw","results/reference_splits/waveica/SPLIT01/raw",FALSE,0,0,0,,"No negative corrected intensities."
"reference_split","REF_402","waveica",,"SPLIT01","combat","ComBat","results/reference_splits/waveica/SPLIT01/combat",TRUE,5484,806,600,-0.999999999994558,"Negative corrected intensities were floored at zero before evaluation."
"reference_split","REF_403","waveica",,"SPLIT01","qc_rlsc","QC-RLSC","results/reference_splits/waveica/SPLIT01/qc_rlsc",FALSE,0,0,0,,"No negative corrected intensities."
"reference_split","REF_404","waveica",,"SPLIT01","qc_rfsc","QC-RFSC","results/reference_splits/waveica/SPLIT01/qc_rfsc",FALSE,0,0,0,,"No negative corrected intensities."
"reference_split","REF_405","waveica",,"SPLIT01","serrf","SERRF","results/reference_splits/waveica/SPLIT01/serrf",FALSE,0,0,0,,"No negative corrected intensities."
"reference_split","REF_406","waveica",,"SPLIT01","winn_auto_qc","WiNN auto (QC)","results/reference_splits/waveica/SPLIT01/winn_auto_qc",FALSE,0,0,0,,"No negative corrected intensities."
"reference_split","REF_407","waveica",,"SPLIT01","winn_auto_batch_qc","WiNN auto-batch (QC)","results/reference_splits/waveica/SPLIT01/winn_auto_batch_qc",FALSE,0,0,0,,"No negative corrected intensities."
"reference_split","REF_408","waveica",,"SPLIT01","winn_fixed_no_qc","WiNN fixed default (no QC)","results/reference_splits/waveica/SPLIT01/winn_fixed_no_qc",FALSE,0,0,0,,"No negative corrected intensities."
"reference_split","REF_409","waveica",,"SPLIT02","raw","Raw","results/reference_splits/waveica/SPLIT02/raw",FALSE,0,0,0,,"No negative corrected intensities."
"reference_split","REF_410","waveica",,"SPLIT02","combat","ComBat","results/reference_splits/waveica/SPLIT02/combat",TRUE,5484,806,600,-0.999999999994558,"Negative corrected intensities were floored at zero before evaluation."
"reference_split","REF_411","waveica",,"SPLIT02","qc_rlsc","QC-RLSC","results/reference_splits/waveica/SPLIT02/qc_rlsc",FALSE,0,0,0,,"No negative corrected intensities."
"reference_split","REF_412","waveica",,"SPLIT02","qc_rfsc","QC-RFSC","results/reference_splits/waveica/SPLIT02/qc_rfsc",FALSE,0,0,0,,"No negative corrected intensities."
"reference_split","REF_413","waveica",,"SPLIT02","serrf","SERRF","results/reference_splits/waveica/SPLIT02/serrf",FALSE,0,0,0,,"No negative corrected intensities."
"reference_split","REF_414","waveica",,"SPLIT02","winn_auto_qc","WiNN auto (QC)","results/reference_splits/waveica/SPLIT02/winn_auto_qc",FALSE,0,0,0,,"No negative corrected intensities."
"reference_split","REF_415","waveica",,"SPLIT02","winn_auto_batch_qc","WiNN auto-batch (QC)","results/reference_splits/waveica/SPLIT02/winn_auto_batch_qc",FALSE,0,0,0,,"No negative corrected intensities."
"reference_split","REF_416","waveica",,"SPLIT02","winn_fixed_no_qc","WiNN fixed default (no QC)","results/reference_splits/waveica/SPLIT02/winn_fixed_no_qc",FALSE,0,0,0,,"No negative corrected intensities."
"reference_split","REF_417","waveica",,"SPLIT03","raw","Raw","results/reference_splits/waveica/SPLIT03/raw",FALSE,0,0,0,,"No negative corrected intensities."
"reference_split","REF_418","waveica",,"SPLIT03","combat","ComBat","results/reference_splits/waveica/SPLIT03/combat",TRUE,5484,806,600,-0.999999999994558,"Negative corrected intensities were floored at zero before evaluation."
"reference_split","REF_419","waveica",,"SPLIT03","qc_rlsc","QC-RLSC","results/reference_splits/waveica/SPLIT03/qc_rlsc",FALSE,0,0,0,,"No negative corrected intensities."
"reference_split","REF_420","waveica",,"SPLIT03","qc_rfsc","QC-RFSC","results/reference_splits/waveica/SPLIT03/qc_rfsc",FALSE,0,0,0,,"No negative corrected intensities."
"reference_split","REF_421","waveica",,"SPLIT03","serrf","SERRF","results/reference_splits/waveica/SPLIT03/serrf",FALSE,0,0,0,,"No negative corrected intensities."
"reference_split","REF_422","waveica",,"SPLIT03","winn_auto_qc","WiNN auto (QC)","results/reference_splits/waveica/SPLIT03/winn_auto_qc",FALSE,0,0,0,,"No negative corrected intensities."
"reference_split","REF_423","waveica",,"SPLIT03","winn_auto_batch_qc","WiNN auto-batch (QC)","results/reference_splits/waveica/SPLIT03/winn_auto_batch_qc",FALSE,0,0,0,,"No negative corrected intensities."
"reference_split","REF_424","waveica",,"SPLIT03","winn_fixed_no_qc","WiNN fixed default (no QC)","results/reference_splits/waveica/SPLIT03/winn_fixed_no_qc",FALSE,0,0,0,,"No negative corrected intensities."
"reference_split","REF_425","waveica",,"SPLIT04","raw","Raw","results/reference_splits/waveica/SPLIT04/raw",FALSE,0,0,0,,"No negative corrected intensities."
"reference_split","REF_426","waveica",,"SPLIT04","combat","ComBat","results/reference_splits/waveica/SPLIT04/combat",TRUE,5484,806,600,-0.999999999994558,"Negative corrected intensities were floored at zero before evaluation."
"reference_split","REF_427","waveica",,"SPLIT04","qc_rlsc","QC-RLSC","results/reference_splits/waveica/SPLIT04/qc_rlsc",FALSE,0,0,0,,"No negative corrected intensities."
"reference_split","REF_428","waveica",,"SPLIT04","qc_rfsc","QC-RFSC","results/reference_splits/waveica/SPLIT04/qc_rfsc",FALSE,0,0,0,,"No negative corrected intensities."
"reference_split","REF_429","waveica",,"SPLIT04","serrf","SERRF","results/reference_splits/waveica/SPLIT04/serrf",FALSE,0,0,0,,"No negative corrected intensities."
"reference_split","REF_430","waveica",,"SPLIT04","winn_auto_qc","WiNN auto (QC)","results/reference_splits/waveica/SPLIT04/winn_auto_qc",FALSE,0,0,0,,"No negative corrected intensities."
"reference_split","REF_431","waveica",,"SPLIT04","winn_auto_batch_qc","WiNN auto-batch (QC)","results/reference_splits/waveica/SPLIT04/winn_auto_batch_qc",FALSE,0,0,0,,"No negative corrected intensities."
"reference_split","REF_432","waveica",,"SPLIT04","winn_fixed_no_qc","WiNN fixed default (no QC)","results/reference_splits/waveica/SPLIT04/winn_fixed_no_qc",FALSE,0,0,0,,"No negative corrected intensities."
"reference_split","REF_433","waveica",,"SPLIT05","raw","Raw","results/reference_splits/waveica/SPLIT05/raw",FALSE,0,0,0,,"No negative corrected intensities."
"reference_split","REF_434","waveica",,"SPLIT05","combat","ComBat","results/reference_splits/waveica/SPLIT05/combat",TRUE,5484,806,600,-0.999999999994558,"Negative corrected intensities were floored at zero before evaluation."
"reference_split","REF_435","waveica",,"SPLIT05","qc_rlsc","QC-RLSC","results/reference_splits/waveica/SPLIT05/qc_rlsc",FALSE,0,0,0,,"No negative corrected intensities."
"reference_split","REF_436","waveica",,"SPLIT05","qc_rfsc","QC-RFSC","results/reference_splits/waveica/SPLIT05/qc_rfsc",FALSE,0,0,0,,"No negative corrected intensities."
"reference_split","REF_437","waveica",,"SPLIT05","serrf","SERRF","results/reference_splits/waveica/SPLIT05/serrf",FALSE,0,0,0,,"No negative corrected intensities."
"reference_split","REF_438","waveica",,"SPLIT05","winn_auto_qc","WiNN auto (QC)","results/reference_splits/waveica/SPLIT05/winn_auto_qc",FALSE,0,0,0,,"No negative corrected intensities."
"reference_split","REF_439","waveica",,"SPLIT05","winn_auto_batch_qc","WiNN auto-batch (QC)","results/reference_splits/waveica/SPLIT05/winn_auto_batch_qc",FALSE,0,0,0,,"No negative corrected intensities."
"reference_split","REF_440","waveica",,"SPLIT05","winn_fixed_no_qc","WiNN fixed default (no QC)","results/reference_splits/waveica/SPLIT05/winn_fixed_no_qc",FALSE,0,0,0,,"No negative corrected intensities."
"reference_split","REF_441","waveica",,"SPLIT06","raw","Raw","results/reference_splits/waveica/SPLIT06/raw",FALSE,0,0,0,,"No negative corrected intensities."
"reference_split","REF_442","waveica",,"SPLIT06","combat","ComBat","results/reference_splits/waveica/SPLIT06/combat",TRUE,5484,806,600,-0.999999999994558,"Negative corrected intensities were floored at zero before evaluation."
"reference_split","REF_443","waveica",,"SPLIT06","qc_rlsc","QC-RLSC","results/reference_splits/waveica/SPLIT06/qc_rlsc",FALSE,0,0,0,,"No negative corrected intensities."
"reference_split","REF_444","waveica",,"SPLIT06","qc_rfsc","QC-RFSC","results/reference_splits/waveica/SPLIT06/qc_rfsc",FALSE,0,0,0,,"No negative corrected intensities."
"reference_split","REF_445","waveica",,"SPLIT06","serrf","SERRF","results/reference_splits/waveica/SPLIT06/serrf",FALSE,0,0,0,,"No negative corrected intensities."
"reference_split","REF_446","waveica",,"SPLIT06","winn_auto_qc","WiNN auto (QC)","results/reference_splits/waveica/SPLIT06/winn_auto_qc",FALSE,0,0,0,,"No negative corrected intensities."
"reference_split","REF_447","waveica",,"SPLIT06","winn_auto_batch_qc","WiNN auto-batch (QC)","results/reference_splits/waveica/SPLIT06/winn_auto_batch_qc",FALSE,0,0,0,,"No negative corrected intensities."
"reference_split","REF_448","waveica",,"SPLIT06","winn_fixed_no_qc","WiNN fixed default (no QC)","results/reference_splits/waveica/SPLIT06/winn_fixed_no_qc",FALSE,0,0,0,,"No negative corrected intensities."
"reference_split","REF_449","waveica",,"SPLIT07","raw","Raw","results/reference_splits/waveica/SPLIT07/raw",FALSE,0,0,0,,"No negative corrected intensities."
"reference_split","REF_450","waveica",,"SPLIT07","combat","ComBat","results/reference_splits/waveica/SPLIT07/combat",TRUE,5484,806,600,-0.999999999994558,"Negative corrected intensities were floored at zero before evaluation."
"reference_split","REF_451","waveica",,"SPLIT07","qc_rlsc","QC-RLSC","results/reference_splits/waveica/SPLIT07/qc_rlsc",FALSE,0,0,0,,"No negative corrected intensities."
"reference_split","REF_452","waveica",,"SPLIT07","qc_rfsc","QC-RFSC","results/reference_splits/waveica/SPLIT07/qc_rfsc",FALSE,0,0,0,,"No negative corrected intensities."
"reference_split","REF_453","waveica",,"SPLIT07","serrf","SERRF","results/reference_splits/waveica/SPLIT07/serrf",FALSE,0,0,0,,"No negative corrected intensities."
"reference_split","REF_454","waveica",,"SPLIT07","winn_auto_qc","WiNN auto (QC)","results/reference_splits/waveica/SPLIT07/winn_auto_qc",FALSE,0,0,0,,"No negative corrected intensities."
"reference_split","REF_455","waveica",,"SPLIT07","winn_auto_batch_qc","WiNN auto-batch (QC)","results/reference_splits/waveica/SPLIT07/winn_auto_batch_qc",FALSE,0,0,0,,"No negative corrected intensities."
"reference_split","REF_456","waveica",,"SPLIT07","winn_fixed_no_qc","WiNN fixed default (no QC)","results/reference_splits/waveica/SPLIT07/winn_fixed_no_qc",FALSE,0,0,0,,"No negative corrected intensities."
"reference_split","REF_457","waveica",,"SPLIT08","raw","Raw","results/reference_splits/waveica/SPLIT08/raw",FALSE,0,0,0,,"No negative corrected intensities."
"reference_split","REF_458","waveica",,"SPLIT08","combat","ComBat","results/reference_splits/waveica/SPLIT08/combat",TRUE,5484,806,600,-0.999999999994558,"Negative corrected intensities were floored at zero before evaluation."
"reference_split","REF_459","waveica",,"SPLIT08","qc_rlsc","QC-RLSC","results/reference_splits/waveica/SPLIT08/qc_rlsc",FALSE,0,0,0,,"No negative corrected intensities."
"reference_split","REF_460","waveica",,"SPLIT08","qc_rfsc","QC-RFSC","results/reference_splits/waveica/SPLIT08/qc_rfsc",FALSE,0,0,0,,"No negative corrected intensities."
"reference_split","REF_461","waveica",,"SPLIT08","serrf","SERRF","results/reference_splits/waveica/SPLIT08/serrf",FALSE,0,0,0,,"No negative corrected intensities."
"reference_split","REF_462","waveica",,"SPLIT08","winn_auto_qc","WiNN auto (QC)","results/reference_splits/waveica/SPLIT08/winn_auto_qc",FALSE,0,0,0,,"No negative corrected intensities."
"reference_split","REF_463","waveica",,"SPLIT08","winn_auto_batch_qc","WiNN auto-batch (QC)","results/reference_splits/waveica/SPLIT08/winn_auto_batch_qc",FALSE,0,0,0,,"No negative corrected intensities."
"reference_split","REF_464","waveica",,"SPLIT08","winn_fixed_no_qc","WiNN fixed default (no QC)","results/reference_splits/waveica/SPLIT08/winn_fixed_no_qc",FALSE,0,0,0,,"No negative corrected intensities."
"reference_split","REF_465","waveica",,"SPLIT09","raw","Raw","results/reference_splits/waveica/SPLIT09/raw",FALSE,0,0,0,,"No negative corrected intensities."
"reference_split","REF_466","waveica",,"SPLIT09","combat","ComBat","results/reference_splits/waveica/SPLIT09/combat",TRUE,5484,806,600,-0.999999999994558,"Negative corrected intensities were floored at zero before evaluation."
"reference_split","REF_467","waveica",,"SPLIT09","qc_rlsc","QC-RLSC","results/reference_splits/waveica/SPLIT09/qc_rlsc",FALSE,0,0,0,,"No negative corrected intensities."
"reference_split","REF_468","waveica",,"SPLIT09","qc_rfsc","QC-RFSC","results/reference_splits/waveica/SPLIT09/qc_rfsc",FALSE,0,0,0,,"No negative corrected intensities."
"reference_split","REF_469","waveica",,"SPLIT09","serrf","SERRF","results/reference_splits/waveica/SPLIT09/serrf",FALSE,0,0,0,,"No negative corrected intensities."
"reference_split","REF_470","waveica",,"SPLIT09","winn_auto_qc","WiNN auto (QC)","results/reference_splits/waveica/SPLIT09/winn_auto_qc",FALSE,0,0,0,,"No negative corrected intensities."
"reference_split","REF_471","waveica",,"SPLIT09","winn_auto_batch_qc","WiNN auto-batch (QC)","results/reference_splits/waveica/SPLIT09/winn_auto_batch_qc",FALSE,0,0,0,,"No negative corrected intensities."
"reference_split","REF_472","waveica",,"SPLIT09","winn_fixed_no_qc","WiNN fixed default (no QC)","results/reference_splits/waveica/SPLIT09/winn_fixed_no_qc",FALSE,0,0,0,,"No negative corrected intensities."
"reference_split","REF_473","waveica",,"SPLIT10","raw","Raw","results/reference_splits/waveica/SPLIT10/raw",FALSE,0,0,0,,"No negative corrected intensities."
"reference_split","REF_474","waveica",,"SPLIT10","combat","ComBat","results/reference_splits/waveica/SPLIT10/combat",TRUE,5484,806,600,-0.999999999994558,"Negative corrected intensities were floored at zero before evaluation."
"reference_split","REF_475","waveica",,"SPLIT10","qc_rlsc","QC-RLSC","results/reference_splits/waveica/SPLIT10/qc_rlsc",FALSE,0,0,0,,"No negative corrected intensities."
"reference_split","REF_476","waveica",,"SPLIT10","qc_rfsc","QC-RFSC","results/reference_splits/waveica/SPLIT10/qc_rfsc",FALSE,0,0,0,,"No negative corrected intensities."
"reference_split","REF_477","waveica",,"SPLIT10","serrf","SERRF","results/reference_splits/waveica/SPLIT10/serrf",FALSE,0,0,0,,"No negative corrected intensities."
"reference_split","REF_478","waveica",,"SPLIT10","winn_auto_qc","WiNN auto (QC)","results/reference_splits/waveica/SPLIT10/winn_auto_qc",FALSE,0,0,0,,"No negative corrected intensities."
"reference_split","REF_479","waveica",,"SPLIT10","winn_auto_batch_qc","WiNN auto-batch (QC)","results/reference_splits/waveica/SPLIT10/winn_auto_batch_qc",FALSE,0,0,0,,"No negative corrected intensities."
"reference_split","REF_480","waveica",,"SPLIT10","winn_fixed_no_qc","WiNN fixed default (no QC)","results/reference_splits/waveica/SPLIT10/winn_fixed_no_qc",FALSE,0,0,0,,"No negative corrected intensities."
"reference_split","REF_481","simulation",,"SPLIT01","tiger","TIGER","results/reference_splits/simulation/SPLIT01/tiger",FALSE,0,0,0,,"No negative corrected intensities."
"reference_split","REF_482","simulation",,"SPLIT02","tiger","TIGER","results/reference_splits/simulation/SPLIT02/tiger",FALSE,0,0,0,,"No negative corrected intensities."
"reference_split","REF_483","simulation",,"SPLIT03","tiger","TIGER","results/reference_splits/simulation/SPLIT03/tiger",FALSE,0,0,0,,"No negative corrected intensities."
"reference_split","REF_484","simulation",,"SPLIT04","tiger","TIGER","results/reference_splits/simulation/SPLIT04/tiger",FALSE,0,0,0,,"No negative corrected intensities."
"reference_split","REF_485","simulation",,"SPLIT05","tiger","TIGER","results/reference_splits/simulation/SPLIT05/tiger",FALSE,0,0,0,,"No negative corrected intensities."
"reference_split","REF_486","simulation",,"SPLIT06","tiger","TIGER","results/reference_splits/simulation/SPLIT06/tiger",FALSE,0,0,0,,"No negative corrected intensities."
"reference_split","REF_487","simulation",,"SPLIT07","tiger","TIGER","results/reference_splits/simulation/SPLIT07/tiger",FALSE,0,0,0,,"No negative corrected intensities."
"reference_split","REF_488","simulation",,"SPLIT08","tiger","TIGER","results/reference_splits/simulation/SPLIT08/tiger",FALSE,0,0,0,,"No negative corrected intensities."
"reference_split","REF_489","simulation",,"SPLIT09","tiger","TIGER","results/reference_splits/simulation/SPLIT09/tiger",FALSE,0,0,0,,"No negative corrected intensities."
"reference_split","REF_490","simulation",,"SPLIT10","tiger","TIGER","results/reference_splits/simulation/SPLIT10/tiger",FALSE,0,0,0,,"No negative corrected intensities."
"reference_split","REF_491","mtbls79",,"SPLIT01","tiger","TIGER","results/reference_splits/mtbls79/SPLIT01/tiger",FALSE,0,0,0,,"No negative corrected intensities."
"reference_split","REF_492","mtbls79",,"SPLIT02","tiger","TIGER","results/reference_splits/mtbls79/SPLIT02/tiger",FALSE,0,0,0,,"No negative corrected intensities."
"reference_split","REF_493","mtbls79",,"SPLIT03","tiger","TIGER","results/reference_splits/mtbls79/SPLIT03/tiger",FALSE,0,0,0,,"No negative corrected intensities."
"reference_split","REF_494","mtbls79",,"SPLIT04","tiger","TIGER","results/reference_splits/mtbls79/SPLIT04/tiger",FALSE,0,0,0,,"No negative corrected intensities."
"reference_split","REF_495","mtbls79",,"SPLIT05","tiger","TIGER","results/reference_splits/mtbls79/SPLIT05/tiger",FALSE,0,0,0,,"No negative corrected intensities."
"reference_split","REF_496","mtbls79",,"SPLIT06","tiger","TIGER","results/reference_splits/mtbls79/SPLIT06/tiger",FALSE,0,0,0,,"No negative corrected intensities."
"reference_split","REF_497","mtbls79",,"SPLIT07","tiger","TIGER","results/reference_splits/mtbls79/SPLIT07/tiger",FALSE,0,0,0,,"No negative corrected intensities."
"reference_split","REF_498","mtbls79",,"SPLIT08","tiger","TIGER","results/reference_splits/mtbls79/SPLIT08/tiger",FALSE,0,0,0,,"No negative corrected intensities."
"reference_split","REF_499","mtbls79",,"SPLIT09","tiger","TIGER","results/reference_splits/mtbls79/SPLIT09/tiger",FALSE,0,0,0,,"No negative corrected intensities."
"reference_split","REF_500","mtbls79",,"SPLIT10","tiger","TIGER","results/reference_splits/mtbls79/SPLIT10/tiger",FALSE,0,0,0,,"No negative corrected intensities."
"reference_split","REF_501","clinical_fiams",,"SPLIT01","tiger","TIGER","results/reference_splits/clinical_fiams/SPLIT01/tiger",FALSE,0,0,0,,"No negative corrected intensities."
"reference_split","REF_502","clinical_fiams",,"SPLIT02","tiger","TIGER","results/reference_splits/clinical_fiams/SPLIT02/tiger",FALSE,0,0,0,,"No negative corrected intensities."
"reference_split","REF_503","clinical_fiams",,"SPLIT03","tiger","TIGER","results/reference_splits/clinical_fiams/SPLIT03/tiger",FALSE,0,0,0,,"No negative corrected intensities."
"reference_split","REF_504","clinical_fiams",,"SPLIT04","tiger","TIGER","results/reference_splits/clinical_fiams/SPLIT04/tiger",FALSE,0,0,0,,"No negative corrected intensities."
"reference_split","REF_505","clinical_fiams",,"SPLIT05","tiger","TIGER","results/reference_splits/clinical_fiams/SPLIT05/tiger",FALSE,0,0,0,,"No negative corrected intensities."
"reference_split","REF_506","clinical_fiams",,"SPLIT06","tiger","TIGER","results/reference_splits/clinical_fiams/SPLIT06/tiger",FALSE,0,0,0,,"No negative corrected intensities."
"reference_split","REF_507","clinical_fiams",,"SPLIT07","tiger","TIGER","results/reference_splits/clinical_fiams/SPLIT07/tiger",FALSE,0,0,0,,"No negative corrected intensities."
"reference_split","REF_508","clinical_fiams",,"SPLIT08","tiger","TIGER","results/reference_splits/clinical_fiams/SPLIT08/tiger",FALSE,0,0,0,,"No negative corrected intensities."
"reference_split","REF_509","clinical_fiams",,"SPLIT09","tiger","TIGER","results/reference_splits/clinical_fiams/SPLIT09/tiger",FALSE,0,0,0,,"No negative corrected intensities."
"reference_split","REF_510","clinical_fiams",,"SPLIT10","tiger","TIGER","results/reference_splits/clinical_fiams/SPLIT10/tiger",FALSE,0,0,0,,"No negative corrected intensities."
"reference_split","REF_511","batchcorr_set1",,"SPLIT01","tiger","TIGER","results/reference_splits/batchcorr_set1/SPLIT01/tiger",FALSE,0,0,0,,"No negative corrected intensities."
"reference_split","REF_512","batchcorr_set1",,"SPLIT02","tiger","TIGER","results/reference_splits/batchcorr_set1/SPLIT02/tiger",FALSE,0,0,0,,"No negative corrected intensities."
"reference_split","REF_513","batchcorr_set1",,"SPLIT03","tiger","TIGER","results/reference_splits/batchcorr_set1/SPLIT03/tiger",FALSE,0,0,0,,"No negative corrected intensities."
"reference_split","REF_514","batchcorr_set1",,"SPLIT04","tiger","TIGER","results/reference_splits/batchcorr_set1/SPLIT04/tiger",FALSE,0,0,0,,"No negative corrected intensities."
"reference_split","REF_515","batchcorr_set1",,"SPLIT05","tiger","TIGER","results/reference_splits/batchcorr_set1/SPLIT05/tiger",FALSE,0,0,0,,"No negative corrected intensities."
"reference_split","REF_516","batchcorr_set1",,"SPLIT06","tiger","TIGER","results/reference_splits/batchcorr_set1/SPLIT06/tiger",FALSE,0,0,0,,"No negative corrected intensities."
"reference_split","REF_517","batchcorr_set1",,"SPLIT07","tiger","TIGER","results/reference_splits/batchcorr_set1/SPLIT07/tiger",FALSE,0,0,0,,"No negative corrected intensities."
"reference_split","REF_518","batchcorr_set1",,"SPLIT08","tiger","TIGER","results/reference_splits/batchcorr_set1/SPLIT08/tiger",FALSE,0,0,0,,"No negative corrected intensities."
"reference_split","REF_519","batchcorr_set1",,"SPLIT09","tiger","TIGER","results/reference_splits/batchcorr_set1/SPLIT09/tiger",FALSE,0,0,0,,"No negative corrected intensities."
"reference_split","REF_520","batchcorr_set1",,"SPLIT10","tiger","TIGER","results/reference_splits/batchcorr_set1/SPLIT10/tiger",FALSE,0,0,0,,"No negative corrected intensities."
"reference_split","REF_521","sacurine",,"SPLIT01","tiger","TIGER","results/reference_splits/sacurine/SPLIT01/tiger",FALSE,0,0,0,,"No negative corrected intensities."
"reference_split","REF_522","sacurine",,"SPLIT02","tiger","TIGER","results/reference_splits/sacurine/SPLIT02/tiger",FALSE,0,0,0,,"No negative corrected intensities."
"reference_split","REF_523","sacurine",,"SPLIT03","tiger","TIGER","results/reference_splits/sacurine/SPLIT03/tiger",FALSE,0,0,0,,"No negative corrected intensities."
"reference_split","REF_524","sacurine",,"SPLIT04","tiger","TIGER","results/reference_splits/sacurine/SPLIT04/tiger",FALSE,0,0,0,,"No negative corrected intensities."
"reference_split","REF_525","sacurine",,"SPLIT05","tiger","TIGER","results/reference_splits/sacurine/SPLIT05/tiger",FALSE,0,0,0,,"No negative corrected intensities."
"reference_split","REF_526","sacurine",,"SPLIT06","tiger","TIGER","results/reference_splits/sacurine/SPLIT06/tiger",FALSE,0,0,0,,"No negative corrected intensities."
"reference_split","REF_527","sacurine",,"SPLIT07","tiger","TIGER","results/reference_splits/sacurine/SPLIT07/tiger",FALSE,0,0,0,,"No negative corrected intensities."
"reference_split","REF_528","sacurine",,"SPLIT08","tiger","TIGER","results/reference_splits/sacurine/SPLIT08/tiger",FALSE,0,0,0,,"No negative corrected intensities."
"reference_split","REF_529","sacurine",,"SPLIT09","tiger","TIGER","results/reference_splits/sacurine/SPLIT09/tiger",FALSE,0,0,0,,"No negative corrected intensities."
"reference_split","REF_530","sacurine",,"SPLIT10","tiger","TIGER","results/reference_splits/sacurine/SPLIT10/tiger",FALSE,0,0,0,,"No negative corrected intensities."
"reference_split","REF_531","waveica",,"SPLIT01","tiger","TIGER","results/reference_splits/waveica/SPLIT01/tiger",FALSE,0,0,0,,"No negative corrected intensities."
"reference_split","REF_532","waveica",,"SPLIT02","tiger","TIGER","results/reference_splits/waveica/SPLIT02/tiger",FALSE,0,0,0,,"No negative corrected intensities."
"reference_split","REF_533","waveica",,"SPLIT03","tiger","TIGER","results/reference_splits/waveica/SPLIT03/tiger",FALSE,0,0,0,,"No negative corrected intensities."
"reference_split","REF_534","waveica",,"SPLIT04","tiger","TIGER","results/reference_splits/waveica/SPLIT04/tiger",FALSE,0,0,0,,"No negative corrected intensities."
"reference_split","REF_535","waveica",,"SPLIT05","tiger","TIGER","results/reference_splits/waveica/SPLIT05/tiger",FALSE,0,0,0,,"No negative corrected intensities."
"reference_split","REF_536","waveica",,"SPLIT06","tiger","TIGER","results/reference_splits/waveica/SPLIT06/tiger",FALSE,0,0,0,,"No negative corrected intensities."
"reference_split","REF_537","waveica",,"SPLIT07","tiger","TIGER","results/reference_splits/waveica/SPLIT07/tiger",FALSE,0,0,0,,"No negative corrected intensities."
"reference_split","REF_538","waveica",,"SPLIT08","tiger","TIGER","results/reference_splits/waveica/SPLIT08/tiger",FALSE,0,0,0,,"No negative corrected intensities."
"reference_split","REF_539","waveica",,"SPLIT09","tiger","TIGER","results/reference_splits/waveica/SPLIT09/tiger",FALSE,0,0,0,,"No negative corrected intensities."
"reference_split","REF_540","waveica",,"SPLIT10","tiger","TIGER","results/reference_splits/waveica/SPLIT10/tiger",FALSE,0,0,0,,"No negative corrected intensities."
