"confounding_type","level","method","metric","metric_direction","units","n","mean","sd","median","q1","q3","minimum","maximum"
"batch",0.25,"Raw","batch_weighted_pc_r2_categorical","lower","weighted_R2",10,0.962612644536858,0.00158641686001144,0.962927323784279,0.962587362397159,0.963546499700744,0.959619762085355,0.964249375656243
"batch",0.25,"Raw","clean_feature_icc_a1_mean","higher","value",10,0.588592955407694,0.0103736957191247,0.58802645966079,0.584729959228571,0.591531843100794,0.57566148689301,0.612355001421662
"batch",0.25,"Raw","clean_feature_icc_a1_median","higher","value",10,0.560383428930915,0.0150336133881634,0.556777860676788,0.54749148407999,0.570857260186643,0.544614485718036,0.590606046429294
"batch",0.25,"Raw","clean_feature_profile_pearson_mean","higher","correlation_or_proportion",10,0.652377917206391,0.00888013301159501,0.652230548301284,0.64881390679855,0.655169561005229,0.64105990811664,0.672519893249734
"batch",0.25,"Raw","clean_feature_profile_pearson_median","higher","correlation_or_proportion",10,0.628881580241337,0.0122612218949375,0.624914486876422,0.620207148818748,0.636091064041837,0.616083500996652,0.65540115661557
"batch",0.25,"Raw","clean_log1p_rmse_study","lower","log1p_effect_or_ratio",10,0.292856117417066,0.0105260840412163,0.29065284741563,0.285768612298756,0.298897816693708,0.27782251592106,0.312123169686613
"batch",0.25,"Raw","clean_sample_profile_pearson_mean","higher","correlation_or_proportion",10,0.52353053905745,0.0136982501382875,0.525328500013276,0.516629725559187,0.532266321298875,0.497908485568458,0.54343723502254
"batch",0.25,"Raw","clean_sample_profile_pearson_median","higher","correlation_or_proportion",10,0.52389571155695,0.0133485606662395,0.525129481775754,0.515455139305368,0.533085786879544,0.499209917736725,0.544569142813426
"batch",0.25,"Raw","coefficient_pearson_vs_clean_all","higher","correlation_or_proportion",10,0.986726212941278,0.0055135160825509,0.989843105373087,0.981158764382659,0.99068571840794,0.978757708803454,0.992681984543299
"batch",0.25,"Raw","coefficient_pearson_vs_injected_all","higher","correlation_or_proportion",10,0.942926882293475,0.00559236682093522,0.945300578527822,0.938270197219334,0.946951523422185,0.933055633763088,0.948097229917297
"batch",0.25,"Raw","coefficient_pearson_vs_injected_responsive","higher","correlation_or_proportion",10,0.993861642248693,0.000707400587059295,0.993670033573447,0.99329053935985,0.994420531661841,0.992908761100181,0.995080157000779
"batch",0.25,"Raw","coefficient_spearman_vs_injected_all","higher","correlation_or_proportion",10,0.520336689798318,0,0.520336689798318,0.520336689798318,0.520336689798318,0.520336689798318,0.520336689798318
"batch",0.25,"Raw","effect_rmse_vs_clean_all","lower","log1p_effect_or_ratio",10,0.00936801471341983,0.0019784436985201,0.00826732201848723,0.00795979968470147,0.0114435825840697,0.00720191520678687,0.0122159091993109
"batch",0.25,"Raw","effect_rmse_vs_clean_responsive","lower","log1p_effect_or_ratio",10,0.00927341636709569,0.00238030592093613,0.00857986551398109,0.00754617031746217,0.011193570562996,0.00584613499973666,0.0127338941488168
"batch",0.25,"Raw","effect_rmse_vs_injected_all","lower","log1p_effect_or_ratio",10,0.0587353223951982,0.000645568666017203,0.0588890495042177,0.0584776298867824,0.0591423315996807,0.0574764263675895,0.0594569115552047
"batch",0.25,"Raw","effect_rmse_vs_injected_responsive","lower","log1p_effect_or_ratio",10,0.176230142452984,0.00191507340838028,0.17630644079547,0.175638992896231,0.177254551276951,0.172570219526753,0.179489292358201
"batch",0.25,"Raw","empirical_fdr","lower","proportion",10,0.050905116643371,0.0186166413300971,0.0521114106019767,0.0407509157509158,0.0632163639569741,0.0196078431372549,0.0825688073394495
"batch",0.25,"Raw","heldout_qc_cv_mean","lower","percent",10,45.0597600994383,1.53042582846134,45.0352604685855,44.4957932030212,45.7658105795252,41.7869793310591,47.5743078003657
"batch",0.25,"Raw","heldout_qc_cv_median","lower","percent",10,43.1285374452415,1.15235773966691,43.0465100896214,42.8834385537773,43.7700221821417,40.8705214279567,45.1702966110176
"batch",0.25,"Raw","heldout_qc_cv_sd","lower","percent",10,31.1325078981167,1.32582917054224,31.0479118817121,30.0806759827216,32.0118674190209,29.2418695091346,33.4699193369408
"batch",0.25,"Raw","median_attenuation_ratio_clean_responsive","higher","log1p_effect_or_ratio",10,0.999821568888916,0.00145196738522119,1,1,1,0.996022759973756,1.00182768035037
"batch",0.25,"Raw","median_attenuation_ratio_injected_responsive","higher","log1p_effect_or_ratio",10,0.501057335789334,0.0050300580152253,0.50074586068406,0.498944318637905,0.503883448661165,0.492984458253848,0.50886432718614
"batch",0.25,"Raw","n_discoveries_bh_0p05","descriptive","count",10,105.4,2.06559111797729,105.5,104.25,106.75,102,109
"batch",0.25,"Raw","null_feature_false_positive_rate","lower","proportion",10,0.006,0.00229510124219699,0.00611111111111111,0.00472222222222222,0.0075,0.00222222222222222,0.01
"batch",0.25,"Raw","phenotype_weighted_pc_r2_categorical","descriptive","weighted_R2",10,0.014949414658146,0.00226869127264726,0.0143614627295344,0.0133738686362406,0.0162800151133859,0.0124421405643218,0.0197380107481646
"batch",0.25,"Raw","recovered_vs_injected_intercept","descriptive","log1p_effect_or_ratio",10,-3.39861227146631e-06,0.000982908470684391,8.579417353974e-06,-0.000593303644743057,0.000274305811110006,-0.00150773385731663,0.00206427738185014
"batch",0.25,"Raw","recovered_vs_injected_slope","descriptive","log1p_effect_or_ratio",10,0.499598904436311,0.00538495225031958,0.499084154447707,0.496643520777859,0.501492417987324,0.490548920832325,0.509650032262838
"batch",0.25,"Raw","residual_ljung_box_median_statistic","lower","value",10,11.5507021332067,0.141108157166894,11.5529205589034,11.4323458262791,11.6615052329348,11.3762742668781,11.7537698510321
"batch",0.25,"Raw","residual_ljung_box_profiles_significant","lower","count",10,1272.8,55.884404503105,1253.5,1231.75,1310.5,1209,1378
"batch",0.25,"Raw","residual_ljung_box_profiles_tested","descriptive","count",10,5000,0,5000,5000,5000,5000,5000
"batch",0.25,"Raw","residual_ljung_box_proportion_significant","lower","proportion",10,0.25456,0.011176880900621,0.2507,0.24635,0.2621,0.2418,0.2756
"batch",0.25,"Raw","residual_run_order_gam_mean_deviance","lower","value",10,0.128839519583027,0.00466492794389816,0.12921169076214,0.125423988147111,0.131852319462733,0.121514286499646,0.13716407079489
"batch",0.25,"Raw","retained_features","higher","count",10,1000,0,1000,1000,1000,1000,1000
"batch",0.25,"Raw","retained_samples","higher","count",10,500,0,500,500,500,500,500
"batch",0.25,"Raw","runtime_sec","lower","seconds",10,0,0,0,0,0,0,0
"batch",0.25,"Raw","sign_concordance_responsive","higher","correlation_or_proportion",10,1,0,1,1,1,1,1
"batch",0.25,"Raw","true_positive_rate","higher","proportion",10,1,0,1,1,1,1,1
"batch",0.25,"WiNN fixed default (no QC)","batch_weighted_pc_r2_categorical","lower","weighted_R2",10,0.00221544482192325,0.000521327374682835,0.00222547778782565,0.00174065681440962,0.00250202642969581,0.00162832556391237,0.00323589982671574
"batch",0.25,"WiNN fixed default (no QC)","clean_feature_icc_a1_mean","higher","value",10,0.920949860339386,0.00317896322379372,0.920258622187079,0.918928556558805,0.922516436824343,0.916302879449124,0.927237503855173
"batch",0.25,"WiNN fixed default (no QC)","clean_feature_icc_a1_median","higher","value",10,0.94176400208149,0.00233621898124295,0.942216964148549,0.940571432356657,0.943356890592002,0.937934783184288,0.944663110420232
"batch",0.25,"WiNN fixed default (no QC)","clean_feature_profile_pearson_mean","higher","correlation_or_proportion",10,0.944454145037455,0.00195712184071245,0.944583351414182,0.942937381010815,0.945135088742002,0.942343632714889,0.949004301819694
"batch",0.25,"WiNN fixed default (no QC)","clean_feature_profile_pearson_median","higher","correlation_or_proportion",10,0.953053366303202,0.00195485196906866,0.953457140737112,0.952036669643587,0.954520560289847,0.950042533119281,0.955441885588834
"batch",0.25,"WiNN fixed default (no QC)","clean_log1p_rmse_study","lower","log1p_effect_or_ratio",10,0.0737672071616431,0.00178928633581515,0.0738451846170751,0.072765974968769,0.0750096660387737,0.0705376257924449,0.0764208519142518
"batch",0.25,"WiNN fixed default (no QC)","clean_sample_profile_pearson_mean","higher","correlation_or_proportion",10,0.922812566742384,0.00344681912588441,0.922514595161501,0.920467213785033,0.92466044617915,0.918363561361796,0.929364465035019
"batch",0.25,"WiNN fixed default (no QC)","clean_sample_profile_pearson_median","higher","correlation_or_proportion",10,0.92378342295601,0.00330947537838308,0.923521258705097,0.921652880986201,0.925567398918636,0.919721914741136,0.930172064653414
"batch",0.25,"WiNN fixed default (no QC)","coefficient_pearson_vs_clean_all","higher","correlation_or_proportion",10,0.991224741382642,0.00183635777223464,0.991235133099633,0.989609937945909,0.992689970827086,0.988542417662273,0.993675581823028
"batch",0.25,"WiNN fixed default (no QC)","coefficient_pearson_vs_injected_all","higher","correlation_or_proportion",10,0.947416975130716,0.00279703488571178,0.946790975372335,0.945148278418788,0.948801785217561,0.944560174035304,0.95328984368204
"batch",0.25,"WiNN fixed default (no QC)","coefficient_pearson_vs_injected_responsive","higher","correlation_or_proportion",10,0.990416840662188,0.00156934210011667,0.990780923093883,0.989318972605895,0.991743599520876,0.987633835515674,0.992233747125117
"batch",0.25,"WiNN fixed default (no QC)","coefficient_spearman_vs_injected_all","higher","correlation_or_proportion",10,0.520335594352655,3.46410334740731e-06,0.520336689798318,0.520336689798318,0.520336689798318,0.52032573534169,0.520336689798318
"batch",0.25,"WiNN fixed default (no QC)","effect_rmse_vs_clean_all","lower","log1p_effect_or_ratio",10,0.00830062449734192,0.000880566790642536,0.00851320805647143,0.00750260345513863,0.00888660563528362,0.00700909143737802,0.00967370180064543
"batch",0.25,"WiNN fixed default (no QC)","effect_rmse_vs_clean_responsive","lower","log1p_effect_or_ratio",10,0.0201669602621837,0.00308785192782209,0.0208647998412465,0.0171907876105493,0.0227417634214021,0.0161046457332334,0.0241943409057677
"batch",0.25,"WiNN fixed default (no QC)","effect_rmse_vs_injected_all","lower","log1p_effect_or_ratio",10,0.0620120026063885,0.000832291948853658,0.0621193434520809,0.0615474884615516,0.0621780535000066,0.0605224228884151,0.0635649121320812
"batch",0.25,"WiNN fixed default (no QC)","effect_rmse_vs_injected_responsive","lower","log1p_effect_or_ratio",10,0.189693065131963,0.0026703013704794,0.189908063663008,0.188249630936227,0.190331532584258,0.185330150919753,0.194747253089609
"batch",0.25,"WiNN fixed default (no QC)","empirical_fdr","lower","proportion",10,0.047375080780986,0.0161381736554734,0.0521114106019767,0.0337494220989367,0.0566037735849057,0.0196078431372549,0.0654205607476635
"batch",0.25,"WiNN fixed default (no QC)","heldout_qc_cv_mean","lower","percent",10,8.88758496114735,0.217921524424111,8.93217886955635,8.70258563028909,9.01041504489371,8.53513541515391,9.22199068085
"batch",0.25,"WiNN fixed default (no QC)","heldout_qc_cv_median","lower","percent",10,8.02602913209732,0.266474092642987,8.09117575788283,7.85733357192803,8.18046129280984,7.61682100818589,8.39519568991578
"batch",0.25,"WiNN fixed default (no QC)","heldout_qc_cv_sd","lower","percent",10,6.35460699263565,0.161256737487315,6.37943040712772,6.25073619643606,6.44351112216671,6.12853757117959,6.63939315606984
"batch",0.25,"WiNN fixed default (no QC)","median_attenuation_ratio_clean_responsive","higher","log1p_effect_or_ratio",10,0.949570963981174,0.00893499734952311,0.949272996189595,0.942143519793775,0.957160898043438,0.93839891705274,0.962386891906121
"batch",0.25,"WiNN fixed default (no QC)","median_attenuation_ratio_injected_responsive","higher","log1p_effect_or_ratio",10,0.467871096146558,0.0107965472145284,0.472054544061602,0.457219782420055,0.476622598206025,0.452549554637699,0.480108714325972
"batch",0.25,"WiNN fixed default (no QC)","n_discoveries_bh_0p05","descriptive","count",10,105,1.76383420737639,105.5,103.5,106,102,107
"batch",0.25,"WiNN fixed default (no QC)","null_feature_false_positive_rate","lower","proportion",10,0.00555555555555556,0.00195981578597377,0.00611111111111111,0.00388888888888889,0.00666666666666667,0.00222222222222222,0.00777777777777778
"batch",0.25,"WiNN fixed default (no QC)","phenotype_weighted_pc_r2_categorical","descriptive","weighted_R2",10,0.428387688752346,0.00794908832744645,0.428032746468105,0.424988771476333,0.432222367984677,0.414271011411346,0.443582105851299
"batch",0.25,"WiNN fixed default (no QC)","recovered_vs_injected_intercept","descriptive","log1p_effect_or_ratio",10,-7.53789779698454e-05,0.00052711601337662,-0.000100967689442995,-0.000233920053042911,2.98963733592352e-05,-0.0010657381432559,0.00109908778831812
"batch",0.25,"WiNN fixed default (no QC)","recovered_vs_injected_slope","descriptive","log1p_effect_or_ratio",10,0.461887704265313,0.00779303767491037,0.461304667392921,0.459590215610474,0.465745624477995,0.447049932683669,0.474225705660564
"batch",0.25,"WiNN fixed default (no QC)","residual_ljung_box_median_statistic","lower","value",10,10.4484654041344,0.0754323911383903,10.4561196577743,10.388631955642,10.4940987403048,10.3381792355067,10.5590056925421
"batch",0.25,"WiNN fixed default (no QC)","residual_ljung_box_profiles_significant","lower","count",10,35.3,9.23820569398866,36,25.75,44,24,47
"batch",0.25,"WiNN fixed default (no QC)","residual_ljung_box_profiles_tested","descriptive","count",10,5000,0,5000,5000,5000,5000,5000
"batch",0.25,"WiNN fixed default (no QC)","residual_ljung_box_proportion_significant","lower","proportion",10,0.00706,0.00184764113879773,0.0072,0.00515,0.0088,0.0048,0.0094
"batch",0.25,"WiNN fixed default (no QC)","residual_run_order_gam_mean_deviance","lower","value",10,0.02100274636442,0.000595231454264409,0.0210246046210423,0.020599278769611,0.0214312820963189,0.0200752606584996,0.0219128188959368
"batch",0.25,"WiNN fixed default (no QC)","retained_features","higher","count",10,1000,0,1000,1000,1000,1000,1000
"batch",0.25,"WiNN fixed default (no QC)","retained_samples","higher","count",10,500,0,500,500,500,500,500
"batch",0.25,"WiNN fixed default (no QC)","runtime_sec","lower","seconds",10,7.0286,0.312229687534318,7.121,6.82425,7.2205,6.499,7.501
"batch",0.25,"WiNN fixed default (no QC)","sign_concordance_responsive","higher","correlation_or_proportion",10,1,0,1,1,1,1,1
"batch",0.25,"WiNN fixed default (no QC)","true_positive_rate","higher","proportion",10,1,0,1,1,1,1,1
"batch",0.5,"Raw","batch_weighted_pc_r2_categorical","lower","weighted_R2",10,0.962638922119714,0.00166667066426351,0.962902375415849,0.962485482140729,0.963647374841536,0.959600683596798,0.964695303254945
"batch",0.5,"Raw","clean_feature_icc_a1_mean","higher","value",10,0.588511364285726,0.0103067175887188,0.587904468570304,0.584621460750688,0.59158168356003,0.575812830569988,0.612163987042309
"batch",0.5,"Raw","clean_feature_icc_a1_median","higher","value",10,0.560357178109019,0.0148504306338248,0.555889544644082,0.548266028553168,0.570346550882356,0.545604113619431,0.591329758880083
"batch",0.5,"Raw","clean_feature_profile_pearson_mean","higher","correlation_or_proportion",10,0.652312145210259,0.00872407930107485,0.651947357426299,0.648700642655303,0.655310263497818,0.641176782732575,0.672136518515952
"batch",0.5,"Raw","clean_feature_profile_pearson_median","higher","correlation_or_proportion",10,0.630246971527603,0.0117204177057869,0.626364703924413,0.621989649939196,0.637382537824559,0.618482894053842,0.655727002191925
"batch",0.5,"Raw","clean_log1p_rmse_study","lower","log1p_effect_or_ratio",10,0.292847284099521,0.01052690638076,0.290684740677862,0.285812214558373,0.298836483806068,0.277763040456074,0.312162471154292
"batch",0.5,"Raw","clean_sample_profile_pearson_mean","higher","correlation_or_proportion",10,0.523495561755541,0.0136154922038941,0.525490457321883,0.51636168530063,0.532035888711456,0.498196648546156,0.54298512730418
"batch",0.5,"Raw","clean_sample_profile_pearson_median","higher","correlation_or_proportion",10,0.523824591848111,0.0130924736247816,0.525251809528559,0.515452873393135,0.53313626307231,0.49996702124079,0.544025903063566
"batch",0.5,"Raw","coefficient_pearson_vs_clean_all","higher","correlation_or_proportion",10,0.986745341020786,0.00388518303664494,0.987780690081893,0.983215522441459,0.989110644766726,0.98100607677495,0.992453444422135
"batch",0.5,"Raw","coefficient_pearson_vs_injected_all","higher","correlation_or_proportion",10,0.935512535426123,0.00376865182812498,0.935220261083707,0.933034462331752,0.937667243431056,0.929974178223586,0.942280003897754
"batch",0.5,"Raw","coefficient_pearson_vs_injected_responsive","higher","correlation_or_proportion",10,0.993009455157932,0.000924215050976022,0.993080208500023,0.992515180641988,0.993653133102874,0.991042297989639,0.994149037397301
"batch",0.5,"Raw","coefficient_spearman_vs_injected_all","higher","correlation_or_proportion",10,0.520336689798318,0,0.520336689798318,0.520336689798318,0.520336689798318,0.520336689798318,0.520336689798318
"batch",0.5,"Raw","effect_rmse_vs_clean_all","lower","log1p_effect_or_ratio",10,0.0094992663740493,0.00146249686786043,0.00908457954649865,0.00869978953909005,0.0108844117675409,0.00707397835181358,0.0114899955387886
"batch",0.5,"Raw","effect_rmse_vs_clean_responsive","lower","log1p_effect_or_ratio",10,0.00972260038741129,0.00156836456190238,0.0103199824540543,0.00828046026622879,0.011019116084987,0.00738912813981946,0.0115110590791211
"batch",0.5,"Raw","effect_rmse_vs_injected_all","lower","log1p_effect_or_ratio",10,0.0592623421093337,0.000745221957792438,0.0593113276640071,0.059013856939025,0.0597667172379177,0.0575504523288427,0.0600770911266903
"batch",0.5,"Raw","effect_rmse_vs_injected_responsive","lower","log1p_effect_or_ratio",10,0.176632251590749,0.00255998967189447,0.176482250741207,0.175310531309767,0.178365201856332,0.171572276449086,0.180668240154137
"batch",0.5,"Raw","empirical_fdr","lower","proportion",10,0.0386712943433536,0.0272243101560171,0.029126213592233,0.029126213592233,0.0453296703296703,0,0.0990990990990991
"batch",0.5,"Raw","heldout_qc_cv_mean","lower","percent",10,45.0597600994383,1.53042582846134,45.0352604685855,44.4957932030212,45.7658105795252,41.7869793310591,47.5743078003657
"batch",0.5,"Raw","heldout_qc_cv_median","lower","percent",10,43.1285374452415,1.15235773966691,43.0465100896214,42.8834385537773,43.7700221821417,40.8705214279567,45.1702966110176
"batch",0.5,"Raw","heldout_qc_cv_sd","lower","percent",10,31.1325078981167,1.32582917054224,31.0479118817121,30.0806759827216,32.0118674190209,29.2418695091346,33.4699193369408
"batch",0.5,"Raw","median_attenuation_ratio_clean_responsive","higher","log1p_effect_or_ratio",10,1.00046701302811,0.00104042790003894,1,1,1,1,1.00304863545932
"batch",0.5,"Raw","median_attenuation_ratio_injected_responsive","higher","log1p_effect_or_ratio",10,0.50105452441597,0.0101878654047807,0.502461238652965,0.492848340061288,0.510316878251837,0.484162459154995,0.512651218832966
"batch",0.5,"Raw","n_discoveries_bh_0p05","descriptive","count",10,104.1,3.03498123735734,103,103,104.75,100,111
"batch",0.5,"Raw","null_feature_false_positive_rate","lower","proportion",10,0.00455555555555555,0.00337220137484149,0.00333333333333333,0.00333333333333333,0.00527777777777778,0,0.0122222222222222
"batch",0.5,"Raw","phenotype_weighted_pc_r2_categorical","descriptive","weighted_R2",10,0.0579426115286108,0.00236636168039679,0.0576198099230852,0.0564734830903358,0.0596731409498706,0.0537837204441607,0.0616746702788642
"batch",0.5,"Raw","recovered_vs_injected_intercept","descriptive","log1p_effect_or_ratio",10,0.000144474348308187,0.000771844253065438,5.15523694419351e-05,-0.000342887310987712,0.000254928826483633,-0.000860252735157598,0.00194602735767463
"batch",0.5,"Raw","recovered_vs_injected_slope","descriptive","log1p_effect_or_ratio",10,0.498850516610628,0.0071850695555152,0.498931884865955,0.493950152021723,0.502935408333873,0.488016088119356,0.513033950133241
"batch",0.5,"Raw","residual_ljung_box_median_statistic","lower","value",10,11.5355952871593,0.148892505902966,11.5319748161766,11.4008165763758,11.6680077097224,11.3412312286894,11.7216952462944
"batch",0.5,"Raw","residual_ljung_box_profiles_significant","lower","count",10,1273.4,57.293009075182,1252,1231.25,1317.5,1205,1376
"batch",0.5,"Raw","residual_ljung_box_profiles_tested","descriptive","count",10,5000,0,5000,5000,5000,5000,5000
"batch",0.5,"Raw","residual_ljung_box_proportion_significant","lower","proportion",10,0.25468,0.0114586018150364,0.2504,0.24625,0.2635,0.241,0.2752
"batch",0.5,"Raw","residual_run_order_gam_mean_deviance","lower","value",10,0.128903031933562,0.00468914517860376,0.129085517309454,0.125407893662802,0.131983227628367,0.121743880877123,0.137316759744097
"batch",0.5,"Raw","retained_features","higher","count",10,1000,0,1000,1000,1000,1000,1000
"batch",0.5,"Raw","retained_samples","higher","count",10,500,0,500,500,500,500,500
"batch",0.5,"Raw","runtime_sec","lower","seconds",10,0,0,0,0,0,0,0
"batch",0.5,"Raw","sign_concordance_responsive","higher","correlation_or_proportion",10,1,0,1,1,1,1,1
"batch",0.5,"Raw","true_positive_rate","higher","proportion",10,1,0,1,1,1,1,1
"batch",0.5,"WiNN fixed default (no QC)","batch_weighted_pc_r2_categorical","lower","weighted_R2",10,0.00166321580647825,0.000314515304679623,0.00157950485778696,0.00142250727963687,0.00188667328299597,0.0012923261085965,0.00222062018955485
"batch",0.5,"WiNN fixed default (no QC)","clean_feature_icc_a1_mean","higher","value",10,0.919484630262839,0.00320351770381823,0.918714586079173,0.917440708050417,0.921004857569231,0.914911124170166,0.925940842521156
"batch",0.5,"WiNN fixed default (no QC)","clean_feature_icc_a1_median","higher","value",10,0.939578758149542,0.00251237950429965,0.940314651838152,0.937762015040642,0.941516901182237,0.935795409353466,0.942328610144957
"batch",0.5,"WiNN fixed default (no QC)","clean_feature_profile_pearson_mean","higher","correlation_or_proportion",10,0.943075182795087,0.00197682257435795,0.943157197342191,0.941516677115071,0.943726858959395,0.941047112308453,0.947726548484068
"batch",0.5,"WiNN fixed default (no QC)","clean_feature_profile_pearson_median","higher","correlation_or_proportion",10,0.951258183319341,0.00220749268727389,0.951510238926524,0.950081080257319,0.953087666276756,0.947604336267497,0.953952362526746
"batch",0.5,"WiNN fixed default (no QC)","clean_log1p_rmse_study","lower","log1p_effect_or_ratio",10,0.0744416359440459,0.00179187388180191,0.0744599984080465,0.0734889192671351,0.0757418882639179,0.0711761695772044,0.0770827090605248
"batch",0.5,"WiNN fixed default (no QC)","clean_sample_profile_pearson_mean","higher","correlation_or_proportion",10,0.92109244120578,0.00350990129648262,0.920917341158331,0.918552194253427,0.922869160337658,0.916596507386772,0.927846670942291
"batch",0.5,"WiNN fixed default (no QC)","clean_sample_profile_pearson_median","higher","correlation_or_proportion",10,0.922063964822022,0.00336379368930413,0.921938356669978,0.919586388858836,0.923812851661547,0.917952313386077,0.928685068890597
"batch",0.5,"WiNN fixed default (no QC)","coefficient_pearson_vs_clean_all","higher","correlation_or_proportion",10,0.990556014866367,0.00137834294078297,0.990230128629595,0.989478948486566,0.991354647703921,0.989011319770906,0.992978450544265
"batch",0.5,"WiNN fixed default (no QC)","coefficient_pearson_vs_injected_all","higher","correlation_or_proportion",10,0.939583691972086,0.00385949952666795,0.939373868282219,0.937191919101837,0.939799773115199,0.934024245639889,0.947496583395367
"batch",0.5,"WiNN fixed default (no QC)","coefficient_pearson_vs_injected_responsive","higher","correlation_or_proportion",10,0.989714340320792,0.00184377218276536,0.989953985908403,0.988644476690236,0.991022921963948,0.986367433239142,0.992403820948149
"batch",0.5,"WiNN fixed default (no QC)","coefficient_spearman_vs_injected_all","higher","correlation_or_proportion",10,0.520332308015667,1.05830105358317e-05,0.520336689798318,0.520336689798318,0.520336689798318,0.520303826428436,0.520336689798318
"batch",0.5,"WiNN fixed default (no QC)","effect_rmse_vs_clean_all","lower","log1p_effect_or_ratio",10,0.00857366280898343,0.00067639728539361,0.0088096202860728,0.00804684157857799,0.00911970943592715,0.00744381330898206,0.00932057933162603
"batch",0.5,"WiNN fixed default (no QC)","effect_rmse_vs_clean_responsive","lower","log1p_effect_or_ratio",10,0.020111606068009,0.00258349324701215,0.0208263417475692,0.0178294286249387,0.0224421052940404,0.0162028179473113,0.0228669343835071
"batch",0.5,"WiNN fixed default (no QC)","effect_rmse_vs_injected_all","lower","log1p_effect_or_ratio",10,0.0623888021422449,0.000868381988148828,0.0626266358222842,0.0615226359162687,0.0629755126453882,0.0612029947907029,0.0636060440808851
"batch",0.5,"WiNN fixed default (no QC)","effect_rmse_vs_injected_responsive","lower","log1p_effect_or_ratio",10,0.189746297711553,0.00271104872961244,0.190566565495822,0.187417552045181,0.191548778552883,0.18590003235976,0.193737317611847
"batch",0.5,"WiNN fixed default (no QC)","empirical_fdr","lower","proportion",10,0.0382318295083412,0.0156186867772461,0.0337938760268858,0.029126213592233,0.0476190476190476,0.0196078431372549,0.0654205607476635
"batch",0.5,"WiNN fixed default (no QC)","heldout_qc_cv_mean","lower","percent",10,9.12105086250731,0.210299260902958,9.13385364387979,8.97235240224184,9.21526525401783,8.78283846134413,9.47113258588657
"batch",0.5,"WiNN fixed default (no QC)","heldout_qc_cv_median","lower","percent",10,8.31071755205473,0.22507819935516,8.33042094509038,8.24144631609841,8.4440162318092,7.91105038297394,8.64123237709378
"batch",0.5,"WiNN fixed default (no QC)","heldout_qc_cv_sd","lower","percent",10,6.382080007323,0.150395457273018,6.42929025263136,6.26163326921607,6.47165561917081,6.18635329336944,6.64364354978114
"batch",0.5,"WiNN fixed default (no QC)","median_attenuation_ratio_clean_responsive","higher","log1p_effect_or_ratio",10,0.953307742024396,0.00809614653593023,0.952582221592637,0.94830365476466,0.9589880911862,0.94096012722527,0.965801794324963
"batch",0.5,"WiNN fixed default (no QC)","median_attenuation_ratio_injected_responsive","higher","log1p_effect_or_ratio",10,0.46485774257692,0.0106270767801317,0.465044492668818,0.459000426256425,0.474769569370346,0.444195606050474,0.476390371918606
"batch",0.5,"WiNN fixed default (no QC)","n_discoveries_bh_0p05","descriptive","count",10,104,1.69967317119759,103.5,103,105,102,107
"batch",0.5,"WiNN fixed default (no QC)","null_feature_false_positive_rate","lower","proportion",10,0.00444444444444444,0.00188852574577511,0.00388888888888889,0.00333333333333333,0.00555555555555556,0.00222222222222222,0.00777777777777778
"batch",0.5,"WiNN fixed default (no QC)","phenotype_weighted_pc_r2_categorical","descriptive","weighted_R2",10,0.337041636848068,0.00742451552565375,0.336473535320669,0.332630973693671,0.340301128571543,0.326076797528059,0.350874938319898
"batch",0.5,"WiNN fixed default (no QC)","recovered_vs_injected_intercept","descriptive","log1p_effect_or_ratio",10,2.15186978754475e-05,0.000437078831987031,4.74963772909098e-07,-0.000219964231896447,0.000128045429040804,-0.000704393880800222,0.00095475147000985
"batch",0.5,"WiNN fixed default (no QC)","recovered_vs_injected_slope","descriptive","log1p_effect_or_ratio",10,0.462026431361013,0.0077869561118021,0.459611737163654,0.457529009113401,0.468429370190317,0.450243017932769,0.474148312752421
"batch",0.5,"WiNN fixed default (no QC)","residual_ljung_box_median_statistic","lower","value",10,10.443360778148,0.0816516692732687,10.4657255593792,10.3708408961674,10.4885943436947,10.3313996941999,10.5844746421153
"batch",0.5,"WiNN fixed default (no QC)","residual_ljung_box_profiles_significant","lower","count",10,35.9,9.97162641364654,37.5,27.75,44.5,22,48
"batch",0.5,"WiNN fixed default (no QC)","residual_ljung_box_profiles_tested","descriptive","count",10,5000,0,5000,5000,5000,5000,5000
"batch",0.5,"WiNN fixed default (no QC)","residual_ljung_box_proportion_significant","lower","proportion",10,0.00718,0.00199432528272931,0.0075,0.00555,0.0089,0.0044,0.0096
"batch",0.5,"WiNN fixed default (no QC)","residual_run_order_gam_mean_deviance","lower","value",10,0.0208516605087572,0.000560531352039542,0.0209679927462959,0.0203284301348414,0.0210993919003765,0.0201019987967697,0.0218135394800049
"batch",0.5,"WiNN fixed default (no QC)","retained_features","higher","count",10,1000,0,1000,1000,1000,1000,1000
"batch",0.5,"WiNN fixed default (no QC)","retained_samples","higher","count",10,500,0,500,500,500,500,500
"batch",0.5,"WiNN fixed default (no QC)","runtime_sec","lower","seconds",10,7.0307,0.140767775668534,6.9915,6.96575,7.13775,6.834,7.253
"batch",0.5,"WiNN fixed default (no QC)","sign_concordance_responsive","higher","correlation_or_proportion",10,1,0,1,1,1,1,1
"batch",0.5,"WiNN fixed default (no QC)","true_positive_rate","higher","proportion",10,1,0,1,1,1,1,1
"batch",0.75,"Raw","batch_weighted_pc_r2_categorical","lower","weighted_R2",10,0.962744276132201,0.00168189215378181,0.963060649676024,0.962596133187794,0.963723146004974,0.959782999317525,0.964943309081485
"batch",0.75,"Raw","clean_feature_icc_a1_mean","higher","value",10,0.588365363182624,0.0102310486457943,0.587682678505179,0.584462384450496,0.591571340571448,0.57576743257665,0.611857195959688
"batch",0.75,"Raw","clean_feature_icc_a1_median","higher","value",10,0.560880913215686,0.0147828863412371,0.556771556346304,0.548574846500172,0.570954780013244,0.546342569059078,0.591329758880083
"batch",0.75,"Raw","clean_feature_profile_pearson_mean","higher","correlation_or_proportion",10,0.652191243561251,0.00856945951725369,0.651595805446546,0.648557016979521,0.655393069439302,0.641196398043141,0.671660565151545
"batch",0.75,"Raw","clean_feature_profile_pearson_median","higher","correlation_or_proportion",10,0.630401745124572,0.0117931607315007,0.62549558365918,0.622002221604663,0.63686995799545,0.619921450297764,0.655727002191925
"batch",0.75,"Raw","clean_log1p_rmse_study","lower","log1p_effect_or_ratio",10,0.292840613395291,0.0105290893144955,0.290711886888343,0.285854913077087,0.29878302402428,0.277710657060488,0.312205461900947
"batch",0.75,"Raw","clean_sample_profile_pearson_mean","higher","correlation_or_proportion",10,0.523456186820235,0.013515165660091,0.525703394804226,0.516104157781323,0.531923315787519,0.498417078519351,0.542412062492416
"batch",0.75,"Raw","clean_sample_profile_pearson_median","higher","correlation_or_proportion",10,0.523929974951981,0.0132038548056667,0.525834019535266,0.515258746908291,0.533518667655681,0.500021815635048,0.543617589901728
"batch",0.75,"Raw","coefficient_pearson_vs_clean_all","higher","correlation_or_proportion",10,0.980722481529962,0.0058856263962107,0.982606309043988,0.97786867018213,0.985290034666113,0.970547816546691,0.987648357998119
"batch",0.75,"Raw","coefficient_pearson_vs_injected_all","higher","correlation_or_proportion",10,0.908909031006008,0.00806373231683686,0.908469518721557,0.904709374793974,0.912330821281718,0.895605185171505,0.922267380648394
"batch",0.75,"Raw","coefficient_pearson_vs_injected_responsive","higher","correlation_or_proportion",10,0.988517923859522,0.00156607660835356,0.988688597570967,0.987473341289888,0.989404306607007,0.986140477446832,0.990854475958951
"batch",0.75,"Raw","coefficient_spearman_vs_injected_all","higher","correlation_or_proportion",10,0.520331212570004,1.73205167360535e-05,0.520336689798318,0.520336689798318,0.520336689798318,0.520281917515181,0.520336689798318
"batch",0.75,"Raw","effect_rmse_vs_clean_all","lower","log1p_effect_or_ratio",10,0.011756265779081,0.00183982347212845,0.0110711460618757,0.0104105328091656,0.0129208826741867,0.00971550563231656,0.0148635635439242
"batch",0.75,"Raw","effect_rmse_vs_clean_responsive","lower","log1p_effect_or_ratio",10,0.0146072854627517,0.00155020726031716,0.0145839252840951,0.0139694130844424,0.0157015710758785,0.0122707751943966,0.0171361593204403
"batch",0.75,"Raw","effect_rmse_vs_injected_all","lower","log1p_effect_or_ratio",10,0.0610609551691159,0.00109073935913987,0.0615088032786705,0.0605652878605633,0.0618226298400183,0.058696136423926,0.0621668653592989
"batch",0.75,"Raw","effect_rmse_vs_injected_responsive","lower","log1p_effect_or_ratio",10,0.177747529049239,0.003383442713444,0.178419670285262,0.176148037654907,0.180279368023187,0.171290052861215,0.18152903995969
"batch",0.75,"Raw","empirical_fdr","lower","proportion",10,0.0381899639391316,0.0171917796230896,0.0384615384615385,0.0384615384615385,0.0476190476190476,0,0.0566037735849057
"batch",0.75,"Raw","heldout_qc_cv_mean","lower","percent",10,45.0597600994383,1.53042582846134,45.0352604685855,44.4957932030212,45.7658105795252,41.7869793310591,47.5743078003657
"batch",0.75,"Raw","heldout_qc_cv_median","lower","percent",10,43.1285374452415,1.15235773966691,43.0465100896214,42.8834385537773,43.7700221821417,40.8705214279567,45.1702966110176
"batch",0.75,"Raw","heldout_qc_cv_sd","lower","percent",10,31.1325078981167,1.32582917054224,31.0479118817121,30.0806759827216,32.0118674190209,29.2418695091346,33.4699193369408
"batch",0.75,"Raw","median_attenuation_ratio_clean_responsive","higher","log1p_effect_or_ratio",10,1.00122528805062,0.00301236797025949,1,1,1,0.999624193895303,1.00921257226275
"batch",0.75,"Raw","median_attenuation_ratio_injected_responsive","higher","log1p_effect_or_ratio",10,0.497462580906532,0.0110363728731096,0.493016324797408,0.48919779538134,0.504667986524575,0.48808270337999,0.517854433148534
"batch",0.75,"Raw","n_discoveries_bh_0p05","descriptive","count",10,104,1.82574185835055,104,104,105,100,106
"batch",0.75,"Raw","null_feature_false_positive_rate","lower","proportion",10,0.00444444444444444,0.00202860206483395,0.00444444444444444,0.00444444444444444,0.00555555555555556,0,0.00666666666666667
"batch",0.75,"Raw","phenotype_weighted_pc_r2_categorical","descriptive","weighted_R2",10,0.121904199695116,0.00412147689411852,0.122193670200617,0.118912100527799,0.123616428164297,0.11532176385527,0.128577727681924
"batch",0.75,"Raw","recovered_vs_injected_intercept","descriptive","log1p_effect_or_ratio",10,0.000188281404357453,0.00112592714108813,0.000384217245644486,-0.000500024844767329,0.000650600466864559,-0.00168527475859805,0.00195271211135514
"batch",0.75,"Raw","recovered_vs_injected_slope","descriptive","log1p_effect_or_ratio",10,0.497940152892696,0.00960797680724846,0.496288751257097,0.49013788765357,0.502459541668484,0.487780352813765,0.515739097810139
"batch",0.75,"Raw","residual_ljung_box_median_statistic","lower","value",10,11.5448160170601,0.148213829284799,11.5203876920896,11.4255887470094,11.6662526307624,11.3368298985708,11.7784296089811
"batch",0.75,"Raw","residual_ljung_box_profiles_significant","lower","count",10,1276.7,56.9542701550014,1256.5,1233.5,1325.25,1205,1374
"batch",0.75,"Raw","residual_ljung_box_profiles_tested","descriptive","count",10,5000,0,5000,5000,5000,5000,5000
"batch",0.75,"Raw","residual_ljung_box_proportion_significant","lower","proportion",10,0.25534,0.0113908540310003,0.2513,0.2467,0.26505,0.241,0.2748
"batch",0.75,"Raw","residual_run_order_gam_mean_deviance","lower","value",10,0.129234669980904,0.00472930945277282,0.129343724607773,0.125804244097769,0.132293931756767,0.122091292455229,0.137852244221233
"batch",0.75,"Raw","retained_features","higher","count",10,1000,0,1000,1000,1000,1000,1000
"batch",0.75,"Raw","retained_samples","higher","count",10,500,0,500,500,500,500,500
"batch",0.75,"Raw","runtime_sec","lower","seconds",10,0,0,0,0,0,0,0
"batch",0.75,"Raw","sign_concordance_responsive","higher","correlation_or_proportion",10,1,0,1,1,1,1,1
"batch",0.75,"Raw","true_positive_rate","higher","proportion",10,1,0,1,1,1,1,1
"batch",0.75,"WiNN fixed default (no QC)","batch_weighted_pc_r2_categorical","lower","weighted_R2",10,0.00279914801715641,0.000282490664839901,0.00275840429368617,0.002692018715142,0.00294863276595426,0.00233246099882345,0.00333431755605496
"batch",0.75,"WiNN fixed default (no QC)","clean_feature_icc_a1_mean","higher","value",10,0.917246623964331,0.00319714130339929,0.916450942171229,0.915152315396004,0.918720121105634,0.912807695306353,0.923706253935749
"batch",0.75,"WiNN fixed default (no QC)","clean_feature_icc_a1_median","higher","value",10,0.937070973160573,0.00264122342908832,0.937911728706131,0.93545027058121,0.939029103646705,0.932648184479873,0.939773032998832
"batch",0.75,"WiNN fixed default (no QC)","clean_feature_profile_pearson_mean","higher","correlation_or_proportion",10,0.941032721551996,0.00196643464001675,0.941105813377537,0.939446382056319,0.941662304601284,0.938987888438991,0.945655255123023
"batch",0.75,"WiNN fixed default (no QC)","clean_feature_profile_pearson_median","higher","correlation_or_proportion",10,0.94889368313562,0.00205665780516227,0.949551371277598,0.948749147423359,0.950271230875606,0.94509617463998,0.950740999574935
"batch",0.75,"WiNN fixed default (no QC)","clean_log1p_rmse_study","lower","log1p_effect_or_ratio",10,0.0754230723281303,0.00176945343796938,0.0754339829431201,0.0745094549249072,0.0767378694638278,0.0721941897269916,0.0780346985725394
"batch",0.75,"WiNN fixed default (no QC)","clean_sample_profile_pearson_mean","higher","correlation_or_proportion",10,0.918561500668053,0.0035197926461869,0.918473501479613,0.915900048233249,0.920268866689121,0.914072250101565,0.9253311079824
"batch",0.75,"WiNN fixed default (no QC)","clean_sample_profile_pearson_median","higher","correlation_or_proportion",10,0.919383812006085,0.00347054654972482,0.919358862948815,0.916972892048544,0.921047220104422,0.914853730036594,0.926191575884293
"batch",0.75,"WiNN fixed default (no QC)","coefficient_pearson_vs_clean_all","higher","correlation_or_proportion",10,0.987678453746762,0.00141161162753631,0.987519862899094,0.9864273592743,0.989026647583211,0.985944306108317,0.989631561912203
"batch",0.75,"WiNN fixed default (no QC)","coefficient_pearson_vs_injected_all","higher","correlation_or_proportion",10,0.915490626551101,0.00684989630401022,0.915587622331151,0.911344518118777,0.920589866862307,0.905684376303823,0.926078557433428
"batch",0.75,"WiNN fixed default (no QC)","coefficient_pearson_vs_injected_responsive","higher","correlation_or_proportion",10,0.985783061210016,0.00210319923343215,0.986146402031705,0.984476490424521,0.986931325863097,0.9822220317477,0.989570511255373
"batch",0.75,"WiNN fixed default (no QC)","coefficient_spearman_vs_injected_all","higher","correlation_or_proportion",10,0.520223858895056,0.000330335348479053,0.520336689798318,0.520320258113377,0.520336689798318,0.519285061962094,0.520336689798318
"batch",0.75,"WiNN fixed default (no QC)","effect_rmse_vs_clean_all","lower","log1p_effect_or_ratio",10,0.00978206330628536,0.000652363407102122,0.00986439460061593,0.00921225125340553,0.0102883176299433,0.00881420401557285,0.0107338005828411
"batch",0.75,"WiNN fixed default (no QC)","effect_rmse_vs_clean_responsive","lower","log1p_effect_or_ratio",10,0.0216596706275314,0.00267253252413853,0.0214959757456068,0.0196535191344798,0.0230073205113716,0.0175566712470408,0.0261422254993085
"batch",0.75,"WiNN fixed default (no QC)","effect_rmse_vs_injected_all","lower","log1p_effect_or_ratio",10,0.0637685969264355,0.00106207061996276,0.0641236944386247,0.0630628440285664,0.0644185541507823,0.0616875093415088,0.0652847061826419
"batch",0.75,"WiNN fixed default (no QC)","effect_rmse_vs_injected_responsive","lower","log1p_effect_or_ratio",10,0.190817787831878,0.0031025139899247,0.191567714092253,0.18909718979018,0.192853871749918,0.184092329661027,0.194971544246026
"batch",0.75,"WiNN fixed default (no QC)","empirical_fdr","lower","proportion",10,0.0488976696612034,0.0237845555931197,0.0476190476190476,0.0384615384615385,0.0632163639569741,0,0.0909090909090909
"batch",0.75,"WiNN fixed default (no QC)","heldout_qc_cv_mean","lower","percent",10,9.36185011154725,0.192988264901386,9.36625269770382,9.24947608457482,9.44567968592788,9.04772595452935,9.69191129459214
"batch",0.75,"WiNN fixed default (no QC)","heldout_qc_cv_median","lower","percent",10,8.55134542921802,0.258939211957715,8.50356068291557,8.45109856079467,8.70323450093341,8.12818210108048,8.94624546498512
"batch",0.75,"WiNN fixed default (no QC)","heldout_qc_cv_sd","lower","percent",10,6.53996287381147,0.153511265693454,6.55114227852117,6.40543868049412,6.62564405896641,6.32700238218237,6.7919927604894
"batch",0.75,"WiNN fixed default (no QC)","median_attenuation_ratio_clean_responsive","higher","log1p_effect_or_ratio",10,0.950273320669664,0.0102915938726406,0.947168921102111,0.94565895698386,0.956379209500355,0.934389858629147,0.969536576507271
"batch",0.75,"WiNN fixed default (no QC)","median_attenuation_ratio_injected_responsive","higher","log1p_effect_or_ratio",10,0.462600274484756,0.0155119937675609,0.459449108936633,0.456010262672325,0.465546785759527,0.439281173955073,0.494362362022017
"batch",0.75,"WiNN fixed default (no QC)","n_discoveries_bh_0p05","descriptive","count",10,105.2,2.61618891604648,105,104,106.75,100,110
"batch",0.75,"WiNN fixed default (no QC)","null_feature_false_positive_rate","lower","proportion",10,0.00577777777777778,0.00290687657338497,0.00555555555555556,0.00444444444444444,0.0075,0,0.0111111111111111
"batch",0.75,"WiNN fixed default (no QC)","phenotype_weighted_pc_r2_categorical","descriptive","weighted_R2",10,0.209856332200642,0.00539139449262951,0.208886393273378,0.206862752275965,0.212288323331047,0.201928738842217,0.221942228341488
"batch",0.75,"WiNN fixed default (no QC)","recovered_vs_injected_intercept","descriptive","log1p_effect_or_ratio",10,0.000115274151647387,0.000620887413052317,0.000129252854107789,-0.000111519517154094,0.000369780059254153,-0.000901702522013342,0.00120801287574638
"batch",0.75,"WiNN fixed default (no QC)","recovered_vs_injected_slope","descriptive","log1p_effect_or_ratio",10,0.460548545874299,0.00898508882356889,0.458902594917341,0.454358598623934,0.465200523176775,0.448868579270439,0.480617083627733
"batch",0.75,"WiNN fixed default (no QC)","residual_ljung_box_median_statistic","lower","value",10,10.4424856856407,0.0870411840198637,10.4721905959164,10.3660363647184,10.5090200476521,10.2942508413031,10.5512712669704
"batch",0.75,"WiNN fixed default (no QC)","residual_ljung_box_profiles_significant","lower","count",10,36.6,9.03327183250897,35.5,29.75,45,24,49
"batch",0.75,"WiNN fixed default (no QC)","residual_ljung_box_profiles_tested","descriptive","count",10,5000,0,5000,5000,5000,5000,5000
"batch",0.75,"WiNN fixed default (no QC)","residual_ljung_box_proportion_significant","lower","proportion",10,0.00732,0.00180665436650179,0.0071,0.00595,0.009,0.0048,0.0098
"batch",0.75,"WiNN fixed default (no QC)","residual_run_order_gam_mean_deviance","lower","value",10,0.0208298720618205,0.000588199805869814,0.020907228851225,0.0203202839345655,0.0212240134852828,0.0200297562926022,0.0218139809593014
"batch",0.75,"WiNN fixed default (no QC)","retained_features","higher","count",10,1000,0,1000,1000,1000,1000,1000
"batch",0.75,"WiNN fixed default (no QC)","retained_samples","higher","count",10,500,0,500,500,500,500,500
"batch",0.75,"WiNN fixed default (no QC)","runtime_sec","lower","seconds",10,7.3496,0.144400061557389,7.3595,7.25625,7.4485,7.069,7.548
"batch",0.75,"WiNN fixed default (no QC)","sign_concordance_responsive","higher","correlation_or_proportion",10,1,0,1,1,1,1,1
"batch",0.75,"WiNN fixed default (no QC)","true_positive_rate","higher","proportion",10,1,0,1,1,1,1,1
"batch",0.9,"Raw","batch_weighted_pc_r2_categorical","lower","weighted_R2",10,0.962972380795089,0.00167754262039353,0.963296426784319,0.962832132874986,0.963964982317275,0.960057439951498,0.965104378854081
"batch",0.9,"Raw","clean_feature_icc_a1_mean","higher","value",10,0.588264477438979,0.0101872031612244,0.58754537469683,0.584361231018167,0.591494456129602,0.575726961443365,0.611715779711898
"batch",0.9,"Raw","clean_feature_icc_a1_median","higher","value",10,0.561140900575367,0.0149080948120283,0.557514420432899,0.548550403700993,0.571233275627237,0.545887615403329,0.591466753175885
"batch",0.9,"Raw","clean_feature_profile_pearson_mean","higher","correlation_or_proportion",10,0.652120361868957,0.00848163833985627,0.651342805640742,0.648479010047979,0.655407180578412,0.64126636747016,0.671442749343912
"batch",0.9,"Raw","clean_feature_profile_pearson_median","higher","correlation_or_proportion",10,0.631351507591115,0.011197668022612,0.626257319458392,0.62389764953026,0.637861192335298,0.619999027877118,0.655438618170125
"batch",0.9,"Raw","clean_log1p_rmse_study","lower","log1p_effect_or_ratio",10,0.292836727054997,0.01053011109382,0.29073172868676,0.285877722784789,0.298747269186781,0.277684724302356,0.312233753774439
"batch",0.9,"Raw","clean_sample_profile_pearson_mean","higher","correlation_or_proportion",10,0.523463265161811,0.0134266637924341,0.525916844964152,0.515981671419132,0.531810971498337,0.498706595828642,0.542157892507009
"batch",0.9,"Raw","clean_sample_profile_pearson_median","higher","correlation_or_proportion",10,0.523834079570127,0.0132407119107644,0.525834253662701,0.515003852058775,0.533461272073701,0.500108365957055,0.543944141225772
"batch",0.9,"Raw","coefficient_pearson_vs_clean_all","higher","correlation_or_proportion",10,0.968229227931035,0.00766392591123976,0.970821554392344,0.964371054037182,0.973829379043851,0.950865200644734,0.975213014416456
"batch",0.9,"Raw","coefficient_pearson_vs_injected_all","higher","correlation_or_proportion",10,0.860301853208085,0.00831997137752518,0.858546655271425,0.858388775215021,0.866348677090992,0.842605405797184,0.871398707095111
"batch",0.9,"Raw","coefficient_pearson_vs_injected_responsive","higher","correlation_or_proportion",10,0.97724592530438,0.00356550578414558,0.976807536905179,0.974555682718721,0.979188808773987,0.972327663819209,0.982858967512256
"batch",0.9,"Raw","coefficient_spearman_vs_injected_all","higher","correlation_or_proportion",10,0.52010116898083,0.000239736085741728,0.52016141849228,0.520087475910046,0.52026548583024,0.519537014464522,0.520303826428436
"batch",0.9,"Raw","effect_rmse_vs_clean_all","lower","log1p_effect_or_ratio",10,0.0160260014468528,0.00205656114580286,0.0154547911982069,0.014383015126788,0.0170177038459338,0.0140028874535402,0.0205079027660691
"batch",0.9,"Raw","effect_rmse_vs_clean_responsive","lower","log1p_effect_or_ratio",10,0.0247155026304722,0.00170353360669113,0.0248064359235417,0.0242016448302464,0.0258145908830714,0.0213979947654263,0.0271798366059434
"batch",0.9,"Raw","effect_rmse_vs_injected_all","lower","log1p_effect_or_ratio",10,0.0643594045984261,0.000947017350943525,0.0645133910646503,0.0638162732813387,0.0650354338778679,0.0629172828186776,0.0656023406266032
"batch",0.9,"Raw","effect_rmse_vs_injected_responsive","lower","log1p_effect_or_ratio",10,0.179203919704925,0.00360804040982901,0.179411769262355,0.176341637691287,0.181227787337965,0.173742064512582,0.185602953592505
"batch",0.9,"Raw","empirical_fdr","lower","proportion",10,0.0481477661764003,0.0203113483533278,0.0487816485817628,0.0342964584920031,0.0622549019607843,0.0198019801980198,0.0754716981132075
"batch",0.9,"Raw","heldout_qc_cv_mean","lower","percent",10,45.0597600994383,1.53042582846134,45.0352604685855,44.4957932030212,45.7658105795252,41.7869793310591,47.5743078003657
"batch",0.9,"Raw","heldout_qc_cv_median","lower","percent",10,43.1285374452415,1.15235773966691,43.0465100896214,42.8834385537773,43.7700221821417,40.8705214279567,45.1702966110176
"batch",0.9,"Raw","heldout_qc_cv_sd","lower","percent",10,31.1325078981167,1.32582917054224,31.0479118817121,30.0806759827216,32.0118674190209,29.2418695091346,33.4699193369408
"batch",0.9,"Raw","median_attenuation_ratio_clean_responsive","higher","log1p_effect_or_ratio",10,0.998466946222655,0.00331593994535175,1,0.998351836765415,1,0.989460910798282,1
"batch",0.9,"Raw","median_attenuation_ratio_injected_responsive","higher","log1p_effect_or_ratio",10,0.49475529140822,0.0149786001422252,0.49735257703921,0.488806425508778,0.50510517732413,0.459477018022597,0.509715684936616
"batch",0.9,"Raw","n_discoveries_bh_0p05","descriptive","count",10,102.9,2.68535120814971,102.5,101.25,104.75,98,107
"batch",0.9,"Raw","null_feature_false_positive_rate","lower","proportion",10,0.00555555555555556,0.00245675910396696,0.00555555555555556,0.00388888888888889,0.00722222222222223,0.00222222222222222,0.00888888888888889
"batch",0.9,"Raw","phenotype_weighted_pc_r2_categorical","descriptive","weighted_R2",10,0.17284025769864,0.00590458132844162,0.172812553742904,0.168241546496074,0.175627472956409,0.164081955570496,0.181516412848449
"batch",0.9,"Raw","recovered_vs_injected_intercept","descriptive","log1p_effect_or_ratio",10,0.000198032773051593,0.0010207799488087,0.000176121695080988,-0.000526362424438343,0.000962386229467678,-0.00132018404705838,0.00172992344082373
"batch",0.9,"Raw","recovered_vs_injected_slope","descriptive","log1p_effect_or_ratio",10,0.499760074333446,0.0100522771021937,0.500578043167269,0.492558302301462,0.506960625159232,0.482033419063802,0.513295106717731
"batch",0.9,"Raw","residual_ljung_box_median_statistic","lower","value",10,11.5575664658336,0.140954017723592,11.5463531560458,11.4442205615955,11.6654243876664,11.3639566659161,11.7740302276007
"batch",0.9,"Raw","residual_ljung_box_profiles_significant","lower","count",10,1279.4,56.391882788611,1255,1239,1325,1218,1377
"batch",0.9,"Raw","residual_ljung_box_profiles_tested","descriptive","count",10,5000,0,5000,5000,5000,5000,5000
"batch",0.9,"Raw","residual_ljung_box_proportion_significant","lower","proportion",10,0.25588,0.0112783765577222,0.251,0.2478,0.265,0.2436,0.2754
"batch",0.9,"Raw","residual_run_order_gam_mean_deviance","lower","value",10,0.129536527523342,0.00480885347466633,0.129515988606508,0.126010926059934,0.13271006670273,0.122395311896213,0.138371605650978
"batch",0.9,"Raw","retained_features","higher","count",10,1000,0,1000,1000,1000,1000,1000
"batch",0.9,"Raw","retained_samples","higher","count",10,500,0,500,500,500,500,500
"batch",0.9,"Raw","runtime_sec","lower","seconds",10,0,0,0,0,0,0,0
"batch",0.9,"Raw","sign_concordance_responsive","higher","correlation_or_proportion",10,1,0,1,1,1,1,1
"batch",0.9,"Raw","true_positive_rate","higher","proportion",10,0.979,0.00994428926011754,0.98,0.9725,0.9875,0.96,0.99
"batch",0.9,"WiNN fixed default (no QC)","batch_weighted_pc_r2_categorical","lower","weighted_R2",10,0.00412787824166916,0.000431953915444793,0.00408550063603389,0.00390772829986757,0.0041908659634629,0.00346339713061914,0.00505255707746181
"batch",0.9,"WiNN fixed default (no QC)","clean_feature_icc_a1_mean","higher","value",10,0.915353427819937,0.00320280503025639,0.914570340023672,0.913267716717598,0.916743735936854,0.910908484005132,0.921843414924383
"batch",0.9,"WiNN fixed default (no QC)","clean_feature_icc_a1_median","higher","value",10,0.935159214058693,0.00241523644212403,0.935538048511086,0.933806582102931,0.937127245207928,0.930954481052037,0.937921041617963
"batch",0.9,"WiNN fixed default (no QC)","clean_feature_profile_pearson_mean","higher","correlation_or_proportion",10,0.93934419905748,0.0019692431617289,0.939451796491026,0.93773322121287,0.939890706661602,0.937317439784761,0.943965428253977
"batch",0.9,"WiNN fixed default (no QC)","clean_feature_profile_pearson_median","higher","correlation_or_proportion",10,0.947613580667892,0.00197189588773599,0.947949464642893,0.947189195737203,0.949017145345993,0.944142265706889,0.949795889468289
"batch",0.9,"WiNN fixed default (no QC)","clean_log1p_rmse_study","lower","log1p_effect_or_ratio",10,0.0762126110818202,0.00175944762653399,0.0761962604168503,0.0752932311200224,0.0775237476848941,0.0730108828141402,0.0788064275249371
"batch",0.9,"WiNN fixed default (no QC)","clean_sample_profile_pearson_mean","higher","correlation_or_proportion",10,0.916480241638973,0.00352393747537178,0.91644128076572,0.913849173397128,0.918192059174475,0.911967516227201,0.923266102536839
"batch",0.9,"WiNN fixed default (no QC)","clean_sample_profile_pearson_median","higher","correlation_or_proportion",10,0.917164589320903,0.00336295111456732,0.917140168422079,0.914927323413147,0.918827721198309,0.912741402929198,0.923676080807226
"batch",0.9,"WiNN fixed default (no QC)","coefficient_pearson_vs_clean_all","higher","correlation_or_proportion",10,0.981142617051824,0.00160550378807533,0.980405956840891,0.979972011876105,0.982458106456609,0.979381951320872,0.98359029319883
"batch",0.9,"WiNN fixed default (no QC)","coefficient_pearson_vs_injected_all","higher","correlation_or_proportion",10,0.870933006819681,0.00667720395853198,0.870732104012537,0.864994409409148,0.87413431121922,0.863451748588751,0.884976784877713
"batch",0.9,"WiNN fixed default (no QC)","coefficient_pearson_vs_injected_responsive","higher","correlation_or_proportion",10,0.976024896619141,0.0040463828228268,0.975508568230538,0.972586050613361,0.979590120428346,0.970581852080019,0.982239298479705
"batch",0.9,"WiNN fixed default (no QC)","coefficient_spearman_vs_injected_all","higher","correlation_or_proportion",10,0.519996006197208,0.000689588627757405,0.520249054145299,0.520043658083537,0.520290133357651,0.51806911727646,0.52032573534169
"batch",0.9,"WiNN fixed default (no QC)","effect_rmse_vs_clean_all","lower","log1p_effect_or_ratio",10,0.0122798695550848,0.000611619279491826,0.0123880406421737,0.0117757545456411,0.0128149534226426,0.011351669739732,0.0129404424917278
"batch",0.9,"WiNN fixed default (no QC)","effect_rmse_vs_clean_responsive","lower","log1p_effect_or_ratio",10,0.0266085176152627,0.00274875944234287,0.0268347228477326,0.0247827304877667,0.0286464821094968,0.0222937651885722,0.0303511654097978
"batch",0.9,"WiNN fixed default (no QC)","effect_rmse_vs_injected_all","lower","log1p_effect_or_ratio",10,0.0662590382467609,0.00116398577730227,0.0665485443230205,0.0655207854705913,0.0671390326214066,0.0643058704094626,0.0677131049837357
"batch",0.9,"WiNN fixed default (no QC)","effect_rmse_vs_injected_responsive","lower","log1p_effect_or_ratio",10,0.192187811590058,0.00415769949270142,0.192558261883195,0.189185406603208,0.195754038775385,0.186433527888975,0.197550642864506
"batch",0.9,"WiNN fixed default (no QC)","empirical_fdr","lower","proportion",10,0.0422958011728673,0.01473465327494,0.0388349514563107,0.0385548917102315,0.0570080862533692,0.0196078431372549,0.0576923076923077
"batch",0.9,"WiNN fixed default (no QC)","heldout_qc_cv_mean","lower","percent",10,9.52800096999974,0.197739517810297,9.51595356510343,9.41788357506663,9.64174137919302,9.22647978477229,9.87727580901866
"batch",0.9,"WiNN fixed default (no QC)","heldout_qc_cv_median","lower","percent",10,8.60967959304183,0.278508652237607,8.52395334379099,8.46551408545406,8.79872912195505,8.1709980578518,9.04303112517278
"batch",0.9,"WiNN fixed default (no QC)","heldout_qc_cv_sd","lower","percent",10,6.69911829089459,0.155471720160056,6.7117449669166,6.55608915371726,6.76448810995689,6.52435607511841,6.95316140207634
"batch",0.9,"WiNN fixed default (no QC)","median_attenuation_ratio_clean_responsive","higher","log1p_effect_or_ratio",10,0.948024213475611,0.0149339919714879,0.95097177750464,0.938969532104602,0.955753222991296,0.917986831243354,0.968257434900311
"batch",0.9,"WiNN fixed default (no QC)","median_attenuation_ratio_injected_responsive","higher","log1p_effect_or_ratio",10,0.461669317479436,0.0140830947332342,0.465795851685855,0.448966755768237,0.472200540095124,0.442380224533801,0.481070097627105
"batch",0.9,"WiNN fixed default (no QC)","n_discoveries_bh_0p05","descriptive","count",10,103.6,1.50554530541816,103.5,103,104.75,101,106
"batch",0.9,"WiNN fixed default (no QC)","null_feature_false_positive_rate","lower","proportion",10,0.00488888888888889,0.00175291252832581,0.00444444444444444,0.00444444444444444,0.00666666666666667,0.00222222222222222,0.00666666666666667
"batch",0.9,"WiNN fixed default (no QC)","phenotype_weighted_pc_r2_categorical","descriptive","weighted_R2",10,0.116401601167038,0.00412253883940677,0.11749358129774,0.11285916366008,0.118175810058419,0.111116767486514,0.124493019230087
"batch",0.9,"WiNN fixed default (no QC)","recovered_vs_injected_intercept","descriptive","log1p_effect_or_ratio",10,0.000118131694828186,0.000747499583274905,-0.000164456897260288,-0.000332948520094086,0.000540863129009303,-0.000672431709545512,0.00157580397479474
"batch",0.9,"WiNN fixed default (no QC)","recovered_vs_injected_slope","descriptive","log1p_effect_or_ratio",10,0.460701818334594,0.0110986101243631,0.459518399538349,0.451106893135826,0.468596928889174,0.44655910590813,0.476341951379312
"batch",0.9,"WiNN fixed default (no QC)","residual_ljung_box_median_statistic","lower","value",10,10.4455132880274,0.075087295193996,10.4748727374427,10.3897584445261,10.494692843311,10.3051056445714,10.5307283830148
"batch",0.9,"WiNN fixed default (no QC)","residual_ljung_box_profiles_significant","lower","count",10,35.9,8.92499610955409,36.5,28,43,24,48
"batch",0.9,"WiNN fixed default (no QC)","residual_ljung_box_profiles_tested","descriptive","count",10,5000,0,5000,5000,5000,5000,5000
"batch",0.9,"WiNN fixed default (no QC)","residual_ljung_box_proportion_significant","lower","proportion",10,0.00718,0.00178499922191082,0.0073,0.0056,0.0086,0.0048,0.0096
"batch",0.9,"WiNN fixed default (no QC)","residual_run_order_gam_mean_deviance","lower","value",10,0.0208196840622227,0.00058333304580436,0.0209155156231751,0.0202974516363871,0.0211686621119848,0.0199738754805301,0.0217428277801582
"batch",0.9,"WiNN fixed default (no QC)","retained_features","higher","count",10,1000,0,1000,1000,1000,1000,1000
"batch",0.9,"WiNN fixed default (no QC)","retained_samples","higher","count",10,500,0,500,500,500,500,500
"batch",0.9,"WiNN fixed default (no QC)","runtime_sec","lower","seconds",10,7.9286,1.25590146464159,7.711,7.553,7.7625,6.853,11.33
"batch",0.9,"WiNN fixed default (no QC)","sign_concordance_responsive","higher","correlation_or_proportion",10,1,0,1,1,1,1,1
"batch",0.9,"WiNN fixed default (no QC)","true_positive_rate","higher","proportion",10,0.992,0.00632455532033676,0.99,0.99,0.9975,0.98,1
"batch",1,"Raw","batch_weighted_pc_r2_categorical","lower","weighted_R2",10,0.963196640818854,0.00169674843589828,0.963504549195157,0.962982249742627,0.964249606767862,0.960293912533272,0.965426332086705
"batch",1,"Raw","clean_feature_icc_a1_mean","higher","value",10,0.588179789041092,0.0101679240702707,0.587457812743974,0.584282974636604,0.591453703755224,0.575659999899363,0.611609962695601
"batch",1,"Raw","clean_feature_icc_a1_median","higher","value",10,0.561175006963423,0.0148811932938216,0.556745091142571,0.549285139627772,0.570857260186643,0.547182436632364,0.592885490352236
"batch",1,"Raw","clean_feature_profile_pearson_mean","higher","correlation_or_proportion",10,0.652049183349147,0.00844114995441763,0.651165502895122,0.648417522060128,0.655413354720251,0.641250151121365,0.67129886515079
"batch",1,"Raw","clean_feature_profile_pearson_median","higher","correlation_or_proportion",10,0.631729303246132,0.0110270000409924,0.627073334208456,0.624612718983882,0.638361112552531,0.620433757944564,0.654769523262759
"batch",1,"Raw","clean_log1p_rmse_study","lower","log1p_effect_or_ratio",10,0.292834018390797,0.0105307897046309,0.290740967466601,0.285892151000365,0.298726836258755,0.277665836248897,0.312250870218199
"batch",1,"Raw","clean_sample_profile_pearson_mean","higher","correlation_or_proportion",10,0.523436709243727,0.0134107787590036,0.525814188933377,0.515836009809493,0.531840397815386,0.498795846306547,0.542016422844885
"batch",1,"Raw","clean_sample_profile_pearson_median","higher","correlation_or_proportion",10,0.52379609467934,0.0132936451332152,0.525821004370308,0.514618207745267,0.533473269667577,0.500125966652503,0.543962694496537
"batch",1,"Raw","coefficient_pearson_vs_clean_all","higher","correlation_or_proportion",10,0.94983666553914,0.0140082328288294,0.950904329361357,0.947023574383308,0.959783422699041,0.916099605748527,0.964587810526121
"batch",1,"Raw","coefficient_pearson_vs_injected_all","higher","correlation_or_proportion",10,0.78574927608657,0.0138547371421181,0.785666699249041,0.781195468669367,0.792423905441252,0.755837479491101,0.804630478737793
"batch",1,"Raw","coefficient_pearson_vs_injected_responsive","higher","correlation_or_proportion",10,0.949269745450934,0.00727974493269116,0.9484910712826,0.945615628391555,0.953297524506959,0.938949400259428,0.962226029123586
"batch",1,"Raw","coefficient_spearman_vs_injected_all","higher","correlation_or_proportion",10,0.514556023036074,0.00263019040842451,0.514936142681043,0.512953386031495,0.515524944724762,0.509962819372233,0.518408705431907
"batch",1,"Raw","effect_rmse_vs_clean_all","lower","log1p_effect_or_ratio",10,0.0217323379626667,0.00308919943163305,0.020975894371386,0.0197609243784604,0.0233839224043453,0.0178536605192443,0.0286354999352672
"batch",1,"Raw","effect_rmse_vs_clean_responsive","lower","log1p_effect_or_ratio",10,0.043873180486929,0.00253082341053562,0.0441823853345281,0.0424330520860069,0.0457312006629146,0.0391211169230426,0.0469045365406198
"batch",1,"Raw","effect_rmse_vs_injected_all","lower","log1p_effect_or_ratio",10,0.070593282338661,0.0016187928029702,0.0706941392073865,0.0692826796902396,0.0713924502393941,0.0681808839927484,0.0734964059420861
"batch",1,"Raw","effect_rmse_vs_injected_responsive","lower","log1p_effect_or_ratio",10,0.185825427515064,0.00581846790475173,0.186124574606432,0.181469315088726,0.190372192314364,0.177536127411527,0.193821902687789
"batch",1,"Raw","empirical_fdr","lower","proportion",10,0.0776419898832042,0.0419347970111917,0.068586928442263,0.0503491237677985,0.100724160631995,0.0135135135135135,0.15625
"batch",1,"Raw","heldout_qc_cv_mean","lower","percent",10,45.0597600994383,1.53042582846134,45.0352604685855,44.4957932030212,45.7658105795252,41.7869793310591,47.5743078003657
"batch",1,"Raw","heldout_qc_cv_median","lower","percent",10,43.1285374452415,1.15235773966691,43.0465100896214,42.8834385537773,43.7700221821417,40.8705214279567,45.1702966110176
"batch",1,"Raw","heldout_qc_cv_sd","lower","percent",10,31.1325078981167,1.32582917054224,31.0479118817121,30.0806759827216,32.0118674190209,29.2418695091346,33.4699193369408
"batch",1,"Raw","median_attenuation_ratio_clean_responsive","higher","log1p_effect_or_ratio",10,0.997063993103449,0.00764628102221641,1,0.995163359475899,1,0.978515944682368,1.00797435551299
"batch",1,"Raw","median_attenuation_ratio_injected_responsive","higher","log1p_effect_or_ratio",10,0.486367002026156,0.0256984478614482,0.482271541329375,0.476830132950723,0.502394519211977,0.447387918316781,0.525455199167458
"batch",1,"Raw","n_discoveries_bh_0p05","descriptive","count",10,89.8,8.71524845059253,91.5,84.25,97.5,74,99
"batch",1,"Raw","null_feature_false_positive_rate","lower","proportion",10,0.008,0.00470822180209503,0.00666666666666667,0.00472222222222222,0.0108333333333333,0.00111111111111111,0.0166666666666667
"batch",1,"Raw","phenotype_weighted_pc_r2_categorical","descriptive","weighted_R2",10,0.205006348814257,0.00646646221947377,0.205542461489693,0.199731838944192,0.208335580482031,0.195306048781313,0.214117459943557
"batch",1,"Raw","recovered_vs_injected_intercept","descriptive","log1p_effect_or_ratio",10,8.38816061742008e-05,0.00101908006650428,-4.91314595720747e-05,-0.000465780135695872,0.000919583235431631,-0.00165161860777999,0.00151336784168664
"batch",1,"Raw","recovered_vs_injected_slope","descriptive","log1p_effect_or_ratio",10,0.495562844195581,0.0167875622023851,0.494201661446485,0.480989690706087,0.506999138233947,0.473351281546752,0.523213962506509
"batch",1,"Raw","residual_ljung_box_median_statistic","lower","value",10,11.5545427214944,0.151874677527581,11.5420861439416,11.4233024891957,11.6770353773792,11.3566524186614,11.8142021991073
"batch",1,"Raw","residual_ljung_box_profiles_significant","lower","count",10,1279.7,55.6857252803625,1258,1239.5,1323.75,1215,1376
"batch",1,"Raw","residual_ljung_box_profiles_tested","descriptive","count",10,5000,0,5000,5000,5000,5000,5000
"batch",1,"Raw","residual_ljung_box_proportion_significant","lower","proportion",10,0.25594,0.0111371450560725,0.2516,0.2479,0.26475,0.243,0.2752
"batch",1,"Raw","residual_run_order_gam_mean_deviance","lower","value",10,0.129724420374959,0.00482985862465458,0.129768401792182,0.126160049659256,0.132987790139989,0.122422250255079,0.138474558806303
"batch",1,"Raw","retained_features","higher","count",10,1000,0,1000,1000,1000,1000,1000
"batch",1,"Raw","retained_samples","higher","count",10,500,0,500,500,500,500,500
"batch",1,"Raw","runtime_sec","lower","seconds",10,0,0,0,0,0,0,0
"batch",1,"Raw","sign_concordance_responsive","higher","correlation_or_proportion",10,1,0,1,1,1,1,1
"batch",1,"Raw","true_positive_rate","higher","proportion",10,0.826,0.0623965811029205,0.835,0.795,0.8675,0.73,0.92
"batch",1,"WiNN fixed default (no QC)","batch_weighted_pc_r2_categorical","lower","weighted_R2",10,0.0047671783571483,0.000546740567579181,0.00463734374319547,0.0044131395353323,0.00524637560596982,0.00400555162686916,0.00564810071513586
"batch",1,"WiNN fixed default (no QC)","clean_feature_icc_a1_mean","higher","value",10,0.91403687260236,0.00320419055413216,0.913199844605362,0.911989285067802,0.915400739703676,0.909603255901161,0.920550727898732
"batch",1,"WiNN fixed default (no QC)","clean_feature_icc_a1_median","higher","value",10,0.934223036388787,0.00243495654577493,0.934974563175183,0.93291790253966,0.935862363022731,0.929332930943195,0.937014237824669
"batch",1,"WiNN fixed default (no QC)","clean_feature_profile_pearson_mean","higher","correlation_or_proportion",10,0.938188317620155,0.00196172914988386,0.938250726773463,0.936582706166862,0.938731950538235,0.936185859974443,0.942804443346305
"batch",1,"WiNN fixed default (no QC)","clean_feature_profile_pearson_median","higher","correlation_or_proportion",10,0.94721179977807,0.00205554445618005,0.947564714346878,0.946466711070393,0.948481589621118,0.943566856826336,0.949759478361209
"batch",1,"WiNN fixed default (no QC)","clean_log1p_rmse_study","lower","log1p_effect_or_ratio",10,0.0767430179156432,0.00175177030484755,0.0767210553381308,0.0758296553117058,0.078083496787546,0.0735590395167414,0.0793261459117252
"batch",1,"WiNN fixed default (no QC)","clean_sample_profile_pearson_mean","higher","correlation_or_proportion",10,0.91506135701935,0.00354377605365255,0.91505255082059,0.912310161349079,0.916755159639165,0.910565201351813,0.921881402351969
"batch",1,"WiNN fixed default (no QC)","clean_sample_profile_pearson_median","higher","correlation_or_proportion",10,0.915571633790187,0.00342407110125326,0.915771121868414,0.913026926620085,0.917344598273726,0.911287872903829,0.922241586383125
"batch",1,"WiNN fixed default (no QC)","coefficient_pearson_vs_clean_all","higher","correlation_or_proportion",10,0.967297020551779,0.00309813821966745,0.966181374934105,0.965017823150688,0.970174176859082,0.964206996663068,0.97179080127993
"batch",1,"WiNN fixed default (no QC)","coefficient_pearson_vs_injected_all","higher","correlation_or_proportion",10,0.80169508303277,0.00812202464027468,0.805220637310037,0.793251455801175,0.808006823478281,0.790482057893554,0.810799983890438
"batch",1,"WiNN fixed default (no QC)","coefficient_pearson_vs_injected_responsive","higher","correlation_or_proportion",10,0.953037357969757,0.00684317916644119,0.953462602374048,0.946374040211361,0.958914467242377,0.944818925928181,0.963422940567238
"batch",1,"WiNN fixed default (no QC)","coefficient_spearman_vs_injected_all","higher","correlation_or_proportion",10,0.514579027394992,0.00288212658292229,0.515248344694921,0.514100865363209,0.516083622012756,0.507366613151555,0.517291350855919
"batch",1,"WiNN fixed default (no QC)","effect_rmse_vs_clean_all","lower","log1p_effect_or_ratio",10,0.0168914985426849,0.000844092897747549,0.0170193422528562,0.0161389230939077,0.0175217282937135,0.0156118560480035,0.0181144779465031
"batch",1,"WiNN fixed default (no QC)","effect_rmse_vs_clean_responsive","lower","log1p_effect_or_ratio",10,0.0393107615429628,0.00350197492552366,0.0396424780479696,0.0373797726832934,0.0418661857504442,0.033886784533757,0.0445643678020007
"batch",1,"WiNN fixed default (no QC)","effect_rmse_vs_injected_all","lower","log1p_effect_or_ratio",10,0.0709016380856786,0.00121242809201412,0.0705416356548006,0.0699886148118759,0.0719341249644823,0.0694794594129799,0.0728181652905505
"batch",1,"WiNN fixed default (no QC)","effect_rmse_vs_injected_responsive","lower","log1p_effect_or_ratio",10,0.196532489423646,0.00521691071981794,0.196350307314562,0.192393867061427,0.200770288605236,0.190198693465753,0.204435572117997
"batch",1,"WiNN fixed default (no QC)","empirical_fdr","lower","proportion",10,0.0612624476616483,0.0270157217665898,0.0638370118845501,0.0468559218559219,0.08,0.010752688172043,0.102040816326531
"batch",1,"WiNN fixed default (no QC)","heldout_qc_cv_mean","lower","percent",10,9.6259570514822,0.194019323798009,9.60962254812448,9.50950317563269,9.73852258128435,9.34748103966073,9.97083511400668
"batch",1,"WiNN fixed default (no QC)","heldout_qc_cv_median","lower","percent",10,8.63500935462011,0.288472655304097,8.54113760623014,8.49534788018139,8.84579744074934,8.1709980578518,9.04378449949591
"batch",1,"WiNN fixed default (no QC)","heldout_qc_cv_sd","lower","percent",10,6.80717808019805,0.158663884064028,6.80168865274165,6.67497206419505,6.87678309542241,6.63722663588185,7.08788440164677
"batch",1,"WiNN fixed default (no QC)","median_attenuation_ratio_clean_responsive","higher","log1p_effect_or_ratio",10,0.957162589404127,0.0207321210747301,0.959216229784812,0.95029977726413,0.972944663309314,0.923324750125243,0.983645178285932
"batch",1,"WiNN fixed default (no QC)","median_attenuation_ratio_injected_responsive","higher","log1p_effect_or_ratio",10,0.453829092923662,0.0186888873771905,0.45957009238181,0.440730914333851,0.468551792102307,0.422104492778905,0.474180426358018
"batch",1,"WiNN fixed default (no QC)","n_discoveries_bh_0p05","descriptive","count",10,94.2,4.51663591625449,94,91.5,97.5,86,100
"batch",1,"WiNN fixed default (no QC)","null_feature_false_positive_rate","lower","proportion",10,0.00644444444444444,0.0029536891907225,0.00666666666666667,0.00472222222222222,0.00861111111111111,0.00111111111111111,0.0111111111111111
"batch",1,"WiNN fixed default (no QC)","phenotype_weighted_pc_r2_categorical","descriptive","weighted_R2",10,0.0615307754957901,0.00434534855536141,0.0621343126506149,0.0580216129524555,0.0639993556761151,0.0550414912818565,0.0690064295039832
"batch",1,"WiNN fixed default (no QC)","recovered_vs_injected_intercept","descriptive","log1p_effect_or_ratio",10,0.000140671616728602,0.000694642510911424,-1.95487365517197e-05,-0.000211598861790107,0.000753188821095333,-0.00109111652224079,0.00110524621757171
"batch",1,"WiNN fixed default (no QC)","recovered_vs_injected_slope","descriptive","log1p_effect_or_ratio",10,0.458020303369381,0.0142841925541818,0.45921485823921,0.447330210112624,0.468874172139234,0.435112215956346,0.476401696891726
"batch",1,"WiNN fixed default (no QC)","residual_ljung_box_median_statistic","lower","value",10,10.4509202933491,0.0833651131948248,10.4743745019514,10.3914714509812,10.52316403038,10.3167578043816,10.5440321484057
"batch",1,"WiNN fixed default (no QC)","residual_ljung_box_profiles_significant","lower","count",10,35.6,8.50098033562404,37,27.75,42.25,25,49
"batch",1,"WiNN fixed default (no QC)","residual_ljung_box_profiles_tested","descriptive","count",10,5000,0,5000,5000,5000,5000,5000
"batch",1,"WiNN fixed default (no QC)","residual_ljung_box_proportion_significant","lower","proportion",10,0.00712,0.00170019606712481,0.0074,0.00555,0.00845,0.005,0.0098
"batch",1,"WiNN fixed default (no QC)","residual_run_order_gam_mean_deviance","lower","value",10,0.0207673528605081,0.00060383881818913,0.0208224709675627,0.0202780860741284,0.0211133800341804,0.0199317191281598,0.0217735734791109
"batch",1,"WiNN fixed default (no QC)","retained_features","higher","count",10,1000,0,1000,1000,1000,1000,1000
"batch",1,"WiNN fixed default (no QC)","retained_samples","higher","count",10,500,0,500,500,500,500,500
"batch",1,"WiNN fixed default (no QC)","runtime_sec","lower","seconds",10,7.0405,0.16768969358113,6.9985,6.9375,7.08675,6.828,7.426
"batch",1,"WiNN fixed default (no QC)","sign_concordance_responsive","higher","correlation_or_proportion",10,1,0,1,1,1,1,1
"batch",1,"WiNN fixed default (no QC)","true_positive_rate","higher","proportion",10,0.884,0.0427395211328656,0.885,0.87,0.92,0.79,0.93
"joint",0.25,"Raw","batch_weighted_pc_r2_categorical","lower","weighted_R2",10,0.960319357132206,0.0023214776528274,0.960672345651154,0.959430499348306,0.962058915832532,0.955406012024368,0.962686760003397
"joint",0.25,"Raw","clean_feature_icc_a1_mean","higher","value",10,0.588602270747508,0.0104028843661901,0.588060045489149,0.584714150668876,0.59153548864882,0.575666898377239,0.612406189848243
"joint",0.25,"Raw","clean_feature_icc_a1_median","higher","value",10,0.560149353733456,0.0148866781170451,0.556852622146834,0.54749148407999,0.570418270869663,0.544614485718036,0.589668951871372
"joint",0.25,"Raw","clean_feature_profile_pearson_mean","higher","correlation_or_proportion",10,0.652384470078127,0.0089229793467179,0.652245301720807,0.648752606666148,0.655209978800627,0.640905879197121,0.67254925328405
"joint",0.25,"Raw","clean_feature_profile_pearson_median","higher","correlation_or_proportion",10,0.628364953459203,0.01263259399009,0.62365849971293,0.620192725778809,0.635695812035049,0.615349356130429,0.655438618170125
"joint",0.25,"Raw","clean_log1p_rmse_study","lower","log1p_effect_or_ratio",10,0.292855510432829,0.0105213793620417,0.290644715930273,0.28577621333024,0.298890163368667,0.277837423038329,0.312126709590422
"joint",0.25,"Raw","clean_sample_profile_pearson_mean","higher","correlation_or_proportion",10,0.523561184581035,0.0137386258126777,0.525443093901205,0.516701864767401,0.532267723918132,0.497680489060341,0.543437928102285
"joint",0.25,"Raw","clean_sample_profile_pearson_median","higher","correlation_or_proportion",10,0.523975768748145,0.0131794789233656,0.525565326487401,0.515666513351652,0.532762053888814,0.499359571743991,0.544632905815117
"joint",0.25,"Raw","coefficient_pearson_vs_clean_all","higher","correlation_or_proportion",10,0.979174159049076,0.00479422052687798,0.980027449196903,0.976393806830265,0.983127093582331,0.97133564935572,0.984354276617682
"joint",0.25,"Raw","coefficient_pearson_vs_injected_all","higher","correlation_or_proportion",10,0.930134371237355,0.00546095324762328,0.930269385587396,0.925188495327548,0.934638533673755,0.922721137818341,0.936950078648738
"joint",0.25,"Raw","coefficient_pearson_vs_injected_responsive","higher","correlation_or_proportion",10,0.992527145702377,0.00103310347790878,0.992612193539244,0.99178369358451,0.993383177227216,0.990905333870596,0.993968113904816
"joint",0.25,"Raw","coefficient_spearman_vs_injected_all","higher","correlation_or_proportion",10,0.520336689798318,0,0.520336689798318,0.520336689798318,0.520336689798318,0.520336689798318,0.520336689798318
"joint",0.25,"Raw","effect_rmse_vs_clean_all","lower","log1p_effect_or_ratio",10,0.012035432800694,0.00144253563384576,0.0117961273706327,0.0108452086103785,0.012847497453975,0.010464121426445,0.0144328036564649
"joint",0.25,"Raw","effect_rmse_vs_clean_responsive","lower","log1p_effect_or_ratio",10,0.012027613752508,0.0022105430000644,0.0120338201279429,0.0102758965243321,0.0138961309265106,0.00873015759635207,0.0153404320995245
"joint",0.25,"Raw","effect_rmse_vs_injected_all","lower","log1p_effect_or_ratio",10,0.0594805480649489,0.000570230872382096,0.0593605655564405,0.0590883891625394,0.0599401420596323,0.0587732860189394,0.0603229814148607
"joint",0.25,"Raw","effect_rmse_vs_injected_responsive","lower","log1p_effect_or_ratio",10,0.176232177609527,0.00153676890225017,0.175950294657821,0.175387177844109,0.176562381193753,0.174448591367552,0.179345457934765
"joint",0.25,"Raw","empirical_fdr","lower","proportion",10,0.0769685761149604,0.037585692521548,0.0781648258283772,0.0429970972423803,0.113068900126422,0.029126213592233,0.12280701754386
"joint",0.25,"Raw","heldout_qc_cv_mean","lower","percent",10,45.0597600994383,1.53042582846134,45.0352604685855,44.4957932030212,45.7658105795252,41.7869793310591,47.5743078003657
"joint",0.25,"Raw","heldout_qc_cv_median","lower","percent",10,43.1285374452415,1.15235773966691,43.0465100896214,42.8834385537773,43.7700221821417,40.8705214279567,45.1702966110176
"joint",0.25,"Raw","heldout_qc_cv_sd","lower","percent",10,31.1325078981167,1.32582917054224,31.0479118817121,30.0806759827216,32.0118674190209,29.2418695091346,33.4699193369408
"joint",0.25,"Raw","median_attenuation_ratio_clean_responsive","higher","log1p_effect_or_ratio",10,0.999526282550255,0.00255757098843555,1,0.999122465292503,1,0.994117185803497,1.00448804754033
"joint",0.25,"Raw","median_attenuation_ratio_injected_responsive","higher","log1p_effect_or_ratio",10,0.503279103263072,0.00940446391863743,0.501472232748976,0.499737604363378,0.508958788147453,0.486088688503014,0.517467457802733
"joint",0.25,"Raw","n_discoveries_bh_0p05","descriptive","count",10,108.5,4.40328160454097,108.5,104.5,112.75,103,114
"joint",0.25,"Raw","null_feature_false_positive_rate","lower","proportion",10,0.00944444444444444,0.00489253511615663,0.00944444444444444,0.005,0.0141666666666666,0.00333333333333333,0.0155555555555556
"joint",0.25,"Raw","phenotype_weighted_pc_r2_categorical","descriptive","weighted_R2",10,0.0264913155442459,0.00495585030660294,0.028346293373858,0.0240109402804558,0.0295342370286394,0.0154020744979505,0.0326728996605168
"joint",0.25,"Raw","recovered_vs_injected_intercept","descriptive","log1p_effect_or_ratio",10,-5.77087963515735e-05,0.000964812110102889,-1.86434616023664e-05,-0.000760137098120344,0.000487037126256365,-0.00148449103965968,0.00158291165402831
"joint",0.25,"Raw","recovered_vs_injected_slope","descriptive","log1p_effect_or_ratio",10,0.500276327892681,0.00423702666054478,0.500755024234157,0.49919111101961,0.502356544277352,0.491982817675168,0.505969579523874
"joint",0.25,"Raw","residual_ljung_box_median_statistic","lower","value",10,11.5877624804707,0.150028799890588,11.5675010251633,11.4595821332701,11.7209973021329,11.3907999874646,11.8072091024563
"joint",0.25,"Raw","residual_ljung_box_profiles_significant","lower","count",10,1282.4,57.4208634170156,1264.5,1238,1315.5,1216,1385
"joint",0.25,"Raw","residual_ljung_box_profiles_tested","descriptive","count",10,5000,0,5000,5000,5000,5000,5000
"joint",0.25,"Raw","residual_ljung_box_proportion_significant","lower","proportion",10,0.25648,0.0114841726834031,0.2529,0.2476,0.2631,0.2432,0.277
"joint",0.25,"Raw","residual_run_order_gam_mean_deviance","lower","value",10,0.131718556812488,0.00455653138031788,0.131724452488988,0.128644960411076,0.134977677500263,0.124808550112724,0.139995801169175
"joint",0.25,"Raw","retained_features","higher","count",10,1000,0,1000,1000,1000,1000,1000
"joint",0.25,"Raw","retained_samples","higher","count",10,500,0,500,500,500,500,500
"joint",0.25,"Raw","runtime_sec","lower","seconds",10,0,0,0,0,0,0,0
"joint",0.25,"Raw","sign_concordance_responsive","higher","correlation_or_proportion",10,1,0,1,1,1,1,1
"joint",0.25,"Raw","true_positive_rate","higher","proportion",10,1,0,1,1,1,1,1
"joint",0.25,"WiNN fixed default (no QC)","batch_weighted_pc_r2_categorical","lower","weighted_R2",10,0.00224474381107662,0.000497686308850941,0.0022010368014416,0.0018870874371262,0.00249874011603317,0.00168443795893635,0.00331117260796913
"joint",0.25,"WiNN fixed default (no QC)","clean_feature_icc_a1_mean","higher","value",10,0.920478116249518,0.00319449280351014,0.919746516358398,0.918328379311881,0.922164633218324,0.915814786846132,0.926723150466781
"joint",0.25,"WiNN fixed default (no QC)","clean_feature_icc_a1_median","higher","value",10,0.940981779068327,0.00245324328044214,0.941867599600071,0.938982872506422,0.942848440061747,0.937252314466409,0.943869659715218
"joint",0.25,"WiNN fixed default (no QC)","clean_feature_profile_pearson_mean","higher","correlation_or_proportion",10,0.944004653699064,0.00199762918331494,0.944186938427992,0.942367548708808,0.94472756420116,0.941852710827156,0.948544737220864
"joint",0.25,"WiNN fixed default (no QC)","clean_feature_profile_pearson_median","higher","correlation_or_proportion",10,0.952387781690158,0.00221338624196404,0.952836619587075,0.950892403705001,0.953961450065232,0.949130688187863,0.955407493540716
"joint",0.25,"WiNN fixed default (no QC)","clean_log1p_rmse_study","lower","log1p_effect_or_ratio",10,0.0739818316546012,0.00178780964049029,0.0741029323642785,0.0729296130883345,0.0752267978992048,0.0707901343384799,0.0766003417025779
"joint",0.25,"WiNN fixed default (no QC)","clean_sample_profile_pearson_mean","higher","correlation_or_proportion",10,0.92225465892761,0.003467320875448,0.921828424695794,0.919904386572401,0.924210599595219,0.917914318768541,0.928777678783591
"joint",0.25,"WiNN fixed default (no QC)","clean_sample_profile_pearson_median","higher","correlation_or_proportion",10,0.923581712986596,0.00329712262078009,0.923411703473702,0.921527193891051,0.925285431988876,0.919364996231917,0.929846370105652
"joint",0.25,"WiNN fixed default (no QC)","coefficient_pearson_vs_clean_all","higher","correlation_or_proportion",10,0.988527710438722,0.00160426559633398,0.988694095504293,0.987398534149091,0.98953622606595,0.985915945844319,0.991396037918586
"joint",0.25,"WiNN fixed default (no QC)","coefficient_pearson_vs_injected_all","higher","correlation_or_proportion",10,0.938903309018634,0.00270785413697023,0.93842978753605,0.937218176480608,0.940212146069739,0.935439279650344,0.944182729623311
"joint",0.25,"WiNN fixed default (no QC)","coefficient_pearson_vs_injected_responsive","higher","correlation_or_proportion",10,0.989127778049339,0.00138292382264202,0.988967364116719,0.988364578201442,0.990394027288612,0.986825666946198,0.990841119093113
"joint",0.25,"WiNN fixed default (no QC)","coefficient_spearman_vs_injected_all","higher","correlation_or_proportion",10,0.520327926233016,2.41108671490312e-05,0.520336689798318,0.520336689798318,0.520336689798318,0.520260008601926,0.520336689798318
"joint",0.25,"WiNN fixed default (no QC)","effect_rmse_vs_clean_all","lower","log1p_effect_or_ratio",10,0.00974797980174485,0.000655048174048637,0.00980308648086671,0.00933310990072148,0.0101397760192159,0.00861162260052902,0.0107938109800879
"joint",0.25,"WiNN fixed default (no QC)","effect_rmse_vs_clean_responsive","lower","log1p_effect_or_ratio",10,0.0233447984980404,0.00222171244889581,0.0230213789022726,0.0225443762019247,0.0249075375366477,0.0197226717710474,0.0265357267148738
"joint",0.25,"WiNN fixed default (no QC)","effect_rmse_vs_injected_all","lower","log1p_effect_or_ratio",10,0.0632010692305843,0.000794585387735855,0.0630975688507535,0.0626410671097294,0.0636341149442866,0.0620631547783671,0.064731376996728
"joint",0.25,"WiNN fixed default (no QC)","effect_rmse_vs_injected_responsive","lower","log1p_effect_or_ratio",10,0.192645815003613,0.00260662971069297,0.192266770093167,0.190623347473351,0.194199749655702,0.18938842494429,0.19764980223052
"joint",0.25,"WiNN fixed default (no QC)","empirical_fdr","lower","proportion",10,0.0461605961679417,0.0239105797777942,0.0430402930402931,0.0314600448095594,0.0566037735849057,0.0099009900990099,0.0990990990990991
"joint",0.25,"WiNN fixed default (no QC)","heldout_qc_cv_mean","lower","percent",10,8.92716082016882,0.244429540075108,8.98378133031627,8.7330962222714,9.05631697763642,8.56466886672934,9.29780263940497
"joint",0.25,"WiNN fixed default (no QC)","heldout_qc_cv_median","lower","percent",10,8.07609355040019,0.270350599182286,8.15992148946846,7.87860462702975,8.20934612395021,7.67380820986286,8.43593564404619
"joint",0.25,"WiNN fixed default (no QC)","heldout_qc_cv_sd","lower","percent",10,6.36729404451965,0.172138651679571,6.37133513958106,6.3023639114956,6.47638326383663,6.05953803095875,6.66532596996429
"joint",0.25,"WiNN fixed default (no QC)","median_attenuation_ratio_clean_responsive","higher","log1p_effect_or_ratio",10,0.92823218247961,0.015180260887132,0.924561606733421,0.918516132392324,0.940922010640334,0.907230748406992,0.952626283802101
"joint",0.25,"WiNN fixed default (no QC)","median_attenuation_ratio_injected_responsive","higher","log1p_effect_or_ratio",10,0.458989663202379,0.00896282740398136,0.458398304694198,0.4521302009348,0.463685263370954,0.447387630084727,0.475919202830908
"joint",0.25,"WiNN fixed default (no QC)","n_discoveries_bh_0p05","descriptive","count",10,104.9,2.68535120814971,104.5,103.25,106,101,111
"joint",0.25,"WiNN fixed default (no QC)","null_feature_false_positive_rate","lower","proportion",10,0.00544444444444444,0.00298372356461079,0.005,0.00361111111111111,0.00666666666666667,0.00111111111111111,0.0122222222222222
"joint",0.25,"WiNN fixed default (no QC)","phenotype_weighted_pc_r2_categorical","descriptive","weighted_R2",10,0.404320588913613,0.0100336062877532,0.404094256405919,0.397531927520413,0.412256877013241,0.386904351517511,0.417725721428666
"joint",0.25,"WiNN fixed default (no QC)","recovered_vs_injected_intercept","descriptive","log1p_effect_or_ratio",10,-0.000138267840327492,0.000579930352088291,-0.000177196496903877,-0.000434932699520189,0.000143031459676818,-0.000932785489386475,0.000893372507310964
"joint",0.25,"WiNN fixed default (no QC)","recovered_vs_injected_slope","descriptive","log1p_effect_or_ratio",10,0.453765236361942,0.00778027406243095,0.454230625917049,0.449375362098702,0.460177622441041,0.439250923698911,0.463032377771189
"joint",0.25,"WiNN fixed default (no QC)","residual_ljung_box_median_statistic","lower","value",10,10.4752284880287,0.0921083657638682,10.5126827571541,10.3912404066377,10.5452947575076,10.3176032159973,10.5800996951666
"joint",0.25,"WiNN fixed default (no QC)","residual_ljung_box_profiles_significant","lower","count",10,37,10.6458129484475,39,29.5,45.5,18,50
"joint",0.25,"WiNN fixed default (no QC)","residual_ljung_box_profiles_tested","descriptive","count",10,5000,0,5000,5000,5000,5000,5000
"joint",0.25,"WiNN fixed default (no QC)","residual_ljung_box_proportion_significant","lower","proportion",10,0.0074,0.00212916258968951,0.0078,0.0059,0.0091,0.0036,0.01
"joint",0.25,"WiNN fixed default (no QC)","residual_run_order_gam_mean_deviance","lower","value",10,0.0229951284773458,0.000770750772779623,0.0230347233097694,0.0225195833261707,0.0233337000045141,0.021933943831837,0.0245390120555056
"joint",0.25,"WiNN fixed default (no QC)","retained_features","higher","count",10,1000,0,1000,1000,1000,1000,1000
"joint",0.25,"WiNN fixed default (no QC)","retained_samples","higher","count",10,500,0,500,500,500,500,500
"joint",0.25,"WiNN fixed default (no QC)","runtime_sec","lower","seconds",10,6.9149,0.171205821552111,6.9445,6.787,7.0485,6.634,7.174
"joint",0.25,"WiNN fixed default (no QC)","sign_concordance_responsive","higher","correlation_or_proportion",10,1,0,1,1,1,1,1
"joint",0.25,"WiNN fixed default (no QC)","true_positive_rate","higher","proportion",10,1,0,1,1,1,1,1
"joint",0.5,"Raw","batch_weighted_pc_r2_categorical","lower","weighted_R2",10,0.958667130297702,0.00253289989673641,0.958544787786114,0.957433270619487,0.960792885095073,0.953719930734774,0.961727394167786
"joint",0.5,"Raw","clean_feature_icc_a1_mean","higher","value",10,0.588512506379762,0.0103195284858976,0.58789140048515,0.584673132700593,0.591534492466734,0.575667334364799,0.612163595545835
"joint",0.5,"Raw","clean_feature_icc_a1_median","higher","value",10,0.560396461003145,0.0148016027940087,0.556852622146834,0.54830031359797,0.569963419361812,0.545604113619431,0.591329758880083
"joint",0.5,"Raw","clean_feature_profile_pearson_mean","higher","correlation_or_proportion",10,0.652317802158068,0.00875802139214765,0.651970490195733,0.648682631963582,0.655299817618151,0.640891194399068,0.672132521420622
"joint",0.5,"Raw","clean_feature_profile_pearson_median","higher","correlation_or_proportion",10,0.630319810131155,0.0117040926353113,0.62607029040962,0.622116004952972,0.637268991774051,0.61796019472621,0.655727002191925
"joint",0.5,"Raw","clean_log1p_rmse_study","lower","log1p_effect_or_ratio",10,0.292845306890019,0.0105234427371609,0.290673573586664,0.28581714393643,0.298831300074786,0.277775277674407,0.312172730269667
"joint",0.5,"Raw","clean_sample_profile_pearson_mean","higher","correlation_or_proportion",10,0.523549655223662,0.0136584794628254,0.525720563704296,0.516487796929481,0.532074353625209,0.497855895795494,0.542936442528735
"joint",0.5,"Raw","clean_sample_profile_pearson_median","higher","correlation_or_proportion",10,0.523914383592972,0.0131283087306671,0.525671811725638,0.515621799830644,0.53298229228419,0.499348783085161,0.544067683800907
"joint",0.5,"Raw","coefficient_pearson_vs_clean_all","higher","correlation_or_proportion",10,0.955411656767042,0.00573449919425093,0.954986142612496,0.950606069992499,0.957347989334532,0.948979364133967,0.966130547076483
"joint",0.5,"Raw","coefficient_pearson_vs_injected_all","higher","correlation_or_proportion",10,0.886401730354931,0.00729591214293686,0.885614881969421,0.88149255591988,0.890301470138487,0.874548761237625,0.897665794780166
"joint",0.5,"Raw","coefficient_pearson_vs_injected_responsive","higher","correlation_or_proportion",10,0.987203365825677,0.00242689169637319,0.987809257531046,0.985826313926143,0.988477951443698,0.983135632771885,0.991206546367246
"joint",0.5,"Raw","coefficient_spearman_vs_injected_all","higher","correlation_or_proportion",10,0.520255626819276,0.00010121928461854,0.520287394743495,0.52021345216126,0.520333951184161,0.520019010556125,0.520336689798318
"joint",0.5,"Raw","effect_rmse_vs_clean_all","lower","log1p_effect_or_ratio",10,0.0184446885280944,0.00128501250583011,0.0185703213627281,0.0181084082636407,0.0193123289884348,0.0158816960134225,0.0200026646026195
"joint",0.5,"Raw","effect_rmse_vs_clean_responsive","lower","log1p_effect_or_ratio",10,0.0182015965294459,0.00271273706471462,0.0173171356730516,0.016543617363351,0.0190152254666939,0.0153194756319152,0.024242106424762
"joint",0.5,"Raw","effect_rmse_vs_injected_all","lower","log1p_effect_or_ratio",10,0.0623863628373004,0.000712338143495878,0.0624087995217566,0.0619169508597324,0.0627368079488231,0.0612942755259178,0.0635938080419759
"joint",0.5,"Raw","effect_rmse_vs_injected_responsive","lower","log1p_effect_or_ratio",10,0.177056678950907,0.00168838490451205,0.177371704884257,0.175656450960796,0.177774989663872,0.174917727537493,0.179598696576777
"joint",0.5,"Raw","empirical_fdr","lower","proportion",10,0.114269137482528,0.0428179396698003,0.111093552465234,0.101110038610039,0.136056971514243,0.0476190476190476,0.195121951219512
"joint",0.5,"Raw","heldout_qc_cv_mean","lower","percent",10,45.0597600994383,1.53042582846134,45.0352604685855,44.4957932030212,45.7658105795252,41.7869793310591,47.5743078003657
"joint",0.5,"Raw","heldout_qc_cv_median","lower","percent",10,43.1285374452415,1.15235773966691,43.0465100896214,42.8834385537773,43.7700221821417,40.8705214279567,45.1702966110176
"joint",0.5,"Raw","heldout_qc_cv_sd","lower","percent",10,31.1325078981167,1.32582917054224,31.0479118817121,30.0806759827216,32.0118674190209,29.2418695091346,33.4699193369408
"joint",0.5,"Raw","median_attenuation_ratio_clean_responsive","higher","log1p_effect_or_ratio",10,0.999836463615485,0.000468217605588263,1,1,1,0.998510275082805,1
"joint",0.5,"Raw","median_attenuation_ratio_injected_responsive","higher","log1p_effect_or_ratio",10,0.502882362007111,0.00977667522518264,0.503014365740738,0.498323243709956,0.510676291825993,0.483346509092164,0.515326763657995
"joint",0.5,"Raw","n_discoveries_bh_0p05","descriptive","count",10,112.9,5.17365119298418,112.5,111.25,115.75,105,123
"joint",0.5,"Raw","null_feature_false_positive_rate","lower","proportion",10,0.0145555555555556,0.00607339652951,0.0138888888888888,0.0125,0.0175,0.00555555555555556,0.0266666666666667
"joint",0.5,"Raw","phenotype_weighted_pc_r2_categorical","descriptive","weighted_R2",10,0.0728707141512672,0.00356482004721009,0.0732510240165381,0.0699868724991921,0.0759490704638957,0.0668141998972665,0.077255552824377
"joint",0.5,"Raw","recovered_vs_injected_intercept","descriptive","log1p_effect_or_ratio",10,-0.000214540284468118,0.000697702003586649,-0.000122153059171246,-0.000736427783715378,0.000306586977735539,-0.00152908715076196,0.000674257204691974
"joint",0.5,"Raw","recovered_vs_injected_slope","descriptive","log1p_effect_or_ratio",10,0.500699469658938,0.00427246808311055,0.500998575667771,0.497864510034417,0.504519491997586,0.494136022711521,0.506300435377051
"joint",0.5,"Raw","residual_ljung_box_median_statistic","lower","value",10,11.7106023723801,0.136211793063,11.6702037786833,11.6031875982946,11.8454481350196,11.5322383867501,11.9061213371253
"joint",0.5,"Raw","residual_ljung_box_profiles_significant","lower","count",10,1300.6,58.0348554271004,1280,1262.25,1339,1231,1400
"joint",0.5,"Raw","residual_ljung_box_profiles_tested","descriptive","count",10,5000,0,5000,5000,5000,5000,5000
"joint",0.5,"Raw","residual_ljung_box_proportion_significant","lower","proportion",10,0.26012,0.0116069710854201,0.256,0.25245,0.2678,0.2462,0.28
"joint",0.5,"Raw","residual_run_order_gam_mean_deviance","lower","value",10,0.134255019962043,0.00462914251630997,0.133889652070889,0.130975061678206,0.137505862599993,0.127326379306366,0.142526560789475
"joint",0.5,"Raw","retained_features","higher","count",10,1000,0,1000,1000,1000,1000,1000
"joint",0.5,"Raw","retained_samples","higher","count",10,500,0,500,500,500,500,500
"joint",0.5,"Raw","runtime_sec","lower","seconds",10,0,0,0,0,0,0,0
"joint",0.5,"Raw","sign_concordance_responsive","higher","correlation_or_proportion",10,1,0,1,1,1,1,1
"joint",0.5,"Raw","true_positive_rate","higher","proportion",10,0.998,0.00421637021355784,1,1,1,0.99,1
"joint",0.5,"WiNN fixed default (no QC)","batch_weighted_pc_r2_categorical","lower","weighted_R2",10,0.00171508929314544,0.000288992648417169,0.00174273472093643,0.001573689373453,0.00181458878914771,0.00133157325106704,0.00233868511412649
"joint",0.5,"WiNN fixed default (no QC)","clean_feature_icc_a1_mean","higher","value",10,0.918301077277843,0.00319629537023028,0.91759569408401,0.916123103306797,0.920000462175371,0.913537323586617,0.924560284347672
"joint",0.5,"WiNN fixed default (no QC)","clean_feature_icc_a1_median","higher","value",10,0.938277368963835,0.0028661281932631,0.939146311561867,0.936588493949582,0.940455312867665,0.933676854639565,0.941046230984856
"joint",0.5,"WiNN fixed default (no QC)","clean_feature_profile_pearson_mean","higher","correlation_or_proportion",10,0.942003604574033,0.00199924164625483,0.942296729679998,0.940353205654225,0.942718174086048,0.939736542001973,0.946477180615845
"joint",0.5,"WiNN fixed default (no QC)","clean_feature_profile_pearson_median","higher","correlation_or_proportion",10,0.950110476407883,0.00234867623471763,0.950339370475443,0.94922922468458,0.952012362284805,0.946228442765214,0.952634628149261
"joint",0.5,"WiNN fixed default (no QC)","clean_log1p_rmse_study","lower","log1p_effect_or_ratio",10,0.0749544289337933,0.00176014148629697,0.0750509678427055,0.0740079571290977,0.0762172298500856,0.071793878563946,0.0774296517317242
"joint",0.5,"WiNN fixed default (no QC)","clean_sample_profile_pearson_mean","higher","correlation_or_proportion",10,0.919763911640671,0.00347723855163194,0.919405489729167,0.917335372239361,0.921511576303629,0.915648811170633,0.926336874878878
"joint",0.5,"WiNN fixed default (no QC)","clean_sample_profile_pearson_median","higher","correlation_or_proportion",10,0.920907918435878,0.00344039871138689,0.920505377891875,0.918424574473881,0.922755434520476,0.916863098566707,0.927655393490764
"joint",0.5,"WiNN fixed default (no QC)","coefficient_pearson_vs_clean_all","higher","correlation_or_proportion",10,0.982411880786856,0.00190690555556054,0.982314700440238,0.981155243067785,0.983379483896536,0.979712836188153,0.985880828562004
"joint",0.5,"WiNN fixed default (no QC)","coefficient_pearson_vs_injected_all","higher","correlation_or_proportion",10,0.911800142013151,0.00401719451166184,0.910815969491293,0.909436538626587,0.915267663578957,0.906556053950612,0.917955466979283
"joint",0.5,"WiNN fixed default (no QC)","coefficient_pearson_vs_injected_responsive","higher","correlation_or_proportion",10,0.9855622380823,0.00184122472185894,0.985948228415997,0.985193546190675,0.986710457224266,0.981808199731871,0.988000920089924
"joint",0.5,"WiNN fixed default (no QC)","coefficient_spearman_vs_injected_all","higher","correlation_or_proportion",10,0.520255626819276,0.000233877577731229,0.520336689798318,0.520328473955847,0.520336689798318,0.519591786747659,0.520336689798318
"joint",0.5,"WiNN fixed default (no QC)","effect_rmse_vs_clean_all","lower","log1p_effect_or_ratio",10,0.0123659078608366,0.000664949522342283,0.012662443464236,0.0117337540095624,0.0128084841470373,0.0113497522410543,0.0130442119862378
"joint",0.5,"WiNN fixed default (no QC)","effect_rmse_vs_clean_responsive","lower","log1p_effect_or_ratio",10,0.0287335356913518,0.00214112512020805,0.0292270084885322,0.0265808262608027,0.0304206240149536,0.0258979574743616,0.0314222717570951
"joint",0.5,"WiNN fixed default (no QC)","effect_rmse_vs_injected_all","lower","log1p_effect_or_ratio",10,0.0656837373041758,0.000678951415160779,0.0658673009740446,0.0654099287608392,0.0660781768635246,0.0644177037305478,0.0667270846349382
"joint",0.5,"WiNN fixed default (no QC)","effect_rmse_vs_injected_responsive","lower","log1p_effect_or_ratio",10,0.19754167305757,0.00218633188522027,0.197631527057255,0.196740708176994,0.198652505054864,0.193771347730463,0.200988648395323
"joint",0.5,"WiNN fixed default (no QC)","empirical_fdr","lower","proportion",10,0.0473290463767399,0.0174103371996769,0.0476190476190476,0.0314600448095594,0.0543575920934412,0.029126213592233,0.0825688073394495
"joint",0.5,"WiNN fixed default (no QC)","heldout_qc_cv_mean","lower","percent",10,9.22828412514117,0.224547905784278,9.2737309895103,9.05390966840945,9.33685783685309,8.9136671301968,9.56624514626394
"joint",0.5,"WiNN fixed default (no QC)","heldout_qc_cv_median","lower","percent",10,8.39565367282701,0.225688749294686,8.36162684602087,8.26632625136432,8.55008015278793,8.00594520021286,8.71773195667744
"joint",0.5,"WiNN fixed default (no QC)","heldout_qc_cv_sd","lower","percent",10,6.46491875250583,0.167502744705418,6.49947316254211,6.3886314763874,6.54654577826576,6.15562127830833,6.73281404809719
"joint",0.5,"WiNN fixed default (no QC)","median_attenuation_ratio_clean_responsive","higher","log1p_effect_or_ratio",10,0.89850489263988,0.0162229443666262,0.901166693226457,0.884247473118003,0.909002097535061,0.876704673158636,0.927735821203092
"joint",0.5,"WiNN fixed default (no QC)","median_attenuation_ratio_injected_responsive","higher","log1p_effect_or_ratio",10,0.445587345588448,0.0135721953756229,0.444917131727211,0.435656527101983,0.455853199218747,0.425818435744282,0.465943666122052
"joint",0.5,"WiNN fixed default (no QC)","n_discoveries_bh_0p05","descriptive","count",10,105,1.9436506316151,105,103.25,105.75,103,109
"joint",0.5,"WiNN fixed default (no QC)","null_feature_false_positive_rate","lower","proportion",10,0.00555555555555556,0.00215961181290567,0.00555555555555556,0.00361111111111111,0.00638888888888889,0.00333333333333333,0.01
"joint",0.5,"WiNN fixed default (no QC)","phenotype_weighted_pc_r2_categorical","descriptive","weighted_R2",10,0.285904565537796,0.00928890644671961,0.28587505744353,0.279779914455433,0.292859028945272,0.273099771490177,0.300885314227547
"joint",0.5,"WiNN fixed default (no QC)","recovered_vs_injected_intercept","descriptive","log1p_effect_or_ratio",10,-6.36884752693556e-05,0.000495181789575131,-9.40089131403691e-05,-0.000251134372354429,0.000241720900439456,-0.000767279669701703,0.000879032064744251
"joint",0.5,"WiNN fixed default (no QC)","recovered_vs_injected_slope","descriptive","log1p_effect_or_ratio",10,0.440748137819815,0.00679090337126866,0.440480425265864,0.437228427171463,0.44256001296241,0.43012720925668,0.45168762579589
"joint",0.5,"WiNN fixed default (no QC)","residual_ljung_box_median_statistic","lower","value",10,10.5365312696253,0.0885561144739557,10.5571189258958,10.4518342848019,10.5860564491695,10.4277581909397,10.6664371721289
"joint",0.5,"WiNN fixed default (no QC)","residual_ljung_box_profiles_significant","lower","count",10,35.7,10.371435130524,38.5,25,43.5,22,50
"joint",0.5,"WiNN fixed default (no QC)","residual_ljung_box_profiles_tested","descriptive","count",10,5000,0,5000,5000,5000,5000,5000
"joint",0.5,"WiNN fixed default (no QC)","residual_ljung_box_proportion_significant","lower","proportion",10,0.00714,0.00207428702610479,0.0077,0.005,0.0087,0.0044,0.01
"joint",0.5,"WiNN fixed default (no QC)","residual_run_order_gam_mean_deviance","lower","value",10,0.0241754588896122,0.000670812240930031,0.0241211598084911,0.0237962180969091,0.0243803112690028,0.0231417271810209,0.0255793024795527
"joint",0.5,"WiNN fixed default (no QC)","retained_features","higher","count",10,1000,0,1000,1000,1000,1000,1000
"joint",0.5,"WiNN fixed default (no QC)","retained_samples","higher","count",10,500,0,500,500,500,500,500
"joint",0.5,"WiNN fixed default (no QC)","runtime_sec","lower","seconds",10,7.0251,0.293240307218803,7.173,6.75075,7.258,6.544,7.298
"joint",0.5,"WiNN fixed default (no QC)","sign_concordance_responsive","higher","correlation_or_proportion",10,1,0,1,1,1,1,1
"joint",0.5,"WiNN fixed default (no QC)","true_positive_rate","higher","proportion",10,1,0,1,1,1,1,1
"joint",0.75,"Raw","batch_weighted_pc_r2_categorical","lower","weighted_R2",10,0.960387841986673,0.00258987116165478,0.961117784517053,0.958856691806518,0.962333656636171,0.956157313443421,0.963637643489978
"joint",0.75,"Raw","clean_feature_icc_a1_mean","higher","value",10,0.588374608290972,0.0102186441894424,0.587701323989944,0.584505447590362,0.591514662244035,0.575584740717395,0.611803292076777
"joint",0.75,"Raw","clean_feature_icc_a1_median","higher","value",10,0.560625104218475,0.0148630430115785,0.556508757181301,0.548294701100255,0.570858540737041,0.545880774822196,0.591329758880083
"joint",0.75,"Raw","clean_feature_profile_pearson_mean","higher","correlation_or_proportion",10,0.652197580703415,0.00856941992328345,0.651643244394383,0.648537670848493,0.655354340559301,0.640936944661,0.671576519600746
"joint",0.75,"Raw","clean_feature_profile_pearson_median","higher","correlation_or_proportion",10,0.630929622384617,0.0114003708417707,0.626971335947057,0.622117407642542,0.637026168562274,0.619999027877118,0.655727002191925
"joint",0.75,"Raw","clean_log1p_rmse_study","lower","log1p_effect_or_ratio",10,0.292835267607766,0.0105307534092902,0.290700974622182,0.285846719814375,0.298780004364068,0.277707974755865,0.312215896843242
"joint",0.75,"Raw","clean_sample_profile_pearson_mean","higher","correlation_or_proportion",10,0.523490738376792,0.0135206744713117,0.525955055103834,0.516255018060883,0.531885947538598,0.498086100521582,0.542248634704848
"joint",0.75,"Raw","clean_sample_profile_pearson_median","higher","correlation_or_proportion",10,0.524021137973431,0.0131674843348914,0.526101288030387,0.51522952095905,0.533341358100093,0.499882350449531,0.543962694496537
"joint",0.75,"Raw","coefficient_pearson_vs_clean_all","higher","correlation_or_proportion",10,0.79980881557922,0.0146006840455204,0.80666305354545,0.790179563041903,0.809596146732967,0.7755707028186,0.813971502557017
"joint",0.75,"Raw","coefficient_pearson_vs_injected_all","higher","correlation_or_proportion",10,0.713039580675702,0.0189174574279817,0.714729965060714,0.694968241614976,0.729234825779484,0.689404062837727,0.738003365458336
"joint",0.75,"Raw","coefficient_pearson_vs_injected_responsive","higher","correlation_or_proportion",10,0.954394938317431,0.0102497007809728,0.957981466295031,0.948814875555352,0.960261790675603,0.936587818618622,0.968110600848269
"joint",0.75,"Raw","coefficient_spearman_vs_injected_all","higher","correlation_or_proportion",10,0.501313180419291,0.010149492024014,0.502738355226507,0.493528395817077,0.509899831246626,0.483650214553379,0.513249156360433
"joint",0.75,"Raw","effect_rmse_vs_clean_all","lower","log1p_effect_or_ratio",10,0.0463967803009124,0.00216777569434212,0.0459552477714511,0.0447768031430338,0.0479059152363926,0.0432382874054176,0.0497093356004556
"joint",0.75,"Raw","effect_rmse_vs_clean_responsive","lower","log1p_effect_or_ratio",10,0.0470142154300305,0.00569721937240948,0.046442936680752,0.0437861686411315,0.0514186109743468,0.0382846039286328,0.0567500874025289
"joint",0.75,"Raw","effect_rmse_vs_injected_all","lower","log1p_effect_or_ratio",10,0.077663054121529,0.00207200245377745,0.0775145433861474,0.0758643415656972,0.0796222494932915,0.0749341219761558,0.0802160181953896
"joint",0.75,"Raw","effect_rmse_vs_injected_responsive","lower","log1p_effect_or_ratio",10,0.184271147759074,0.00599026051804331,0.180844924531243,0.17997902650981,0.189958230266816,0.177387066389673,0.193966145852077
"joint",0.75,"Raw","empirical_fdr","lower","proportion",10,0.501607198594427,0.035929104720281,0.493343573988735,0.475859788359788,0.534404589953458,0.457627118644068,0.556603773584906
"joint",0.75,"Raw","heldout_qc_cv_mean","lower","percent",10,45.0597600994383,1.53042582846134,45.0352604685855,44.4957932030212,45.7658105795252,41.7869793310591,47.5743078003657
"joint",0.75,"Raw","heldout_qc_cv_median","lower","percent",10,43.1285374452415,1.15235773966691,43.0465100896214,42.8834385537773,43.7700221821417,40.8705214279567,45.1702966110176
"joint",0.75,"Raw","heldout_qc_cv_sd","lower","percent",10,31.1325078981167,1.32582917054224,31.0479118817121,30.0806759827216,32.0118674190209,29.2418695091346,33.4699193369408
"joint",0.75,"Raw","median_attenuation_ratio_clean_responsive","higher","log1p_effect_or_ratio",10,0.995718230213288,0.0111000008045159,1,0.998038992830572,1,0.966264131433603,1.00267451337607
"joint",0.75,"Raw","median_attenuation_ratio_injected_responsive","higher","log1p_effect_or_ratio",10,0.505664849892931,0.0166614469068101,0.511670794042274,0.507345402050613,0.513972550464364,0.469036402910407,0.522786973188626
"joint",0.75,"Raw","n_discoveries_bh_0p05","descriptive","count",10,190.3,11.2155645818162,187.5,182.25,198,177,212
"joint",0.75,"Raw","null_feature_false_positive_rate","lower","proportion",10,0.106444444444444,0.0138856786413408,0.102777777777777,0.0963888888888888,0.117222222222222,0.09,0.131111111111111
"joint",0.75,"Raw","phenotype_weighted_pc_r2_categorical","descriptive","weighted_R2",10,0.129897963171266,0.00575477621930677,0.128949283833721,0.125059308636068,0.134295638392447,0.122846671397334,0.138935674799666
"joint",0.75,"Raw","recovered_vs_injected_intercept","descriptive","log1p_effect_or_ratio",10,-0.000638601449440999,0.00216485891982716,-0.000429914778490343,-0.00111763494895452,0.00014561523459892,-0.00460420406828895,0.00285103140523833
"joint",0.75,"Raw","recovered_vs_injected_slope","descriptive","log1p_effect_or_ratio",10,0.497499447497708,0.0167575129563084,0.502382731242438,0.486783179935717,0.508093535889736,0.464327936754522,0.516655036466833
"joint",0.75,"Raw","residual_ljung_box_median_statistic","lower","value",10,11.7436830502382,0.142906351321777,11.7688709166042,11.6125821213795,11.8558815950399,11.5404609807995,11.9658761789064
"joint",0.75,"Raw","residual_ljung_box_profiles_significant","lower","count",10,1315.5,54.9671619140818,1291.5,1272.75,1346.75,1258,1420
"joint",0.75,"Raw","residual_ljung_box_profiles_tested","descriptive","count",10,5000,0,5000,5000,5000,5000,5000
"joint",0.75,"Raw","residual_ljung_box_proportion_significant","lower","proportion",10,0.2631,0.0109934323828164,0.2583,0.25455,0.26935,0.2516,0.284
"joint",0.75,"Raw","residual_run_order_gam_mean_deviance","lower","value",10,0.135348748486674,0.00467994661610204,0.135031851155951,0.132221078100906,0.138214950413737,0.128126182723564,0.144091096861719
"joint",0.75,"Raw","retained_features","higher","count",10,1000,0,1000,1000,1000,1000,1000
"joint",0.75,"Raw","retained_samples","higher","count",10,500,0,500,500,500,500,500
"joint",0.75,"Raw","runtime_sec","lower","seconds",10,0,0,0,0,0,0,0
"joint",0.75,"Raw","sign_concordance_responsive","higher","correlation_or_proportion",10,0.99,0.0105409255338946,0.99,0.9825,1,0.97,1
"joint",0.75,"Raw","true_positive_rate","higher","proportion",10,0.945,0.0232139804619735,0.945,0.925,0.96,0.91,0.98
"joint",0.75,"WiNN fixed default (no QC)","batch_weighted_pc_r2_categorical","lower","weighted_R2",10,0.00301492937852079,0.000285430585430293,0.00301609056458448,0.00279663861360212,0.00325856002875042,0.00258280669985949,0.00338188595548377
"joint",0.75,"WiNN fixed default (no QC)","clean_feature_icc_a1_mean","higher","value",10,0.915686690524785,0.00322217564591672,0.914701784064998,0.913485562743177,0.917453764925986,0.911196482471406,0.922026420002654
"joint",0.75,"WiNN fixed default (no QC)","clean_feature_icc_a1_median","higher","value",10,0.935799316741001,0.00273778713894689,0.936685854547102,0.934251004938463,0.937808928102273,0.931089397273534,0.938555420516548
"joint",0.75,"WiNN fixed default (no QC)","clean_feature_profile_pearson_mean","higher","correlation_or_proportion",10,0.939652178392132,0.00201612283916958,0.939852685712983,0.937835286658529,0.940530022166882,0.937564869565032,0.944120800601092
"joint",0.75,"WiNN fixed default (no QC)","clean_feature_profile_pearson_median","higher","correlation_or_proportion",10,0.948037074846809,0.00214571834435107,0.948855420543225,0.947300966534109,0.949563278075566,0.944277790586881,0.950287947704451
"joint",0.75,"WiNN fixed default (no QC)","clean_log1p_rmse_study","lower","log1p_effect_or_ratio",10,0.0760636886159231,0.00176224458369722,0.0761896831079665,0.0750705782719685,0.0774283871746484,0.0729407934135965,0.0785328094184788
"joint",0.75,"WiNN fixed default (no QC)","clean_sample_profile_pearson_mean","higher","correlation_or_proportion",10,0.916879216967942,0.00353762416159737,0.91640172895318,0.914138990801994,0.918786369014491,0.912743881925996,0.923493182764143
"joint",0.75,"WiNN fixed default (no QC)","clean_sample_profile_pearson_median","higher","correlation_or_proportion",10,0.917745877409071,0.00358099286669083,0.917482636242031,0.915038128947539,0.919717933635366,0.913706138710397,0.924644002495975
"joint",0.75,"WiNN fixed default (no QC)","coefficient_pearson_vs_clean_all","higher","correlation_or_proportion",10,0.949182266645074,0.0038574407594399,0.948804406092641,0.947493226013592,0.952091877023793,0.943464344729963,0.955333324417331
"joint",0.75,"WiNN fixed default (no QC)","coefficient_pearson_vs_injected_all","higher","correlation_or_proportion",10,0.840380172407518,0.0106770290071561,0.84451184037499,0.831570823767212,0.845289516784681,0.825106383162373,0.854802429334194
"joint",0.75,"WiNN fixed default (no QC)","coefficient_pearson_vs_injected_responsive","higher","correlation_or_proportion",10,0.969100291570671,0.00466997051095146,0.969859161568397,0.96526508162278,0.972441947827133,0.961611788183775,0.97547582157108
"joint",0.75,"WiNN fixed default (no QC)","coefficient_spearman_vs_injected_all","higher","correlation_or_proportion",10,0.519340929690893,0.000934330173425401,0.519717762998874,0.519260414434682,0.519857432320872,0.517006534983608,0.520172372948908
"joint",0.75,"WiNN fixed default (no QC)","effect_rmse_vs_clean_all","lower","log1p_effect_or_ratio",10,0.0216227683213241,0.000960309385185997,0.0214490484656425,0.0208948305397157,0.0221101950362272,0.0204516443371683,0.0235570828108465
"joint",0.75,"WiNN fixed default (no QC)","effect_rmse_vs_clean_responsive","lower","log1p_effect_or_ratio",10,0.0522718039642164,0.00270263209079047,0.0521215187735724,0.0502112292866836,0.0542261649211499,0.0479733476731904,0.0567798595118858
"joint",0.75,"WiNN fixed default (no QC)","effect_rmse_vs_injected_all","lower","log1p_effect_or_ratio",10,0.073751447863442,0.00105920621059807,0.0738841549617076,0.0728818508920337,0.0741392608282475,0.072108772605523,0.0752929306589417
"joint",0.75,"WiNN fixed default (no QC)","effect_rmse_vs_injected_responsive","lower","log1p_effect_or_ratio",10,0.219507705524339,0.00306715410075766,0.220065310265117,0.217550797833017,0.220911397071629,0.213716671456536,0.223801150283346
"joint",0.75,"WiNN fixed default (no QC)","empirical_fdr","lower","proportion",10,0.0360109681558834,0.0168498996602453,0.0392194559261752,0.0231186224489796,0.0408163265306122,0.0101010101010101,0.07
"joint",0.75,"WiNN fixed default (no QC)","heldout_qc_cv_mean","lower","percent",10,9.48698800023515,0.188491530667009,9.49364989986342,9.33739374754984,9.56958818225339,9.22458863332735,9.79033360693409
"joint",0.75,"WiNN fixed default (no QC)","heldout_qc_cv_median","lower","percent",10,8.58783362863409,0.251774017286581,8.51702257917622,8.4640555619134,8.75993151797247,8.19010878610523,8.97268818867337
"joint",0.75,"WiNN fixed default (no QC)","heldout_qc_cv_sd","lower","percent",10,6.66226170981247,0.159836698829636,6.6661196188642,6.55691806509588,6.72270737487,6.4098966408145,6.97451583777808
"joint",0.75,"WiNN fixed default (no QC)","median_attenuation_ratio_clean_responsive","higher","log1p_effect_or_ratio",10,0.75960922387001,0.0293104631193017,0.764648315732914,0.742013151139534,0.776941799883868,0.710912240479086,0.800441016005687
"joint",0.75,"WiNN fixed default (no QC)","median_attenuation_ratio_injected_responsive","higher","log1p_effect_or_ratio",10,0.378818627488868,0.0120119902605601,0.380946511847564,0.369454165576539,0.389177867522934,0.361985287894261,0.393729153554716
"joint",0.75,"WiNN fixed default (no QC)","n_discoveries_bh_0p05","descriptive","count",10,99.6,2.45854518861144,99,98,100.75,96,104
"joint",0.75,"WiNN fixed default (no QC)","null_feature_false_positive_rate","lower","proportion",10,0.004,0.0019029974190615,0.00444444444444444,0.0025,0.00444444444444444,0.00111111111111111,0.00777777777777778
"joint",0.75,"WiNN fixed default (no QC)","phenotype_weighted_pc_r2_categorical","descriptive","weighted_R2",10,0.150532992913949,0.00846402731124919,0.149973839922975,0.143818830299537,0.155546133228711,0.139420464668238,0.163382636026997
"joint",0.75,"WiNN fixed default (no QC)","recovered_vs_injected_intercept","descriptive","log1p_effect_or_ratio",10,0.000167004431502033,0.000445773611012655,0.000162081768682392,-8.93899064315418e-05,0.000532894479054725,-0.000487155365286093,0.000777759558101634
"joint",0.75,"WiNN fixed default (no QC)","recovered_vs_injected_slope","descriptive","log1p_effect_or_ratio",10,0.380455586825368,0.00943958567083728,0.379921670271521,0.3758573717633,0.385796857900991,0.3674242348481,0.399454050768259
"joint",0.75,"WiNN fixed default (no QC)","residual_ljung_box_median_statistic","lower","value",10,10.5138789194515,0.0904490203389377,10.5440292505918,10.4428880091445,10.568617289056,10.3603105508167,10.6313306578201
"joint",0.75,"WiNN fixed default (no QC)","residual_ljung_box_profiles_significant","lower","count",10,35.9,10.1044544632553,36,31,43.75,17,50
"joint",0.75,"WiNN fixed default (no QC)","residual_ljung_box_profiles_tested","descriptive","count",10,5000,0,5000,5000,5000,5000,5000
"joint",0.75,"WiNN fixed default (no QC)","residual_ljung_box_proportion_significant","lower","proportion",10,0.00718,0.00202089089265106,0.0072,0.0062,0.00875,0.0034,0.01
"joint",0.75,"WiNN fixed default (no QC)","residual_run_order_gam_mean_deviance","lower","value",10,0.0242789531673603,0.000921914465329542,0.0242965933107041,0.0236972549848304,0.0247174703921057,0.0229377537124927,0.0261040822308116
"joint",0.75,"WiNN fixed default (no QC)","retained_features","higher","count",10,1000,0,1000,1000,1000,1000,1000
"joint",0.75,"WiNN fixed default (no QC)","retained_samples","higher","count",10,500,0,500,500,500,500,500
"joint",0.75,"WiNN fixed default (no QC)","runtime_sec","lower","seconds",10,7.1186,0.201846586407708,7.069,7.03175,7.145,6.832,7.518
"joint",0.75,"WiNN fixed default (no QC)","sign_concordance_responsive","higher","correlation_or_proportion",10,1,0,1,1,1,1,1
"joint",0.75,"WiNN fixed default (no QC)","true_positive_rate","higher","proportion",10,0.96,0.0235702260395516,0.965,0.94,0.9775,0.93,0.99
"joint",0.9,"Raw","batch_weighted_pc_r2_categorical","lower","weighted_R2",10,0.961405236708726,0.00225063899883377,0.962252982079224,0.9592750664729,0.962950480444311,0.957931270417022,0.964259892073189
"joint",0.9,"Raw","clean_feature_icc_a1_mean","higher","value",10,0.588234718278023,0.0101748850319019,0.587553317698833,0.584374496209065,0.591421552195158,0.5755540139123,0.611626020011827
"joint",0.9,"Raw","clean_feature_icc_a1_median","higher","value",10,0.560643521895674,0.0151672025793498,0.555889544644082,0.548432323797846,0.570943962771864,0.545604113619431,0.592312266666286
"joint",0.9,"Raw","clean_feature_profile_pearson_mean","higher","correlation_or_proportion",10,0.652083751008919,0.00847073402414999,0.651344437552399,0.648437670569488,0.655353824708462,0.641019295685922,0.671287298218033
"joint",0.9,"Raw","clean_feature_profile_pearson_median","higher","correlation_or_proportion",10,0.630981014771762,0.010625256613213,0.627566706265365,0.622817061648306,0.637026168562274,0.620433757944564,0.653591097823811
"joint",0.9,"Raw","clean_log1p_rmse_study","lower","log1p_effect_or_ratio",10,0.29282729090604,0.0105364097871709,0.290719153238894,0.285862451114408,0.298750852491105,0.27765770712605,0.312230142136171
"joint",0.9,"Raw","clean_sample_profile_pearson_mean","higher","correlation_or_proportion",10,0.523449885647865,0.0134373460329993,0.525989992223559,0.51612314079473,0.531839146031472,0.498373616481116,0.541941701699589
"joint",0.9,"Raw","clean_sample_profile_pearson_median","higher","correlation_or_proportion",10,0.523848518440843,0.0132108866499382,0.525967717223349,0.514960166445164,0.533262321913355,0.499937144843789,0.544033661753639
"joint",0.9,"Raw","coefficient_pearson_vs_clean_all","higher","correlation_or_proportion",10,0.624495581023929,0.0165333049087612,0.627097629140903,0.612138060799667,0.637152359465164,0.594586753936528,0.644890624974961
"joint",0.9,"Raw","coefficient_pearson_vs_injected_all","higher","correlation_or_proportion",10,0.534123748251739,0.0201242053353114,0.538002075084679,0.518189291568781,0.550031859977802,0.502520463706842,0.557465247032605
"joint",0.9,"Raw","coefficient_pearson_vs_injected_responsive","higher","correlation_or_proportion",10,0.890344643174955,0.0135808662521307,0.890718505691804,0.878690829791443,0.901689004417404,0.872694537788303,0.911519015922385
"joint",0.9,"Raw","coefficient_spearman_vs_injected_all","higher","correlation_or_proportion",10,0.441143636502339,0.013072681396523,0.436535096599221,0.431498785164804,0.452629931998929,0.42277629907529,0.461434576513148
"joint",0.9,"Raw","effect_rmse_vs_clean_all","lower","log1p_effect_or_ratio",10,0.0794877587360701,0.00319661688544985,0.080283852895138,0.0775804198042708,0.0820261185351379,0.0733206309016969,0.0828971162043361
"joint",0.9,"Raw","effect_rmse_vs_clean_responsive","lower","log1p_effect_or_ratio",10,0.0824333344394875,0.00780586508086593,0.0846885949494382,0.0762902537711711,0.0870628773918148,0.0697530505488884,0.0954379156368297
"joint",0.9,"Raw","effect_rmse_vs_injected_all","lower","log1p_effect_or_ratio",10,0.10287378857145,0.00279035361186951,0.103875045110944,0.100558090714749,0.10507478556123,0.0978243416276792,0.106235236048034
"joint",0.9,"Raw","effect_rmse_vs_injected_responsive","lower","log1p_effect_or_ratio",10,0.19919714976162,0.00725201749497573,0.199611284816678,0.195704441752488,0.202577312548041,0.187303065447326,0.210378530633356
"joint",0.9,"Raw","empirical_fdr","lower","proportion",10,0.656315054343576,0.0128095121083401,0.65384867558353,0.648905959879127,0.662116738587327,0.637795275590551,0.677777777777778
"joint",0.9,"Raw","heldout_qc_cv_mean","lower","percent",10,45.0597600994383,1.53042582846134,45.0352604685855,44.4957932030212,45.7658105795252,41.7869793310591,47.5743078003657
"joint",0.9,"Raw","heldout_qc_cv_median","lower","percent",10,43.1285374452415,1.15235773966691,43.0465100896214,42.8834385537773,43.7700221821417,40.8705214279567,45.1702966110176
"joint",0.9,"Raw","heldout_qc_cv_sd","lower","percent",10,31.1325078981167,1.32582917054224,31.0479118817121,30.0806759827216,32.0118674190209,29.2418695091346,33.4699193369408
"joint",0.9,"Raw","median_attenuation_ratio_clean_responsive","higher","log1p_effect_or_ratio",10,0.995319602131564,0.0248016379504443,1,1,1,0.929478682254698,1.02768017553801
"joint",0.9,"Raw","median_attenuation_ratio_injected_responsive","higher","log1p_effect_or_ratio",10,0.497876243882893,0.0193374856300668,0.507752286749672,0.488665472377645,0.508250316170461,0.455974688695409,0.520294892311603
"joint",0.9,"Raw","n_discoveries_bh_0p05","descriptive","count",10,251.4,12.5627314793488,251,246,258,227,270
"joint",0.9,"Raw","null_feature_false_positive_rate","lower","proportion",10,0.183444444444444,0.0120407401711154,0.18,0.176388888888889,0.189444444444445,0.163333333333333,0.203333333333333
"joint",0.9,"Raw","phenotype_weighted_pc_r2_categorical","descriptive","weighted_R2",10,0.176495397736218,0.00733840795013332,0.177113915339652,0.171436663578773,0.180973266557627,0.166011021685867,0.187766732011309
"joint",0.9,"Raw","recovered_vs_injected_intercept","descriptive","log1p_effect_or_ratio",10,-0.00144382138009332,0.00337515728310967,-0.000563058779617453,-0.00324670717885148,-0.000156670097671748,-0.00760351041897261,0.00409044479220068
"joint",0.9,"Raw","recovered_vs_injected_slope","descriptive","log1p_effect_or_ratio",10,0.49039803615802,0.0246182215771941,0.491206829966681,0.481709249283551,0.504458947453482,0.442452368476557,0.532892419093181
"joint",0.9,"Raw","residual_ljung_box_median_statistic","lower","value",10,11.6965913855765,0.15805816714862,11.7027544239311,11.5736496653879,11.7947408061711,11.4674888688711,11.9695643746505
"joint",0.9,"Raw","residual_ljung_box_profiles_significant","lower","count",10,1323.2,52.2999893775218,1295.5,1289.25,1357.25,1263,1416
"joint",0.9,"Raw","residual_ljung_box_profiles_tested","descriptive","count",10,5000,0,5000,5000,5000,5000,5000
"joint",0.9,"Raw","residual_ljung_box_proportion_significant","lower","proportion",10,0.26464,0.0104599978755044,0.2591,0.25785,0.27145,0.2526,0.2832
"joint",0.9,"Raw","residual_run_order_gam_mean_deviance","lower","value",10,0.133408442421682,0.00478769217677207,0.13300801002637,0.130029971108862,0.136556433211866,0.126060405018069,0.142082761489922
"joint",0.9,"Raw","retained_features","higher","count",10,1000,0,1000,1000,1000,1000,1000
"joint",0.9,"Raw","retained_samples","higher","count",10,500,0,500,500,500,500,500
"joint",0.9,"Raw","runtime_sec","lower","seconds",10,0,0,0,0,0,0,0
"joint",0.9,"Raw","sign_concordance_responsive","higher","correlation_or_proportion",10,0.962,0.013984117975602,0.965,0.95,0.97,0.94,0.98
"joint",0.9,"Raw","true_positive_rate","higher","proportion",10,0.863,0.0309300285590988,0.865,0.8525,0.8775,0.8,0.92
"joint",0.9,"WiNN fixed default (no QC)","batch_weighted_pc_r2_categorical","lower","weighted_R2",10,0.00363566305310213,0.000555633735449228,0.00373711303090869,0.00325523285754148,0.00387185938074708,0.00288765468286389,0.00454143217592798
"joint",0.9,"WiNN fixed default (no QC)","clean_feature_icc_a1_mean","higher","value",10,0.913796737367621,0.00317530649796307,0.912893064879952,0.9116603865564,0.915366816922167,0.909385722049356,0.920108542648221
"joint",0.9,"WiNN fixed default (no QC)","clean_feature_icc_a1_median","higher","value",10,0.93442528304962,0.00255971382986985,0.935350595017317,0.932963668290728,0.936177162876464,0.929487910956885,0.937020602915081
"joint",0.9,"WiNN fixed default (no QC)","clean_feature_profile_pearson_mean","higher","correlation_or_proportion",10,0.937991798755152,0.00192829156000584,0.938055152115375,0.936389695058008,0.938731134504035,0.935935914530065,0.942396737650203
"joint",0.9,"WiNN fixed default (no QC)","clean_feature_profile_pearson_median","higher","correlation_or_proportion",10,0.947255798237676,0.00206526819879342,0.947579973424688,0.946771528216636,0.94861007986156,0.943485111739142,0.949691784022919
"joint",0.9,"WiNN fixed default (no QC)","clean_log1p_rmse_study","lower","log1p_effect_or_ratio",10,0.0768259664714439,0.00174455182221468,0.0768203663166837,0.0758498284378152,0.0782354302580074,0.0737564887898962,0.0793469541325995
"joint",0.9,"WiNN fixed default (no QC)","clean_sample_profile_pearson_mean","higher","correlation_or_proportion",10,0.914855887140065,0.00353498042328022,0.914811940712458,0.911950481027046,0.91670404028047,0.910468467764364,0.921412989437725
"joint",0.9,"WiNN fixed default (no QC)","clean_sample_profile_pearson_median","higher","correlation_or_proportion",10,0.915571965406152,0.003484910392176,0.915666175140235,0.912853988062412,0.917446431805383,0.911386071493988,0.922167666899782
"joint",0.9,"WiNN fixed default (no QC)","coefficient_pearson_vs_clean_all","higher","correlation_or_proportion",10,0.880688517871213,0.00459642674087068,0.881075833744753,0.878027560354671,0.8843432376316,0.871866321646915,0.886086156695773
"joint",0.9,"WiNN fixed default (no QC)","coefficient_pearson_vs_injected_all","higher","correlation_or_proportion",10,0.716252150612925,0.0166989089731567,0.71397599392934,0.705306524239645,0.730170123287127,0.693277290441806,0.743426564981073
"joint",0.9,"WiNN fixed default (no QC)","coefficient_pearson_vs_injected_responsive","higher","correlation_or_proportion",10,0.929225901354032,0.00826888264455572,0.930665605242168,0.925437365187771,0.931952304606117,0.914317306700998,0.945790802017293
"joint",0.9,"WiNN fixed default (no QC)","coefficient_spearman_vs_injected_all","higher","correlation_or_proportion",10,0.503891859509365,0.00442511479116364,0.504167911816374,0.501508717470089,0.506095896182785,0.497157059574881,0.512416617656756
"joint",0.9,"WiNN fixed default (no QC)","effect_rmse_vs_clean_all","lower","log1p_effect_or_ratio",10,0.0323953540227932,0.000703528013271742,0.0323019914815515,0.0320102993620942,0.032908874321868,0.0313251590262344,0.0335979019907393
"joint",0.9,"WiNN fixed default (no QC)","effect_rmse_vs_clean_responsive","lower","log1p_effect_or_ratio",10,0.0826182716599623,0.00253193387248593,0.0831803576963208,0.0815160963187253,0.0844030511926429,0.0772291862703757,0.0853973354834452
"joint",0.9,"WiNN fixed default (no QC)","effect_rmse_vs_injected_all","lower","log1p_effect_or_ratio",10,0.0839863912582369,0.0012150248848269,0.0841576711155385,0.0831728801694453,0.0849278305193067,0.0816651340214565,0.0855685865508998
"joint",0.9,"WiNN fixed default (no QC)","effect_rmse_vs_injected_responsive","lower","log1p_effect_or_ratio",10,0.248744273990865,0.00356339343913186,0.249387375803884,0.246460224838677,0.251713342314287,0.241660286628324,0.253108590244766
"joint",0.9,"WiNN fixed default (no QC)","empirical_fdr","lower","proportion",10,0.0542259133627138,0.0331928598525153,0.0577777777777778,0.0286693112152903,0.07266139657444,0,0.115384615384615
"joint",0.9,"WiNN fixed default (no QC)","heldout_qc_cv_mean","lower","percent",10,9.64191995447209,0.17877838741199,9.62390213233321,9.51425045451667,9.72007790304734,9.39791623799559,9.9585793444446
"joint",0.9,"WiNN fixed default (no QC)","heldout_qc_cv_median","lower","percent",10,8.64493149047843,0.28502807457517,8.54287828737023,8.47812208498915,8.8615337683249,8.19815735834995,9.05139175703346
"joint",0.9,"WiNN fixed default (no QC)","heldout_qc_cv_sd","lower","percent",10,6.81937119856914,0.167875721106971,6.78473273480522,6.70388144307053,6.89751456061241,6.59892923386994,7.15180943891976
"joint",0.9,"WiNN fixed default (no QC)","median_attenuation_ratio_clean_responsive","higher","log1p_effect_or_ratio",10,0.543050439585922,0.0230659569006769,0.543699467305674,0.53198859426803,0.555844992688885,0.506575856115127,0.588147730992205
"joint",0.9,"WiNN fixed default (no QC)","median_attenuation_ratio_injected_responsive","higher","log1p_effect_or_ratio",10,0.285794614594918,0.0171538574110534,0.280024631260525,0.274841715866604,0.293048232179303,0.268331989331514,0.326125258218727
"joint",0.9,"WiNN fixed default (no QC)","n_discoveries_bh_0p05","descriptive","count",10,53.5,6.80277721065285,53,47.75,55,47,69
"joint",0.9,"WiNN fixed default (no QC)","null_feature_false_positive_rate","lower","proportion",10,0.00333333333333333,0.0020951312035157,0.00333333333333333,0.00166666666666667,0.00444444444444444,0,0.00666666666666667
"joint",0.9,"WiNN fixed default (no QC)","phenotype_weighted_pc_r2_categorical","descriptive","weighted_R2",10,0.0591932114074362,0.00438786492598904,0.0582525798305502,0.0555039791853914,0.0625308632796104,0.0548050328234834,0.0674703397353996
"joint",0.9,"WiNN fixed default (no QC)","recovered_vs_injected_intercept","descriptive","log1p_effect_or_ratio",10,-0.000242632172734852,0.000705591858047285,-7.72133172584442e-05,-0.000811189026700006,0.000267643186603875,-0.00124600730671997,0.000853457008844596
"joint",0.9,"WiNN fixed default (no QC)","recovered_vs_injected_slope","descriptive","log1p_effect_or_ratio",10,0.299467277026042,0.0108411539582128,0.298786800867928,0.290229165237638,0.306322850557061,0.286707284878823,0.321031413762532
"joint",0.9,"WiNN fixed default (no QC)","residual_ljung_box_median_statistic","lower","value",10,10.4856718528564,0.0998955534343148,10.5024992186511,10.4225796590037,10.5552591234046,10.3120870443776,10.6154066947
"joint",0.9,"WiNN fixed default (no QC)","residual_ljung_box_profiles_significant","lower","count",10,37.8,8.05260482356141,37.5,34.25,44.25,24,49
"joint",0.9,"WiNN fixed default (no QC)","residual_ljung_box_profiles_tested","descriptive","count",10,5000,0,5000,5000,5000,5000,5000
"joint",0.9,"WiNN fixed default (no QC)","residual_ljung_box_proportion_significant","lower","proportion",10,0.00756,0.00161052096471228,0.0075,0.00685,0.00885,0.0048,0.0098
"joint",0.9,"WiNN fixed default (no QC)","residual_run_order_gam_mean_deviance","lower","value",10,0.0221811859917061,0.000828074930648397,0.0223694113600289,0.0215149555254773,0.0226374539048784,0.0209269414075244,0.0236246725775885
"joint",0.9,"WiNN fixed default (no QC)","retained_features","higher","count",10,1000,0,1000,1000,1000,1000,1000
"joint",0.9,"WiNN fixed default (no QC)","retained_samples","higher","count",10,500,0,500,500,500,500,500
"joint",0.9,"WiNN fixed default (no QC)","runtime_sec","lower","seconds",10,7.3886,0.384522850065145,7.3325,7.14575,7.56925,6.91,8.194
"joint",0.9,"WiNN fixed default (no QC)","sign_concordance_responsive","higher","correlation_or_proportion",10,0.997,0.00483045891539648,1,0.9925,1,0.99,1
"joint",0.9,"WiNN fixed default (no QC)","true_positive_rate","higher","proportion",10,0.505,0.0575905084772367,0.49,0.4625,0.51,0.46,0.64
"joint",1,"Raw","batch_weighted_pc_r2_categorical","lower","weighted_R2",10,0.961817171333165,0.00213421743044544,0.962214951085981,0.960238022843612,0.963424877264277,0.958620484239184,0.964502137917536
"joint",1,"Raw","clean_feature_icc_a1_mean","higher","value",10,0.588155968608936,0.0101511267498822,0.587438680082078,0.584304771140921,0.591366053084731,0.575511721492413,0.611507987689241
"joint",1,"Raw","clean_feature_icc_a1_median","higher","value",10,0.560911809480663,0.0152142318105197,0.556233409609616,0.548432323797846,0.571036129018655,0.546709303617578,0.592885490352236
"joint",1,"Raw","clean_feature_profile_pearson_mean","higher","correlation_or_proportion",10,0.652018410209828,0.0084134069841049,0.651186825340968,0.648388312219393,0.655335889853695,0.641057559329363,0.671112225018544
"joint",1,"Raw","clean_feature_profile_pearson_median","higher","correlation_or_proportion",10,0.631340525731783,0.0105263956788709,0.627668704526765,0.623966481791911,0.637111168094916,0.620433757944564,0.653591097823811
"joint",1,"Raw","clean_log1p_rmse_study","lower","log1p_effect_or_ratio",10,0.292822411092293,0.0105386623029717,0.290728948737707,0.285872718531333,0.298734196097943,0.277629236949102,0.312233681801583
"joint",1,"Raw","clean_sample_profile_pearson_mean","higher","correlation_or_proportion",10,0.523439889220456,0.0134030139265868,0.525883843210541,0.516075927166851,0.531911453753464,0.498518514386008,0.541794479862809
"joint",1,"Raw","clean_sample_profile_pearson_median","higher","correlation_or_proportion",10,0.523913523520348,0.0133210584390175,0.525995318624539,0.514897885935656,0.533549780277627,0.500058827089837,0.544033661753639
"joint",1,"Raw","coefficient_pearson_vs_clean_all","higher","correlation_or_proportion",10,0.450154982300368,0.0252279784050646,0.457331592937421,0.438570863358238,0.464700594130051,0.397886438160324,0.47792533711186
"joint",1,"Raw","coefficient_pearson_vs_injected_all","higher","correlation_or_proportion",10,0.362658069498459,0.0265038272563468,0.367724752194794,0.363065094957512,0.378112038147087,0.309978684898127,0.392133904979348
"joint",1,"Raw","coefficient_pearson_vs_injected_responsive","higher","correlation_or_proportion",10,0.764453266397259,0.0310389805702891,0.775123483649239,0.741161730186356,0.783498379349988,0.714304503853893,0.803892219597142
"joint",1,"Raw","coefficient_spearman_vs_injected_all","higher","correlation_or_proportion",10,0.358911816937939,0.0192847739223418,0.359903195262713,0.351282037897001,0.368800952658264,0.328326974034425,0.391698505623546
"joint",1,"Raw","effect_rmse_vs_clean_all","lower","log1p_effect_or_ratio",10,0.132607108582331,0.00671860597809759,0.134302864823116,0.131846711249589,0.135857021533811,0.120794206712231,0.142352165541112
"joint",1,"Raw","effect_rmse_vs_clean_responsive","lower","log1p_effect_or_ratio",10,0.13945848636478,0.0139364266879654,0.14218404418357,0.131563205026514,0.148690178080614,0.116037173763895,0.160937227801975
"joint",1,"Raw","effect_rmse_vs_injected_all","lower","log1p_effect_or_ratio",10,0.149618213758434,0.00568224001870391,0.150933895633833,0.147774552848796,0.152800395951685,0.139734221578303,0.156183792969049
"joint",1,"Raw","effect_rmse_vs_injected_responsive","lower","log1p_effect_or_ratio",10,0.23085543291392,0.0118367805850968,0.227627499676934,0.224000860747994,0.23956284085737,0.215541483228261,0.250053118222102
"joint",1,"Raw","empirical_fdr","lower","proportion",10,0.735825461620229,0.0127495238888495,0.734027065085086,0.727540732471974,0.741419945680232,0.719298245614035,0.759259259259259
"joint",1,"Raw","heldout_qc_cv_mean","lower","percent",10,45.0597600994383,1.53042582846134,45.0352604685855,44.4957932030212,45.7658105795252,41.7869793310591,47.5743078003657
"joint",1,"Raw","heldout_qc_cv_median","lower","percent",10,43.1285374452415,1.15235773966691,43.0465100896214,42.8834385537773,43.7700221821417,40.8705214279567,45.1702966110176
"joint",1,"Raw","heldout_qc_cv_sd","lower","percent",10,31.1325078981167,1.32582917054224,31.0479118817121,30.0806759827216,32.0118674190209,29.2418695091346,33.4699193369408
"joint",1,"Raw","median_attenuation_ratio_clean_responsive","higher","log1p_effect_or_ratio",10,0.997985623780443,0.016476682557246,1,1,1,0.954632343666975,1.01918209311181
"joint",1,"Raw","median_attenuation_ratio_injected_responsive","higher","log1p_effect_or_ratio",10,0.488275030212042,0.0317260690754427,0.484481414606992,0.464855829173154,0.518831373661545,0.445021086564913,0.530016568952842
"joint",1,"Raw","n_discoveries_bh_0p05","descriptive","count",10,295.7,13.1829013835684,295.5,286.5,302,277,324
"joint",1,"Raw","null_feature_false_positive_rate","lower","proportion",10,0.241888888888889,0.0143925944987704,0.241666666666667,0.231666666666666,0.246388888888889,0.224444444444444,0.273333333333333
"joint",1,"Raw","phenotype_weighted_pc_r2_categorical","descriptive","weighted_R2",10,0.207875501064163,0.00777627679153959,0.209247348356107,0.202391315326265,0.211467123759126,0.196493978794602,0.219173589337592
"joint",1,"Raw","recovered_vs_injected_intercept","descriptive","log1p_effect_or_ratio",10,-0.00147644180083252,0.00551035163874225,-6.4220039139227e-05,-0.00610249794641652,0.00213153709094313,-0.0099858971323971,0.0070459026925375
"joint",1,"Raw","recovered_vs_injected_slope","descriptive","log1p_effect_or_ratio",10,0.486130270264839,0.0456578160194719,0.494559424612386,0.464291726026079,0.504155421564021,0.418718890506065,0.573051139615228
"joint",1,"Raw","residual_ljung_box_median_statistic","lower","value",10,11.720803555778,0.160084244014429,11.7138928947245,11.5879576533744,11.8310329942964,11.5083363165068,12.0141887517647
"joint",1,"Raw","residual_ljung_box_profiles_significant","lower","count",10,1328.8,51.9354299961875,1300.5,1291.25,1368.5,1273,1416
"joint",1,"Raw","residual_ljung_box_profiles_tested","descriptive","count",10,5000,0,5000,5000,5000,5000,5000
"joint",1,"Raw","residual_ljung_box_proportion_significant","lower","proportion",10,0.26576,0.0103870859992375,0.2601,0.25825,0.2737,0.2546,0.2832
"joint",1,"Raw","residual_run_order_gam_mean_deviance","lower","value",10,0.132549454229213,0.00479811238288423,0.132249441126655,0.128933291791808,0.135921317428537,0.125326463713775,0.141144766370392
"joint",1,"Raw","retained_features","higher","count",10,1000,0,1000,1000,1000,1000,1000
"joint",1,"Raw","retained_samples","higher","count",10,500,0,500,500,500,500,500
"joint",1,"Raw","runtime_sec","lower","seconds",10,0,0,0,0,0,0,0
"joint",1,"Raw","sign_concordance_responsive","higher","correlation_or_proportion",10,0.902,0.0248551358430763,0.9,0.89,0.9175,0.86,0.95
"joint",1,"Raw","true_positive_rate","higher","proportion",10,0.78,0.0249443825784929,0.78,0.7625,0.795,0.75,0.83
"joint",1,"WiNN fixed default (no QC)","batch_weighted_pc_r2_categorical","lower","weighted_R2",10,0.000928111936657962,0.000282625287464688,0.00082844059048565,0.000745606188436853,0.00102182758335604,0.000615325176228387,0.00149405536075862
"joint",1,"WiNN fixed default (no QC)","clean_feature_icc_a1_mean","higher","value",10,0.912439491745594,0.00314466640455406,0.911597666328851,0.91031177130554,0.913976293412257,0.908125788249589,0.918723731061474
"joint",1,"WiNN fixed default (no QC)","clean_feature_icc_a1_median","higher","value",10,0.933927109465818,0.00230531846000453,0.934804999576317,0.932805400356432,0.935527209171015,0.929200638777019,0.936579742804603
"joint",1,"WiNN fixed default (no QC)","clean_feature_profile_pearson_mean","higher","correlation_or_proportion",10,0.936819291407748,0.00190513854691813,0.936883565399419,0.935233388408621,0.937525296553465,0.934742861774485,0.941177681975139
"joint",1,"WiNN fixed default (no QC)","clean_feature_profile_pearson_median","higher","correlation_or_proportion",10,0.947132231122184,0.00201461375504662,0.947574328427891,0.946441394494741,0.948431424284964,0.943537907451668,0.949526879586955
"joint",1,"WiNN fixed default (no QC)","clean_log1p_rmse_study","lower","log1p_effect_or_ratio",10,0.0773478920081727,0.0017213366707744,0.077321406614148,0.0764252006578298,0.0787320903782197,0.0743308389118191,0.0798653921385101
"joint",1,"WiNN fixed default (no QC)","clean_sample_profile_pearson_mean","higher","correlation_or_proportion",10,0.913444597537684,0.00351879039758343,0.913477349571796,0.910509920991695,0.915165171714992,0.909028279012462,0.919963836403038
"joint",1,"WiNN fixed default (no QC)","clean_sample_profile_pearson_median","higher","correlation_or_proportion",10,0.91435412608616,0.00340950331037222,0.914508651057273,0.911573766933865,0.916030396022453,0.910215896428082,0.920835142963772
"joint",1,"WiNN fixed default (no QC)","coefficient_pearson_vs_clean_all","higher","correlation_or_proportion",10,0.65638645188123,0.01118163305548,0.657739273876793,0.646007192689625,0.665412308215247,0.641458597471687,0.671957035086499
"joint",1,"WiNN fixed default (no QC)","coefficient_pearson_vs_injected_all","higher","correlation_or_proportion",10,0.421825367582525,0.0245947592701866,0.423355086283162,0.409717628617716,0.431219505259755,0.373203776907735,0.465380602515476
"joint",1,"WiNN fixed default (no QC)","coefficient_pearson_vs_injected_responsive","higher","correlation_or_proportion",10,0.745975526212548,0.0339900171144543,0.743225143099501,0.716585242271621,0.770273412713872,0.703385877047027,0.801723317775049
"joint",1,"WiNN fixed default (no QC)","coefficient_spearman_vs_injected_all","higher","correlation_or_proportion",10,0.365955532549314,0.0197150592699309,0.369882705250212,0.350334477398737,0.383699013671436,0.330233049487581,0.386637546661718
"joint",1,"WiNN fixed default (no QC)","effect_rmse_vs_clean_all","lower","log1p_effect_or_ratio",10,0.0517742995197795,0.00111690175997991,0.0516413446540711,0.051182720053808,0.0524640114563888,0.0496352652684275,0.0536199949828516
"joint",1,"WiNN fixed default (no QC)","effect_rmse_vs_clean_responsive","lower","log1p_effect_or_ratio",10,0.136740997214406,0.00469938920732112,0.136339486645203,0.133370223903586,0.138531269009476,0.131220094857512,0.147582270830345
"joint",1,"WiNN fixed default (no QC)","effect_rmse_vs_injected_all","lower","log1p_effect_or_ratio",10,0.100382991410349,0.0012128494044979,0.100316729398914,0.0999404722588749,0.101003588955685,0.0981512374409615,0.102687347728123
"joint",1,"WiNN fixed default (no QC)","effect_rmse_vs_injected_responsive","lower","log1p_effect_or_ratio",10,0.296567380422432,0.0043282517717902,0.296539935001119,0.294073203407959,0.298926259275412,0.289345107520328,0.30440404671838
"joint",1,"WiNN fixed default (no QC)","empirical_fdr","lower","proportion",10,0.256795448087008,0.0624960386144421,0.258333333333334,0.25,0.297705314009662,0.117647058823529,0.333333333333333
"joint",1,"WiNN fixed default (no QC)","heldout_qc_cv_mean","lower","percent",10,9.74602125493126,0.18415147481869,9.72736976356979,9.61080132033271,9.82787878570968,9.49498855112718,10.0732672221336
"joint",1,"WiNN fixed default (no QC)","heldout_qc_cv_median","lower","percent",10,8.65185196099352,0.278291124684376,8.54287828737023,8.48885731318304,8.8580985854367,8.23727167290393,9.05290400579311
"joint",1,"WiNN fixed default (no QC)","heldout_qc_cv_sd","lower","percent",10,6.94895161722505,0.153315691359415,6.91817939267142,6.84454437416631,7.02213891631686,6.7591642204205,7.25208733052411
"joint",1,"WiNN fixed default (no QC)","median_attenuation_ratio_clean_responsive","higher","log1p_effect_or_ratio",10,0.226368346389621,0.0199945822637504,0.230782638157445,0.210111151132256,0.243219365812549,0.191977107755637,0.251362228276857
"joint",1,"WiNN fixed default (no QC)","median_attenuation_ratio_injected_responsive","higher","log1p_effect_or_ratio",10,0.121309196728125,0.0120296641041866,0.122855226564713,0.112765973514369,0.128240565159185,0.102527847466144,0.140842575107826
"joint",1,"WiNN fixed default (no QC)","n_discoveries_bh_0p05","descriptive","count",10,17.8,5.32916503778969,17.5,16,21.5,6,25
"joint",1,"WiNN fixed default (no QC)","null_feature_false_positive_rate","lower","proportion",10,0.005,0.00190659817425685,0.005,0.00444444444444444,0.00555555555555556,0.00222222222222222,0.00777777777777778
"joint",1,"WiNN fixed default (no QC)","phenotype_weighted_pc_r2_categorical","descriptive","weighted_R2",10,0.00212827903396891,0.00112006580523897,0.00193071311262799,0.00130467728202098,0.00298801465046441,0.000439197472222175,0.00407830183368569
"joint",1,"WiNN fixed default (no QC)","recovered_vs_injected_intercept","descriptive","log1p_effect_or_ratio",10,-8.84538854882551e-05,0.000868305524945505,2.1891768900061e-05,-0.000580649200435486,0.000512001443772431,-0.0016293420843792,0.0010689784624929
"joint",1,"WiNN fixed default (no QC)","recovered_vs_injected_slope","descriptive","log1p_effect_or_ratio",10,0.165863599545197,0.0136423580251817,0.167761740860911,0.157321407762691,0.171164368420572,0.142326000613943,0.191102473821793
"joint",1,"WiNN fixed default (no QC)","residual_ljung_box_median_statistic","lower","value",10,10.4964789682108,0.0912910270665635,10.5060877050571,10.4263367565877,10.5813875383821,10.3555123729805,10.6030528070435
"joint",1,"WiNN fixed default (no QC)","residual_ljung_box_profiles_significant","lower","count",10,36.4,8.72034657822982,36.5,29.25,42.5,24,49
"joint",1,"WiNN fixed default (no QC)","residual_ljung_box_profiles_tested","descriptive","count",10,5000,0,5000,5000,5000,5000,5000
"joint",1,"WiNN fixed default (no QC)","residual_ljung_box_proportion_significant","lower","proportion",10,0.00728,0.00174406931564596,0.0073,0.00585,0.0085,0.0048,0.0098
"joint",1,"WiNN fixed default (no QC)","residual_run_order_gam_mean_deviance","lower","value",10,0.0210312082730866,0.000692083590658439,0.0211354381909722,0.0204892555607315,0.0213581027551696,0.0199128606364829,0.0221310291083152
"joint",1,"WiNN fixed default (no QC)","retained_features","higher","count",10,1000,0,1000,1000,1000,1000,1000
"joint",1,"WiNN fixed default (no QC)","retained_samples","higher","count",10,500,0,500,500,500,500,500
"joint",1,"WiNN fixed default (no QC)","runtime_sec","lower","seconds",10,7.1898,0.214494133563912,7.232,6.97275,7.30075,6.925,7.5
"joint",1,"WiNN fixed default (no QC)","sign_concordance_responsive","higher","correlation_or_proportion",10,0.954,0.0231900361745681,0.96,0.9325,0.9675,0.92,0.99
"joint",1,"WiNN fixed default (no QC)","true_positive_rate","higher","proportion",10,0.133,0.0416466618643613,0.14,0.12,0.15,0.04,0.2
"none",0,"Raw","batch_weighted_pc_r2_categorical","lower","weighted_R2",10,0.96266429155682,0.00174051177374632,0.963007817786746,0.962550330968508,0.963664128629228,0.959492329588416,0.964891302505887
"none",0,"Raw","clean_feature_icc_a1_mean","higher","value",10,0.588591024210951,0.0104779726891915,0.588078686034842,0.584682045835387,0.591467851577619,0.575452784104532,0.61253885064166
"none",0,"Raw","clean_feature_icc_a1_median","higher","value",10,0.560545085276647,0.0153595959622767,0.556770602760096,0.547677592166753,0.570047948231737,0.544614485718036,0.592885490352236
"none",0,"Raw","clean_feature_profile_pearson_mean","higher","correlation_or_proportion",10,0.652375393310336,0.00906105962944535,0.652427661492208,0.648777677195341,0.655039846230316,0.640829141244486,0.672893789562515
"none",0,"Raw","clean_feature_profile_pearson_median","higher","correlation_or_proportion",10,0.627983173644706,0.0126116466634449,0.62396322534705,0.619123047592749,0.634399273128076,0.614946049313928,0.655279115143808
"none",0,"Raw","clean_log1p_rmse_study","lower","log1p_effect_or_ratio",10,0.292867362197504,0.010524687836307,0.290625374915438,0.285732287877812,0.298960935433217,0.277877460946567,0.312086881801403
"none",0,"Raw","clean_sample_profile_pearson_mean","higher","correlation_or_proportion",10,0.523549774226687,0.0138366065638491,0.525155785064803,0.516811524098935,0.532574211667995,0.497527612203722,0.543943407277066
"none",0,"Raw","clean_sample_profile_pearson_median","higher","correlation_or_proportion",10,0.523844469025692,0.0133781127355066,0.525070706206968,0.515713942965948,0.532937572057951,0.499117053942337,0.544632905815117
"none",0,"Raw","coefficient_pearson_vs_clean_all","higher","correlation_or_proportion",10,0.987626816275766,0.00567128186949301,0.990310398281068,0.984137367378612,0.991869493038327,0.977174090987053,0.992662213475163
"none",0,"Raw","coefficient_pearson_vs_injected_all","higher","correlation_or_proportion",10,0.945548565980144,0.00588479132755749,0.948167782947056,0.942559660498893,0.949586993869956,0.9351412531932,0.95218146766251
"none",0,"Raw","coefficient_pearson_vs_injected_responsive","higher","correlation_or_proportion",10,0.994239042539479,0.000827371298202639,0.994243779878603,0.993722552585435,0.994833857500397,0.992591633452683,0.995274453833518
"none",0,"Raw","coefficient_spearman_vs_injected_all","higher","correlation_or_proportion",10,0.520336689798318,0,0.520336689798318,0.520336689798318,0.520336689798318,0.520336689798318,0.520336689798318
"none",0,"Raw","effect_rmse_vs_clean_all","lower","log1p_effect_or_ratio",10,0.00899791724939201,0.00201889657697167,0.0080707934086766,0.00745015687087318,0.0104502898134381,0.00704796716521706,0.0124842598608557
"none",0,"Raw","effect_rmse_vs_clean_responsive","lower","log1p_effect_or_ratio",10,0.00865207410471226,0.00217055864120442,0.00815117915310504,0.00728542356740065,0.0104060832066583,0.00566974275492349,0.0118907856817249
"none",0,"Raw","effect_rmse_vs_injected_all","lower","log1p_effect_or_ratio",10,0.0585260990755364,0.000748653763450679,0.0584085060803742,0.0580369145181198,0.0592837878934419,0.0575196491813769,0.0594409186705537
"none",0,"Raw","effect_rmse_vs_injected_responsive","lower","log1p_effect_or_ratio",10,0.176000634543361,0.00212546590391005,0.175536996113058,0.175167169751767,0.177309868600557,0.172727064511703,0.179202711528424
"none",0,"Raw","empirical_fdr","lower","proportion",10,0.0534797161014955,0.0213922031831319,0.0476190476190476,0.0407509157509158,0.0543575920934412,0.029126213592233,0.0990990990990991
"none",0,"Raw","heldout_qc_cv_mean","lower","percent",10,45.0597600994383,1.53042582846134,45.0352604685855,44.4957932030212,45.7658105795252,41.7869793310591,47.5743078003657
"none",0,"Raw","heldout_qc_cv_median","lower","percent",10,43.1285374452415,1.15235773966691,43.0465100896214,42.8834385537773,43.7700221821417,40.8705214279567,45.1702966110176
"none",0,"Raw","heldout_qc_cv_sd","lower","percent",10,31.1325078981167,1.32582917054224,31.0479118817121,30.0806759827216,32.0118674190209,29.2418695091346,33.4699193369408
"none",0,"Raw","median_attenuation_ratio_clean_responsive","higher","log1p_effect_or_ratio",10,0.999591983097265,0.00246989239748982,1,1,1.00058676991136,0.993174056653259,1.00177256079763
"none",0,"Raw","median_attenuation_ratio_injected_responsive","higher","log1p_effect_or_ratio",10,0.498608002996349,0.00599130448867495,0.499685852622615,0.497525729513932,0.501489948492161,0.486151307366038,0.508234734228149
"none",0,"Raw","n_discoveries_bh_0p05","descriptive","count",10,105.7,2.45175673979111,105,104.25,105.75,103,111
"none",0,"Raw","null_feature_false_positive_rate","lower","proportion",10,0.00633333333333333,0.00272417415532345,0.00555555555555556,0.00472222222222222,0.00638888888888889,0.00333333333333333,0.0122222222222222
"none",0,"Raw","phenotype_weighted_pc_r2_categorical","descriptive","weighted_R2",10,0.00175743828642634,0.00154457576237738,0.00136134038602183,0.00049201102704661,0.00293548654984339,4.57648698531845e-05,0.00430135841672349
"none",0,"Raw","recovered_vs_injected_intercept","descriptive","log1p_effect_or_ratio",10,2.84391363164607e-06,0.000821593234786793,-0.000136607466824124,-0.00059764931087378,0.000588620835679158,-0.00115681633925833,0.00142691046896644
"none",0,"Raw","recovered_vs_injected_slope","descriptive","log1p_effect_or_ratio",10,0.500063592352448,0.00592778131563947,0.50117106667717,0.49667726376072,0.502036959529263,0.491539889546459,0.509316076968848
"none",0,"Raw","residual_ljung_box_median_statistic","lower","value",10,11.5569979942752,0.157162072129856,11.546262571766,11.4163382341098,11.6829028350271,11.3668030210609,11.805539335192
"none",0,"Raw","residual_ljung_box_profiles_significant","lower","count",10,1271.7,55.5638771545367,1251,1232.25,1313.75,1205,1370
"none",0,"Raw","residual_ljung_box_profiles_tested","descriptive","count",10,5000,0,5000,5000,5000,5000,5000
"none",0,"Raw","residual_ljung_box_proportion_significant","lower","proportion",10,0.25434,0.0111127754309073,0.2502,0.24645,0.26275,0.241,0.274
"none",0,"Raw","residual_run_order_gam_mean_deviance","lower","value",10,0.128751097942359,0.00472106093966776,0.129124744465544,0.125205966917656,0.131992541831302,0.121436964414305,0.137222245729035
"none",0,"Raw","retained_features","higher","count",10,1000,0,1000,1000,1000,1000,1000
"none",0,"Raw","retained_samples","higher","count",10,500,0,500,500,500,500,500
"none",0,"Raw","runtime_sec","lower","seconds",10,0,0,0,0,0,0,0
"none",0,"Raw","sign_concordance_responsive","higher","correlation_or_proportion",10,1,0,1,1,1,1,1
"none",0,"Raw","true_positive_rate","higher","proportion",10,1,0,1,1,1,1,1
"none",0,"WiNN fixed default (no QC)","batch_weighted_pc_r2_categorical","lower","weighted_R2",10,0.000549045612587331,0.000153681047154352,0.000548231674134736,0.00045812581635991,0.000662776287785482,0.000278422397444846,0.000749242213569395
"none",0,"WiNN fixed default (no QC)","clean_feature_icc_a1_mean","higher","value",10,0.921329732438653,0.00314388830701041,0.92064706319184,0.919333606129947,0.92290992691322,0.916751210038202,0.927534189576646
"none",0,"WiNN fixed default (no QC)","clean_feature_icc_a1_median","higher","value",10,0.942055470989082,0.00206039550156574,0.942343810430887,0.940678126011415,0.943595608724768,0.938745178081,0.944599771066166
"none",0,"WiNN fixed default (no QC)","clean_feature_profile_pearson_mean","higher","correlation_or_proportion",10,0.944792389548987,0.00194214831122504,0.944879172802817,0.943297305997465,0.945464154644422,0.942727255015865,0.949311596169073
"none",0,"WiNN fixed default (no QC)","clean_feature_profile_pearson_median","higher","correlation_or_proportion",10,0.953471021339302,0.00192692662384458,0.954027752097616,0.952534971638506,0.954821880897595,0.950187065356239,0.955904064878645
"none",0,"WiNN fixed default (no QC)","clean_log1p_rmse_study","lower","log1p_effect_or_ratio",10,0.073592794942548,0.00177301961471444,0.0736965274477118,0.0726212107160811,0.0748004471080993,0.0704027015052623,0.0762747539737501
"none",0,"WiNN fixed default (no QC)","clean_sample_profile_pearson_mean","higher","correlation_or_proportion",10,0.923240096373874,0.00341029810261097,0.922877721564326,0.920989632954565,0.925012054632959,0.91877652595724,0.929713456726092
"none",0,"WiNN fixed default (no QC)","clean_sample_profile_pearson_median","higher","correlation_or_proportion",10,0.924238313612432,0.00328542282470944,0.924046472571763,0.9220488977043,0.925828310793675,0.920068033964125,0.930566061630741
"none",0,"WiNN fixed default (no QC)","coefficient_pearson_vs_clean_all","higher","correlation_or_proportion",10,0.991388043864348,0.00199833769499797,0.991480905256805,0.989732022449844,0.993246702369077,0.988701362395423,0.993906655671333
"none",0,"WiNN fixed default (no QC)","coefficient_pearson_vs_injected_all","higher","correlation_or_proportion",10,0.949521692421406,0.00284330960654247,0.949521766545827,0.947058308501717,0.951326069935288,0.946038904177676,0.954604132437862
"none",0,"WiNN fixed default (no QC)","coefficient_pearson_vs_injected_responsive","higher","correlation_or_proportion",10,0.990855138487241,0.00159221649344646,0.99114030416496,0.989588843533657,0.99194941423336,0.988331098097758,0.993096220890389
"none",0,"WiNN fixed default (no QC)","coefficient_spearman_vs_injected_all","higher","correlation_or_proportion",10,0.520336689798318,0,0.520336689798318,0.520336689798318,0.520336689798318,0.520336689798318,0.520336689798318
"none",0,"WiNN fixed default (no QC)","effect_rmse_vs_clean_all","lower","log1p_effect_or_ratio",10,0.00824660296419711,0.000926079440885229,0.00847165802221416,0.00740086027317664,0.00888911057665316,0.00688261243133125,0.00948411542160764
"none",0,"WiNN fixed default (no QC)","effect_rmse_vs_clean_responsive","lower","log1p_effect_or_ratio",10,0.0202271988712889,0.003205877021917,0.0210039834439979,0.0172486754405052,0.0229628311609183,0.0158747195874348,0.0240031146167573
"none",0,"WiNN fixed default (no QC)","effect_rmse_vs_injected_all","lower","log1p_effect_or_ratio",10,0.0618701539316067,0.000985012498169492,0.0621198730421076,0.061211501043994,0.0622001563199769,0.0601683144386489,0.0638495300515348
"none",0,"WiNN fixed default (no QC)","effect_rmse_vs_injected_responsive","lower","log1p_effect_or_ratio",10,0.189498738128864,0.00317441767280656,0.190369467560473,0.187136533115758,0.190710126374243,0.184336881170392,0.195898535824993
"none",0,"WiNN fixed default (no QC)","empirical_fdr","lower","proportion",10,0.058200072204204,0.0137382310027852,0.0610121671662846,0.0498652291105121,0.0654205607476635,0.0384615384615385,0.0825688073394495
"none",0,"WiNN fixed default (no QC)","heldout_qc_cv_mean","lower","percent",10,8.83041180501973,0.226635664522869,8.89613119425261,8.63346492042044,8.94550558430262,8.46548872855993,9.17034528112062
"none",0,"WiNN fixed default (no QC)","heldout_qc_cv_median","lower","percent",10,7.96954407112338,0.285735142893083,8.04546125690629,7.77264682914029,8.12018812414866,7.49567053564705,8.41150024441407
"none",0,"WiNN fixed default (no QC)","heldout_qc_cv_sd","lower","percent",10,6.35742821548148,0.161783110856175,6.36094176365565,6.2774228183809,6.45866197041531,6.10746386515818,6.62351715154945
"none",0,"WiNN fixed default (no QC)","median_attenuation_ratio_clean_responsive","higher","log1p_effect_or_ratio",10,0.948434869790895,0.0109466723914449,0.94798195648874,0.941645339133074,0.955499597004029,0.929856414845383,0.964477726285645
"none",0,"WiNN fixed default (no QC)","median_attenuation_ratio_injected_responsive","higher","log1p_effect_or_ratio",10,0.467999575156303,0.0112335773572561,0.466746703950637,0.463039621108079,0.473109872358571,0.44949869659805,0.490855448387775
"none",0,"WiNN fixed default (no QC)","n_discoveries_bh_0p05","descriptive","count",10,106.2,1.54919333848297,106.5,105.25,107,104,109
"none",0,"WiNN fixed default (no QC)","null_feature_false_positive_rate","lower","proportion",10,0.00688888888888889,0.00172132593164774,0.00722222222222223,0.00583333333333334,0.00777777777777778,0.00444444444444444,0.01
"none",0,"WiNN fixed default (no QC)","phenotype_weighted_pc_r2_categorical","descriptive","weighted_R2",10,0.448581207458668,0.00882416278032959,0.448978227998075,0.443818686559719,0.453590251754256,0.431894929483705,0.460964907488679
"none",0,"WiNN fixed default (no QC)","recovered_vs_injected_intercept","descriptive","log1p_effect_or_ratio",10,-5.01354495281725e-05,0.00051507447531103,-0.00010867322396629,-0.000177529843831037,0.000127712703590103,-0.00102318116316794,0.00100065794766965
"none",0,"WiNN fixed default (no QC)","recovered_vs_injected_slope","descriptive","log1p_effect_or_ratio",10,0.462282677860242,0.00939567167157356,0.459906089863756,0.458122595022783,0.46894671006088,0.443558434422464,0.477171052758236
"none",0,"WiNN fixed default (no QC)","residual_ljung_box_median_statistic","lower","value",10,10.4535995003845,0.0769322451191162,10.4494464259599,10.3890409170842,10.5274486632289,10.3371323145365,10.5392079152226
"none",0,"WiNN fixed default (no QC)","residual_ljung_box_profiles_significant","lower","count",10,36.5,10.0802336833583,39,27,44.25,23,51
"none",0,"WiNN fixed default (no QC)","residual_ljung_box_profiles_tested","descriptive","count",10,5000,0,5000,5000,5000,5000,5000
"none",0,"WiNN fixed default (no QC)","residual_ljung_box_proportion_significant","lower","proportion",10,0.0073,0.00201604673667166,0.0078,0.0054,0.00885,0.0046,0.0102
"none",0,"WiNN fixed default (no QC)","residual_run_order_gam_mean_deviance","lower","value",10,0.0209628301820096,0.000619328045335034,0.0210456007485336,0.0204659648834281,0.0214014768872758,0.0199663766954178,0.0219060855141665
"none",0,"WiNN fixed default (no QC)","retained_features","higher","count",10,1000,0,1000,1000,1000,1000,1000
"none",0,"WiNN fixed default (no QC)","retained_samples","higher","count",10,500,0,500,500,500,500,500
"none",0,"WiNN fixed default (no QC)","runtime_sec","lower","seconds",10,7.6151,0.571224697956553,7.6015,7.26025,8.037,6.538,8.497
"none",0,"WiNN fixed default (no QC)","sign_concordance_responsive","higher","correlation_or_proportion",10,1,0,1,1,1,1,1
"none",0,"WiNN fixed default (no QC)","true_positive_rate","higher","proportion",10,1,0,1,1,1,1,1
"run_order",0.25,"Raw","batch_weighted_pc_r2_categorical","lower","weighted_R2",10,0.959531226247114,0.0024261988335665,0.959579073898174,0.958851409149688,0.961147118893577,0.954108559065866,0.962841853069036
"run_order",0.25,"Raw","clean_feature_icc_a1_mean","higher","value",10,0.588609578264814,0.0104884151429223,0.588117574221545,0.584679000041827,0.591480883879457,0.57549915076027,0.612586783999764
"run_order",0.25,"Raw","clean_feature_icc_a1_median","higher","value",10,0.560303240821357,0.0154207950706715,0.556307499963216,0.548112567138548,0.569235734776207,0.544685358936984,0.592885490352236
"run_order",0.25,"Raw","clean_feature_profile_pearson_mean","higher","correlation_or_proportion",10,0.652396093964919,0.00908742317434577,0.652466151799043,0.648724440102451,0.65510169865734,0.640729902496583,0.672921212355449
"run_order",0.25,"Raw","clean_feature_profile_pearson_median","higher","correlation_or_proportion",10,0.62838442549016,0.0125229522061423,0.625158723493394,0.619917804956452,0.634032856445935,0.614946049313928,0.655649781088309
"run_order",0.25,"Raw","clean_log1p_rmse_study","lower","log1p_effect_or_ratio",10,0.29286605080221,0.0105188905615158,0.290617440497869,0.285741649059719,0.298950312546975,0.277890787491359,0.312085161960324
"run_order",0.25,"Raw","clean_sample_profile_pearson_mean","higher","correlation_or_proportion",10,0.523592013057592,0.0138626491221447,0.525268620998801,0.516926202927327,0.532562011532573,0.497368929646872,0.543931576040868
"run_order",0.25,"Raw","clean_sample_profile_pearson_median","higher","correlation_or_proportion",10,0.523878876547348,0.0132252154636286,0.525319582892385,0.515870533088549,0.532677466926835,0.499133431488374,0.54480902713663
"run_order",0.25,"Raw","coefficient_pearson_vs_clean_all","higher","correlation_or_proportion",10,0.979045471474944,0.00621930603019185,0.981158459961469,0.975202554801412,0.982291957514722,0.966425190958034,0.986761949067172
"run_order",0.25,"Raw","coefficient_pearson_vs_injected_all","higher","correlation_or_proportion",10,0.931617590375875,0.00555080878411422,0.933352675643602,0.927460056077053,0.935621758813124,0.9217803809479,0.939142670326786
"run_order",0.25,"Raw","coefficient_pearson_vs_injected_responsive","higher","correlation_or_proportion",10,0.992639082210783,0.00107369079055987,0.992717667243812,0.992263995827072,0.993280934126338,0.990280003191035,0.993985461651343
"run_order",0.25,"Raw","coefficient_spearman_vs_injected_all","higher","correlation_or_proportion",10,0.520336689798318,0,0.520336689798318,0.520336689798318,0.520336689798318,0.520336689798318,0.520336689798318
"run_order",0.25,"Raw","effect_rmse_vs_clean_all","lower","log1p_effect_or_ratio",10,0.0120343858898126,0.00181030444737576,0.0114204383836164,0.0111277444530695,0.013354618139786,0.00966255300003367,0.015489000393856
"run_order",0.25,"Raw","effect_rmse_vs_clean_responsive","lower","log1p_effect_or_ratio",10,0.0118954524605998,0.00202868935940608,0.0119413788616857,0.0105034886297892,0.0134707680582852,0.00900783217755027,0.01495035776368
"run_order",0.25,"Raw","effect_rmse_vs_injected_all","lower","log1p_effect_or_ratio",10,0.0592972662906289,0.000581958387015168,0.0591676267687917,0.0590335986319185,0.059797167862091,0.058437112177243,0.0602150438062125
"run_order",0.25,"Raw","effect_rmse_vs_injected_responsive","lower","log1p_effect_or_ratio",10,0.175870691884294,0.00177567214934445,0.175363479155752,0.174721152980722,0.175934619975966,0.17421053405247,0.179238802430982
"run_order",0.25,"Raw","empirical_fdr","lower","proportion",10,0.0758324358048853,0.0288210067265831,0.0824915824915825,0.0498652291105121,0.097051597051597,0.0384615384615385,0.115044247787611
"run_order",0.25,"Raw","heldout_qc_cv_mean","lower","percent",10,45.0597600994383,1.53042582846134,45.0352604685855,44.4957932030212,45.7658105795252,41.7869793310591,47.5743078003657
"run_order",0.25,"Raw","heldout_qc_cv_median","lower","percent",10,43.1285374452415,1.15235773966691,43.0465100896214,42.8834385537773,43.7700221821417,40.8705214279567,45.1702966110176
"run_order",0.25,"Raw","heldout_qc_cv_sd","lower","percent",10,31.1325078981167,1.32582917054224,31.0479118817121,30.0806759827216,32.0118674190209,29.2418695091346,33.4699193369408
"run_order",0.25,"Raw","median_attenuation_ratio_clean_responsive","higher","log1p_effect_or_ratio",10,1.00060885142645,0.00205360772274677,1,1,1,0.999284009221907,1.00640220714375
"run_order",0.25,"Raw","median_attenuation_ratio_injected_responsive","higher","log1p_effect_or_ratio",10,0.501865961406348,0.00681548625706024,0.505395945894108,0.496661570927057,0.507361184102116,0.49029078343708,0.508299901623669
"run_order",0.25,"Raw","n_discoveries_bh_0p05","descriptive","count",10,108.3,3.36815148775177,109,105.25,110.75,104,113
"run_order",0.25,"Raw","null_feature_false_positive_rate","lower","proportion",10,0.00922222222222221,0.00374239054194639,0.01,0.00583333333333334,0.0119444444444444,0.00444444444444444,0.0144444444444444
"run_order",0.25,"Raw","phenotype_weighted_pc_r2_categorical","descriptive","weighted_R2",10,0.0168565019072644,0.00632755729315493,0.0177104762793244,0.0162573567641526,0.0215175963246564,0.000913596278100322,0.0218844894019815
"run_order",0.25,"Raw","recovered_vs_injected_intercept","descriptive","log1p_effect_or_ratio",10,-0.000111475039745594,0.000794663010707189,-0.000418439754235572,-0.000768140654458935,0.000601389744092507,-0.000899605032566686,0.00123546355312383
"run_order",0.25,"Raw","recovered_vs_injected_slope","descriptive","log1p_effect_or_ratio",10,0.5012825268542,0.00494143746971678,0.502625310661666,0.501392754665147,0.504737155954838,0.491207037228683,0.505803023093404
"run_order",0.25,"Raw","residual_ljung_box_median_statistic","lower","value",10,11.6123594509287,0.154123706617402,11.5899207281879,11.4916810922997,11.7589593485641,11.3762742668781,11.816737389513
"run_order",0.25,"Raw","residual_ljung_box_profiles_significant","lower","count",10,1282,58.9952917142075,1259.5,1241.25,1315.25,1218,1385
"run_order",0.25,"Raw","residual_ljung_box_profiles_tested","descriptive","count",10,5000,0,5000,5000,5000,5000,5000
"run_order",0.25,"Raw","residual_ljung_box_proportion_significant","lower","proportion",10,0.2564,0.0117990583428415,0.2519,0.24825,0.26305,0.2436,0.277
"run_order",0.25,"Raw","residual_run_order_gam_mean_deviance","lower","value",10,0.131919193419141,0.00479132436483887,0.131581505157112,0.12860581278374,0.135483510718818,0.124671981350796,0.140381440276815
"run_order",0.25,"Raw","retained_features","higher","count",10,1000,0,1000,1000,1000,1000,1000
"run_order",0.25,"Raw","retained_samples","higher","count",10,500,0,500,500,500,500,500
"run_order",0.25,"Raw","runtime_sec","lower","seconds",10,0,0,0,0,0,0,0
"run_order",0.25,"Raw","sign_concordance_responsive","higher","correlation_or_proportion",10,1,0,1,1,1,1,1
"run_order",0.25,"Raw","true_positive_rate","higher","proportion",10,1,0,1,1,1,1,1
"run_order",0.25,"WiNN fixed default (no QC)","batch_weighted_pc_r2_categorical","lower","weighted_R2",10,0.000546713475844964,0.000157132928568101,0.000546963802853248,0.000437233643748911,0.000673564029191827,0.000276411299363403,0.000755502142663873
"run_order",0.25,"WiNN fixed default (no QC)","clean_feature_icc_a1_mean","higher","value",10,0.920778271811079,0.00313634863360377,0.920079071774217,0.918678135011168,0.922361597946757,0.916199663895179,0.926947028934519
"run_order",0.25,"WiNN fixed default (no QC)","clean_feature_icc_a1_median","higher","value",10,0.941237371489885,0.00251700308710811,0.942101476718437,0.939129328997536,0.943168784767353,0.937492121559764,0.944355288585959
"run_order",0.25,"WiNN fixed default (no QC)","clean_feature_profile_pearson_mean","higher","correlation_or_proportion",10,0.944270822522069,0.00195515076560051,0.944462173898096,0.94269863684953,0.944928142048822,0.942153724033703,0.948749474753976
"run_order",0.25,"WiNN fixed default (no QC)","clean_feature_profile_pearson_median","higher","correlation_or_proportion",10,0.952729047930493,0.002074866818436,0.953235797362082,0.951422615711273,0.954204939818033,0.949632064538083,0.955678334055731
"run_order",0.25,"WiNN fixed default (no QC)","clean_log1p_rmse_study","lower","log1p_effect_or_ratio",10,0.0738529718332434,0.0017610368264505,0.0739620453745026,0.0728047921484153,0.0750683075260621,0.0707022961654207,0.0764981356566132
"run_order",0.25,"WiNN fixed default (no QC)","clean_sample_profile_pearson_mean","higher","correlation_or_proportion",10,0.922573780976427,0.00339558909517433,0.922178511254759,0.920316936081086,0.924502267313528,0.918212172159502,0.929004781927534
"run_order",0.25,"WiNN fixed default (no QC)","clean_sample_profile_pearson_median","higher","correlation_or_proportion",10,0.923878604070514,0.00325702618752112,0.923765197501571,0.921819853822673,0.925448714147522,0.919753818418016,0.930166239557238
"run_order",0.25,"WiNN fixed default (no QC)","coefficient_pearson_vs_clean_all","higher","correlation_or_proportion",10,0.988600656131826,0.00214135821766059,0.988270470916601,0.987388367194499,0.990001063628639,0.984686999730388,0.992280237468835
"run_order",0.25,"WiNN fixed default (no QC)","coefficient_pearson_vs_injected_all","higher","correlation_or_proportion",10,0.941412090763752,0.00366209663082095,0.940994351115985,0.938836044467944,0.942338777642867,0.93689311619828,0.94950655611266
"run_order",0.25,"WiNN fixed default (no QC)","coefficient_pearson_vs_injected_responsive","higher","correlation_or_proportion",10,0.989715569455795,0.00165722792340578,0.989276241031462,0.988332544476471,0.991271042358494,0.987675240510649,0.992015644925905
"run_order",0.25,"WiNN fixed default (no QC)","coefficient_spearman_vs_injected_all","higher","correlation_or_proportion",10,0.520326830787353,3.11769301247348e-05,0.520336689798318,0.520336689798318,0.520336689798318,0.520238099688672,0.520336689798318
"run_order",0.25,"WiNN fixed default (no QC)","effect_rmse_vs_clean_all","lower","log1p_effect_or_ratio",10,0.00970865664642994,0.000868467942651932,0.00990122075990338,0.00931210600619309,0.0100950281637521,0.00813984570444014,0.0113372626825886
"run_order",0.25,"WiNN fixed default (no QC)","effect_rmse_vs_clean_responsive","lower","log1p_effect_or_ratio",10,0.0233821064935132,0.0029100758943832,0.0236763907154805,0.0216471957384306,0.0252740148314851,0.0183935035841135,0.0284333091314968
"run_order",0.25,"WiNN fixed default (no QC)","effect_rmse_vs_injected_all","lower","log1p_effect_or_ratio",10,0.0630259139924232,0.00102959114228931,0.0628379862637355,0.0625403723834715,0.0635601006465995,0.061463077266285,0.0651273837423646
"run_order",0.25,"WiNN fixed default (no QC)","effect_rmse_vs_injected_responsive","lower","log1p_effect_or_ratio",10,0.192373210155627,0.00337773808592059,0.191703591547808,0.190087301734579,0.193878224707772,0.188168303201271,0.199560328468529
"run_order",0.25,"WiNN fixed default (no QC)","empirical_fdr","lower","proportion",10,0.0481447701751368,0.0198975587870241,0.0476190476190476,0.0384615384615385,0.0543575920934412,0.0196078431372549,0.0909090909090909
"run_order",0.25,"WiNN fixed default (no QC)","heldout_qc_cv_mean","lower","percent",10,8.8812632643634,0.265690638991032,8.9545940882469,8.65387439103174,9.04905531011192,8.49896323704202,9.26684506551056
"run_order",0.25,"WiNN fixed default (no QC)","heldout_qc_cv_median","lower","percent",10,8.02768229088309,0.317297808560656,8.12947964093968,7.76356878289586,8.24547728819873,7.54652689635838,8.42871508717514
"run_order",0.25,"WiNN fixed default (no QC)","heldout_qc_cv_sd","lower","percent",10,6.36611300153553,0.177404090054758,6.39638543754128,6.26220275875043,6.48767815640907,6.05498397857598,6.64777002577655
"run_order",0.25,"WiNN fixed default (no QC)","median_attenuation_ratio_clean_responsive","higher","log1p_effect_or_ratio",10,0.929424059057358,0.014782633776308,0.930982862849729,0.921488386407463,0.937164429924865,0.899579208353956,0.949329086546704
"run_order",0.25,"WiNN fixed default (no QC)","median_attenuation_ratio_injected_responsive","higher","log1p_effect_or_ratio",10,0.457910929140889,0.0129518867161702,0.459254417680295,0.453079753470076,0.466176728513822,0.433088505399516,0.47542750698552
"run_order",0.25,"WiNN fixed default (no QC)","n_discoveries_bh_0p05","descriptive","count",10,105.1,2.23358207570013,105,104,105.75,102,110
"run_order",0.25,"WiNN fixed default (no QC)","null_feature_false_positive_rate","lower","proportion",10,0.00566666666666667,0.00248175786188903,0.00555555555555556,0.00444444444444444,0.00638888888888889,0.00222222222222222,0.0111111111111111
"run_order",0.25,"WiNN fixed default (no QC)","phenotype_weighted_pc_r2_categorical","descriptive","weighted_R2",10,0.421107026730845,0.0110649968808871,0.418651131931321,0.415131893176843,0.42967232010141,0.400374675119565,0.436589864444333
"run_order",0.25,"WiNN fixed default (no QC)","recovered_vs_injected_intercept","descriptive","log1p_effect_or_ratio",10,-0.000175810567598944,0.000502606232024143,-0.000243490717877511,-0.000401533508662279,0.000177392733485225,-0.00108792371176785,0.000527498258404407
"run_order",0.25,"WiNN fixed default (no QC)","recovered_vs_injected_slope","descriptive","log1p_effect_or_ratio",10,0.45434193764516,0.0100432359623342,0.456739650243901,0.449350389748063,0.460634627949097,0.433343511883269,0.466505627066051
"run_order",0.25,"WiNN fixed default (no QC)","residual_ljung_box_median_statistic","lower","value",10,10.4864729448155,0.109640242842893,10.5204559199082,10.3991568559371,10.572209912917,10.3013702391621,10.6033194768075
"run_order",0.25,"WiNN fixed default (no QC)","residual_ljung_box_profiles_significant","lower","count",10,37.5,11.8438920029599,38,30.25,44.25,21,60
"run_order",0.25,"WiNN fixed default (no QC)","residual_ljung_box_profiles_tested","descriptive","count",10,5000,0,5000,5000,5000,5000,5000
"run_order",0.25,"WiNN fixed default (no QC)","residual_ljung_box_proportion_significant","lower","proportion",10,0.0075,0.00236877840059198,0.0076,0.00605,0.00885,0.0042,0.012
"run_order",0.25,"WiNN fixed default (no QC)","residual_run_order_gam_mean_deviance","lower","value",10,0.0231711331046231,0.000736536837729757,0.0232069113346175,0.0227626817541643,0.0234965207791082,0.0221234301126869,0.0244939737399064
"run_order",0.25,"WiNN fixed default (no QC)","retained_features","higher","count",10,1000,0,1000,1000,1000,1000,1000
"run_order",0.25,"WiNN fixed default (no QC)","retained_samples","higher","count",10,500,0,500,500,500,500,500
"run_order",0.25,"WiNN fixed default (no QC)","runtime_sec","lower","seconds",10,7.0184,0.324787862389523,6.868,6.76625,7.32775,6.621,7.474
"run_order",0.25,"WiNN fixed default (no QC)","sign_concordance_responsive","higher","correlation_or_proportion",10,1,0,1,1,1,1,1
"run_order",0.25,"WiNN fixed default (no QC)","true_positive_rate","higher","proportion",10,1,0,1,1,1,1,1
"run_order",0.5,"Raw","batch_weighted_pc_r2_categorical","lower","weighted_R2",10,0.954170479679855,0.00298473952592268,0.953997693825874,0.952786393377513,0.955750517397181,0.948017135372706,0.958201437608873
"run_order",0.5,"Raw","clean_feature_icc_a1_mean","higher","value",10,0.588592285205289,0.01050526976455,0.588059345488247,0.584713958028085,0.591452885282192,0.575499019242646,0.612599302938277
"run_order",0.5,"Raw","clean_feature_icc_a1_median","higher","value",10,0.56018492152597,0.0150117511185338,0.556770602760096,0.547354737325097,0.570346550882356,0.544614485718036,0.589668951871372
"run_order",0.5,"Raw","clean_feature_profile_pearson_mean","higher","correlation_or_proportion",10,0.652397355042582,0.00911294914066952,0.652464521565294,0.648771360421474,0.655078265324581,0.64057998280708,0.672939347390527
"run_order",0.5,"Raw","clean_feature_profile_pearson_median","higher","correlation_or_proportion",10,0.62835773736372,0.0123159926615846,0.624588974376935,0.620077658542136,0.634776639620321,0.614946049313928,0.654497058342764
"run_order",0.5,"Raw","clean_log1p_rmse_study","lower","log1p_effect_or_ratio",10,0.292863684393462,0.0105162684317043,0.290611431787755,0.285744712197164,0.2989485376448,0.277898908710936,0.312085727656464
"run_order",0.5,"Raw","clean_sample_profile_pearson_mean","higher","correlation_or_proportion",10,0.523601169351704,0.0138961820701017,0.525285171505761,0.516989966480971,0.53270062132918,0.497156260244766,0.543954266689557
"run_order",0.5,"Raw","clean_sample_profile_pearson_median","higher","correlation_or_proportion",10,0.524147263207848,0.0134060896853621,0.525632233016147,0.515736971537528,0.53308016886143,0.499117053942337,0.544856388515953
"run_order",0.5,"Raw","coefficient_pearson_vs_clean_all","higher","correlation_or_proportion",10,0.978803245525352,0.00575012279912487,0.980134901622527,0.973256756998019,0.983383198506762,0.970841158875864,0.985410334917514
"run_order",0.5,"Raw","coefficient_pearson_vs_injected_all","higher","correlation_or_proportion",10,0.911418323333856,0.00762546830964021,0.912248384309997,0.906468036373886,0.918356497875847,0.897999651257306,0.918853622021701
"run_order",0.5,"Raw","coefficient_pearson_vs_injected_responsive","higher","correlation_or_proportion",10,0.98959074582393,0.00217526135229807,0.989970301161532,0.988325321493022,0.991616532121732,0.986088795847943,0.991779977928962
"run_order",0.5,"Raw","coefficient_spearman_vs_injected_all","higher","correlation_or_proportion",10,0.520335594352655,3.46410334740731e-06,0.520336689798318,0.520336689798318,0.520336689798318,0.52032573534169,0.520336689798318
"run_order",0.5,"Raw","effect_rmse_vs_clean_all","lower","log1p_effect_or_ratio",10,0.0123793155844961,0.00169130940475459,0.0120353341176252,0.0110620517474772,0.0139814235992536,0.0104155078643781,0.0148028308199628
"run_order",0.5,"Raw","effect_rmse_vs_clean_responsive","lower","log1p_effect_or_ratio",10,0.0125119639728187,0.00255968006560879,0.0119794568476533,0.0109367450279799,0.0139132414949419,0.00915010436938028,0.0170303665072941
"run_order",0.5,"Raw","effect_rmse_vs_injected_all","lower","log1p_effect_or_ratio",10,0.0606213535489282,0.000805316789516237,0.0607265982523924,0.0597981550805476,0.0612543926594392,0.0596747348440985,0.0616873730173817
"run_order",0.5,"Raw","effect_rmse_vs_injected_responsive","lower","log1p_effect_or_ratio",10,0.176424402821023,0.00186303662594216,0.176881213535723,0.174957028831074,0.177369883111378,0.173810510099201,0.179029839079544
"run_order",0.5,"Raw","empirical_fdr","lower","proportion",10,0.0568793109270044,0.0262573800997934,0.0568733153638814,0.0314600448095594,0.0719106957424714,0.029126213592233,0.107142857142857
"run_order",0.5,"Raw","heldout_qc_cv_mean","lower","percent",10,45.0597600994383,1.53042582846134,45.0352604685855,44.4957932030212,45.7658105795252,41.7869793310591,47.5743078003657
"run_order",0.5,"Raw","heldout_qc_cv_median","lower","percent",10,43.1285374452415,1.15235773966691,43.0465100896214,42.8834385537773,43.7700221821417,40.8705214279567,45.1702966110176
"run_order",0.5,"Raw","heldout_qc_cv_sd","lower","percent",10,31.1325078981167,1.32582917054224,31.0479118817121,30.0806759827216,32.0118674190209,29.2418695091346,33.4699193369408
"run_order",0.5,"Raw","median_attenuation_ratio_clean_responsive","higher","log1p_effect_or_ratio",10,1.00005555033801,0.00304775436670561,1,1,1,0.993013390051525,1.00555650663778
"run_order",0.5,"Raw","median_attenuation_ratio_injected_responsive","higher","log1p_effect_or_ratio",10,0.502027926103632,0.00586157746763869,0.501493628489673,0.497068586141165,0.504601711942856,0.49481140147015,0.5116542569216
"run_order",0.5,"Raw","n_discoveries_bh_0p05","descriptive","count",10,106,3.01846171271247,105.5,103.25,107.75,103,112
"run_order",0.5,"Raw","null_feature_false_positive_rate","lower","proportion",10,0.00677777777777777,0.00333127508470649,0.00666666666666667,0.00361111111111111,0.00861111111111111,0.00333333333333333,0.0133333333333333
"run_order",0.5,"Raw","phenotype_weighted_pc_r2_categorical","descriptive","weighted_R2",10,0.030411645128649,0.00343409929062211,0.0300250707681567,0.0294563396608244,0.0330231864833017,0.0245681819055716,0.0354630559677274
"run_order",0.5,"Raw","recovered_vs_injected_intercept","descriptive","log1p_effect_or_ratio",10,0.00010070969954526,0.000775326513149837,-5.84243407812759e-05,-0.000559968228681994,0.00087955234250485,-0.000926782601392839,0.0011195062114813
"run_order",0.5,"Raw","recovered_vs_injected_slope","descriptive","log1p_effect_or_ratio",10,0.501242156643315,0.00477357573709576,0.500057270204856,0.497608394657914,0.505884273038683,0.495352452437578,0.507765622279764
"run_order",0.5,"Raw","residual_ljung_box_median_statistic","lower","value",10,11.8744504080183,0.142805428213827,11.897277270472,11.7611326206193,11.995515938677,11.6304210000303,12.0355040107035
"run_order",0.5,"Raw","residual_ljung_box_profiles_significant","lower","count",10,1325.3,57.9310893313004,1303,1289.5,1370.75,1256,1419
"run_order",0.5,"Raw","residual_ljung_box_profiles_tested","descriptive","count",10,5000,0,5000,5000,5000,5000,5000
"run_order",0.5,"Raw","residual_ljung_box_proportion_significant","lower","proportion",10,0.26506,0.0115862178662601,0.2606,0.2579,0.27415,0.2512,0.2838
"run_order",0.5,"Raw","residual_run_order_gam_mean_deviance","lower","value",10,0.135320326325989,0.00466849878313119,0.134449631011773,0.132048352333318,0.138705282073663,0.128395470483673,0.143530434197561
"run_order",0.5,"Raw","retained_features","higher","count",10,1000,0,1000,1000,1000,1000,1000
"run_order",0.5,"Raw","retained_samples","higher","count",10,500,0,500,500,500,500,500
"run_order",0.5,"Raw","runtime_sec","lower","seconds",10,0,0,0,0,0,0,0
"run_order",0.5,"Raw","sign_concordance_responsive","higher","correlation_or_proportion",10,1,0,1,1,1,1,1
"run_order",0.5,"Raw","true_positive_rate","higher","proportion",10,0.999,0.00316227766016838,1,1,1,0.99,1
"run_order",0.5,"WiNN fixed default (no QC)","batch_weighted_pc_r2_categorical","lower","weighted_R2",10,0.000588517358112355,0.000146160649529543,0.000623393260964826,0.000493783605709332,0.000707175582522009,0.00031143549340228,0.000762424768387317
"run_order",0.5,"WiNN fixed default (no QC)","clean_feature_icc_a1_mean","higher","value",10,0.919502689840762,0.00306618072723486,0.918905058982659,0.917531764353538,0.921057362077113,0.914776867691837,0.925638051451348
"run_order",0.5,"WiNN fixed default (no QC)","clean_feature_icc_a1_median","higher","value",10,0.939764039426405,0.00248296090514355,0.940161293362141,0.938264404945461,0.941887694639948,0.935464670863643,0.942238455951443
"run_order",0.5,"WiNN fixed default (no QC)","clean_feature_profile_pearson_mean","higher","correlation_or_proportion",10,0.943107660524146,0.00192522965624248,0.943305719570999,0.941645274335739,0.94360370937071,0.940851654767084,0.947487843647217
"run_order",0.5,"WiNN fixed default (no QC)","clean_feature_profile_pearson_median","higher","correlation_or_proportion",10,0.951299192397201,0.00237607290231155,0.951468932443682,0.950241591089862,0.952943552609593,0.947217611379196,0.95436599727114
"run_order",0.5,"WiNN fixed default (no QC)","clean_log1p_rmse_study","lower","log1p_effect_or_ratio",10,0.0744117298186177,0.00171055682454643,0.0744598781943545,0.0735294399724891,0.0755843035628657,0.0713147075959265,0.0769036809285355
"run_order",0.5,"WiNN fixed default (no QC)","clean_sample_profile_pearson_mean","higher","correlation_or_proportion",10,0.921121333511314,0.00332906550218119,0.920882531881184,0.918946857635952,0.9226672718294,0.917049952934009,0.927477269314172
"run_order",0.5,"WiNN fixed default (no QC)","clean_sample_profile_pearson_median","higher","correlation_or_proportion",10,0.922352662576368,0.00312780535763159,0.922436182555175,0.920302102352635,0.923656946660153,0.918374759995954,0.928550656006367
"run_order",0.5,"WiNN fixed default (no QC)","coefficient_pearson_vs_clean_all","higher","correlation_or_proportion",10,0.986987185132663,0.00222799601266796,0.986736382066249,0.985436158982662,0.989104315684399,0.98332372889919,0.989795106511169
"run_order",0.5,"WiNN fixed default (no QC)","coefficient_pearson_vs_injected_all","higher","correlation_or_proportion",10,0.918875226629275,0.00645058832506765,0.919398510142726,0.914029267734297,0.9201543115412,0.911327166896245,0.932025024239085
"run_order",0.5,"WiNN fixed default (no QC)","coefficient_pearson_vs_injected_responsive","higher","correlation_or_proportion",10,0.987263011992618,0.00231382969046081,0.987355551840806,0.986411131554516,0.988419961419802,0.982118196372019,0.990816641956584
"run_order",0.5,"WiNN fixed default (no QC)","coefficient_spearman_vs_injected_all","higher","correlation_or_proportion",10,0.520303826428436,8.21381361691673e-05,0.520336689798318,0.520320258113377,0.520336689798318,0.520073782839262,0.520336689798318
"run_order",0.5,"WiNN fixed default (no QC)","effect_rmse_vs_clean_all","lower","log1p_effect_or_ratio",10,0.0103769755210436,0.000844443492443714,0.0105269164857161,0.00964427503832246,0.0109088206638515,0.00918903822612223,0.0118113252406869
"run_order",0.5,"WiNN fixed default (no QC)","effect_rmse_vs_clean_responsive","lower","log1p_effect_or_ratio",10,0.0234720214641374,0.00270507371037849,0.0242718171899019,0.0213947260324652,0.0251101383849414,0.0193460430069093,0.0279427868085969
"run_order",0.5,"WiNN fixed default (no QC)","effect_rmse_vs_injected_all","lower","log1p_effect_or_ratio",10,0.0643139471414396,0.00114781127402494,0.0641049971784513,0.0637560179538322,0.0650488562126115,0.0624533719303062,0.0660208365705433
"run_order",0.5,"WiNN fixed default (no QC)","effect_rmse_vs_injected_responsive","lower","log1p_effect_or_ratio",10,0.193382029651114,0.0036402898856945,0.192920030863208,0.191150486102279,0.195448401179956,0.188698059885485,0.199290883934736
"run_order",0.5,"WiNN fixed default (no QC)","empirical_fdr","lower","proportion",10,0.0469428760310593,0.0264701849699729,0.0384615384615385,0.0314600448095594,0.0543575920934412,0.0099009900990099,0.0990990990990991
"run_order",0.5,"WiNN fixed default (no QC)","heldout_qc_cv_mean","lower","percent",10,9.04625790181777,0.28167950163734,9.16777718877852,8.7632874294126,9.19562294820531,8.64768901256937,9.41889489443038
"run_order",0.5,"WiNN fixed default (no QC)","heldout_qc_cv_median","lower","percent",10,8.22157320190261,0.292676389973742,8.30362516826944,8.00800930739041,8.46091366951062,7.70228814228663,8.57729970802144
"run_order",0.5,"WiNN fixed default (no QC)","heldout_qc_cv_sd","lower","percent",10,6.41373148312612,0.180525396479706,6.44988877251454,6.28684406571924,6.52691593745016,6.0814275440619,6.68616716963165
"run_order",0.5,"WiNN fixed default (no QC)","median_attenuation_ratio_clean_responsive","higher","log1p_effect_or_ratio",10,0.926596452662179,0.0170406390062574,0.934791068767276,0.909280695932784,0.936074004381448,0.904631772156869,0.953267785945679
"run_order",0.5,"WiNN fixed default (no QC)","median_attenuation_ratio_injected_responsive","higher","log1p_effect_or_ratio",10,0.4552500782782,0.0102930039248432,0.458185277755553,0.44836092514963,0.463380593195973,0.43544002965765,0.466551792572467
"run_order",0.5,"WiNN fixed default (no QC)","n_discoveries_bh_0p05","descriptive","count",10,105,2.98142396999972,104,103.25,105.75,101,111
"run_order",0.5,"WiNN fixed default (no QC)","null_feature_false_positive_rate","lower","proportion",10,0.00555555555555555,0.00331269329999969,0.00444444444444444,0.00361111111111111,0.00638888888888889,0.00111111111111111,0.0122222222222222
"run_order",0.5,"WiNN fixed default (no QC)","phenotype_weighted_pc_r2_categorical","descriptive","weighted_R2",10,0.36758797361494,0.0129633280424248,0.364324262902256,0.35954833720443,0.379108046372,0.350548865335503,0.386032820061216
"run_order",0.5,"WiNN fixed default (no QC)","recovered_vs_injected_intercept","descriptive","log1p_effect_or_ratio",10,2.55433434224525e-05,0.00060153500698683,-5.45281496459615e-05,-7.59184864132923e-05,0.000559966252607209,-0.00109965322347851,0.000708580265682514
"run_order",0.5,"WiNN fixed default (no QC)","recovered_vs_injected_slope","descriptive","log1p_effect_or_ratio",10,0.452347646663602,0.010624508564752,0.453152316446528,0.44780245772922,0.458651612587896,0.434516382459698,0.46559639334061
"run_order",0.5,"WiNN fixed default (no QC)","residual_ljung_box_median_statistic","lower","value",10,10.6079030782864,0.0901875066160514,10.632875989999,10.5485762462521,10.6682014256727,10.4580040221178,10.728381791288
"run_order",0.5,"WiNN fixed default (no QC)","residual_ljung_box_profiles_significant","lower","count",10,37.1,11.8645129131653,37.5,26.25,42,22,58
"run_order",0.5,"WiNN fixed default (no QC)","residual_ljung_box_profiles_tested","descriptive","count",10,5000,0,5000,5000,5000,5000,5000
"run_order",0.5,"WiNN fixed default (no QC)","residual_ljung_box_proportion_significant","lower","proportion",10,0.00742,0.00237290258263306,0.0075,0.00525,0.0084,0.0044,0.0116
"run_order",0.5,"WiNN fixed default (no QC)","residual_run_order_gam_mean_deviance","lower","value",10,0.0244583532574613,0.000603280144418209,0.024425791432154,0.0241572944272491,0.024656451462446,0.0233984099578634,0.0257114816131662
"run_order",0.5,"WiNN fixed default (no QC)","retained_features","higher","count",10,1000,0,1000,1000,1000,1000,1000
"run_order",0.5,"WiNN fixed default (no QC)","retained_samples","higher","count",10,500,0,500,500,500,500,500
"run_order",0.5,"WiNN fixed default (no QC)","runtime_sec","lower","seconds",10,7.3057,0.343136853165031,7.152,7.1095,7.357,7.032,8.156
"run_order",0.5,"WiNN fixed default (no QC)","sign_concordance_responsive","higher","correlation_or_proportion",10,1,0,1,1,1,1,1
"run_order",0.5,"WiNN fixed default (no QC)","true_positive_rate","higher","proportion",10,1,0,1,1,1,1,1
"run_order",0.75,"Raw","batch_weighted_pc_r2_categorical","lower","weighted_R2",10,0.949891019108741,0.00303173837112747,0.94982051761869,0.948022004009291,0.951646027356932,0.944316584884427,0.95475000323795
"run_order",0.75,"Raw","clean_feature_icc_a1_mean","higher","value",10,0.58857607600364,0.010508424580735,0.588055287298103,0.584613570814563,0.591485656723045,0.575531418255179,0.612564489861396
"run_order",0.75,"Raw","clean_feature_icc_a1_median","higher","value",10,0.560337763172676,0.0148906360072482,0.556508757181301,0.547767052272688,0.570839525491385,0.544614485718036,0.589668951871372
"run_order",0.75,"Raw","clean_feature_profile_pearson_mean","higher","correlation_or_proportion",10,0.652396127369921,0.00911757848512997,0.652497882095839,0.648670192555041,0.655085976603635,0.640514040050643,0.67290838641007
"run_order",0.75,"Raw","clean_feature_profile_pearson_median","higher","correlation_or_proportion",10,0.628656203692289,0.012041685115318,0.625083019109526,0.620397161022851,0.635394425176998,0.614946049313928,0.653591097823811
"run_order",0.75,"Raw","clean_log1p_rmse_study","lower","log1p_effect_or_ratio",10,0.292857110920176,0.010514381063239,0.290598897751397,0.285744300146107,0.298943759184074,0.277897846813278,0.312081015663876
"run_order",0.75,"Raw","clean_sample_profile_pearson_mean","higher","correlation_or_proportion",10,0.523610899312351,0.0139423641365324,0.525372935390779,0.516977001928491,0.532732594827223,0.497079968285038,0.543989593935357
"run_order",0.75,"Raw","clean_sample_profile_pearson_median","higher","correlation_or_proportion",10,0.524216615984682,0.0134182902262799,0.525682829966369,0.51586351215433,0.533103652469349,0.498898587723837,0.54480902713663
"run_order",0.75,"Raw","coefficient_pearson_vs_clean_all","higher","correlation_or_proportion",10,0.960629364478583,0.0080299542587416,0.961185784377653,0.958968126723151,0.964365071316253,0.944977426140405,0.974410621838786
"run_order",0.75,"Raw","coefficient_pearson_vs_injected_all","higher","correlation_or_proportion",10,0.860882100018844,0.00681015109687913,0.861065569204178,0.857342142769934,0.865901648886849,0.849569219502108,0.870679923305716
"run_order",0.75,"Raw","coefficient_pearson_vs_injected_responsive","higher","correlation_or_proportion",10,0.983268221209943,0.00183436592667247,0.983036605472325,0.982351764688457,0.983999842489671,0.98017258282747,0.987020516928841
"run_order",0.75,"Raw","coefficient_spearman_vs_injected_all","higher","correlation_or_proportion",10,0.520107741654806,0.000308261947633571,0.520249054145299,0.520095691752516,0.520287394743495,0.519372697615112,0.520336689798318
"run_order",0.75,"Raw","effect_rmse_vs_clean_all","lower","log1p_effect_or_ratio",10,0.017806879671761,0.00189030387239117,0.0177749188225449,0.0168049285038008,0.0182171531326776,0.014581308244942,0.021288195179894
"run_order",0.75,"Raw","effect_rmse_vs_clean_responsive","lower","log1p_effect_or_ratio",10,0.0172081238995243,0.00275642651291861,0.0174041545254517,0.0153634718696412,0.0193989849074859,0.0127776146401531,0.0204989156953887
"run_order",0.75,"Raw","effect_rmse_vs_injected_all","lower","log1p_effect_or_ratio",10,0.0642781581702517,0.000779765450105451,0.064453205701479,0.0637713492172133,0.06487911510647,0.0629572618195596,0.0652404628266582
"run_order",0.75,"Raw","effect_rmse_vs_injected_responsive","lower","log1p_effect_or_ratio",10,0.17789757628484,0.00285000978161678,0.17710703930952,0.175732063276737,0.178679138020184,0.174616949402197,0.183295725869777
"run_order",0.75,"Raw","empirical_fdr","lower","proportion",10,0.0541605552484211,0.0179521858501202,0.0572200842954004,0.0414309954751131,0.0658834420737083,0.029126213592233,0.0825688073394495
"run_order",0.75,"Raw","heldout_qc_cv_mean","lower","percent",10,45.0597600994383,1.53042582846134,45.0352604685855,44.4957932030212,45.7658105795252,41.7869793310591,47.5743078003657
"run_order",0.75,"Raw","heldout_qc_cv_median","lower","percent",10,43.1285374452415,1.15235773966691,43.0465100896214,42.8834385537773,43.7700221821417,40.8705214279567,45.1702966110176
"run_order",0.75,"Raw","heldout_qc_cv_sd","lower","percent",10,31.1325078981167,1.32582917054224,31.0479118817121,30.0806759827216,32.0118674190209,29.2418695091346,33.4699193369408
"run_order",0.75,"Raw","median_attenuation_ratio_clean_responsive","higher","log1p_effect_or_ratio",10,1.00174357766545,0.00316336838088923,1,1,1.00428309042605,0.99853696790182,1.00660062399057
"run_order",0.75,"Raw","median_attenuation_ratio_injected_responsive","higher","log1p_effect_or_ratio",10,0.496950782592818,0.0102641273670033,0.496229917652501,0.489219744431619,0.504050329970602,0.483308194343094,0.513315893529104
"run_order",0.75,"Raw","n_discoveries_bh_0p05","descriptive","count",10,104.6,2.50333111406914,104,102.25,106.75,102,109
"run_order",0.75,"Raw","null_feature_false_positive_rate","lower","proportion",10,0.00633333333333333,0.00222530650159997,0.00666666666666667,0.00472222222222222,0.00777777777777778,0.00333333333333333,0.01
"run_order",0.75,"Raw","phenotype_weighted_pc_r2_categorical","descriptive","weighted_R2",10,0.0395625002218668,0.00318518538645719,0.0399058097883053,0.0381102941144181,0.0420051751370571,0.0331171899340765,0.0437303353616704
"run_order",0.75,"Raw","recovered_vs_injected_intercept","descriptive","log1p_effect_or_ratio",10,9.30854656052348e-05,0.00115707755845278,0.00043674679975332,-0.000472026724130207,0.000771201600377807,-0.00194642276841199,0.00158793211684609
"run_order",0.75,"Raw","recovered_vs_injected_slope","descriptive","log1p_effect_or_ratio",10,0.500341779620098,0.00825504667642805,0.502088089608455,0.498325745011108,0.506464473844804,0.483909383891093,0.509519261769196
"run_order",0.75,"Raw","residual_ljung_box_median_statistic","lower","value",10,12.2038275013253,0.133881497973133,12.2241156286064,12.1356068446565,12.2816859114979,11.9707356669032,12.4189293924184
"run_order",0.75,"Raw","residual_ljung_box_profiles_significant","lower","count",10,1420.5,53.6185084130885,1400.5,1382,1464.75,1354,1506
"run_order",0.75,"Raw","residual_ljung_box_profiles_tested","descriptive","count",10,5000,0,5000,5000,5000,5000,5000
"run_order",0.75,"Raw","residual_ljung_box_proportion_significant","lower","proportion",10,0.2841,0.0107237016826177,0.2801,0.2764,0.29295,0.2708,0.3012
"run_order",0.75,"Raw","residual_run_order_gam_mean_deviance","lower","value",10,0.139084887080947,0.00457399853462774,0.138093315344537,0.136036349198235,0.142395373894574,0.132061531957396,0.147052860671886
"run_order",0.75,"Raw","retained_features","higher","count",10,1000,0,1000,1000,1000,1000,1000
"run_order",0.75,"Raw","retained_samples","higher","count",10,500,0,500,500,500,500,500
"run_order",0.75,"Raw","runtime_sec","lower","seconds",10,0,0,0,0,0,0,0
"run_order",0.75,"Raw","sign_concordance_responsive","higher","correlation_or_proportion",10,1,0,1,1,1,1,1
"run_order",0.75,"Raw","true_positive_rate","higher","proportion",10,0.989,0.0119721899973787,0.99,0.9825,1,0.97,1
"run_order",0.75,"WiNN fixed default (no QC)","batch_weighted_pc_r2_categorical","lower","weighted_R2",10,0.000693599403963589,0.000211510441085674,0.000716795347057889,0.000556013491939758,0.000836090019407944,0.000327801288654011,0.00098648254540285
"run_order",0.75,"WiNN fixed default (no QC)","clean_feature_icc_a1_mean","higher","value",10,0.917058595762532,0.00312487657722757,0.916456704947344,0.914853968012906,0.918881675593985,0.91247130589302,0.923243086845177
"run_order",0.75,"WiNN fixed default (no QC)","clean_feature_icc_a1_median","higher","value",10,0.937298859143712,0.00240505434961542,0.93805862244034,0.935763978805663,0.938841111650909,0.933485896553033,0.940130528802944
"run_order",0.75,"WiNN fixed default (no QC)","clean_feature_profile_pearson_mean","higher","correlation_or_proportion",10,0.94090398175769,0.00196987548911407,0.941089607410734,0.939491400951589,0.941330623192853,0.938562918206272,0.945305730205661
"run_order",0.75,"WiNN fixed default (no QC)","clean_feature_profile_pearson_median","higher","correlation_or_proportion",10,0.949382639882204,0.00220410460244659,0.950032275777178,0.948923125226742,0.950774905280792,0.945442637640112,0.951619338741037
"run_order",0.75,"WiNN fixed default (no QC)","clean_log1p_rmse_study","lower","log1p_effect_or_ratio",10,0.0754670014563655,0.00173587395851609,0.075529959598619,0.0745284878704104,0.0767029958928658,0.0724189881908446,0.0780172424497892
"run_order",0.75,"WiNN fixed default (no QC)","clean_sample_profile_pearson_mean","higher","correlation_or_proportion",10,0.918368411160061,0.00347455953315872,0.918183328512233,0.915972284970081,0.92005800916343,0.913987572120641,0.924796126318331
"run_order",0.75,"WiNN fixed default (no QC)","clean_sample_profile_pearson_median","higher","correlation_or_proportion",10,0.919376075823598,0.00322712505991878,0.919261608632096,0.917236513788995,0.920860014892032,0.915496408001838,0.925477528382954
"run_order",0.75,"WiNN fixed default (no QC)","coefficient_pearson_vs_clean_all","higher","correlation_or_proportion",10,0.980130938979758,0.00363439350859696,0.979694614183749,0.977440680509301,0.982473249513602,0.974389849043387,0.98639856134288
"run_order",0.75,"WiNN fixed default (no QC)","coefficient_pearson_vs_injected_all","higher","correlation_or_proportion",10,0.869276903919052,0.00652267427172455,0.868796871803824,0.865038394301027,0.874123394921922,0.858804073102488,0.878936648432795
"run_order",0.75,"WiNN fixed default (no QC)","coefficient_pearson_vs_injected_responsive","higher","correlation_or_proportion",10,0.981273556761814,0.00311804261537524,0.980344476402051,0.979539547498299,0.983945770955317,0.976688664582265,0.986367444608459
"run_order",0.75,"WiNN fixed default (no QC)","coefficient_spearman_vs_injected_all","higher","correlation_or_proportion",10,0.520150464035653,0.0003630612415928,0.520292871971809,0.520164157106437,0.520314780885063,0.519142654025938,0.520336689798318
"run_order",0.75,"WiNN fixed default (no QC)","effect_rmse_vs_clean_all","lower","log1p_effect_or_ratio",10,0.0133775931733936,0.00131303893936695,0.0135535398443904,0.0124995432988604,0.0141721184647836,0.0113092149022782,0.01562110227638
"run_order",0.75,"WiNN fixed default (no QC)","effect_rmse_vs_clean_responsive","lower","log1p_effect_or_ratio",10,0.0290805895503733,0.0039125149464316,0.0293441802500545,0.0262175627581682,0.0317834268132538,0.0236332239253335,0.0348512696682711
"run_order",0.75,"WiNN fixed default (no QC)","effect_rmse_vs_injected_all","lower","log1p_effect_or_ratio",10,0.0684774748817534,0.00112019566345334,0.0686566288291991,0.0677375859615179,0.0691693763173223,0.0667869397893786,0.0699607735240521
"run_order",0.75,"WiNN fixed default (no QC)","effect_rmse_vs_injected_responsive","lower","log1p_effect_or_ratio",10,0.200929234288077,0.00397512852353391,0.201316634956037,0.198386606258649,0.203001296165497,0.195008646351385,0.207566073476921
"run_order",0.75,"WiNN fixed default (no QC)","empirical_fdr","lower","proportion",10,0.0437274683717863,0.019712870197197,0.038515406162465,0.029126213592233,0.0543575920934412,0.0198019801980198,0.0747663551401869
"run_order",0.75,"WiNN fixed default (no QC)","heldout_qc_cv_mean","lower","percent",10,9.3271221573586,0.277356770582445,9.35421086656216,9.0987843237222,9.46180850338345,8.90572961291025,9.78689395310053
"run_order",0.75,"WiNN fixed default (no QC)","heldout_qc_cv_median","lower","percent",10,8.47213922389099,0.284014057244614,8.46767269163193,8.27821005586423,8.6686275326937,8.01094091904727,8.87146606161288
"run_order",0.75,"WiNN fixed default (no QC)","heldout_qc_cv_sd","lower","percent",10,6.5380897647648,0.198932267692501,6.59186508102283,6.39817331694513,6.6608714556192,6.18393429293813,6.86281268796345
"run_order",0.75,"WiNN fixed default (no QC)","median_attenuation_ratio_clean_responsive","higher","log1p_effect_or_ratio",10,0.889556018511261,0.0186517422862386,0.891568803426652,0.880346881417306,0.901111358362154,0.853198454574821,0.916432088677798
"run_order",0.75,"WiNN fixed default (no QC)","median_attenuation_ratio_injected_responsive","higher","log1p_effect_or_ratio",10,0.43167039271891,0.00933474991274494,0.435974306115042,0.422189718953,0.437502271902308,0.419184228609493,0.445858046096357
"run_order",0.75,"WiNN fixed default (no QC)","n_discoveries_bh_0p05","descriptive","count",10,104.3,2.26323269290239,104,103,105.75,101,108
"run_order",0.75,"WiNN fixed default (no QC)","null_feature_false_positive_rate","lower","proportion",10,0.00511111111111111,0.00241167712534811,0.00444444444444445,0.00333333333333333,0.00638888888888889,0.00222222222222222,0.00888888888888889
"run_order",0.75,"WiNN fixed default (no QC)","phenotype_weighted_pc_r2_categorical","descriptive","weighted_R2",10,0.263455702347729,0.0130643672435459,0.265639289400991,0.257255031288251,0.272805072543801,0.237705964624816,0.280052088976728
"run_order",0.75,"WiNN fixed default (no QC)","recovered_vs_injected_intercept","descriptive","log1p_effect_or_ratio",10,0.00019060059335717,0.000737996425258398,0.000392756311616737,-0.00019988499883545,0.000582224159923843,-0.00116522738524104,0.00133737457812962
"run_order",0.75,"WiNN fixed default (no QC)","recovered_vs_injected_slope","descriptive","log1p_effect_or_ratio",10,0.432249810902082,0.0113728523885835,0.430279979648006,0.426659765099325,0.438871516422338,0.413037074458477,0.450068768051882
"run_order",0.75,"WiNN fixed default (no QC)","residual_ljung_box_median_statistic","lower","value",10,10.7088171566701,0.0916213308963883,10.7162668114401,10.6560550695121,10.7754158386839,10.5513809725953,10.8305799585922
"run_order",0.75,"WiNN fixed default (no QC)","residual_ljung_box_profiles_significant","lower","count",10,38.7,10.6567662387174,39.5,28.75,45.5,26,56
"run_order",0.75,"WiNN fixed default (no QC)","residual_ljung_box_profiles_tested","descriptive","count",10,5000,0,5000,5000,5000,5000,5000
"run_order",0.75,"WiNN fixed default (no QC)","residual_ljung_box_proportion_significant","lower","proportion",10,0.00774,0.00213135324774348,0.0079,0.00575,0.0091,0.0052,0.0112
"run_order",0.75,"WiNN fixed default (no QC)","residual_run_order_gam_mean_deviance","lower","value",10,0.0240687359846533,0.00059439920408974,0.0239210003582188,0.0237638066773704,0.0244189170755853,0.0230680971018868,0.0252665694807373
"run_order",0.75,"WiNN fixed default (no QC)","retained_features","higher","count",10,1000,0,1000,1000,1000,1000,1000
"run_order",0.75,"WiNN fixed default (no QC)","retained_samples","higher","count",10,500,0,500,500,500,500,500
"run_order",0.75,"WiNN fixed default (no QC)","runtime_sec","lower","seconds",10,7.5268,0.268032667992376,7.4845,7.36,7.64725,7.131,8.077
"run_order",0.75,"WiNN fixed default (no QC)","sign_concordance_responsive","higher","correlation_or_proportion",10,1,0,1,1,1,1,1
"run_order",0.75,"WiNN fixed default (no QC)","true_positive_rate","higher","proportion",10,0.997,0.00483045891539648,1,0.9925,1,0.99,1
"run_order",0.9,"Raw","batch_weighted_pc_r2_categorical","lower","weighted_R2",10,0.948303240270893,0.00315025565297801,0.947936475184753,0.946426557450945,0.950656966326771,0.942603972118936,0.953216929108686
"run_order",0.9,"Raw","clean_feature_icc_a1_mean","higher","value",10,0.58856035771509,0.0105184031720688,0.588087388882877,0.584600735898005,0.591454737218352,0.575404031788612,0.612549537779267
"run_order",0.9,"Raw","clean_feature_icc_a1_median","higher","value",10,0.560301754877537,0.0151280490164755,0.556770602760096,0.54749148407999,0.571659803494768,0.54384465326361,0.589668951871372
"run_order",0.9,"Raw","clean_feature_profile_pearson_mean","higher","correlation_or_proportion",10,0.652382628446885,0.00912937068392365,0.652530015766486,0.648660361806298,0.655043936268203,0.640509100000886,0.672903315356401
"run_order",0.9,"Raw","clean_feature_profile_pearson_median","higher","correlation_or_proportion",10,0.628585185427694,0.0127713163395112,0.624781900088916,0.62024831113199,0.635112690439856,0.614640155428007,0.655727002191925
"run_order",0.9,"Raw","clean_log1p_rmse_study","lower","log1p_effect_or_ratio",10,0.29285486077728,0.0105155707660316,0.290594161312158,0.285744484718741,0.298946592101349,0.277897142425932,0.312080431562884
"run_order",0.9,"Raw","clean_sample_profile_pearson_mean","higher","correlation_or_proportion",10,0.523613436783119,0.0139463542282706,0.525372011607919,0.517041151121238,0.532730058004761,0.497073630241716,0.544011679908624
"run_order",0.9,"Raw","clean_sample_profile_pearson_median","higher","correlation_or_proportion",10,0.524159542951263,0.0134644263049212,0.525397838689987,0.516044221003604,0.533103652469349,0.498898260734363,0.544936315711415
"run_order",0.9,"Raw","coefficient_pearson_vs_clean_all","higher","correlation_or_proportion",10,0.864210811852318,0.013155063661586,0.862334583011595,0.857424507613502,0.872767004673273,0.843881890502575,0.887537411783408
"run_order",0.9,"Raw","coefficient_pearson_vs_injected_all","higher","correlation_or_proportion",10,0.753998376166705,0.0168543485258172,0.758967569576991,0.738020593832876,0.763179223229493,0.73135043292973,0.777142658996248
"run_order",0.9,"Raw","coefficient_pearson_vs_injected_responsive","higher","correlation_or_proportion",10,0.963743615375643,0.0070036879598091,0.966803005578135,0.961922158780935,0.96824736694213,0.94626730443686,0.969091784233513
"run_order",0.9,"Raw","coefficient_spearman_vs_injected_all","higher","correlation_or_proportion",10,0.511675000943086,0.00515017422271279,0.513112225652592,0.510754278863558,0.514018706938503,0.49818677849785,0.516645037914906
"run_order",0.9,"Raw","effect_rmse_vs_clean_all","lower","log1p_effect_or_ratio",10,0.0369306720372128,0.00224357601514276,0.0368561906397976,0.0355480333459716,0.0383852129559434,0.0327586729263899,0.0400889843992322
"run_order",0.9,"Raw","effect_rmse_vs_clean_responsive","lower","log1p_effect_or_ratio",10,0.0351024976154004,0.00659804853010453,0.035201291884639,0.0332649525127018,0.0408753393082718,0.022632119510447,0.0421304532901965
"run_order",0.9,"Raw","effect_rmse_vs_injected_all","lower","log1p_effect_or_ratio",10,0.0734217564901139,0.00177186669527768,0.073007371387233,0.0722901311893565,0.0751829022009427,0.0710021764140209,0.0756778269913497
"run_order",0.9,"Raw","effect_rmse_vs_injected_responsive","lower","log1p_effect_or_ratio",10,0.181690228370708,0.00418757147736366,0.181775745615047,0.178551005993621,0.184971141384587,0.175467386353882,0.187017395217623
"run_order",0.9,"Raw","empirical_fdr","lower","proportion",10,0.27256451355985,0.0337258854581777,0.277946790742066,0.256465243360021,0.293856534090909,0.205128205128205,0.315384615384615
"run_order",0.9,"Raw","heldout_qc_cv_mean","lower","percent",10,45.0597600994383,1.53042582846134,45.0352604685855,44.4957932030212,45.7658105795252,41.7869793310591,47.5743078003657
"run_order",0.9,"Raw","heldout_qc_cv_median","lower","percent",10,43.1285374452415,1.15235773966691,43.0465100896214,42.8834385537773,43.7700221821417,40.8705214279567,45.1702966110176
"run_order",0.9,"Raw","heldout_qc_cv_sd","lower","percent",10,31.1325078981167,1.32582917054224,31.0479118817121,30.0806759827216,32.0118674190209,29.2418695091346,33.4699193369408
"run_order",0.9,"Raw","median_attenuation_ratio_clean_responsive","higher","log1p_effect_or_ratio",10,1.00154086587303,0.00483834517703483,1,1,1.00010986633427,0.995621742053892,1.01316424766822
"run_order",0.9,"Raw","median_attenuation_ratio_injected_responsive","higher","log1p_effect_or_ratio",10,0.50058035115799,0.0113766439043939,0.501250335648237,0.49090529391364,0.509090914974244,0.485664620787202,0.517399813437665
"run_order",0.9,"Raw","n_discoveries_bh_0p05","descriptive","count",10,127.8,6.25033332444492,128.5,123.25,131.5,117,139
"run_order",0.9,"Raw","null_feature_false_positive_rate","lower","proportion",10,0.0388888888888889,0.00639358388949336,0.04,0.0352777777777778,0.0427777777777777,0.0266666666666667,0.0477777777777778
"run_order",0.9,"Raw","phenotype_weighted_pc_r2_categorical","descriptive","weighted_R2",10,0.0431606313991965,0.00332819466828481,0.0430228306148824,0.0410522397758688,0.0457612011535693,0.0369864442927618,0.0478996393574757
"run_order",0.9,"Raw","recovered_vs_injected_intercept","descriptive","log1p_effect_or_ratio",10,6.72856895000756e-05,0.0012178617961729,0.000246172424329406,-0.000687537082465561,0.000606634298009358,-0.00231631125048073,0.00194815328869444
"run_order",0.9,"Raw","recovered_vs_injected_slope","descriptive","log1p_effect_or_ratio",10,0.499793362660833,0.0117573136162729,0.498986098591982,0.49014556531457,0.50855878578234,0.483947551144842,0.517764700030447
"run_order",0.9,"Raw","residual_ljung_box_median_statistic","lower","value",10,12.3832743206482,0.155474615869242,12.3870185818072,12.3174141633179,12.4530873620996,12.126669272655,12.6810557656516
"run_order",0.9,"Raw","residual_ljung_box_profiles_significant","lower","count",10,1489.3,52.7215958281487,1472,1444,1532.25,1433,1583
"run_order",0.9,"Raw","residual_ljung_box_profiles_tested","descriptive","count",10,5000,0,5000,5000,5000,5000,5000
"run_order",0.9,"Raw","residual_ljung_box_proportion_significant","lower","proportion",10,0.29786,0.0105443191656297,0.2944,0.2888,0.30645,0.2866,0.3166
"run_order",0.9,"Raw","residual_run_order_gam_mean_deviance","lower","value",10,0.141817788772052,0.00461065502178122,0.140530536324682,0.138589157913313,0.144833082753575,0.13520490862697,0.15006925214645
"run_order",0.9,"Raw","retained_features","higher","count",10,1000,0,1000,1000,1000,1000,1000
"run_order",0.9,"Raw","retained_samples","higher","count",10,500,0,500,500,500,500,500
"run_order",0.9,"Raw","runtime_sec","lower","seconds",10,0,0,0,0,0,0,0
"run_order",0.9,"Raw","sign_concordance_responsive","higher","correlation_or_proportion",10,0.999,0.00316227766016838,1,1,1,0.99,1
"run_order",0.9,"Raw","true_positive_rate","higher","proportion",10,0.928,0.0214993539954628,0.93,0.9125,0.945,0.89,0.96
"run_order",0.9,"WiNN fixed default (no QC)","batch_weighted_pc_r2_categorical","lower","weighted_R2",10,0.000789651591394695,0.000273160198686382,0.000750693345457667,0.000591752871947531,0.0010190473545921,0.000379860830081915,0.00122816830868136
"run_order",0.9,"WiNN fixed default (no QC)","clean_feature_icc_a1_mean","higher","value",10,0.915069458538323,0.00307718480490975,0.91436119887604,0.913035354338583,0.916831721979658,0.91062160497251,0.920925981914735
"run_order",0.9,"WiNN fixed default (no QC)","clean_feature_icc_a1_median","higher","value",10,0.93569958640555,0.0025551383196873,0.936524691767736,0.934239218037027,0.937730637599802,0.931195479373253,0.93814510450339
"run_order",0.9,"WiNN fixed default (no QC)","clean_feature_profile_pearson_mean","higher","correlation_or_proportion",10,0.939155289865474,0.00190176620362083,0.939141012187045,0.937689701436864,0.939863436423789,0.936915949198298,0.943315147625845
"run_order",0.9,"WiNN fixed default (no QC)","clean_feature_profile_pearson_median","higher","correlation_or_proportion",10,0.948158219841056,0.00204583244893491,0.948857380473744,0.947812145239315,0.949418342983696,0.94433830741548,0.950265865390743
"run_order",0.9,"WiNN fixed default (no QC)","clean_log1p_rmse_study","lower","log1p_effect_or_ratio",10,0.0762641413149953,0.00168857238037909,0.0762652343381822,0.0753745075330137,0.0775014891180764,0.0733838000246494,0.0788486293301197
"run_order",0.9,"WiNN fixed default (no QC)","clean_sample_profile_pearson_mean","higher","correlation_or_proportion",10,0.91625413777016,0.00342661449283337,0.916139812558154,0.913806045589741,0.91789596845484,0.911647470628237,0.922380853003481
"run_order",0.9,"WiNN fixed default (no QC)","clean_sample_profile_pearson_median","higher","correlation_or_proportion",10,0.917143897785657,0.00316997620457147,0.91732469574675,0.915100802697053,0.918612851407766,0.912525919272009,0.922690659772411
"run_order",0.9,"WiNN fixed default (no QC)","coefficient_pearson_vs_clean_all","higher","correlation_or_proportion",10,0.93893367185933,0.010402012039977,0.940221966887104,0.930812322010136,0.947533402785835,0.92173914277725,0.951562825723002
"run_order",0.9,"WiNN fixed default (no QC)","coefficient_pearson_vs_injected_all","higher","correlation_or_proportion",10,0.777995824396044,0.020511196199777,0.775484050615171,0.759031811926988,0.796364179394569,0.755465583513006,0.805288948641265
"run_order",0.9,"WiNN fixed default (no QC)","coefficient_pearson_vs_injected_responsive","higher","correlation_or_proportion",10,0.965349456299833,0.00536540728826801,0.965847050770886,0.963137681262437,0.968737185990243,0.955525827305613,0.973860009461097
"run_order",0.9,"WiNN fixed default (no QC)","coefficient_spearman_vs_injected_all","higher","correlation_or_proportion",10,0.516959430820111,0.00205353164499402,0.517280396399292,0.51593299823413,0.518132105402067,0.512832887008595,0.519778012510324
"run_order",0.9,"WiNN fixed default (no QC)","effect_rmse_vs_clean_all","lower","log1p_effect_or_ratio",10,0.0248589740431584,0.00196853303136672,0.0249035481752141,0.0233977549130736,0.0263601810386467,0.0218384756104675,0.0277914928817776
"run_order",0.9,"WiNN fixed default (no QC)","effect_rmse_vs_clean_responsive","lower","log1p_effect_or_ratio",10,0.0622066440234039,0.00599443417763533,0.0616616487243681,0.0578429513588989,0.0662118420430544,0.0525793609639935,0.0704820281985011
"run_order",0.9,"WiNN fixed default (no QC)","effect_rmse_vs_injected_all","lower","log1p_effect_or_ratio",10,0.0794373475492283,0.00186272580227254,0.0792064164790894,0.0779211008794933,0.0813270623918753,0.0768834787197094,0.0817366239315967
"run_order",0.9,"WiNN fixed default (no QC)","effect_rmse_vs_injected_responsive","lower","log1p_effect_or_ratio",10,0.23489276961658,0.00571704433347674,0.233077579897163,0.230479407196512,0.240478354714546,0.226937764899765,0.242433865402982
"run_order",0.9,"WiNN fixed default (no QC)","empirical_fdr","lower","proportion",10,0.0378329668305716,0.0206162818844857,0.0467980295566503,0.0255940343781598,0.0495481927710844,0,0.0652173913043478
"run_order",0.9,"WiNN fixed default (no QC)","heldout_qc_cv_mean","lower","percent",10,9.49083777167616,0.275815972624125,9.50731819545425,9.27751978116632,9.62783559580737,9.06622759931682,10.0059161176808
"run_order",0.9,"WiNN fixed default (no QC)","heldout_qc_cv_median","lower","percent",10,8.57088501949777,0.281280007788145,8.5130918073769,8.44367546406374,8.70611104297211,8.13786657331426,9.04303162767364
"run_order",0.9,"WiNN fixed default (no QC)","heldout_qc_cv_sd","lower","percent",10,6.67195985377911,0.227685506172479,6.68559280775872,6.56789758985445,6.81709269847736,6.27396248708577,7.04216064062713
"run_order",0.9,"WiNN fixed default (no QC)","median_attenuation_ratio_clean_responsive","higher","log1p_effect_or_ratio",10,0.675824103976493,0.0340224429441412,0.684811849585045,0.642076765663572,0.696738165084849,0.632209098795164,0.722166304011845
"run_order",0.9,"WiNN fixed default (no QC)","median_attenuation_ratio_injected_responsive","higher","log1p_effect_or_ratio",10,0.332075218270198,0.0165598740015806,0.340824787085611,0.319684692439109,0.343823602759758,0.306837270884482,0.350752863650276
"run_order",0.9,"WiNN fixed default (no QC)","n_discoveries_bh_0p05","descriptive","count",10,86.4,5.12510162500869,86.5,83.25,91.5,78,92
"run_order",0.9,"WiNN fixed default (no QC)","null_feature_false_positive_rate","lower","proportion",10,0.00366666666666666,0.00203198025545855,0.00444444444444444,0.0025,0.00444444444444444,0,0.00666666666666667
"run_order",0.9,"WiNN fixed default (no QC)","phenotype_weighted_pc_r2_categorical","descriptive","weighted_R2",10,0.172514400637425,0.00986815776297105,0.17456557008731,0.167626600732665,0.17856689805612,0.156954808327835,0.185058422152114
"run_order",0.9,"WiNN fixed default (no QC)","recovered_vs_injected_intercept","descriptive","log1p_effect_or_ratio",10,6.38834763489609e-05,0.000697781037337106,0.000165846869097217,-0.000441643141443487,0.000704600835019551,-0.000953529035485369,0.000896600060199556
"run_order",0.9,"WiNN fixed default (no QC)","recovered_vs_injected_slope","descriptive","log1p_effect_or_ratio",10,0.335017768325955,0.0166064815887538,0.340162016388156,0.318411795015436,0.348197072066031,0.312236788518923,0.356996900070489
"run_order",0.9,"WiNN fixed default (no QC)","residual_ljung_box_median_statistic","lower","value",10,10.7230285580928,0.103812324154417,10.7422069177951,10.6665159970816,10.7927619965646,10.5393032087831,10.861033540351
"run_order",0.9,"WiNN fixed default (no QC)","residual_ljung_box_profiles_significant","lower","count",10,40.3,10.5835301818964,41.5,33.25,48,25,53
"run_order",0.9,"WiNN fixed default (no QC)","residual_ljung_box_profiles_tested","descriptive","count",10,5000,0,5000,5000,5000,5000,5000
"run_order",0.9,"WiNN fixed default (no QC)","residual_ljung_box_proportion_significant","lower","proportion",10,0.00806,0.00211670603637927,0.0083,0.00665,0.0096,0.005,0.0106
"run_order",0.9,"WiNN fixed default (no QC)","residual_run_order_gam_mean_deviance","lower","value",10,0.0230636384481008,0.000610190689647749,0.0230325635341911,0.0227340981873876,0.023317418312006,0.0219846087345294,0.0241798948653767
"run_order",0.9,"WiNN fixed default (no QC)","retained_features","higher","count",10,1000,0,1000,1000,1000,1000,1000
"run_order",0.9,"WiNN fixed default (no QC)","retained_samples","higher","count",10,500,0,500,500,500,500,500
"run_order",0.9,"WiNN fixed default (no QC)","runtime_sec","lower","seconds",10,8.1384,0.853360442277731,7.8705,7.68875,8.26175,7.161,10.237
"run_order",0.9,"WiNN fixed default (no QC)","sign_concordance_responsive","higher","correlation_or_proportion",10,1,0,1,1,1,1,1
"run_order",0.9,"WiNN fixed default (no QC)","true_positive_rate","higher","proportion",10,0.831,0.0467736868097628,0.835,0.7925,0.8675,0.76,0.89
"run_order",1,"Raw","batch_weighted_pc_r2_categorical","lower","weighted_R2",10,0.947875294366362,0.00316656092824405,0.947659484548728,0.946032506070112,0.950286661325316,0.942079260943104,0.952626539324321
"run_order",1,"Raw","clean_feature_icc_a1_mean","higher","value",10,0.588553073299522,0.0104934623019081,0.588094736482299,0.584614451903932,0.591465314683386,0.575432181090836,0.612457521733349
"run_order",1,"Raw","clean_feature_icc_a1_median","higher","value",10,0.560200312409104,0.0148406273582958,0.557114467725629,0.547813050305168,0.570706445495303,0.54384465326361,0.589668951871372
"run_order",1,"Raw","clean_feature_profile_pearson_mean","higher","correlation_or_proportion",10,0.652375193799704,0.00910675597464137,0.652542782807545,0.648669964322923,0.65503785953909,0.640468902328981,0.672818093025013
"run_order",1,"Raw","clean_feature_profile_pearson_median","higher","correlation_or_proportion",10,0.628561161263761,0.0121269631994931,0.62536003381203,0.61990195725839,0.635153471016952,0.61482309245838,0.653591097823811
"run_order",1,"Raw","clean_log1p_rmse_study","lower","log1p_effect_or_ratio",10,0.292854097748917,0.010515546127192,0.290592948216813,0.285742566159128,0.298946394194611,0.277900382736582,0.31208165403413
"run_order",1,"Raw","clean_sample_profile_pearson_mean","higher","correlation_or_proportion",10,0.523604336343049,0.013944655757605,0.525378999159254,0.517091873933479,0.532760633202069,0.497024882994287,0.543918426269586
"run_order",1,"Raw","clean_sample_profile_pearson_median","higher","correlation_or_proportion",10,0.524212199361755,0.0134055241264755,0.525487976659187,0.516277550237672,0.533103652469349,0.499039302817114,0.544856388515953
"run_order",1,"Raw","coefficient_pearson_vs_clean_all","higher","correlation_or_proportion",10,0.820070230257188,0.0132113555395684,0.821772566061659,0.808430418389298,0.828784375734136,0.800839248440557,0.83922618757413
"run_order",1,"Raw","coefficient_pearson_vs_injected_all","higher","correlation_or_proportion",10,0.702899495767791,0.0103606416038425,0.698202861251748,0.696300557774215,0.705032236010729,0.693340849090859,0.721527025920321
"run_order",1,"Raw","coefficient_pearson_vs_injected_responsive","higher","correlation_or_proportion",10,0.954983199732275,0.010775888939978,0.955727456015569,0.950545270677914,0.962820033024814,0.933319663025814,0.96959852256974
"run_order",1,"Raw","coefficient_spearman_vs_injected_all","higher","correlation_or_proportion",10,0.502267313591532,0.0085442034739006,0.505257880250793,0.501725067988479,0.507741803291042,0.486673644582523,0.509919001545724
"run_order",1,"Raw","effect_rmse_vs_clean_all","lower","log1p_effect_or_ratio",10,0.0449311105351125,0.00181983190849825,0.0444290973639477,0.0436085433453111,0.0466067552076845,0.04265160266974,0.0474349161762706
"run_order",1,"Raw","effect_rmse_vs_clean_responsive","lower","log1p_effect_or_ratio",10,0.0430863147241608,0.00769910667474076,0.0444617037539957,0.0420021284230109,0.0486658193122738,0.0277546667816926,0.0510849537410252
"run_order",1,"Raw","effect_rmse_vs_injected_all","lower","log1p_effect_or_ratio",10,0.0787456067477776,0.00115933973565488,0.0792512418034236,0.0785064930109517,0.079501120159404,0.0766680278060201,0.0798610151596046
"run_order",1,"Raw","effect_rmse_vs_injected_responsive","lower","log1p_effect_or_ratio",10,0.183887769670139,0.00393174088716952,0.184482660288215,0.180787511404176,0.185737004169037,0.178422882221407,0.191309642311871
"run_order",1,"Raw","empirical_fdr","lower","proportion",10,0.373258362020396,0.0372749597225047,0.363299663299663,0.349522047486895,0.38552001368457,0.328358208955224,0.440993788819876
"run_order",1,"Raw","heldout_qc_cv_mean","lower","percent",10,45.0597600994383,1.53042582846134,45.0352604685855,44.4957932030212,45.7658105795252,41.7869793310591,47.5743078003657
"run_order",1,"Raw","heldout_qc_cv_median","lower","percent",10,43.1285374452415,1.15235773966691,43.0465100896214,42.8834385537773,43.7700221821417,40.8705214279567,45.1702966110176
"run_order",1,"Raw","heldout_qc_cv_sd","lower","percent",10,31.1325078981167,1.32582917054224,31.0479118817121,30.0806759827216,32.0118674190209,29.2418695091346,33.4699193369408
"run_order",1,"Raw","median_attenuation_ratio_clean_responsive","higher","log1p_effect_or_ratio",10,1.00008170420504,0.000258371382343006,1,1,1,1,1.00081704205041
"run_order",1,"Raw","median_attenuation_ratio_injected_responsive","higher","log1p_effect_or_ratio",10,0.499224030957413,0.015864681921593,0.502621048776057,0.493680153521131,0.509825333733709,0.465874682760994,0.517295780253717
"run_order",1,"Raw","n_discoveries_bh_0p05","descriptive","count",10,146.5,10.4907366545708,144,138.75,155.5,134,162
"run_order",1,"Raw","null_feature_false_positive_rate","lower","proportion",10,0.0611111111111111,0.0104494340590118,0.0566666666666667,0.0547222222222222,0.0666666666666667,0.0488888888888889,0.0788888888888889
"run_order",1,"Raw","phenotype_weighted_pc_r2_categorical","descriptive","weighted_R2",10,0.04418423387716,0.00328689176086903,0.0438690124411589,0.0421629263264647,0.0466008914488,0.0384366360505622,0.0492135766473237
"run_order",1,"Raw","recovered_vs_injected_intercept","descriptive","log1p_effect_or_ratio",10,0.000252541436592551,0.00111972774151163,0.000421652140724959,-0.000871351594294569,0.00111665358931822,-0.00119163033240801,0.00171302055734032
"run_order",1,"Raw","recovered_vs_injected_slope","descriptive","log1p_effect_or_ratio",10,0.498356714209501,0.0111445637024022,0.500773613217407,0.492556998754858,0.507220930840845,0.479936813181634,0.510465535384616
"run_order",1,"Raw","residual_ljung_box_median_statistic","lower","value",10,12.4453552114735,0.149618578524091,12.4394747128882,12.3807356093711,12.5254337845995,12.1824071615127,12.7130246131137
"run_order",1,"Raw","residual_ljung_box_profiles_significant","lower","count",10,1514.8,48.6547930721002,1494,1472.5,1554.75,1468,1591
"run_order",1,"Raw","residual_ljung_box_profiles_tested","descriptive","count",10,5000,0,5000,5000,5000,5000,5000
"run_order",1,"Raw","residual_ljung_box_proportion_significant","lower","proportion",10,0.30296,0.00973095861442003,0.2988,0.2945,0.31095,0.2936,0.3182
"run_order",1,"Raw","residual_run_order_gam_mean_deviance","lower","value",10,0.142892072996989,0.00449215437881371,0.141650950384319,0.139657400470477,0.14614939530513,0.136555147264343,0.150935303157945
"run_order",1,"Raw","retained_features","higher","count",10,1000,0,1000,1000,1000,1000,1000
"run_order",1,"Raw","retained_samples","higher","count",10,500,0,500,500,500,500,500
"run_order",1,"Raw","runtime_sec","lower","seconds",10,0,0,0,0,0,0,0
"run_order",1,"Raw","sign_concordance_responsive","higher","correlation_or_proportion",10,0.995,0.00971825315807551,1,0.9925,1,0.97,1
"run_order",1,"Raw","true_positive_rate","higher","proportion",10,0.915,0.0291547594742265,0.91,0.9,0.935,0.86,0.96
"run_order",1,"WiNN fixed default (no QC)","batch_weighted_pc_r2_categorical","lower","weighted_R2",10,0.000889818884087816,0.000371105390594878,0.000803274864711774,0.000671382115280157,0.00105422218678991,0.000381903358126441,0.00159479896380547
"run_order",1,"WiNN fixed default (no QC)","clean_feature_icc_a1_mean","higher","value",10,0.914219429191874,0.00308144022014051,0.913604994912125,0.911997019688226,0.916202609526194,0.909680021258237,0.919905219218018
"run_order",1,"WiNN fixed default (no QC)","clean_feature_icc_a1_median","higher","value",10,0.935047746290445,0.00239959333158728,0.935771492398393,0.933533019964973,0.936943516896592,0.931062998498752,0.937652920390911
"run_order",1,"WiNN fixed default (no QC)","clean_feature_profile_pearson_mean","higher","correlation_or_proportion",10,0.938456434134341,0.00189535036581409,0.938509357815065,0.937115819316002,0.939126523795766,0.936047634358725,0.942458981237006
"run_order",1,"WiNN fixed default (no QC)","clean_feature_profile_pearson_median","higher","correlation_or_proportion",10,0.947834230255177,0.00201347072634679,0.948596255907992,0.947592554115849,0.948989854429237,0.94422054364004,0.949812745595902
"run_order",1,"WiNN fixed default (no QC)","clean_log1p_rmse_study","lower","log1p_effect_or_ratio",10,0.0765771024298929,0.00169259242864905,0.0765586527353937,0.0756723319974906,0.0778461411470023,0.0737733109429861,0.0791141055729504
"run_order",1,"WiNN fixed default (no QC)","clean_sample_profile_pearson_mean","higher","correlation_or_proportion",10,0.915405770251713,0.00346047971334323,0.915359689493784,0.912846736080432,0.917126199564982,0.91087647731356,0.921344623408853
"run_order",1,"WiNN fixed default (no QC)","clean_sample_profile_pearson_median","higher","correlation_or_proportion",10,0.916271575882222,0.0032597597859625,0.916553409675972,0.913919343622949,0.917822315212301,0.911880763790383,0.921880770002347
"run_order",1,"WiNN fixed default (no QC)","coefficient_pearson_vs_clean_all","higher","correlation_or_proportion",10,0.88315872077119,0.00788993130073804,0.882396927686974,0.876693566176536,0.890163207211615,0.873308524667026,0.895526141967405
"run_order",1,"WiNN fixed default (no QC)","coefficient_pearson_vs_injected_all","higher","correlation_or_proportion",10,0.677792331162998,0.0164534037411229,0.67743628122794,0.666793207631389,0.689856245484438,0.649035982010946,0.702251002152266
"run_order",1,"WiNN fixed default (no QC)","coefficient_pearson_vs_injected_responsive","higher","correlation_or_proportion",10,0.945237975443108,0.00599124538786642,0.945621351761814,0.940246167399204,0.949618923424999,0.936756549937928,0.953747727732166
"run_order",1,"WiNN fixed default (no QC)","coefficient_spearman_vs_injected_all","higher","correlation_or_proportion",10,0.502892813064953,0.00524401686048461,0.503401099852461,0.499739572724775,0.5072242052154,0.49379404139029,0.509228870778202
"run_order",1,"WiNN fixed default (no QC)","effect_rmse_vs_clean_all","lower","log1p_effect_or_ratio",10,0.0336394371509232,0.00116354668961443,0.0334700014203015,0.0330642384213416,0.0346313403941435,0.0313796691982002,0.0351062136935436
"run_order",1,"WiNN fixed default (no QC)","effect_rmse_vs_clean_responsive","lower","log1p_effect_or_ratio",10,0.0900473718803694,0.00394217577161754,0.0894921995554414,0.0876989962353629,0.0933503726612874,0.0830924746382179,0.0956283127158433
"run_order",1,"WiNN fixed default (no QC)","effect_rmse_vs_injected_all","lower","log1p_effect_or_ratio",10,0.0879153604723084,0.00106882713797054,0.0878594227145321,0.0871513991696208,0.0888118017532227,0.086380714765655,0.0895979946027461
"run_order",1,"WiNN fixed default (no QC)","effect_rmse_vs_injected_responsive","lower","log1p_effect_or_ratio",10,0.262372685376113,0.0034534024404099,0.261780756759176,0.259625053041089,0.26540491057979,0.257703816166298,0.267200015392938
"run_order",1,"WiNN fixed default (no QC)","empirical_fdr","lower","proportion",10,0.0226529464687359,0.0344293029063695,0.0125,0,0.0261470985155196,0,0.111111111111111
"run_order",1,"WiNN fixed default (no QC)","heldout_qc_cv_mean","lower","percent",10,9.54643854963834,0.274380349320337,9.58340713678766,9.32760319522153,9.66793068258696,9.12768829162975,10.0396339472236
"run_order",1,"WiNN fixed default (no QC)","heldout_qc_cv_median","lower","percent",10,8.59603555871141,0.28102197925263,8.53017824108935,8.47635173520901,8.71262737166394,8.15203393925125,9.04566581938039
"run_order",1,"WiNN fixed default (no QC)","heldout_qc_cv_sd","lower","percent",10,6.72099834617499,0.232389423895368,6.75923461717236,6.63516662818682,6.85999712466367,6.33060913419216,7.10347064218658
"run_order",1,"WiNN fixed default (no QC)","median_attenuation_ratio_clean_responsive","higher","log1p_effect_or_ratio",10,0.50882662256698,0.0192535808093751,0.506059435057379,0.494432438962031,0.522699116997922,0.481094335547469,0.538200504396248
"run_order",1,"WiNN fixed default (no QC)","median_attenuation_ratio_injected_responsive","higher","log1p_effect_or_ratio",10,0.250425928472981,0.00812016311922377,0.251082330543581,0.245051146201784,0.254651119313483,0.237772136173692,0.262163300162015
"run_order",1,"WiNN fixed default (no QC)","n_discoveries_bh_0p05","descriptive","count",10,32.3,6.32543366980566,33.5,26,37.75,25,40
"run_order",1,"WiNN fixed default (no QC)","null_feature_false_positive_rate","lower","proportion",10,0.000888888888888888,0.00136585843811746,0.000555555555555555,0,0.00111111111111111,0,0.00444444444444444
"run_order",1,"WiNN fixed default (no QC)","phenotype_weighted_pc_r2_categorical","descriptive","weighted_R2",10,0.130157885933347,0.0130104512130317,0.135882392394434,0.125429078452588,0.136990482444713,0.0998594500825592,0.143398736385709
"run_order",1,"WiNN fixed default (no QC)","recovered_vs_injected_intercept","descriptive","log1p_effect_or_ratio",10,8.59719366415615e-05,0.000700881696945287,-0.000110733941127595,-0.000500011079448656,0.000568489816653464,-0.000700714346952385,0.00138118636975139
"run_order",1,"WiNN fixed default (no QC)","recovered_vs_injected_slope","descriptive","log1p_effect_or_ratio",10,0.255574395819434,0.00977156550013261,0.257273939544462,0.247153850129283,0.263244687165067,0.241688305061977,0.26859116250771
"run_order",1,"WiNN fixed default (no QC)","residual_ljung_box_median_statistic","lower","value",10,10.7037707105769,0.0972862123255363,10.7387054274778,10.6510385794581,10.7663064415812,10.5144528538498,10.820982789818
"run_order",1,"WiNN fixed default (no QC)","residual_ljung_box_profiles_significant","lower","count",10,38.4,11.1075549864845,39,28.5,48.75,22,52
"run_order",1,"WiNN fixed default (no QC)","residual_ljung_box_profiles_tested","descriptive","count",10,5000,0,5000,5000,5000,5000,5000
"run_order",1,"WiNN fixed default (no QC)","residual_ljung_box_proportion_significant","lower","proportion",10,0.00768,0.00222151099729691,0.0078,0.0057,0.00975,0.0044,0.0104
"run_order",1,"WiNN fixed default (no QC)","residual_run_order_gam_mean_deviance","lower","value",10,0.022521917175509,0.000690080026633292,0.0226609028639743,0.0220974030283337,0.0228221637888676,0.0211860353495691,0.0236882323529356
"run_order",1,"WiNN fixed default (no QC)","retained_features","higher","count",10,1000,0,1000,1000,1000,1000,1000
"run_order",1,"WiNN fixed default (no QC)","retained_samples","higher","count",10,500,0,500,500,500,500,500
"run_order",1,"WiNN fixed default (no QC)","runtime_sec","lower","seconds",10,7.3592,0.139972060704191,7.324,7.29975,7.43525,7.117,7.628
"run_order",1,"WiNN fixed default (no QC)","sign_concordance_responsive","higher","correlation_or_proportion",10,1,0,1,1,1,1,1
"run_order",1,"WiNN fixed default (no QC)","true_positive_rate","higher","proportion",10,0.315,0.0593014895821907,0.315,0.2525,0.37,0.25,0.39
