"metric","value","direction","denominator","units","notes","dataset_key","method_id","method","dataset"
"batch_features_corrected",,"descriptive",1000,"features","","simulation","raw","Raw","Simulation"
"batch_weighted_pc_r2_categorical",0.965647338615417,"lower",450,"weighted R-squared","Batch is explicitly categorical.","simulation","raw","Raw","Simulation"
"drift_features_corrected",,"descriptive",1000,"features","","simulation","raw","Raw","Simulation"
"drift_profiles_corrected",,"descriptive",5000,"profiles","","simulation","raw","Raw","Simulation"
"heldout_qc_cv_mean",44.2100431097472,"lower",1000,"percent","","simulation","raw","Raw","Simulation"
"heldout_qc_cv_median",41.8805446465495,"lower",1000,"percent","","simulation","raw","Raw","Simulation"
"heldout_qc_cv_sd",31.0743750702016,"lower",1000,"percent","","simulation","raw","Raw","Simulation"
"residual_ljung_box_proportion_significant",0.2482,"lower",5000,"proportion","","simulation","raw","Raw","Simulation"
"residual_run_order_gam_mean_deviance",0.12764961730634,"lower",5000,"proportion","","simulation","raw","Raw","Simulation"
"residual_run_order_gam_sd_deviance",0.197313555439377,"lower",5000,"proportion","","simulation","raw","Raw","Simulation"
"retained_features",1000,"higher",1000,"features","","simulation","raw","Raw","Simulation"
"retained_samples",500,"higher",500,"samples","","simulation","raw","Raw","Simulation"
"runtime_sec",0,"lower",1,"seconds","no correction","simulation","raw","Raw","Simulation"
"truth_log1p_rmse",0.290839531888212,"lower",450000,"log1p intensity","","simulation","raw","Raw","Simulation"
"truth_metabolite_profile_icc_mean",0.586183758689398,"higher",1000,"ICC(A,1)","","simulation","raw","Raw","Simulation"
"truth_sample_profile_pearson_mean",0.521842186444926,"higher",450,"correlation","","simulation","raw","Raw","Simulation"
"batch_features_corrected",,"descriptive",1000,"features","","simulation","combat","ComBat","Simulation"
"batch_weighted_pc_r2_categorical",0.000103519147488483,"lower",450,"weighted R-squared","Batch is explicitly categorical.","simulation","combat","ComBat","Simulation"
"drift_features_corrected",,"descriptive",1000,"features","","simulation","combat","ComBat","Simulation"
"drift_profiles_corrected",,"descriptive",5000,"profiles","","simulation","combat","ComBat","Simulation"
"heldout_qc_cv_mean",12.404955532938,"lower",1000,"percent","","simulation","combat","ComBat","Simulation"
"heldout_qc_cv_median",10.9407293509127,"lower",1000,"percent","","simulation","combat","ComBat","Simulation"
"heldout_qc_cv_sd",9.39337549034977,"lower",1000,"percent","","simulation","combat","ComBat","Simulation"
"residual_ljung_box_proportion_significant",0.2482,"lower",5000,"proportion","","simulation","combat","ComBat","Simulation"
"residual_run_order_gam_mean_deviance",0.127649520286793,"lower",5000,"proportion","","simulation","combat","ComBat","Simulation"
"residual_run_order_gam_sd_deviance",0.197313916613525,"lower",5000,"proportion","","simulation","combat","ComBat","Simulation"
"retained_features",1000,"higher",1000,"features","","simulation","combat","ComBat","Simulation"
"retained_samples",500,"higher",500,"samples","","simulation","combat","ComBat","Simulation"
"runtime_sec",,"lower",1,"seconds","not remeasured; cache retrieval time excluded","simulation","combat","ComBat","Simulation"
"truth_log1p_rmse",0.103140426488342,"lower",450000,"log1p intensity","","simulation","combat","ComBat","Simulation"
"truth_metabolite_profile_icc_mean",0.879386831580911,"higher",1000,"ICC(A,1)","","simulation","combat","ComBat","Simulation"
"truth_sample_profile_pearson_mean",0.881066706839948,"higher",450,"correlation","","simulation","combat","ComBat","Simulation"
"batch_features_corrected",,"descriptive",1000,"features","","simulation","qc_rlsc","QC-RLSC","Simulation"
"batch_weighted_pc_r2_categorical",9.55201604490419e-05,"lower",450,"weighted R-squared","Batch is explicitly categorical.","simulation","qc_rlsc","QC-RLSC","Simulation"
"drift_features_corrected",,"descriptive",1000,"features","","simulation","qc_rlsc","QC-RLSC","Simulation"
"drift_profiles_corrected",,"descriptive",5000,"profiles","","simulation","qc_rlsc","QC-RLSC","Simulation"
"heldout_qc_cv_mean",11.3390164195857,"lower",1000,"percent","","simulation","qc_rlsc","QC-RLSC","Simulation"
"heldout_qc_cv_median",8.9016310663309,"lower",1000,"percent","","simulation","qc_rlsc","QC-RLSC","Simulation"
"heldout_qc_cv_sd",8.59342587605704,"lower",1000,"percent","","simulation","qc_rlsc","QC-RLSC","Simulation"
"residual_ljung_box_proportion_significant",0.0674,"lower",5000,"proportion","","simulation","qc_rlsc","QC-RLSC","Simulation"
"residual_run_order_gam_mean_deviance",0.0533851989108539,"lower",5000,"proportion","","simulation","qc_rlsc","QC-RLSC","Simulation"
"residual_run_order_gam_sd_deviance",0.0936286567526875,"lower",5000,"proportion","","simulation","qc_rlsc","QC-RLSC","Simulation"
"retained_features",1000,"higher",1000,"features","","simulation","qc_rlsc","QC-RLSC","Simulation"
"retained_samples",500,"higher",500,"samples","","simulation","qc_rlsc","QC-RLSC","Simulation"
"runtime_sec",,"lower",1,"seconds","not remeasured; cache retrieval time excluded","simulation","qc_rlsc","QC-RLSC","Simulation"
"truth_log1p_rmse",0.0889256275915072,"lower",450000,"log1p intensity","","simulation","qc_rlsc","QC-RLSC","Simulation"
"truth_metabolite_profile_icc_mean",0.905483269655236,"higher",1000,"ICC(A,1)","","simulation","qc_rlsc","QC-RLSC","Simulation"
"truth_sample_profile_pearson_mean",0.907128419117509,"higher",450,"correlation","","simulation","qc_rlsc","QC-RLSC","Simulation"
"batch_features_corrected",,"descriptive",1000,"features","","simulation","qc_rfsc","QC-RFSC","Simulation"
"batch_weighted_pc_r2_categorical",0.144040149745443,"lower",450,"weighted R-squared","Batch is explicitly categorical.","simulation","qc_rfsc","QC-RFSC","Simulation"
"drift_features_corrected",,"descriptive",1000,"features","","simulation","qc_rfsc","QC-RFSC","Simulation"
"drift_profiles_corrected",,"descriptive",5000,"profiles","","simulation","qc_rfsc","QC-RFSC","Simulation"
"heldout_qc_cv_mean",14.7280131359941,"lower",1000,"percent","","simulation","qc_rfsc","QC-RFSC","Simulation"
"heldout_qc_cv_median",13.6739926774638,"lower",1000,"percent","","simulation","qc_rfsc","QC-RFSC","Simulation"
"heldout_qc_cv_sd",9.97640419493849,"lower",1000,"percent","","simulation","qc_rfsc","QC-RFSC","Simulation"
"residual_ljung_box_proportion_significant",0.2126,"lower",5000,"proportion","","simulation","qc_rfsc","QC-RFSC","Simulation"
"residual_run_order_gam_mean_deviance",0.131085396618962,"lower",5000,"proportion","","simulation","qc_rfsc","QC-RFSC","Simulation"
"residual_run_order_gam_sd_deviance",0.152511823326062,"lower",5000,"proportion","","simulation","qc_rfsc","QC-RFSC","Simulation"
"retained_features",1000,"higher",1000,"features","","simulation","qc_rfsc","QC-RFSC","Simulation"
"retained_samples",500,"higher",500,"samples","","simulation","qc_rfsc","QC-RFSC","Simulation"
"runtime_sec",,"lower",1,"seconds","not remeasured; cache retrieval time excluded","simulation","qc_rfsc","QC-RFSC","Simulation"
"truth_log1p_rmse",0.194483540578911,"lower",450000,"log1p intensity","","simulation","qc_rfsc","QC-RFSC","Simulation"
"truth_metabolite_profile_icc_mean",0.697701425617728,"higher",1000,"ICC(A,1)","","simulation","qc_rfsc","QC-RFSC","Simulation"
"truth_sample_profile_pearson_mean",0.682481784426063,"higher",450,"correlation","","simulation","qc_rfsc","QC-RFSC","Simulation"
"batch_features_corrected",,"descriptive",1000,"features","","simulation","tiger","TIGER","Simulation"
"batch_weighted_pc_r2_categorical",0.0856924649544889,"lower",450,"weighted R-squared","Batch is explicitly categorical.","simulation","tiger","TIGER","Simulation"
"drift_features_corrected",,"descriptive",1000,"features","","simulation","tiger","TIGER","Simulation"
"drift_profiles_corrected",,"descriptive",5000,"profiles","","simulation","tiger","TIGER","Simulation"
"heldout_qc_cv_mean",9.77314523581495,"lower",1000,"percent","","simulation","tiger","TIGER","Simulation"
"heldout_qc_cv_median",8.66752626251522,"lower",1000,"percent","","simulation","tiger","TIGER","Simulation"
"heldout_qc_cv_sd",9.90368666058103,"lower",1000,"percent","","simulation","tiger","TIGER","Simulation"
"residual_ljung_box_proportion_significant",0.1754,"lower",5000,"proportion","","simulation","tiger","TIGER","Simulation"
"residual_run_order_gam_mean_deviance",0.0852308695427575,"lower",5000,"proportion","","simulation","tiger","TIGER","Simulation"
"residual_run_order_gam_sd_deviance",0.129574032865325,"lower",5000,"proportion","","simulation","tiger","TIGER","Simulation"
"retained_features",1000,"higher",1000,"features","","simulation","tiger","TIGER","Simulation"
"retained_samples",500,"higher",500,"samples","","simulation","tiger","TIGER","Simulation"
"runtime_sec",1617.199,"lower",1,"seconds","measured method execution in frozen release","simulation","tiger","TIGER","Simulation"
"truth_log1p_rmse",0.110947265883819,"lower",450000,"log1p intensity","","simulation","tiger","TIGER","Simulation"
"truth_metabolite_profile_icc_mean",0.87329948453022,"higher",1000,"ICC(A,1)","","simulation","tiger","TIGER","Simulation"
"truth_sample_profile_pearson_mean",0.856328096042775,"higher",450,"correlation","","simulation","tiger","TIGER","Simulation"
"batch_features_corrected",,"descriptive",1000,"features","","simulation","serrf","SERRF","Simulation"
"batch_weighted_pc_r2_categorical",0.000686301131247359,"lower",450,"weighted R-squared","Batch is explicitly categorical.","simulation","serrf","SERRF","Simulation"
"drift_features_corrected",,"descriptive",1000,"features","","simulation","serrf","SERRF","Simulation"
"drift_profiles_corrected",,"descriptive",5000,"profiles","","simulation","serrf","SERRF","Simulation"
"heldout_qc_cv_mean",12.495344300561,"lower",1000,"percent","","simulation","serrf","SERRF","Simulation"
"heldout_qc_cv_median",10.524897988776,"lower",1000,"percent","","simulation","serrf","SERRF","Simulation"
"heldout_qc_cv_sd",9.58874295720924,"lower",1000,"percent","","simulation","serrf","SERRF","Simulation"
"residual_ljung_box_proportion_significant",0.2006,"lower",5000,"proportion","","simulation","serrf","SERRF","Simulation"
"residual_run_order_gam_mean_deviance",0.0997710875953133,"lower",5000,"proportion","","simulation","serrf","SERRF","Simulation"
"residual_run_order_gam_sd_deviance",0.156531324905062,"lower",5000,"proportion","","simulation","serrf","SERRF","Simulation"
"retained_features",1000,"higher",1000,"features","","simulation","serrf","SERRF","Simulation"
"retained_samples",500,"higher",500,"samples","","simulation","serrf","SERRF","Simulation"
"runtime_sec",,"lower",1,"seconds","not remeasured; cache retrieval time excluded","simulation","serrf","SERRF","Simulation"
"truth_log1p_rmse",0.0953567821019156,"lower",450000,"log1p intensity","","simulation","serrf","SERRF","Simulation"
"truth_metabolite_profile_icc_mean",0.887607914457796,"higher",1000,"ICC(A,1)","","simulation","serrf","SERRF","Simulation"
"truth_sample_profile_pearson_mean",0.879622363348465,"higher",450,"correlation","","simulation","serrf","SERRF","Simulation"
"batch_features_corrected",721,"descriptive",1000,"features","","simulation","winn_auto_qc","WiNN auto (QC)","Simulation"
"batch_weighted_pc_r2_categorical",0.00100135976133962,"lower",450,"weighted R-squared","Batch is explicitly categorical.","simulation","winn_auto_qc","WiNN auto (QC)","Simulation"
"drift_features_corrected",696,"descriptive",1000,"features","","simulation","winn_auto_qc","WiNN auto (QC)","Simulation"
"drift_profiles_corrected",1566,"descriptive",5000,"profiles","","simulation","winn_auto_qc","WiNN auto (QC)","Simulation"
"heldout_qc_cv_mean",8.78288536211856,"lower",1000,"percent","","simulation","winn_auto_qc","WiNN auto (QC)","Simulation"
"heldout_qc_cv_median",7.73686643153703,"lower",1000,"percent","","simulation","winn_auto_qc","WiNN auto (QC)","Simulation"
"heldout_qc_cv_sd",6.25266545924884,"lower",1000,"percent","","simulation","winn_auto_qc","WiNN auto (QC)","Simulation"
"residual_ljung_box_proportion_significant",0.0086,"lower",5000,"proportion","","simulation","winn_auto_qc","WiNN auto (QC)","Simulation"
"residual_run_order_gam_mean_deviance",0.0190598805330619,"lower",5000,"proportion","","simulation","winn_auto_qc","WiNN auto (QC)","Simulation"
"residual_run_order_gam_sd_deviance",0.0319713597474127,"lower",5000,"proportion","","simulation","winn_auto_qc","WiNN auto (QC)","Simulation"
"retained_features",1000,"higher",1000,"features","","simulation","winn_auto_qc","WiNN auto (QC)","Simulation"
"retained_samples",500,"higher",500,"samples","","simulation","winn_auto_qc","WiNN auto (QC)","Simulation"
"runtime_sec",17.563,"lower",1,"seconds","measured method execution in frozen release","simulation","winn_auto_qc","WiNN auto (QC)","Simulation"
"truth_log1p_rmse",0.071593517780699,"lower",450000,"log1p intensity","","simulation","winn_auto_qc","WiNN auto (QC)","Simulation"
"truth_metabolite_profile_icc_mean",0.922321659529502,"higher",1000,"ICC(A,1)","","simulation","winn_auto_qc","WiNN auto (QC)","Simulation"
"truth_sample_profile_pearson_mean",0.925989767122605,"higher",450,"correlation","","simulation","winn_auto_qc","WiNN auto (QC)","Simulation"
"batch_features_corrected",703,"descriptive",1000,"features","","simulation","winn_auto_batch_qc","WiNN auto-batch (QC)","Simulation"
"batch_weighted_pc_r2_categorical",0.190350299562417,"lower",450,"weighted R-squared","Batch is explicitly categorical.","simulation","winn_auto_batch_qc","WiNN auto-batch (QC)","Simulation"
"drift_features_corrected",884,"descriptive",1000,"features","","simulation","winn_auto_batch_qc","WiNN auto-batch (QC)","Simulation"
"drift_profiles_corrected",1647,"descriptive",5000,"profiles","","simulation","winn_auto_batch_qc","WiNN auto-batch (QC)","Simulation"
"heldout_qc_cv_mean",16.3142944058656,"lower",1000,"percent","","simulation","winn_auto_batch_qc","WiNN auto-batch (QC)","Simulation"
"heldout_qc_cv_median",15.1128846355237,"lower",1000,"percent","","simulation","winn_auto_batch_qc","WiNN auto-batch (QC)","Simulation"
"heldout_qc_cv_sd",10.6230798483238,"lower",1000,"percent","","simulation","winn_auto_batch_qc","WiNN auto-batch (QC)","Simulation"
"residual_ljung_box_proportion_significant",0.231,"lower",5000,"proportion","","simulation","winn_auto_batch_qc","WiNN auto-batch (QC)","Simulation"
"residual_run_order_gam_mean_deviance",0.138876443356538,"lower",5000,"proportion","","simulation","winn_auto_batch_qc","WiNN auto-batch (QC)","Simulation"
"residual_run_order_gam_sd_deviance",0.17987673081442,"lower",5000,"proportion","","simulation","winn_auto_batch_qc","WiNN auto-batch (QC)","Simulation"
"retained_features",1000,"higher",1000,"features","","simulation","winn_auto_batch_qc","WiNN auto-batch (QC)","Simulation"
"retained_samples",500,"higher",500,"samples","","simulation","winn_auto_batch_qc","WiNN auto-batch (QC)","Simulation"
"runtime_sec",21.503,"lower",1,"seconds","measured method execution in frozen release","simulation","winn_auto_batch_qc","WiNN auto-batch (QC)","Simulation"
"truth_log1p_rmse",0.102737640679052,"lower",450000,"log1p intensity","","simulation","winn_auto_batch_qc","WiNN auto-batch (QC)","Simulation"
"truth_metabolite_profile_icc_mean",0.858213013478024,"higher",1000,"ICC(A,1)","","simulation","winn_auto_batch_qc","WiNN auto-batch (QC)","Simulation"
"truth_sample_profile_pearson_mean",0.868555221284607,"higher",450,"correlation","","simulation","winn_auto_batch_qc","WiNN auto-batch (QC)","Simulation"
"batch_features_corrected",725,"descriptive",1000,"features","","simulation","winn_fixed_no_qc","WiNN fixed default (no QC)","Simulation"
"batch_weighted_pc_r2_categorical",0.000984578035653711,"lower",450,"weighted R-squared","Batch is explicitly categorical.","simulation","winn_fixed_no_qc","WiNN fixed default (no QC)","Simulation"
"drift_features_corrected",655,"descriptive",1000,"features","","simulation","winn_fixed_no_qc","WiNN fixed default (no QC)","Simulation"
"drift_profiles_corrected",1440,"descriptive",5000,"profiles","","simulation","winn_fixed_no_qc","WiNN fixed default (no QC)","Simulation"
"heldout_qc_cv_mean",8.76629278513728,"lower",1000,"percent","","simulation","winn_fixed_no_qc","WiNN fixed default (no QC)","Simulation"
"heldout_qc_cv_median",7.76573226958891,"lower",1000,"percent","","simulation","winn_fixed_no_qc","WiNN fixed default (no QC)","Simulation"
"heldout_qc_cv_sd",6.24541161559367,"lower",1000,"percent","","simulation","winn_fixed_no_qc","WiNN fixed default (no QC)","Simulation"
"residual_ljung_box_proportion_significant",0.0078,"lower",5000,"proportion","","simulation","winn_fixed_no_qc","WiNN fixed default (no QC)","Simulation"
"residual_run_order_gam_mean_deviance",0.020259360410254,"lower",5000,"proportion","","simulation","winn_fixed_no_qc","WiNN fixed default (no QC)","Simulation"
"residual_run_order_gam_sd_deviance",0.033790592433155,"lower",5000,"proportion","","simulation","winn_fixed_no_qc","WiNN fixed default (no QC)","Simulation"
"retained_features",1000,"higher",1000,"features","","simulation","winn_fixed_no_qc","WiNN fixed default (no QC)","Simulation"
"retained_samples",500,"higher",500,"samples","","simulation","winn_fixed_no_qc","WiNN fixed default (no QC)","Simulation"
"runtime_sec",7.758,"lower",1,"seconds","measured method execution in frozen release","simulation","winn_fixed_no_qc","WiNN fixed default (no QC)","Simulation"
"truth_log1p_rmse",0.0717656363030658,"lower",450000,"log1p intensity","","simulation","winn_fixed_no_qc","WiNN fixed default (no QC)","Simulation"
"truth_metabolite_profile_icc_mean",0.922101988056287,"higher",1000,"ICC(A,1)","","simulation","winn_fixed_no_qc","WiNN fixed default (no QC)","Simulation"
"truth_sample_profile_pearson_mean",0.925722367961271,"higher",450,"correlation","","simulation","winn_fixed_no_qc","WiNN fixed default (no QC)","Simulation"
"batch_features_corrected",,"descriptive",2488,"features","","mtbls79","raw","Raw","MTBLS79"
"batch_weighted_pc_r2_categorical",0.36098533296055,"lower",134,"weighted R-squared","Batch is explicitly categorical.","mtbls79","raw","Raw","MTBLS79"
"biological_associated_features",990,"context",2488,"features","","mtbls79","raw","Raw","MTBLS79"
"biological_weighted_pc_r2",0.342783223437302,"higher",134,"weighted R-squared","","mtbls79","raw","Raw","MTBLS79"
"drift_features_corrected",,"descriptive",2488,"features","","mtbls79","raw","Raw","MTBLS79"
"drift_profiles_corrected",,"descriptive",19904,"profiles","","mtbls79","raw","Raw","MTBLS79"
"heldout_qc_cv_mean",28.75722275311,"lower",2488,"percent","","mtbls79","raw","Raw","MTBLS79"
"heldout_qc_cv_median",23.4934863428841,"lower",2488,"percent","","mtbls79","raw","Raw","MTBLS79"
"heldout_qc_cv_sd",19.850171192336,"lower",2488,"percent","","mtbls79","raw","Raw","MTBLS79"
"metabolite_icc_a1_median",0.548997409303439,"higher",2488,"ICC(A,1)","","mtbls79","raw","Raw","MTBLS79"
"residual_ljung_box_proportion_significant",0.00296422829581994,"lower",19904,"proportion","","mtbls79","raw","Raw","MTBLS79"
"residual_run_order_gam_mean_deviance",0.14171601494383,"lower",19904,"proportion","","mtbls79","raw","Raw","MTBLS79"
"residual_run_order_gam_sd_deviance",0.170234776182955,"lower",19904,"proportion","","mtbls79","raw","Raw","MTBLS79"
"retained_features",2488,"higher",2488,"features","","mtbls79","raw","Raw","MTBLS79"
"retained_samples",172,"higher",172,"samples","","mtbls79","raw","Raw","MTBLS79"
"runtime_sec",0,"lower",1,"seconds","no correction","mtbls79","raw","Raw","MTBLS79"
"sample_replicate_pearson_median",0.952320686738354,"higher",20,"correlation","","mtbls79","raw","Raw","MTBLS79"
"batch_features_corrected",,"descriptive",2488,"features","","mtbls79","combat","ComBat","MTBLS79"
"batch_weighted_pc_r2_categorical",0.00644324620622205,"lower",134,"weighted R-squared","Batch is explicitly categorical.","mtbls79","combat","ComBat","MTBLS79"
"biological_associated_features",1000,"context",2488,"features","","mtbls79","combat","ComBat","MTBLS79"
"biological_weighted_pc_r2",0.468838695057742,"higher",134,"weighted R-squared","","mtbls79","combat","ComBat","MTBLS79"
"drift_features_corrected",,"descriptive",2488,"features","","mtbls79","combat","ComBat","MTBLS79"
"drift_profiles_corrected",,"descriptive",19904,"profiles","","mtbls79","combat","ComBat","MTBLS79"
"heldout_qc_cv_mean",16.0925710818008,"lower",2488,"percent","","mtbls79","combat","ComBat","MTBLS79"
"heldout_qc_cv_median",13.5625246962097,"lower",2488,"percent","","mtbls79","combat","ComBat","MTBLS79"
"heldout_qc_cv_sd",9.53336523229443,"lower",2488,"percent","","mtbls79","combat","ComBat","MTBLS79"
"metabolite_icc_a1_median",0.695679958212752,"higher",2488,"ICC(A,1)","","mtbls79","combat","ComBat","MTBLS79"
"residual_ljung_box_proportion_significant",0.00296422829581994,"lower",19904,"proportion","","mtbls79","combat","ComBat","MTBLS79"
"residual_run_order_gam_mean_deviance",0.141715985886593,"lower",19904,"proportion","","mtbls79","combat","ComBat","MTBLS79"
"residual_run_order_gam_sd_deviance",0.170234794379896,"lower",19904,"proportion","","mtbls79","combat","ComBat","MTBLS79"
"retained_features",2488,"higher",2488,"features","","mtbls79","combat","ComBat","MTBLS79"
"retained_samples",172,"higher",172,"samples","","mtbls79","combat","ComBat","MTBLS79"
"runtime_sec",,"lower",1,"seconds","not remeasured; cache retrieval time excluded","mtbls79","combat","ComBat","MTBLS79"
"sample_replicate_pearson_median",0.978177327379065,"higher",20,"correlation","","mtbls79","combat","ComBat","MTBLS79"
"batch_features_corrected",,"descriptive",2488,"features","","mtbls79","qc_rlsc","QC-RLSC","MTBLS79"
"batch_weighted_pc_r2_categorical",0.0287481539807132,"lower",134,"weighted R-squared","Batch is explicitly categorical.","mtbls79","qc_rlsc","QC-RLSC","MTBLS79"
"biological_associated_features",272,"context",2488,"features","","mtbls79","qc_rlsc","QC-RLSC","MTBLS79"
"biological_weighted_pc_r2",0.0507371995449736,"higher",134,"weighted R-squared","","mtbls79","qc_rlsc","QC-RLSC","MTBLS79"
"drift_features_corrected",,"descriptive",2488,"features","","mtbls79","qc_rlsc","QC-RLSC","MTBLS79"
"drift_profiles_corrected",,"descriptive",19904,"profiles","","mtbls79","qc_rlsc","QC-RLSC","MTBLS79"
"heldout_qc_cv_mean",182.843579133277,"lower",2488,"percent","","mtbls79","qc_rlsc","QC-RLSC","MTBLS79"
"heldout_qc_cv_median",179.015296457774,"lower",2488,"percent","","mtbls79","qc_rlsc","QC-RLSC","MTBLS79"
"heldout_qc_cv_sd",12.906551731027,"lower",2488,"percent","","mtbls79","qc_rlsc","QC-RLSC","MTBLS79"
"metabolite_icc_a1_median",0.0924363870265387,"higher",2488,"ICC(A,1)","","mtbls79","qc_rlsc","QC-RLSC","MTBLS79"
"residual_ljung_box_proportion_significant",0,"lower",19904,"proportion","","mtbls79","qc_rlsc","QC-RLSC","MTBLS79"
"residual_run_order_gam_mean_deviance",0.0965669642695464,"lower",19904,"proportion","","mtbls79","qc_rlsc","QC-RLSC","MTBLS79"
"residual_run_order_gam_sd_deviance",0.136866863263694,"lower",19904,"proportion","","mtbls79","qc_rlsc","QC-RLSC","MTBLS79"
"retained_features",2488,"higher",2488,"features","","mtbls79","qc_rlsc","QC-RLSC","MTBLS79"
"retained_samples",172,"higher",172,"samples","","mtbls79","qc_rlsc","QC-RLSC","MTBLS79"
"runtime_sec",258.677,"lower",1,"seconds","measured method execution in frozen release","mtbls79","qc_rlsc","QC-RLSC","MTBLS79"
"sample_replicate_pearson_median",0.987598822200064,"higher",20,"correlation","","mtbls79","qc_rlsc","QC-RLSC","MTBLS79"
"batch_features_corrected",,"descriptive",2488,"features","","mtbls79","qc_rfsc","QC-RFSC","MTBLS79"
"batch_weighted_pc_r2_categorical",0.195482996167312,"lower",134,"weighted R-squared","Batch is explicitly categorical.","mtbls79","qc_rfsc","QC-RFSC","MTBLS79"
"biological_associated_features",759,"context",2488,"features","","mtbls79","qc_rfsc","QC-RFSC","MTBLS79"
"biological_weighted_pc_r2",0.434507372476898,"higher",134,"weighted R-squared","","mtbls79","qc_rfsc","QC-RFSC","MTBLS79"
"drift_features_corrected",,"descriptive",2488,"features","","mtbls79","qc_rfsc","QC-RFSC","MTBLS79"
"drift_profiles_corrected",,"descriptive",19904,"profiles","","mtbls79","qc_rfsc","QC-RFSC","MTBLS79"
"heldout_qc_cv_mean",10.4280805137948,"lower",2488,"percent","","mtbls79","qc_rfsc","QC-RFSC","MTBLS79"
"heldout_qc_cv_median",6.68811629876674,"lower",2488,"percent","","mtbls79","qc_rfsc","QC-RFSC","MTBLS79"
"heldout_qc_cv_sd",15.2007605384526,"lower",2488,"percent","","mtbls79","qc_rfsc","QC-RFSC","MTBLS79"
"metabolite_icc_a1_median",0.619676984697669,"higher",2488,"ICC(A,1)","","mtbls79","qc_rfsc","QC-RFSC","MTBLS79"
"residual_ljung_box_proportion_significant",0.0028637459807074,"lower",19904,"proportion","","mtbls79","qc_rfsc","QC-RFSC","MTBLS79"
"residual_run_order_gam_mean_deviance",0.156433139273831,"lower",19904,"proportion","","mtbls79","qc_rfsc","QC-RFSC","MTBLS79"
"residual_run_order_gam_sd_deviance",0.17885305144419,"lower",19904,"proportion","","mtbls79","qc_rfsc","QC-RFSC","MTBLS79"
"retained_features",2488,"higher",2488,"features","","mtbls79","qc_rfsc","QC-RFSC","MTBLS79"
"retained_samples",172,"higher",172,"samples","","mtbls79","qc_rfsc","QC-RFSC","MTBLS79"
"runtime_sec",76.148,"lower",1,"seconds","measured method execution in frozen release","mtbls79","qc_rfsc","QC-RFSC","MTBLS79"
"sample_replicate_pearson_median",0.993667266617772,"higher",20,"correlation","","mtbls79","qc_rfsc","QC-RFSC","MTBLS79"
"batch_features_corrected",,"descriptive",2488,"features","","mtbls79","tiger","TIGER","MTBLS79"
"batch_weighted_pc_r2_categorical",0.216351710561202,"lower",134,"weighted R-squared","Batch is explicitly categorical.","mtbls79","tiger","TIGER","MTBLS79"
"biological_associated_features",941,"context",2488,"features","","mtbls79","tiger","TIGER","MTBLS79"
"biological_weighted_pc_r2",0.415480584055808,"higher",134,"weighted R-squared","","mtbls79","tiger","TIGER","MTBLS79"
"drift_features_corrected",,"descriptive",2488,"features","","mtbls79","tiger","TIGER","MTBLS79"
"drift_profiles_corrected",,"descriptive",19904,"profiles","","mtbls79","tiger","TIGER","MTBLS79"
"heldout_qc_cv_mean",13.8067334269856,"lower",2488,"percent","","mtbls79","tiger","TIGER","MTBLS79"
"heldout_qc_cv_median",11.2128702839846,"lower",2488,"percent","","mtbls79","tiger","TIGER","MTBLS79"
"heldout_qc_cv_sd",8.75289165249825,"lower",2488,"percent","","mtbls79","tiger","TIGER","MTBLS79"
"metabolite_icc_a1_median",0.579479054575873,"higher",2488,"ICC(A,1)","","mtbls79","tiger","TIGER","MTBLS79"
"residual_ljung_box_proportion_significant",0.00216036977491961,"lower",19904,"proportion","","mtbls79","tiger","TIGER","MTBLS79"
"residual_run_order_gam_mean_deviance",0.141563001447443,"lower",19904,"proportion","","mtbls79","tiger","TIGER","MTBLS79"
"residual_run_order_gam_sd_deviance",0.167290680861559,"lower",19904,"proportion","","mtbls79","tiger","TIGER","MTBLS79"
"retained_features",2488,"higher",2488,"features","","mtbls79","tiger","TIGER","MTBLS79"
"retained_samples",172,"higher",172,"samples","","mtbls79","tiger","TIGER","MTBLS79"
"runtime_sec",2969.131,"lower",1,"seconds","measured method execution in frozen release","mtbls79","tiger","TIGER","MTBLS79"
"sample_replicate_pearson_median",0.961437677896945,"higher",20,"correlation","","mtbls79","tiger","TIGER","MTBLS79"
"batch_features_corrected",,"descriptive",2488,"features","","mtbls79","serrf","SERRF","MTBLS79"
"batch_weighted_pc_r2_categorical",0.00841627689119447,"lower",134,"weighted R-squared","Batch is explicitly categorical.","mtbls79","serrf","SERRF","MTBLS79"
"biological_associated_features",1000,"context",2488,"features","","mtbls79","serrf","SERRF","MTBLS79"
"biological_weighted_pc_r2",0.46610294740746,"higher",134,"weighted R-squared","","mtbls79","serrf","SERRF","MTBLS79"
"drift_features_corrected",,"descriptive",2488,"features","","mtbls79","serrf","SERRF","MTBLS79"
"drift_profiles_corrected",,"descriptive",19904,"profiles","","mtbls79","serrf","SERRF","MTBLS79"
"heldout_qc_cv_mean",17.1093472644473,"lower",2488,"percent","","mtbls79","serrf","SERRF","MTBLS79"
"heldout_qc_cv_median",13.6862288281819,"lower",2488,"percent","","mtbls79","serrf","SERRF","MTBLS79"
"heldout_qc_cv_sd",11.385206703494,"lower",2488,"percent","","mtbls79","serrf","SERRF","MTBLS79"
"metabolite_icc_a1_median",0.667618584540551,"higher",2488,"ICC(A,1)","","mtbls79","serrf","SERRF","MTBLS79"
"residual_ljung_box_proportion_significant",0.00296422829581994,"lower",19904,"proportion","","mtbls79","serrf","SERRF","MTBLS79"
"residual_run_order_gam_mean_deviance",0.141716005240871,"lower",19904,"proportion","","mtbls79","serrf","SERRF","MTBLS79"
"residual_run_order_gam_sd_deviance",0.170234786326156,"lower",19904,"proportion","","mtbls79","serrf","SERRF","MTBLS79"
"retained_features",2488,"higher",2488,"features","","mtbls79","serrf","SERRF","MTBLS79"
"retained_samples",172,"higher",172,"samples","","mtbls79","serrf","SERRF","MTBLS79"
"runtime_sec",1713.737,"lower",1,"seconds","measured method execution in frozen release","mtbls79","serrf","SERRF","MTBLS79"
"sample_replicate_pearson_median",0.975109082132595,"higher",20,"correlation","","mtbls79","serrf","SERRF","MTBLS79"
"batch_features_corrected",1943,"descriptive",2488,"features","","mtbls79","winn_auto_qc","WiNN auto (QC)","MTBLS79"
"batch_weighted_pc_r2_categorical",0.0112766397992278,"lower",134,"weighted R-squared","Batch is explicitly categorical.","mtbls79","winn_auto_qc","WiNN auto (QC)","MTBLS79"
"biological_associated_features",1005,"context",2488,"features","","mtbls79","winn_auto_qc","WiNN auto (QC)","MTBLS79"
"biological_weighted_pc_r2",0.466642276944317,"higher",134,"weighted R-squared","","mtbls79","winn_auto_qc","WiNN auto (QC)","MTBLS79"
"drift_features_corrected",48,"descriptive",2488,"features","","mtbls79","winn_auto_qc","WiNN auto (QC)","MTBLS79"
"drift_profiles_corrected",61,"descriptive",19904,"profiles","","mtbls79","winn_auto_qc","WiNN auto (QC)","MTBLS79"
"heldout_qc_cv_mean",15.9914877921284,"lower",2488,"percent","","mtbls79","winn_auto_qc","WiNN auto (QC)","MTBLS79"
"heldout_qc_cv_median",13.3577279134429,"lower",2488,"percent","","mtbls79","winn_auto_qc","WiNN auto (QC)","MTBLS79"
"heldout_qc_cv_sd",9.84750229453242,"lower",2488,"percent","","mtbls79","winn_auto_qc","WiNN auto (QC)","MTBLS79"
"metabolite_icc_a1_median",0.679806955877126,"higher",2488,"ICC(A,1)","","mtbls79","winn_auto_qc","WiNN auto (QC)","MTBLS79"
"residual_ljung_box_proportion_significant",0.000904340836012862,"lower",19904,"proportion","","mtbls79","winn_auto_qc","WiNN auto (QC)","MTBLS79"
"residual_run_order_gam_mean_deviance",0.139680203207515,"lower",19904,"proportion","","mtbls79","winn_auto_qc","WiNN auto (QC)","MTBLS79"
"residual_run_order_gam_sd_deviance",0.167337476114896,"lower",19904,"proportion","","mtbls79","winn_auto_qc","WiNN auto (QC)","MTBLS79"
"retained_features",2488,"higher",2488,"features","","mtbls79","winn_auto_qc","WiNN auto (QC)","MTBLS79"
"retained_samples",172,"higher",172,"samples","","mtbls79","winn_auto_qc","WiNN auto (QC)","MTBLS79"
"runtime_sec",16.819,"lower",1,"seconds","measured method execution in frozen release","mtbls79","winn_auto_qc","WiNN auto (QC)","MTBLS79"
"sample_replicate_pearson_median",0.976073321117563,"higher",20,"correlation","","mtbls79","winn_auto_qc","WiNN auto (QC)","MTBLS79"
"batch_features_corrected",1905,"descriptive",2488,"features","","mtbls79","winn_auto_batch_qc","WiNN auto-batch (QC)","MTBLS79"
"batch_weighted_pc_r2_categorical",0.0244132144404738,"lower",134,"weighted R-squared","Batch is explicitly categorical.","mtbls79","winn_auto_batch_qc","WiNN auto-batch (QC)","MTBLS79"
"biological_associated_features",988,"context",2488,"features","","mtbls79","winn_auto_batch_qc","WiNN auto-batch (QC)","MTBLS79"
"biological_weighted_pc_r2",0.46596793443404,"higher",134,"weighted R-squared","","mtbls79","winn_auto_batch_qc","WiNN auto-batch (QC)","MTBLS79"
"drift_features_corrected",730,"descriptive",2488,"features","","mtbls79","winn_auto_batch_qc","WiNN auto-batch (QC)","MTBLS79"
"drift_profiles_corrected",788,"descriptive",19904,"profiles","","mtbls79","winn_auto_batch_qc","WiNN auto-batch (QC)","MTBLS79"
"heldout_qc_cv_mean",17.2970798365999,"lower",2488,"percent","","mtbls79","winn_auto_batch_qc","WiNN auto-batch (QC)","MTBLS79"
"heldout_qc_cv_median",14.2971293359206,"lower",2488,"percent","","mtbls79","winn_auto_batch_qc","WiNN auto-batch (QC)","MTBLS79"
"heldout_qc_cv_sd",11.2555722993131,"lower",2488,"percent","","mtbls79","winn_auto_batch_qc","WiNN auto-batch (QC)","MTBLS79"
"metabolite_icc_a1_median",0.660705737960497,"higher",2488,"ICC(A,1)","","mtbls79","winn_auto_batch_qc","WiNN auto-batch (QC)","MTBLS79"
"residual_ljung_box_proportion_significant",0.0010048231511254,"lower",19904,"proportion","","mtbls79","winn_auto_batch_qc","WiNN auto-batch (QC)","MTBLS79"
"residual_run_order_gam_mean_deviance",0.137855571136823,"lower",19904,"proportion","","mtbls79","winn_auto_batch_qc","WiNN auto-batch (QC)","MTBLS79"
"residual_run_order_gam_sd_deviance",0.167584188997046,"lower",19904,"proportion","","mtbls79","winn_auto_batch_qc","WiNN auto-batch (QC)","MTBLS79"
"retained_features",2488,"higher",2488,"features","","mtbls79","winn_auto_batch_qc","WiNN auto-batch (QC)","MTBLS79"
"retained_samples",172,"higher",172,"samples","","mtbls79","winn_auto_batch_qc","WiNN auto-batch (QC)","MTBLS79"
"runtime_sec",20.851,"lower",1,"seconds","measured method execution in frozen release","mtbls79","winn_auto_batch_qc","WiNN auto-batch (QC)","MTBLS79"
"sample_replicate_pearson_median",0.973559682269081,"higher",20,"correlation","","mtbls79","winn_auto_batch_qc","WiNN auto-batch (QC)","MTBLS79"
"batch_features_corrected",1860,"descriptive",2488,"features","","mtbls79","winn_fixed_no_qc","WiNN fixed default (no QC)","MTBLS79"
"batch_weighted_pc_r2_categorical",0.0108480104370861,"lower",134,"weighted R-squared","Batch is explicitly categorical.","mtbls79","winn_fixed_no_qc","WiNN fixed default (no QC)","MTBLS79"
"biological_associated_features",1013,"context",2488,"features","","mtbls79","winn_fixed_no_qc","WiNN fixed default (no QC)","MTBLS79"
"biological_weighted_pc_r2",0.471479113913378,"higher",134,"weighted R-squared","","mtbls79","winn_fixed_no_qc","WiNN fixed default (no QC)","MTBLS79"
"drift_features_corrected",40,"descriptive",2488,"features","","mtbls79","winn_fixed_no_qc","WiNN fixed default (no QC)","MTBLS79"
"drift_profiles_corrected",52,"descriptive",19904,"profiles","","mtbls79","winn_fixed_no_qc","WiNN fixed default (no QC)","MTBLS79"
"heldout_qc_cv_mean",16.6785376235596,"lower",2488,"percent","","mtbls79","winn_fixed_no_qc","WiNN fixed default (no QC)","MTBLS79"
"heldout_qc_cv_median",14.2477224431198,"lower",2488,"percent","","mtbls79","winn_fixed_no_qc","WiNN fixed default (no QC)","MTBLS79"
"heldout_qc_cv_sd",9.84009169616315,"lower",2488,"percent","","mtbls79","winn_fixed_no_qc","WiNN fixed default (no QC)","MTBLS79"
"metabolite_icc_a1_median",0.674414477673406,"higher",2488,"ICC(A,1)","","mtbls79","winn_fixed_no_qc","WiNN fixed default (no QC)","MTBLS79"
"residual_ljung_box_proportion_significant",0.00221061093247588,"lower",19904,"proportion","","mtbls79","winn_fixed_no_qc","WiNN fixed default (no QC)","MTBLS79"
"residual_run_order_gam_mean_deviance",0.140078697278888,"lower",19904,"proportion","","mtbls79","winn_fixed_no_qc","WiNN fixed default (no QC)","MTBLS79"
"residual_run_order_gam_sd_deviance",0.168153066112504,"lower",19904,"proportion","","mtbls79","winn_fixed_no_qc","WiNN fixed default (no QC)","MTBLS79"
"retained_features",2488,"higher",2488,"features","","mtbls79","winn_fixed_no_qc","WiNN fixed default (no QC)","MTBLS79"
"retained_samples",172,"higher",172,"samples","","mtbls79","winn_fixed_no_qc","WiNN fixed default (no QC)","MTBLS79"
"runtime_sec",9.034,"lower",1,"seconds","measured method execution in frozen release","mtbls79","winn_fixed_no_qc","WiNN fixed default (no QC)","MTBLS79"
"sample_replicate_pearson_median",0.975436813944675,"higher",20,"correlation","","mtbls79","winn_fixed_no_qc","WiNN fixed default (no QC)","MTBLS79"
"batch_features_corrected",,"descriptive",1594,"features","","clinical_fiams","raw","Raw","Clinical FIA-MS"
"batch_weighted_pc_r2_categorical",0.150509455379697,"lower",536,"weighted R-squared","Batch is explicitly categorical.","clinical_fiams","raw","Raw","Clinical FIA-MS"
"biological_weighted_pc_r2",0.698982296703889,"higher",536,"weighted R-squared","","clinical_fiams","raw","Raw","Clinical FIA-MS"
"drift_features_corrected",,"descriptive",1594,"features","","clinical_fiams","raw","Raw","Clinical FIA-MS"
"drift_profiles_corrected",,"descriptive",12752,"profiles","","clinical_fiams","raw","Raw","Clinical FIA-MS"
"feature_repeatability_ratio_median",0.648713511012684,"higher",1594,"repeatability ratio","","clinical_fiams","raw","Raw","Clinical FIA-MS"
"genuine_replicate_icc_median",0.980951466319722,"higher",267,"ICC(A,1)","","clinical_fiams","raw","Raw","Clinical FIA-MS"
"heldout_qc_cv_mean",16.5943872074111,"lower",1594,"percent","","clinical_fiams","raw","Raw","Clinical FIA-MS"
"heldout_qc_cv_median",13.9934798577153,"lower",1594,"percent","","clinical_fiams","raw","Raw","Clinical FIA-MS"
"heldout_qc_cv_sd",10.7422622680348,"lower",1594,"percent","","clinical_fiams","raw","Raw","Clinical FIA-MS"
"residual_ljung_box_proportion_significant",0.154720828105395,"lower",12752,"proportion","","clinical_fiams","raw","Raw","Clinical FIA-MS"
"residual_run_order_gam_mean_deviance",0.120300147162855,"lower",12752,"proportion","","clinical_fiams","raw","Raw","Clinical FIA-MS"
"residual_run_order_gam_sd_deviance",0.145174570642038,"lower",12752,"proportion","","clinical_fiams","raw","Raw","Clinical FIA-MS"
"retained_features",1594,"higher",1594,"features","","clinical_fiams","raw","Raw","Clinical FIA-MS"
"retained_samples",660,"higher",660,"samples","","clinical_fiams","raw","Raw","Clinical FIA-MS"
"runtime_sec",0,"lower",1,"seconds","no correction","clinical_fiams","raw","Raw","Clinical FIA-MS"
"sample_replicate_pearson_median",0.983467072627652,"higher",267,"correlation","","clinical_fiams","raw","Raw","Clinical FIA-MS"
"batch_features_corrected",,"descriptive",1594,"features","","clinical_fiams","combat","ComBat","Clinical FIA-MS"
"batch_weighted_pc_r2_categorical",0.00325637124009369,"lower",536,"weighted R-squared","Batch is explicitly categorical.","clinical_fiams","combat","ComBat","Clinical FIA-MS"
"biological_weighted_pc_r2",0.76933130563631,"higher",536,"weighted R-squared","","clinical_fiams","combat","ComBat","Clinical FIA-MS"
"drift_features_corrected",,"descriptive",1594,"features","","clinical_fiams","combat","ComBat","Clinical FIA-MS"
"drift_profiles_corrected",,"descriptive",12752,"profiles","","clinical_fiams","combat","ComBat","Clinical FIA-MS"
"feature_repeatability_ratio_median",0.66388849961035,"higher",1594,"repeatability ratio","","clinical_fiams","combat","ComBat","Clinical FIA-MS"
"genuine_replicate_icc_median",0.985936215950445,"higher",267,"ICC(A,1)","","clinical_fiams","combat","ComBat","Clinical FIA-MS"
"heldout_qc_cv_mean",14.5490776587855,"lower",1594,"percent","","clinical_fiams","combat","ComBat","Clinical FIA-MS"
"heldout_qc_cv_median",12.8975820562077,"lower",1594,"percent","","clinical_fiams","combat","ComBat","Clinical FIA-MS"
"heldout_qc_cv_sd",7.46990769037473,"lower",1594,"percent","","clinical_fiams","combat","ComBat","Clinical FIA-MS"
"residual_ljung_box_proportion_significant",0.154720828105395,"lower",12752,"proportion","","clinical_fiams","combat","ComBat","Clinical FIA-MS"
"residual_run_order_gam_mean_deviance",0.120300025396866,"lower",12752,"proportion","","clinical_fiams","combat","ComBat","Clinical FIA-MS"
"residual_run_order_gam_sd_deviance",0.145174626430296,"lower",12752,"proportion","","clinical_fiams","combat","ComBat","Clinical FIA-MS"
"retained_features",1594,"higher",1594,"features","","clinical_fiams","combat","ComBat","Clinical FIA-MS"
"retained_samples",660,"higher",660,"samples","","clinical_fiams","combat","ComBat","Clinical FIA-MS"
"runtime_sec",,"lower",1,"seconds","not remeasured; cache retrieval time excluded","clinical_fiams","combat","ComBat","Clinical FIA-MS"
"sample_replicate_pearson_median",0.987725723815802,"higher",267,"correlation","","clinical_fiams","combat","ComBat","Clinical FIA-MS"
"batch_features_corrected",,"descriptive",1594,"features","","clinical_fiams","qc_rlsc","QC-RLSC","Clinical FIA-MS"
"batch_weighted_pc_r2_categorical",0.00150491062425635,"lower",536,"weighted R-squared","Batch is explicitly categorical.","clinical_fiams","qc_rlsc","QC-RLSC","Clinical FIA-MS"
"biological_weighted_pc_r2",0.771322434361669,"higher",536,"weighted R-squared","","clinical_fiams","qc_rlsc","QC-RLSC","Clinical FIA-MS"
"drift_features_corrected",,"descriptive",1594,"features","","clinical_fiams","qc_rlsc","QC-RLSC","Clinical FIA-MS"
"drift_profiles_corrected",,"descriptive",12752,"profiles","","clinical_fiams","qc_rlsc","QC-RLSC","Clinical FIA-MS"
"feature_repeatability_ratio_median",0.679188209688008,"higher",1594,"repeatability ratio","","clinical_fiams","qc_rlsc","QC-RLSC","Clinical FIA-MS"
"genuine_replicate_icc_median",0.985576552808629,"higher",267,"ICC(A,1)","","clinical_fiams","qc_rlsc","QC-RLSC","Clinical FIA-MS"
"heldout_qc_cv_mean",16.0721337884362,"lower",1594,"percent","","clinical_fiams","qc_rlsc","QC-RLSC","Clinical FIA-MS"
"heldout_qc_cv_median",14.0783725606465,"lower",1594,"percent","","clinical_fiams","qc_rlsc","QC-RLSC","Clinical FIA-MS"
"heldout_qc_cv_sd",8.95494196956563,"lower",1594,"percent","","clinical_fiams","qc_rlsc","QC-RLSC","Clinical FIA-MS"
"residual_ljung_box_proportion_significant",0.172678795483061,"lower",12752,"proportion","","clinical_fiams","qc_rlsc","QC-RLSC","Clinical FIA-MS"
"residual_run_order_gam_mean_deviance",0.124361486408239,"lower",12752,"proportion","","clinical_fiams","qc_rlsc","QC-RLSC","Clinical FIA-MS"
"residual_run_order_gam_sd_deviance",0.135263788753732,"lower",12752,"proportion","","clinical_fiams","qc_rlsc","QC-RLSC","Clinical FIA-MS"
"retained_features",1594,"higher",1594,"features","","clinical_fiams","qc_rlsc","QC-RLSC","Clinical FIA-MS"
"retained_samples",660,"higher",660,"samples","","clinical_fiams","qc_rlsc","QC-RLSC","Clinical FIA-MS"
"runtime_sec",11.498,"lower",1,"seconds","measured method execution in frozen release","clinical_fiams","qc_rlsc","QC-RLSC","Clinical FIA-MS"
"sample_replicate_pearson_median",0.987998934131833,"higher",267,"correlation","","clinical_fiams","qc_rlsc","QC-RLSC","Clinical FIA-MS"
"batch_features_corrected",,"descriptive",1594,"features","","clinical_fiams","qc_rfsc","QC-RFSC","Clinical FIA-MS"
"batch_weighted_pc_r2_categorical",0.0198201318449868,"lower",536,"weighted R-squared","Batch is explicitly categorical.","clinical_fiams","qc_rfsc","QC-RFSC","Clinical FIA-MS"
"biological_weighted_pc_r2",0.794136388172709,"higher",536,"weighted R-squared","","clinical_fiams","qc_rfsc","QC-RFSC","Clinical FIA-MS"
"drift_features_corrected",,"descriptive",1594,"features","","clinical_fiams","qc_rfsc","QC-RFSC","Clinical FIA-MS"
"drift_profiles_corrected",,"descriptive",12752,"profiles","","clinical_fiams","qc_rfsc","QC-RFSC","Clinical FIA-MS"
"feature_repeatability_ratio_median",0.714804949777671,"higher",1594,"repeatability ratio","","clinical_fiams","qc_rfsc","QC-RFSC","Clinical FIA-MS"
"genuine_replicate_icc_median",0.989369318335346,"higher",267,"ICC(A,1)","","clinical_fiams","qc_rfsc","QC-RFSC","Clinical FIA-MS"
"heldout_qc_cv_mean",16.8529043310112,"lower",1594,"percent","","clinical_fiams","qc_rfsc","QC-RFSC","Clinical FIA-MS"
"heldout_qc_cv_median",14.508185382237,"lower",1594,"percent","","clinical_fiams","qc_rfsc","QC-RFSC","Clinical FIA-MS"
"heldout_qc_cv_sd",10.860951263773,"lower",1594,"percent","","clinical_fiams","qc_rfsc","QC-RFSC","Clinical FIA-MS"
"residual_ljung_box_proportion_significant",0.141154328732748,"lower",12752,"proportion","","clinical_fiams","qc_rfsc","QC-RFSC","Clinical FIA-MS"
"residual_run_order_gam_mean_deviance",0.113596751181853,"lower",12752,"proportion","","clinical_fiams","qc_rfsc","QC-RFSC","Clinical FIA-MS"
"residual_run_order_gam_sd_deviance",0.118351830852781,"lower",12752,"proportion","","clinical_fiams","qc_rfsc","QC-RFSC","Clinical FIA-MS"
"retained_features",1594,"higher",1594,"features","","clinical_fiams","qc_rfsc","QC-RFSC","Clinical FIA-MS"
"retained_samples",660,"higher",660,"samples","","clinical_fiams","qc_rfsc","QC-RFSC","Clinical FIA-MS"
"runtime_sec",76.616,"lower",1,"seconds","measured method execution in frozen release","clinical_fiams","qc_rfsc","QC-RFSC","Clinical FIA-MS"
"sample_replicate_pearson_median",0.991938486181745,"higher",267,"correlation","","clinical_fiams","qc_rfsc","QC-RFSC","Clinical FIA-MS"
"batch_features_corrected",,"descriptive",1594,"features","","clinical_fiams","tiger","TIGER","Clinical FIA-MS"
"batch_weighted_pc_r2_categorical",0.0302796966078811,"lower",536,"weighted R-squared","Batch is explicitly categorical.","clinical_fiams","tiger","TIGER","Clinical FIA-MS"
"biological_weighted_pc_r2",0.791567942171666,"higher",536,"weighted R-squared","","clinical_fiams","tiger","TIGER","Clinical FIA-MS"
"drift_features_corrected",,"descriptive",1594,"features","","clinical_fiams","tiger","TIGER","Clinical FIA-MS"
"drift_profiles_corrected",,"descriptive",12752,"profiles","","clinical_fiams","tiger","TIGER","Clinical FIA-MS"
"feature_repeatability_ratio_median",0.693714356986008,"higher",1594,"repeatability ratio","","clinical_fiams","tiger","TIGER","Clinical FIA-MS"
"genuine_replicate_icc_median",0.989190248939537,"higher",267,"ICC(A,1)","","clinical_fiams","tiger","TIGER","Clinical FIA-MS"
"heldout_qc_cv_mean",14.0718306414914,"lower",1594,"percent","","clinical_fiams","tiger","TIGER","Clinical FIA-MS"
"heldout_qc_cv_median",11.5710177511309,"lower",1594,"percent","","clinical_fiams","tiger","TIGER","Clinical FIA-MS"
"heldout_qc_cv_sd",10.6736458497483,"lower",1594,"percent","","clinical_fiams","tiger","TIGER","Clinical FIA-MS"
"residual_ljung_box_proportion_significant",0.0962986198243413,"lower",12752,"proportion","","clinical_fiams","tiger","TIGER","Clinical FIA-MS"
"residual_run_order_gam_mean_deviance",0.090270192098153,"lower",12752,"proportion","","clinical_fiams","tiger","TIGER","Clinical FIA-MS"
"residual_run_order_gam_sd_deviance",0.0972034878467162,"lower",12752,"proportion","","clinical_fiams","tiger","TIGER","Clinical FIA-MS"
"retained_features",1594,"higher",1594,"features","","clinical_fiams","tiger","TIGER","Clinical FIA-MS"
"retained_samples",660,"higher",660,"samples","","clinical_fiams","tiger","TIGER","Clinical FIA-MS"
"runtime_sec",6002.527,"lower",1,"seconds","measured method execution in frozen release","clinical_fiams","tiger","TIGER","Clinical FIA-MS"
"sample_replicate_pearson_median",0.990178129786107,"higher",267,"correlation","","clinical_fiams","tiger","TIGER","Clinical FIA-MS"
"batch_features_corrected",,"descriptive",1594,"features","","clinical_fiams","serrf","SERRF","Clinical FIA-MS"
"batch_weighted_pc_r2_categorical",0.00559464409873415,"lower",536,"weighted R-squared","Batch is explicitly categorical.","clinical_fiams","serrf","SERRF","Clinical FIA-MS"
"biological_weighted_pc_r2",0.784147036532642,"higher",536,"weighted R-squared","","clinical_fiams","serrf","SERRF","Clinical FIA-MS"
"drift_features_corrected",,"descriptive",1594,"features","","clinical_fiams","serrf","SERRF","Clinical FIA-MS"
"drift_profiles_corrected",,"descriptive",12752,"profiles","","clinical_fiams","serrf","SERRF","Clinical FIA-MS"
"feature_repeatability_ratio_median",0.698061577326195,"higher",1594,"repeatability ratio","","clinical_fiams","serrf","SERRF","Clinical FIA-MS"
"genuine_replicate_icc_median",0.987794959818337,"higher",267,"ICC(A,1)","","clinical_fiams","serrf","SERRF","Clinical FIA-MS"
"heldout_qc_cv_mean",14.1245087357378,"lower",1594,"percent","","clinical_fiams","serrf","SERRF","Clinical FIA-MS"
"heldout_qc_cv_median",11.7450286019349,"lower",1594,"percent","","clinical_fiams","serrf","SERRF","Clinical FIA-MS"
"heldout_qc_cv_sd",9.99241546714273,"lower",1594,"percent","","clinical_fiams","serrf","SERRF","Clinical FIA-MS"
"residual_ljung_box_proportion_significant",0.13801756587202,"lower",12752,"proportion","","clinical_fiams","serrf","SERRF","Clinical FIA-MS"
"residual_run_order_gam_mean_deviance",0.10794244146556,"lower",12752,"proportion","","clinical_fiams","serrf","SERRF","Clinical FIA-MS"
"residual_run_order_gam_sd_deviance",0.12678836184468,"lower",12752,"proportion","","clinical_fiams","serrf","SERRF","Clinical FIA-MS"
"retained_features",1594,"higher",1594,"features","","clinical_fiams","serrf","SERRF","Clinical FIA-MS"
"retained_samples",660,"higher",660,"samples","","clinical_fiams","serrf","SERRF","Clinical FIA-MS"
"runtime_sec",953.103,"lower",1,"seconds","measured method execution in frozen release","clinical_fiams","serrf","SERRF","Clinical FIA-MS"
"sample_replicate_pearson_median",0.989048658011503,"higher",267,"correlation","","clinical_fiams","serrf","SERRF","Clinical FIA-MS"
"batch_features_corrected",1526,"descriptive",1594,"features","","clinical_fiams","winn_auto_qc","WiNN auto (QC)","Clinical FIA-MS"
"batch_weighted_pc_r2_categorical",0.00218809939109416,"lower",536,"weighted R-squared","Batch is explicitly categorical.","clinical_fiams","winn_auto_qc","WiNN auto (QC)","Clinical FIA-MS"
"biological_weighted_pc_r2",0.820814794712933,"higher",536,"weighted R-squared","","clinical_fiams","winn_auto_qc","WiNN auto (QC)","Clinical FIA-MS"
"drift_features_corrected",1076,"descriptive",1594,"features","","clinical_fiams","winn_auto_qc","WiNN auto (QC)","Clinical FIA-MS"
"drift_profiles_corrected",1531,"descriptive",12752,"profiles","","clinical_fiams","winn_auto_qc","WiNN auto (QC)","Clinical FIA-MS"
"feature_repeatability_ratio_median",0.676814503051903,"higher",1594,"repeatability ratio","","clinical_fiams","winn_auto_qc","WiNN auto (QC)","Clinical FIA-MS"
"genuine_replicate_icc_median",0.990720060604579,"higher",267,"ICC(A,1)","","clinical_fiams","winn_auto_qc","WiNN auto (QC)","Clinical FIA-MS"
"heldout_qc_cv_mean",10.9567695269855,"lower",1594,"percent","","clinical_fiams","winn_auto_qc","WiNN auto (QC)","Clinical FIA-MS"
"heldout_qc_cv_median",9.71924520173299,"lower",1594,"percent","","clinical_fiams","winn_auto_qc","WiNN auto (QC)","Clinical FIA-MS"
"heldout_qc_cv_sd",4.67929582667416,"lower",1594,"percent","","clinical_fiams","winn_auto_qc","WiNN auto (QC)","Clinical FIA-MS"
"residual_ljung_box_proportion_significant",0.123902132998745,"lower",12752,"proportion","","clinical_fiams","winn_auto_qc","WiNN auto (QC)","Clinical FIA-MS"
"residual_run_order_gam_mean_deviance",0.082932682096861,"lower",12752,"proportion","","clinical_fiams","winn_auto_qc","WiNN auto (QC)","Clinical FIA-MS"
"residual_run_order_gam_sd_deviance",0.0847480021248508,"lower",12752,"proportion","","clinical_fiams","winn_auto_qc","WiNN auto (QC)","Clinical FIA-MS"
"retained_features",1594,"higher",1594,"features","","clinical_fiams","winn_auto_qc","WiNN auto (QC)","Clinical FIA-MS"
"retained_samples",660,"higher",660,"samples","","clinical_fiams","winn_auto_qc","WiNN auto (QC)","Clinical FIA-MS"
"runtime_sec",28.834,"lower",1,"seconds","measured method execution in frozen release","clinical_fiams","winn_auto_qc","WiNN auto (QC)","Clinical FIA-MS"
"sample_replicate_pearson_median",0.990847998063996,"higher",267,"correlation","","clinical_fiams","winn_auto_qc","WiNN auto (QC)","Clinical FIA-MS"
"batch_features_corrected",841,"descriptive",1594,"features","","clinical_fiams","winn_auto_batch_qc","WiNN auto-batch (QC)","Clinical FIA-MS"
"batch_weighted_pc_r2_categorical",0.00698232019049261,"lower",536,"weighted R-squared","Batch is explicitly categorical.","clinical_fiams","winn_auto_batch_qc","WiNN auto-batch (QC)","Clinical FIA-MS"
"biological_weighted_pc_r2",0.808935545781455,"higher",536,"weighted R-squared","","clinical_fiams","winn_auto_batch_qc","WiNN auto-batch (QC)","Clinical FIA-MS"
"drift_features_corrected",1526,"descriptive",1594,"features","","clinical_fiams","winn_auto_batch_qc","WiNN auto-batch (QC)","Clinical FIA-MS"
"drift_profiles_corrected",2664,"descriptive",12752,"profiles","","clinical_fiams","winn_auto_batch_qc","WiNN auto-batch (QC)","Clinical FIA-MS"
"feature_repeatability_ratio_median",0.67265435278078,"higher",1594,"repeatability ratio","","clinical_fiams","winn_auto_batch_qc","WiNN auto-batch (QC)","Clinical FIA-MS"
"genuine_replicate_icc_median",0.990850928299843,"higher",267,"ICC(A,1)","","clinical_fiams","winn_auto_batch_qc","WiNN auto-batch (QC)","Clinical FIA-MS"
"heldout_qc_cv_mean",11.0300999455018,"lower",1594,"percent","","clinical_fiams","winn_auto_batch_qc","WiNN auto-batch (QC)","Clinical FIA-MS"
"heldout_qc_cv_median",9.88590300486493,"lower",1594,"percent","","clinical_fiams","winn_auto_batch_qc","WiNN auto-batch (QC)","Clinical FIA-MS"
"heldout_qc_cv_sd",4.52008444917668,"lower",1594,"percent","","clinical_fiams","winn_auto_batch_qc","WiNN auto-batch (QC)","Clinical FIA-MS"
"residual_ljung_box_proportion_significant",0.109002509410289,"lower",12752,"proportion","","clinical_fiams","winn_auto_batch_qc","WiNN auto-batch (QC)","Clinical FIA-MS"
"residual_run_order_gam_mean_deviance",0.0752175087682554,"lower",12752,"proportion","","clinical_fiams","winn_auto_batch_qc","WiNN auto-batch (QC)","Clinical FIA-MS"
"residual_run_order_gam_sd_deviance",0.0851198047833204,"lower",12752,"proportion","","clinical_fiams","winn_auto_batch_qc","WiNN auto-batch (QC)","Clinical FIA-MS"
"retained_features",1594,"higher",1594,"features","","clinical_fiams","winn_auto_batch_qc","WiNN auto-batch (QC)","Clinical FIA-MS"
"retained_samples",660,"higher",660,"samples","","clinical_fiams","winn_auto_batch_qc","WiNN auto-batch (QC)","Clinical FIA-MS"
"runtime_sec",32.663,"lower",1,"seconds","measured method execution in frozen release","clinical_fiams","winn_auto_batch_qc","WiNN auto-batch (QC)","Clinical FIA-MS"
"sample_replicate_pearson_median",0.990988516405754,"higher",267,"correlation","","clinical_fiams","winn_auto_batch_qc","WiNN auto-batch (QC)","Clinical FIA-MS"
"batch_features_corrected",1506,"descriptive",1594,"features","","clinical_fiams","winn_fixed_no_qc","WiNN fixed default (no QC)","Clinical FIA-MS"
"batch_weighted_pc_r2_categorical",0.00205430716992057,"lower",536,"weighted R-squared","Batch is explicitly categorical.","clinical_fiams","winn_fixed_no_qc","WiNN fixed default (no QC)","Clinical FIA-MS"
"biological_weighted_pc_r2",0.799363081954994,"higher",536,"weighted R-squared","","clinical_fiams","winn_fixed_no_qc","WiNN fixed default (no QC)","Clinical FIA-MS"
"drift_features_corrected",1300,"descriptive",1594,"features","","clinical_fiams","winn_fixed_no_qc","WiNN fixed default (no QC)","Clinical FIA-MS"
"drift_profiles_corrected",2297,"descriptive",12752,"profiles","","clinical_fiams","winn_fixed_no_qc","WiNN fixed default (no QC)","Clinical FIA-MS"
"feature_repeatability_ratio_median",0.659272129860823,"higher",1594,"repeatability ratio","","clinical_fiams","winn_fixed_no_qc","WiNN fixed default (no QC)","Clinical FIA-MS"
"genuine_replicate_icc_median",0.989834812702034,"higher",267,"ICC(A,1)","","clinical_fiams","winn_fixed_no_qc","WiNN fixed default (no QC)","Clinical FIA-MS"
"heldout_qc_cv_mean",12.4044092100879,"lower",1594,"percent","","clinical_fiams","winn_fixed_no_qc","WiNN fixed default (no QC)","Clinical FIA-MS"
"heldout_qc_cv_median",11.0959804156287,"lower",1594,"percent","","clinical_fiams","winn_fixed_no_qc","WiNN fixed default (no QC)","Clinical FIA-MS"
"heldout_qc_cv_sd",5.42898031411995,"lower",1594,"percent","","clinical_fiams","winn_fixed_no_qc","WiNN fixed default (no QC)","Clinical FIA-MS"
"residual_ljung_box_proportion_significant",0.0997490589711418,"lower",12752,"proportion","","clinical_fiams","winn_fixed_no_qc","WiNN fixed default (no QC)","Clinical FIA-MS"
"residual_run_order_gam_mean_deviance",0.0727686471322973,"lower",12752,"proportion","","clinical_fiams","winn_fixed_no_qc","WiNN fixed default (no QC)","Clinical FIA-MS"
"residual_run_order_gam_sd_deviance",0.0789910500858729,"lower",12752,"proportion","","clinical_fiams","winn_fixed_no_qc","WiNN fixed default (no QC)","Clinical FIA-MS"
"retained_features",1594,"higher",1594,"features","","clinical_fiams","winn_fixed_no_qc","WiNN fixed default (no QC)","Clinical FIA-MS"
"retained_samples",660,"higher",660,"samples","","clinical_fiams","winn_fixed_no_qc","WiNN fixed default (no QC)","Clinical FIA-MS"
"runtime_sec",10.922,"lower",1,"seconds","measured method execution in frozen release","clinical_fiams","winn_fixed_no_qc","WiNN fixed default (no QC)","Clinical FIA-MS"
"sample_replicate_pearson_median",0.990747863696587,"higher",267,"correlation","","clinical_fiams","winn_fixed_no_qc","WiNN fixed default (no QC)","Clinical FIA-MS"
"batch_features_corrected",,"descriptive",199,"features","","batchcorr_set1","raw","Raw","BatchCorr Set 1"
"batch_weighted_pc_r2_categorical",0.561111591272931,"lower",710,"weighted R-squared","Batch is explicitly categorical.","batchcorr_set1","raw","Raw","BatchCorr Set 1"
"biological_associated_features",172,"context",199,"features","","batchcorr_set1","raw","Raw","BatchCorr Set 1"
"biological_weighted_pc_r2",0.589667357711897,"higher",710,"weighted R-squared","","batchcorr_set1","raw","Raw","BatchCorr Set 1"
"drift_features_corrected",,"descriptive",199,"features","","batchcorr_set1","raw","Raw","BatchCorr Set 1"
"drift_profiles_corrected",,"descriptive",1990,"profiles","","batchcorr_set1","raw","Raw","BatchCorr Set 1"
"feature_repeatability_ratio_median",0.52175027169439,"higher",199,"repeatability ratio","","batchcorr_set1","raw","Raw","BatchCorr Set 1"
"genuine_replicate_icc_median",0.8853604114021,"higher",352,"ICC(A,1)","","batchcorr_set1","raw","Raw","BatchCorr Set 1"
"heldout_qc_cv_mean",66.5698818959707,"lower",199,"percent","","batchcorr_set1","raw","Raw","BatchCorr Set 1"
"heldout_qc_cv_median",56.4902088016956,"lower",199,"percent","","batchcorr_set1","raw","Raw","BatchCorr Set 1"
"heldout_qc_cv_sd",31.7107776545374,"lower",199,"percent","","batchcorr_set1","raw","Raw","BatchCorr Set 1"
"residual_ljung_box_proportion_significant",0.175376884422111,"lower",1990,"proportion","","batchcorr_set1","raw","Raw","BatchCorr Set 1"
"residual_run_order_gam_mean_deviance",0.122438628105699,"lower",1990,"proportion","","batchcorr_set1","raw","Raw","BatchCorr Set 1"
"residual_run_order_gam_sd_deviance",0.165539431290999,"lower",1990,"proportion","","batchcorr_set1","raw","Raw","BatchCorr Set 1"
"retained_features",199,"higher",199,"features","","batchcorr_set1","raw","Raw","BatchCorr Set 1"
"retained_samples",761,"higher",761,"samples","","batchcorr_set1","raw","Raw","BatchCorr Set 1"
"runtime_sec",0,"lower",1,"seconds","no correction","batchcorr_set1","raw","Raw","BatchCorr Set 1"
"sample_replicate_pearson_median",0.911453639180002,"higher",352,"correlation","","batchcorr_set1","raw","Raw","BatchCorr Set 1"
"batch_features_corrected",,"descriptive",199,"features","","batchcorr_set1","combat","ComBat","BatchCorr Set 1"
"batch_weighted_pc_r2_categorical",0.000447151416436719,"lower",710,"weighted R-squared","Batch is explicitly categorical.","batchcorr_set1","combat","ComBat","BatchCorr Set 1"
"biological_associated_features",196,"context",199,"features","","batchcorr_set1","combat","ComBat","BatchCorr Set 1"
"biological_weighted_pc_r2",0.762101821085461,"higher",710,"weighted R-squared","","batchcorr_set1","combat","ComBat","BatchCorr Set 1"
"drift_features_corrected",,"descriptive",199,"features","","batchcorr_set1","combat","ComBat","BatchCorr Set 1"
"drift_profiles_corrected",,"descriptive",1990,"profiles","","batchcorr_set1","combat","ComBat","BatchCorr Set 1"
"feature_repeatability_ratio_median",0.676592500553593,"higher",199,"repeatability ratio","","batchcorr_set1","combat","ComBat","BatchCorr Set 1"
"genuine_replicate_icc_median",0.940278067267788,"higher",352,"ICC(A,1)","","batchcorr_set1","combat","ComBat","BatchCorr Set 1"
"heldout_qc_cv_mean",30.3003564485775,"lower",199,"percent","","batchcorr_set1","combat","ComBat","BatchCorr Set 1"
"heldout_qc_cv_median",24.8199573905193,"lower",199,"percent","","batchcorr_set1","combat","ComBat","BatchCorr Set 1"
"heldout_qc_cv_sd",17.7827788361514,"lower",199,"percent","","batchcorr_set1","combat","ComBat","BatchCorr Set 1"
"residual_ljung_box_proportion_significant",0.175376884422111,"lower",1990,"proportion","","batchcorr_set1","combat","ComBat","BatchCorr Set 1"
"residual_run_order_gam_mean_deviance",0.122438727653694,"lower",1990,"proportion","","batchcorr_set1","combat","ComBat","BatchCorr Set 1"
"residual_run_order_gam_sd_deviance",0.165539367655978,"lower",1990,"proportion","","batchcorr_set1","combat","ComBat","BatchCorr Set 1"
"retained_features",199,"higher",199,"features","","batchcorr_set1","combat","ComBat","BatchCorr Set 1"
"retained_samples",761,"higher",761,"samples","","batchcorr_set1","combat","ComBat","BatchCorr Set 1"
"runtime_sec",,"lower",1,"seconds","not remeasured; cache retrieval time excluded","batchcorr_set1","combat","ComBat","BatchCorr Set 1"
"sample_replicate_pearson_median",0.949355926423882,"higher",352,"correlation","","batchcorr_set1","combat","ComBat","BatchCorr Set 1"
"batch_features_corrected",,"descriptive",199,"features","","batchcorr_set1","qc_rlsc","QC-RLSC","BatchCorr Set 1"
"batch_weighted_pc_r2_categorical",0.000194747919441527,"lower",710,"weighted R-squared","Batch is explicitly categorical.","batchcorr_set1","qc_rlsc","QC-RLSC","BatchCorr Set 1"
"biological_associated_features",196,"context",199,"features","","batchcorr_set1","qc_rlsc","QC-RLSC","BatchCorr Set 1"
"biological_weighted_pc_r2",0.805346825674997,"higher",710,"weighted R-squared","","batchcorr_set1","qc_rlsc","QC-RLSC","BatchCorr Set 1"
"drift_features_corrected",,"descriptive",199,"features","","batchcorr_set1","qc_rlsc","QC-RLSC","BatchCorr Set 1"
"drift_profiles_corrected",,"descriptive",1990,"profiles","","batchcorr_set1","qc_rlsc","QC-RLSC","BatchCorr Set 1"
"feature_repeatability_ratio_median",0.701239503420736,"higher",199,"repeatability ratio","","batchcorr_set1","qc_rlsc","QC-RLSC","BatchCorr Set 1"
"genuine_replicate_icc_median",0.942322287292246,"higher",352,"ICC(A,1)","","batchcorr_set1","qc_rlsc","QC-RLSC","BatchCorr Set 1"
"heldout_qc_cv_mean",31.3032730527201,"lower",199,"percent","","batchcorr_set1","qc_rlsc","QC-RLSC","BatchCorr Set 1"
"heldout_qc_cv_median",25.6368730360763,"lower",199,"percent","","batchcorr_set1","qc_rlsc","QC-RLSC","BatchCorr Set 1"
"heldout_qc_cv_sd",18.4635155491609,"lower",199,"percent","","batchcorr_set1","qc_rlsc","QC-RLSC","BatchCorr Set 1"
"residual_ljung_box_proportion_significant",0.105527638190955,"lower",1990,"proportion","","batchcorr_set1","qc_rlsc","QC-RLSC","BatchCorr Set 1"
"residual_run_order_gam_mean_deviance",0.0903091334483645,"lower",1990,"proportion","","batchcorr_set1","qc_rlsc","QC-RLSC","BatchCorr Set 1"
"residual_run_order_gam_sd_deviance",0.106203488762616,"lower",1990,"proportion","","batchcorr_set1","qc_rlsc","QC-RLSC","BatchCorr Set 1"
"retained_features",199,"higher",199,"features","","batchcorr_set1","qc_rlsc","QC-RLSC","BatchCorr Set 1"
"retained_samples",761,"higher",761,"samples","","batchcorr_set1","qc_rlsc","QC-RLSC","BatchCorr Set 1"
"runtime_sec",,"lower",1,"seconds","not remeasured; cache retrieval time excluded","batchcorr_set1","qc_rlsc","QC-RLSC","BatchCorr Set 1"
"sample_replicate_pearson_median",0.949840425728827,"higher",352,"correlation","","batchcorr_set1","qc_rlsc","QC-RLSC","BatchCorr Set 1"
"batch_features_corrected",,"descriptive",199,"features","","batchcorr_set1","qc_rfsc","QC-RFSC","BatchCorr Set 1"
"batch_weighted_pc_r2_categorical",0.325051677252748,"lower",710,"weighted R-squared","Batch is explicitly categorical.","batchcorr_set1","qc_rfsc","QC-RFSC","BatchCorr Set 1"
"biological_associated_features",178,"context",199,"features","","batchcorr_set1","qc_rfsc","QC-RFSC","BatchCorr Set 1"
"biological_weighted_pc_r2",0.656552743426929,"higher",710,"weighted R-squared","","batchcorr_set1","qc_rfsc","QC-RFSC","BatchCorr Set 1"
"drift_features_corrected",,"descriptive",199,"features","","batchcorr_set1","qc_rfsc","QC-RFSC","BatchCorr Set 1"
"drift_profiles_corrected",,"descriptive",1990,"profiles","","batchcorr_set1","qc_rfsc","QC-RFSC","BatchCorr Set 1"
"feature_repeatability_ratio_median",0.61157325042727,"higher",199,"repeatability ratio","","batchcorr_set1","qc_rfsc","QC-RFSC","BatchCorr Set 1"
"genuine_replicate_icc_median",0.993521166046679,"higher",352,"ICC(A,1)","","batchcorr_set1","qc_rfsc","QC-RFSC","BatchCorr Set 1"
"heldout_qc_cv_mean",53.2325962192054,"lower",199,"percent","","batchcorr_set1","qc_rfsc","QC-RFSC","BatchCorr Set 1"
"heldout_qc_cv_median",37.8932678700974,"lower",199,"percent","","batchcorr_set1","qc_rfsc","QC-RFSC","BatchCorr Set 1"
"heldout_qc_cv_sd",39.4273907855833,"lower",199,"percent","","batchcorr_set1","qc_rfsc","QC-RFSC","BatchCorr Set 1"
"residual_ljung_box_proportion_significant",0.169346733668342,"lower",1990,"proportion","","batchcorr_set1","qc_rfsc","QC-RFSC","BatchCorr Set 1"
"residual_run_order_gam_mean_deviance",0.120635344473367,"lower",1990,"proportion","","batchcorr_set1","qc_rfsc","QC-RFSC","BatchCorr Set 1"
"residual_run_order_gam_sd_deviance",0.157791148909283,"lower",1990,"proportion","","batchcorr_set1","qc_rfsc","QC-RFSC","BatchCorr Set 1"
"retained_features",199,"higher",199,"features","","batchcorr_set1","qc_rfsc","QC-RFSC","BatchCorr Set 1"
"retained_samples",761,"higher",761,"samples","","batchcorr_set1","qc_rfsc","QC-RFSC","BatchCorr Set 1"
"runtime_sec",7.459,"lower",1,"seconds","measured method execution in frozen release","batchcorr_set1","qc_rfsc","QC-RFSC","BatchCorr Set 1"
"sample_replicate_pearson_median",0.994723502030228,"higher",352,"correlation","","batchcorr_set1","qc_rfsc","QC-RFSC","BatchCorr Set 1"
"batch_features_corrected",,"descriptive",199,"features","","batchcorr_set1","tiger","TIGER","BatchCorr Set 1"
"batch_weighted_pc_r2_categorical",0.0526939397083855,"lower",710,"weighted R-squared","Batch is explicitly categorical.","batchcorr_set1","tiger","TIGER","BatchCorr Set 1"
"biological_associated_features",191,"context",199,"features","","batchcorr_set1","tiger","TIGER","BatchCorr Set 1"
"biological_weighted_pc_r2",0.801420424862291,"higher",710,"weighted R-squared","","batchcorr_set1","tiger","TIGER","BatchCorr Set 1"
"drift_features_corrected",,"descriptive",199,"features","","batchcorr_set1","tiger","TIGER","BatchCorr Set 1"
"drift_profiles_corrected",,"descriptive",1990,"profiles","","batchcorr_set1","tiger","TIGER","BatchCorr Set 1"
"feature_repeatability_ratio_median",0.674481755057735,"higher",199,"repeatability ratio","","batchcorr_set1","tiger","TIGER","BatchCorr Set 1"
"genuine_replicate_icc_median",0.939232882979632,"higher",352,"ICC(A,1)","","batchcorr_set1","tiger","TIGER","BatchCorr Set 1"
"heldout_qc_cv_mean",23.4835903519785,"lower",199,"percent","","batchcorr_set1","tiger","TIGER","BatchCorr Set 1"
"heldout_qc_cv_median",19.9452886102619,"lower",199,"percent","","batchcorr_set1","tiger","TIGER","BatchCorr Set 1"
"heldout_qc_cv_sd",13.4715067245728,"lower",199,"percent","","batchcorr_set1","tiger","TIGER","BatchCorr Set 1"
"residual_ljung_box_proportion_significant",0.085427135678392,"lower",1990,"proportion","","batchcorr_set1","tiger","TIGER","BatchCorr Set 1"
"residual_run_order_gam_mean_deviance",0.0827030523247444,"lower",1990,"proportion","","batchcorr_set1","tiger","TIGER","BatchCorr Set 1"
"residual_run_order_gam_sd_deviance",0.108871978399446,"lower",1990,"proportion","","batchcorr_set1","tiger","TIGER","BatchCorr Set 1"
"retained_features",199,"higher",199,"features","","batchcorr_set1","tiger","TIGER","BatchCorr Set 1"
"retained_samples",761,"higher",761,"samples","","batchcorr_set1","tiger","TIGER","BatchCorr Set 1"
"runtime_sec",399.01,"lower",1,"seconds","measured method execution in frozen release","batchcorr_set1","tiger","TIGER","BatchCorr Set 1"
"sample_replicate_pearson_median",0.946168373317855,"higher",352,"correlation","","batchcorr_set1","tiger","TIGER","BatchCorr Set 1"
"batch_features_corrected",,"descriptive",199,"features","","batchcorr_set1","serrf","SERRF","BatchCorr Set 1"
"batch_weighted_pc_r2_categorical",0.00435624904876198,"lower",710,"weighted R-squared","Batch is explicitly categorical.","batchcorr_set1","serrf","SERRF","BatchCorr Set 1"
"biological_associated_features",193,"context",199,"features","","batchcorr_set1","serrf","SERRF","BatchCorr Set 1"
"biological_weighted_pc_r2",0.748052224380426,"higher",710,"weighted R-squared","","batchcorr_set1","serrf","SERRF","BatchCorr Set 1"
"drift_features_corrected",,"descriptive",199,"features","","batchcorr_set1","serrf","SERRF","BatchCorr Set 1"
"drift_profiles_corrected",,"descriptive",1990,"profiles","","batchcorr_set1","serrf","SERRF","BatchCorr Set 1"
"feature_repeatability_ratio_median",0.665367807037627,"higher",199,"repeatability ratio","","batchcorr_set1","serrf","SERRF","BatchCorr Set 1"
"genuine_replicate_icc_median",0.937650573623322,"higher",352,"ICC(A,1)","","batchcorr_set1","serrf","SERRF","BatchCorr Set 1"
"heldout_qc_cv_mean",30.2796087138303,"lower",199,"percent","","batchcorr_set1","serrf","SERRF","BatchCorr Set 1"
"heldout_qc_cv_median",24.5776902517057,"lower",199,"percent","","batchcorr_set1","serrf","SERRF","BatchCorr Set 1"
"heldout_qc_cv_sd",19.328829540954,"lower",199,"percent","","batchcorr_set1","serrf","SERRF","BatchCorr Set 1"
"residual_ljung_box_proportion_significant",0.175376884422111,"lower",1990,"proportion","","batchcorr_set1","serrf","SERRF","BatchCorr Set 1"
"residual_run_order_gam_mean_deviance",0.122438628681521,"lower",1990,"proportion","","batchcorr_set1","serrf","SERRF","BatchCorr Set 1"
"residual_run_order_gam_sd_deviance",0.165539431447017,"lower",1990,"proportion","","batchcorr_set1","serrf","SERRF","BatchCorr Set 1"
"retained_features",199,"higher",199,"features","","batchcorr_set1","serrf","SERRF","BatchCorr Set 1"
"retained_samples",761,"higher",761,"samples","","batchcorr_set1","serrf","SERRF","BatchCorr Set 1"
"runtime_sec",117.93,"lower",1,"seconds","measured method execution in frozen release","batchcorr_set1","serrf","SERRF","BatchCorr Set 1"
"sample_replicate_pearson_median",0.948209823659858,"higher",352,"correlation","","batchcorr_set1","serrf","SERRF","BatchCorr Set 1"
"batch_features_corrected",194,"descriptive",199,"features","","batchcorr_set1","winn_auto_qc","WiNN auto (QC)","BatchCorr Set 1"
"batch_weighted_pc_r2_categorical",0.000566990241618206,"lower",710,"weighted R-squared","Batch is explicitly categorical.","batchcorr_set1","winn_auto_qc","WiNN auto (QC)","BatchCorr Set 1"
"biological_associated_features",197,"context",199,"features","","batchcorr_set1","winn_auto_qc","WiNN auto (QC)","BatchCorr Set 1"
"biological_weighted_pc_r2",0.843276697598098,"higher",710,"weighted R-squared","","batchcorr_set1","winn_auto_qc","WiNN auto (QC)","BatchCorr Set 1"
"drift_features_corrected",133,"descriptive",199,"features","","batchcorr_set1","winn_auto_qc","WiNN auto (QC)","BatchCorr Set 1"
"drift_profiles_corrected",323,"descriptive",1990,"profiles","","batchcorr_set1","winn_auto_qc","WiNN auto (QC)","BatchCorr Set 1"
"feature_repeatability_ratio_median",0.701627398908381,"higher",199,"repeatability ratio","","batchcorr_set1","winn_auto_qc","WiNN auto (QC)","BatchCorr Set 1"
"genuine_replicate_icc_median",0.956281228043333,"higher",352,"ICC(A,1)","","batchcorr_set1","winn_auto_qc","WiNN auto (QC)","BatchCorr Set 1"
"heldout_qc_cv_mean",23.9030303379891,"lower",199,"percent","","batchcorr_set1","winn_auto_qc","WiNN auto (QC)","BatchCorr Set 1"
"heldout_qc_cv_median",19.7204351703675,"lower",199,"percent","","batchcorr_set1","winn_auto_qc","WiNN auto (QC)","BatchCorr Set 1"
"heldout_qc_cv_sd",16.7576614244521,"lower",199,"percent","","batchcorr_set1","winn_auto_qc","WiNN auto (QC)","BatchCorr Set 1"
"residual_ljung_box_proportion_significant",0.00603015075376884,"lower",1990,"proportion","","batchcorr_set1","winn_auto_qc","WiNN auto (QC)","BatchCorr Set 1"
"residual_run_order_gam_mean_deviance",0.0464906510990335,"lower",1990,"proportion","","batchcorr_set1","winn_auto_qc","WiNN auto (QC)","BatchCorr Set 1"
"residual_run_order_gam_sd_deviance",0.056344057207169,"lower",1990,"proportion","","batchcorr_set1","winn_auto_qc","WiNN auto (QC)","BatchCorr Set 1"
"retained_features",199,"higher",199,"features","","batchcorr_set1","winn_auto_qc","WiNN auto (QC)","BatchCorr Set 1"
"retained_samples",761,"higher",761,"samples","","batchcorr_set1","winn_auto_qc","WiNN auto (QC)","BatchCorr Set 1"
"runtime_sec",5.721,"lower",1,"seconds","measured method execution in frozen release","batchcorr_set1","winn_auto_qc","WiNN auto (QC)","BatchCorr Set 1"
"sample_replicate_pearson_median",0.956455981699553,"higher",352,"correlation","","batchcorr_set1","winn_auto_qc","WiNN auto (QC)","BatchCorr Set 1"
"batch_features_corrected",191,"descriptive",199,"features","","batchcorr_set1","winn_auto_batch_qc","WiNN auto-batch (QC)","BatchCorr Set 1"
"batch_weighted_pc_r2_categorical",0.0125324272970689,"lower",710,"weighted R-squared","Batch is explicitly categorical.","batchcorr_set1","winn_auto_batch_qc","WiNN auto-batch (QC)","BatchCorr Set 1"
"biological_associated_features",198,"context",199,"features","","batchcorr_set1","winn_auto_batch_qc","WiNN auto-batch (QC)","BatchCorr Set 1"
"biological_weighted_pc_r2",0.832337531674397,"higher",710,"weighted R-squared","","batchcorr_set1","winn_auto_batch_qc","WiNN auto-batch (QC)","BatchCorr Set 1"
"drift_features_corrected",176,"descriptive",199,"features","","batchcorr_set1","winn_auto_batch_qc","WiNN auto-batch (QC)","BatchCorr Set 1"
"drift_profiles_corrected",424,"descriptive",1990,"profiles","","batchcorr_set1","winn_auto_batch_qc","WiNN auto-batch (QC)","BatchCorr Set 1"
"feature_repeatability_ratio_median",0.697962844257478,"higher",199,"repeatability ratio","","batchcorr_set1","winn_auto_batch_qc","WiNN auto-batch (QC)","BatchCorr Set 1"
"genuine_replicate_icc_median",0.955033829071577,"higher",352,"ICC(A,1)","","batchcorr_set1","winn_auto_batch_qc","WiNN auto-batch (QC)","BatchCorr Set 1"
"heldout_qc_cv_mean",24.8748188818013,"lower",199,"percent","","batchcorr_set1","winn_auto_batch_qc","WiNN auto-batch (QC)","BatchCorr Set 1"
"heldout_qc_cv_median",20.5204225640726,"lower",199,"percent","","batchcorr_set1","winn_auto_batch_qc","WiNN auto-batch (QC)","BatchCorr Set 1"
"heldout_qc_cv_sd",16.9641238139339,"lower",199,"percent","","batchcorr_set1","winn_auto_batch_qc","WiNN auto-batch (QC)","BatchCorr Set 1"
"residual_ljung_box_proportion_significant",0.0170854271356784,"lower",1990,"proportion","","batchcorr_set1","winn_auto_batch_qc","WiNN auto-batch (QC)","BatchCorr Set 1"
"residual_run_order_gam_mean_deviance",0.0465432932186145,"lower",1990,"proportion","","batchcorr_set1","winn_auto_batch_qc","WiNN auto-batch (QC)","BatchCorr Set 1"
"residual_run_order_gam_sd_deviance",0.0822037526755366,"lower",1990,"proportion","","batchcorr_set1","winn_auto_batch_qc","WiNN auto-batch (QC)","BatchCorr Set 1"
"retained_features",199,"higher",199,"features","","batchcorr_set1","winn_auto_batch_qc","WiNN auto-batch (QC)","BatchCorr Set 1"
"retained_samples",761,"higher",761,"samples","","batchcorr_set1","winn_auto_batch_qc","WiNN auto-batch (QC)","BatchCorr Set 1"
"runtime_sec",6.761,"lower",1,"seconds","measured method execution in frozen release","batchcorr_set1","winn_auto_batch_qc","WiNN auto-batch (QC)","BatchCorr Set 1"
"sample_replicate_pearson_median",0.955530543368313,"higher",352,"correlation","","batchcorr_set1","winn_auto_batch_qc","WiNN auto-batch (QC)","BatchCorr Set 1"
"batch_features_corrected",195,"descriptive",199,"features","","batchcorr_set1","winn_fixed_no_qc","WiNN fixed default (no QC)","BatchCorr Set 1"
"batch_weighted_pc_r2_categorical",0.000567147968917397,"lower",710,"weighted R-squared","Batch is explicitly categorical.","batchcorr_set1","winn_fixed_no_qc","WiNN fixed default (no QC)","BatchCorr Set 1"
"biological_associated_features",197,"context",199,"features","","batchcorr_set1","winn_fixed_no_qc","WiNN fixed default (no QC)","BatchCorr Set 1"
"biological_weighted_pc_r2",0.829484175037435,"higher",710,"weighted R-squared","","batchcorr_set1","winn_fixed_no_qc","WiNN fixed default (no QC)","BatchCorr Set 1"
"drift_features_corrected",150,"descriptive",199,"features","","batchcorr_set1","winn_fixed_no_qc","WiNN fixed default (no QC)","BatchCorr Set 1"
"drift_profiles_corrected",373,"descriptive",1990,"profiles","","batchcorr_set1","winn_fixed_no_qc","WiNN fixed default (no QC)","BatchCorr Set 1"
"feature_repeatability_ratio_median",0.695315540683156,"higher",199,"repeatability ratio","","batchcorr_set1","winn_fixed_no_qc","WiNN fixed default (no QC)","BatchCorr Set 1"
"genuine_replicate_icc_median",0.953917516280415,"higher",352,"ICC(A,1)","","batchcorr_set1","winn_fixed_no_qc","WiNN fixed default (no QC)","BatchCorr Set 1"
"heldout_qc_cv_mean",26.6652760811313,"lower",199,"percent","","batchcorr_set1","winn_fixed_no_qc","WiNN fixed default (no QC)","BatchCorr Set 1"
"heldout_qc_cv_median",21.6389016588586,"lower",199,"percent","","batchcorr_set1","winn_fixed_no_qc","WiNN fixed default (no QC)","BatchCorr Set 1"
"heldout_qc_cv_sd",16.1017669031863,"lower",199,"percent","","batchcorr_set1","winn_fixed_no_qc","WiNN fixed default (no QC)","BatchCorr Set 1"
"residual_ljung_box_proportion_significant",0.0085427135678392,"lower",1990,"proportion","","batchcorr_set1","winn_fixed_no_qc","WiNN fixed default (no QC)","BatchCorr Set 1"
"residual_run_order_gam_mean_deviance",0.043772965202549,"lower",1990,"proportion","","batchcorr_set1","winn_fixed_no_qc","WiNN fixed default (no QC)","BatchCorr Set 1"
"residual_run_order_gam_sd_deviance",0.0555122121880683,"lower",1990,"proportion","","batchcorr_set1","winn_fixed_no_qc","WiNN fixed default (no QC)","BatchCorr Set 1"
"retained_features",199,"higher",199,"features","","batchcorr_set1","winn_fixed_no_qc","WiNN fixed default (no QC)","BatchCorr Set 1"
"retained_samples",761,"higher",761,"samples","","batchcorr_set1","winn_fixed_no_qc","WiNN fixed default (no QC)","BatchCorr Set 1"
"runtime_sec",2.324,"lower",1,"seconds","measured method execution in frozen release","batchcorr_set1","winn_fixed_no_qc","WiNN fixed default (no QC)","BatchCorr Set 1"
"sample_replicate_pearson_median",0.957541057965195,"higher",352,"correlation","","batchcorr_set1","winn_fixed_no_qc","WiNN fixed default (no QC)","BatchCorr Set 1"
"batch_features_corrected",,"descriptive",113,"features","","sacurine","raw","Raw","Sacurine"
"batch_weighted_pc_r2_categorical",0.131658082609212,"lower",184,"weighted R-squared","Batch is explicitly categorical.","sacurine","raw","Raw","Sacurine"
"biological_associated_features",30,"context",339,"feature-variable tests","","sacurine","raw","Raw","Sacurine"
"biological_weighted_pc_r2",0.0241181676205405,"higher",3,"weighted R-squared","","sacurine","raw","Raw","Sacurine"
"cross_batch_effect_pearson_median",0.535009679276094,"higher",3,"correlation","","sacurine","raw","Raw","Sacurine"
"drift_features_corrected",,"descriptive",113,"features","","sacurine","raw","Raw","Sacurine"
"drift_profiles_corrected",,"descriptive",226,"profiles","","sacurine","raw","Raw","Sacurine"
"heldout_qc_cv_mean",32.5994242278841,"lower",113,"percent","","sacurine","raw","Raw","Sacurine"
"heldout_qc_cv_median",28.9001231259555,"lower",113,"percent","","sacurine","raw","Raw","Sacurine"
"heldout_qc_cv_sd",16.559428139738,"lower",113,"percent","","sacurine","raw","Raw","Sacurine"
"residual_ljung_box_proportion_significant",0.128318584070796,"lower",226,"proportion","","sacurine","raw","Raw","Sacurine"
"residual_run_order_gam_mean_deviance",0.0684058304178776,"lower",226,"proportion","","sacurine","raw","Raw","Sacurine"
"residual_run_order_gam_sd_deviance",0.0800503403159908,"lower",226,"proportion","","sacurine","raw","Raw","Sacurine"
"retained_features",113,"higher",113,"features","","sacurine","raw","Raw","Sacurine"
"retained_samples",210,"higher",210,"samples","","sacurine","raw","Raw","Sacurine"
"runtime_sec",0,"lower",1,"seconds","no correction","sacurine","raw","Raw","Sacurine"
"batch_features_corrected",,"descriptive",113,"features","","sacurine","combat","ComBat","Sacurine"
"batch_weighted_pc_r2_categorical",0.000511163884187992,"lower",184,"weighted R-squared","Batch is explicitly categorical.","sacurine","combat","ComBat","Sacurine"
"biological_associated_features",31,"context",339,"feature-variable tests","","sacurine","combat","ComBat","Sacurine"
"biological_weighted_pc_r2",0.0269894116515146,"higher",3,"weighted R-squared","","sacurine","combat","ComBat","Sacurine"
"cross_batch_effect_pearson_median",0.529143990274528,"higher",3,"correlation","","sacurine","combat","ComBat","Sacurine"
"drift_features_corrected",,"descriptive",113,"features","","sacurine","combat","ComBat","Sacurine"
"drift_profiles_corrected",,"descriptive",226,"profiles","","sacurine","combat","ComBat","Sacurine"
"heldout_qc_cv_mean",26.8154383406086,"lower",113,"percent","","sacurine","combat","ComBat","Sacurine"
"heldout_qc_cv_median",24.1953378514475,"lower",113,"percent","","sacurine","combat","ComBat","Sacurine"
"heldout_qc_cv_sd",12.4262897252536,"lower",113,"percent","","sacurine","combat","ComBat","Sacurine"
"residual_ljung_box_proportion_significant",0.128318584070796,"lower",226,"proportion","","sacurine","combat","ComBat","Sacurine"
"residual_run_order_gam_mean_deviance",0.0684058359503175,"lower",226,"proportion","","sacurine","combat","ComBat","Sacurine"
"residual_run_order_gam_sd_deviance",0.0800503430158542,"lower",226,"proportion","","sacurine","combat","ComBat","Sacurine"
"retained_features",113,"higher",113,"features","","sacurine","combat","ComBat","Sacurine"
"retained_samples",210,"higher",210,"samples","","sacurine","combat","ComBat","Sacurine"
"runtime_sec",,"lower",1,"seconds","not remeasured; cache retrieval time excluded","sacurine","combat","ComBat","Sacurine"
"batch_features_corrected",,"descriptive",113,"features","","sacurine","qc_rlsc","QC-RLSC","Sacurine"
"batch_weighted_pc_r2_categorical",0.000115135878716251,"lower",184,"weighted R-squared","Batch is explicitly categorical.","sacurine","qc_rlsc","QC-RLSC","Sacurine"
"biological_associated_features",37,"context",339,"feature-variable tests","","sacurine","qc_rlsc","QC-RLSC","Sacurine"
"biological_weighted_pc_r2",0.0393374198653091,"higher",3,"weighted R-squared","","sacurine","qc_rlsc","QC-RLSC","Sacurine"
"cross_batch_effect_pearson_median",0.536127596844908,"higher",3,"correlation","","sacurine","qc_rlsc","QC-RLSC","Sacurine"
"drift_features_corrected",,"descriptive",113,"features","","sacurine","qc_rlsc","QC-RLSC","Sacurine"
"drift_profiles_corrected",,"descriptive",226,"profiles","","sacurine","qc_rlsc","QC-RLSC","Sacurine"
"heldout_qc_cv_mean",14.5016797069405,"lower",113,"percent","","sacurine","qc_rlsc","QC-RLSC","Sacurine"
"heldout_qc_cv_median",9.98180405571562,"lower",113,"percent","","sacurine","qc_rlsc","QC-RLSC","Sacurine"
"heldout_qc_cv_sd",13.2313738339793,"lower",113,"percent","","sacurine","qc_rlsc","QC-RLSC","Sacurine"
"residual_ljung_box_proportion_significant",0.00442477876106195,"lower",226,"proportion","","sacurine","qc_rlsc","QC-RLSC","Sacurine"
"residual_run_order_gam_mean_deviance",0.0371448483850514,"lower",226,"proportion","","sacurine","qc_rlsc","QC-RLSC","Sacurine"
"residual_run_order_gam_sd_deviance",0.0410649271671009,"lower",226,"proportion","","sacurine","qc_rlsc","QC-RLSC","Sacurine"
"retained_features",113,"higher",113,"features","","sacurine","qc_rlsc","QC-RLSC","Sacurine"
"retained_samples",210,"higher",210,"samples","","sacurine","qc_rlsc","QC-RLSC","Sacurine"
"runtime_sec",0.278,"lower",1,"seconds","measured method execution in frozen release","sacurine","qc_rlsc","QC-RLSC","Sacurine"
"batch_features_corrected",,"descriptive",113,"features","","sacurine","qc_rfsc","QC-RFSC","Sacurine"
"batch_weighted_pc_r2_categorical",0.0137370036605432,"lower",184,"weighted R-squared","Batch is explicitly categorical.","sacurine","qc_rfsc","QC-RFSC","Sacurine"
"biological_associated_features",47,"context",339,"feature-variable tests","","sacurine","qc_rfsc","QC-RFSC","Sacurine"
"biological_weighted_pc_r2",0.0481466086536595,"higher",3,"weighted R-squared","","sacurine","qc_rfsc","QC-RFSC","Sacurine"
"cross_batch_effect_pearson_median",0.496674712697641,"higher",3,"correlation","","sacurine","qc_rfsc","QC-RFSC","Sacurine"
"drift_features_corrected",,"descriptive",113,"features","","sacurine","qc_rfsc","QC-RFSC","Sacurine"
"drift_profiles_corrected",,"descriptive",226,"profiles","","sacurine","qc_rfsc","QC-RFSC","Sacurine"
"heldout_qc_cv_mean",7.32552583839107,"lower",113,"percent","","sacurine","qc_rfsc","QC-RFSC","Sacurine"
"heldout_qc_cv_median",3.9845762099117,"lower",113,"percent","","sacurine","qc_rfsc","QC-RFSC","Sacurine"
"heldout_qc_cv_sd",14.1546893182206,"lower",113,"percent","","sacurine","qc_rfsc","QC-RFSC","Sacurine"
"residual_ljung_box_proportion_significant",0.00884955752212389,"lower",226,"proportion","","sacurine","qc_rfsc","QC-RFSC","Sacurine"
"residual_run_order_gam_mean_deviance",0.0371804141979941,"lower",226,"proportion","","sacurine","qc_rfsc","QC-RFSC","Sacurine"
"residual_run_order_gam_sd_deviance",0.0466505920239481,"lower",226,"proportion","","sacurine","qc_rfsc","QC-RFSC","Sacurine"
"retained_features",113,"higher",113,"features","","sacurine","qc_rfsc","QC-RFSC","Sacurine"
"retained_samples",210,"higher",210,"samples","","sacurine","qc_rfsc","QC-RFSC","Sacurine"
"runtime_sec",1.915,"lower",1,"seconds","measured method execution in frozen release","sacurine","qc_rfsc","QC-RFSC","Sacurine"
"batch_features_corrected",,"descriptive",113,"features","","sacurine","tiger","TIGER","Sacurine"
"batch_weighted_pc_r2_categorical",0.00178167097094416,"lower",184,"weighted R-squared","Batch is explicitly categorical.","sacurine","tiger","TIGER","Sacurine"
"biological_associated_features",32,"context",339,"feature-variable tests","","sacurine","tiger","TIGER","Sacurine"
"biological_weighted_pc_r2",0.0370870503948378,"higher",3,"weighted R-squared","","sacurine","tiger","TIGER","Sacurine"
"cross_batch_effect_pearson_median",0.492172408403618,"higher",3,"correlation","","sacurine","tiger","TIGER","Sacurine"
"drift_features_corrected",,"descriptive",113,"features","","sacurine","tiger","TIGER","Sacurine"
"drift_profiles_corrected",,"descriptive",226,"profiles","","sacurine","tiger","TIGER","Sacurine"
"heldout_qc_cv_mean",10.1930094989336,"lower",113,"percent","","sacurine","tiger","TIGER","Sacurine"
"heldout_qc_cv_median",7.57004520401614,"lower",113,"percent","","sacurine","tiger","TIGER","Sacurine"
"heldout_qc_cv_sd",7.79671066230025,"lower",113,"percent","","sacurine","tiger","TIGER","Sacurine"
"residual_ljung_box_proportion_significant",0.0132743362831858,"lower",226,"proportion","","sacurine","tiger","TIGER","Sacurine"
"residual_run_order_gam_mean_deviance",0.0388302972708426,"lower",226,"proportion","","sacurine","tiger","TIGER","Sacurine"
"residual_run_order_gam_sd_deviance",0.0519279550818996,"lower",226,"proportion","","sacurine","tiger","TIGER","Sacurine"
"retained_features",113,"higher",113,"features","","sacurine","tiger","TIGER","Sacurine"
"retained_samples",210,"higher",210,"samples","","sacurine","tiger","TIGER","Sacurine"
"runtime_sec",87.868,"lower",1,"seconds","measured method execution in frozen release","sacurine","tiger","TIGER","Sacurine"
"batch_features_corrected",,"descriptive",113,"features","","sacurine","serrf","SERRF","Sacurine"
"batch_weighted_pc_r2_categorical",0.0019315491172379,"lower",184,"weighted R-squared","Batch is explicitly categorical.","sacurine","serrf","SERRF","Sacurine"
"biological_associated_features",37,"context",339,"feature-variable tests","","sacurine","serrf","SERRF","Sacurine"
"biological_weighted_pc_r2",0.0331043302571546,"higher",3,"weighted R-squared","","sacurine","serrf","SERRF","Sacurine"
"cross_batch_effect_pearson_median",0.544101149303009,"higher",3,"correlation","","sacurine","serrf","SERRF","Sacurine"
"drift_features_corrected",,"descriptive",113,"features","","sacurine","serrf","SERRF","Sacurine"
"drift_profiles_corrected",,"descriptive",226,"profiles","","sacurine","serrf","SERRF","Sacurine"
"heldout_qc_cv_mean",17.0109024488018,"lower",113,"percent","","sacurine","serrf","SERRF","Sacurine"
"heldout_qc_cv_median",13.7795519620218,"lower",113,"percent","","sacurine","serrf","SERRF","Sacurine"
"heldout_qc_cv_sd",9.65480704252698,"lower",113,"percent","","sacurine","serrf","SERRF","Sacurine"
"residual_ljung_box_proportion_significant",0.0619469026548673,"lower",226,"proportion","","sacurine","serrf","SERRF","Sacurine"
"residual_run_order_gam_mean_deviance",0.0555820775458359,"lower",226,"proportion","","sacurine","serrf","SERRF","Sacurine"
"residual_run_order_gam_sd_deviance",0.0702428604102507,"lower",226,"proportion","","sacurine","serrf","SERRF","Sacurine"
"retained_features",113,"higher",113,"features","","sacurine","serrf","SERRF","Sacurine"
"retained_samples",210,"higher",210,"samples","","sacurine","serrf","SERRF","Sacurine"
"runtime_sec",,"lower",1,"seconds","not remeasured; cache retrieval time excluded","sacurine","serrf","SERRF","Sacurine"
"batch_features_corrected",85,"descriptive",113,"features","","sacurine","winn_auto_qc","WiNN auto (QC)","Sacurine"
"batch_weighted_pc_r2_categorical",0.000415820234223158,"lower",184,"weighted R-squared","Batch is explicitly categorical.","sacurine","winn_auto_qc","WiNN auto (QC)","Sacurine"
"biological_associated_features",47,"context",339,"feature-variable tests","","sacurine","winn_auto_qc","WiNN auto (QC)","Sacurine"
"biological_weighted_pc_r2",0.0488286682263038,"higher",3,"weighted R-squared","","sacurine","winn_auto_qc","WiNN auto (QC)","Sacurine"
"cross_batch_effect_pearson_median",0.566958884057713,"higher",3,"correlation","","sacurine","winn_auto_qc","WiNN auto (QC)","Sacurine"
"drift_features_corrected",42,"descriptive",113,"features","","sacurine","winn_auto_qc","WiNN auto (QC)","Sacurine"
"drift_profiles_corrected",52,"descriptive",226,"profiles","","sacurine","winn_auto_qc","WiNN auto (QC)","Sacurine"
"heldout_qc_cv_mean",16.0063160088905,"lower",113,"percent","","sacurine","winn_auto_qc","WiNN auto (QC)","Sacurine"
"heldout_qc_cv_median",12.5857281224797,"lower",113,"percent","","sacurine","winn_auto_qc","WiNN auto (QC)","Sacurine"
"heldout_qc_cv_sd",11.7258189039911,"lower",113,"percent","","sacurine","winn_auto_qc","WiNN auto (QC)","Sacurine"
"residual_ljung_box_proportion_significant",0.0265486725663717,"lower",226,"proportion","","sacurine","winn_auto_qc","WiNN auto (QC)","Sacurine"
"residual_run_order_gam_mean_deviance",0.0435650355720423,"lower",226,"proportion","","sacurine","winn_auto_qc","WiNN auto (QC)","Sacurine"
"residual_run_order_gam_sd_deviance",0.051018172700969,"lower",226,"proportion","","sacurine","winn_auto_qc","WiNN auto (QC)","Sacurine"
"retained_features",113,"higher",113,"features","","sacurine","winn_auto_qc","WiNN auto (QC)","Sacurine"
"retained_samples",210,"higher",210,"samples","","sacurine","winn_auto_qc","WiNN auto (QC)","Sacurine"
"runtime_sec",0.938,"lower",1,"seconds","measured method execution in frozen release","sacurine","winn_auto_qc","WiNN auto (QC)","Sacurine"
"batch_features_corrected",84,"descriptive",113,"features","","sacurine","winn_auto_batch_qc","WiNN auto-batch (QC)","Sacurine"
"batch_weighted_pc_r2_categorical",0.000489308961332933,"lower",184,"weighted R-squared","Batch is explicitly categorical.","sacurine","winn_auto_batch_qc","WiNN auto-batch (QC)","Sacurine"
"biological_associated_features",50,"context",339,"feature-variable tests","","sacurine","winn_auto_batch_qc","WiNN auto-batch (QC)","Sacurine"
"biological_weighted_pc_r2",0.0479565940051655,"higher",3,"weighted R-squared","","sacurine","winn_auto_batch_qc","WiNN auto-batch (QC)","Sacurine"
"cross_batch_effect_pearson_median",0.565550550372571,"higher",3,"correlation","","sacurine","winn_auto_batch_qc","WiNN auto-batch (QC)","Sacurine"
"drift_features_corrected",14,"descriptive",113,"features","","sacurine","winn_auto_batch_qc","WiNN auto-batch (QC)","Sacurine"
"drift_profiles_corrected",15,"descriptive",226,"profiles","","sacurine","winn_auto_batch_qc","WiNN auto-batch (QC)","Sacurine"
"heldout_qc_cv_mean",17.673468020507,"lower",113,"percent","","sacurine","winn_auto_batch_qc","WiNN auto-batch (QC)","Sacurine"
"heldout_qc_cv_median",14.6501955108601,"lower",113,"percent","","sacurine","winn_auto_batch_qc","WiNN auto-batch (QC)","Sacurine"
"heldout_qc_cv_sd",12.3916811786805,"lower",113,"percent","","sacurine","winn_auto_batch_qc","WiNN auto-batch (QC)","Sacurine"
"residual_ljung_box_proportion_significant",0.0309734513274336,"lower",226,"proportion","","sacurine","winn_auto_batch_qc","WiNN auto-batch (QC)","Sacurine"
"residual_run_order_gam_mean_deviance",0.0397114522391577,"lower",226,"proportion","","sacurine","winn_auto_batch_qc","WiNN auto-batch (QC)","Sacurine"
"residual_run_order_gam_sd_deviance",0.0567367521918702,"lower",226,"proportion","","sacurine","winn_auto_batch_qc","WiNN auto-batch (QC)","Sacurine"
"retained_features",113,"higher",113,"features","","sacurine","winn_auto_batch_qc","WiNN auto-batch (QC)","Sacurine"
"retained_samples",210,"higher",210,"samples","","sacurine","winn_auto_batch_qc","WiNN auto-batch (QC)","Sacurine"
"runtime_sec",1.243,"lower",1,"seconds","measured method execution in frozen release","sacurine","winn_auto_batch_qc","WiNN auto-batch (QC)","Sacurine"
"batch_features_corrected",82,"descriptive",113,"features","","sacurine","winn_fixed_no_qc","WiNN fixed default (no QC)","Sacurine"
"batch_weighted_pc_r2_categorical",0.000737747609499402,"lower",184,"weighted R-squared","Batch is explicitly categorical.","sacurine","winn_fixed_no_qc","WiNN fixed default (no QC)","Sacurine"
"biological_associated_features",48,"context",339,"feature-variable tests","","sacurine","winn_fixed_no_qc","WiNN fixed default (no QC)","Sacurine"
"biological_weighted_pc_r2",0.0457852706905809,"higher",3,"weighted R-squared","","sacurine","winn_fixed_no_qc","WiNN fixed default (no QC)","Sacurine"
"cross_batch_effect_pearson_median",0.537221386297552,"higher",3,"correlation","","sacurine","winn_fixed_no_qc","WiNN fixed default (no QC)","Sacurine"
"drift_features_corrected",37,"descriptive",113,"features","","sacurine","winn_fixed_no_qc","WiNN fixed default (no QC)","Sacurine"
"drift_profiles_corrected",44,"descriptive",226,"profiles","","sacurine","winn_fixed_no_qc","WiNN fixed default (no QC)","Sacurine"
"heldout_qc_cv_mean",22.421913234801,"lower",113,"percent","","sacurine","winn_fixed_no_qc","WiNN fixed default (no QC)","Sacurine"
"heldout_qc_cv_median",20.7262308662042,"lower",113,"percent","","sacurine","winn_fixed_no_qc","WiNN fixed default (no QC)","Sacurine"
"heldout_qc_cv_sd",10.0042736885185,"lower",113,"percent","","sacurine","winn_fixed_no_qc","WiNN fixed default (no QC)","Sacurine"
"residual_ljung_box_proportion_significant",0.0309734513274336,"lower",226,"proportion","","sacurine","winn_fixed_no_qc","WiNN fixed default (no QC)","Sacurine"
"residual_run_order_gam_mean_deviance",0.0520147926987853,"lower",226,"proportion","","sacurine","winn_fixed_no_qc","WiNN fixed default (no QC)","Sacurine"
"residual_run_order_gam_sd_deviance",0.0673011809210797,"lower",226,"proportion","","sacurine","winn_fixed_no_qc","WiNN fixed default (no QC)","Sacurine"
"retained_features",113,"higher",113,"features","","sacurine","winn_fixed_no_qc","WiNN fixed default (no QC)","Sacurine"
"retained_samples",210,"higher",210,"samples","","sacurine","winn_fixed_no_qc","WiNN fixed default (no QC)","Sacurine"
"runtime_sec",3.296,"lower",1,"seconds","measured method execution in frozen release","sacurine","winn_fixed_no_qc","WiNN fixed default (no QC)","Sacurine"
"batch_features_corrected",,"descriptive",6461,"features","","waveica","raw","Raw","WaveICA"
"batch_weighted_pc_r2_categorical",0.69436740649987,"lower",568,"weighted R-squared","Batch is explicitly categorical.","waveica","raw","Raw","WaveICA"
"biological_associated_features",206,"context",6461,"features","","waveica","raw","Raw","WaveICA"
"biological_weighted_pc_r2",0.00276573078388549,"higher",568,"weighted R-squared","","waveica","raw","Raw","WaveICA"
"cross_batch_effect_pearson_median",0.261918456568283,"higher",3,"correlation","","waveica","raw","Raw","WaveICA"
"drift_features_corrected",,"descriptive",6461,"features","","waveica","raw","Raw","WaveICA"
"drift_profiles_corrected",,"descriptive",19383,"profiles","","waveica","raw","Raw","WaveICA"
"heldout_qc_cv_mean",49.6615125014856,"lower",6461,"percent","","waveica","raw","Raw","WaveICA"
"heldout_qc_cv_median",43.4386738587829,"lower",6461,"percent","","waveica","raw","Raw","WaveICA"
"heldout_qc_cv_sd",29.0476446241413,"lower",6461,"percent","","waveica","raw","Raw","WaveICA"
"residual_ljung_box_proportion_significant",0.598565753495331,"lower",19383,"proportion","","waveica","raw","Raw","WaveICA"
"residual_run_order_gam_mean_deviance",0.205768293336358,"lower",19383,"proportion","","waveica","raw","Raw","WaveICA"
"residual_run_order_gam_sd_deviance",0.232415409330365,"lower",19383,"proportion","","waveica","raw","Raw","WaveICA"
"retained_features",6461,"higher",6461,"features","","waveica","raw","Raw","WaveICA"
"retained_samples",642,"higher",642,"samples","","waveica","raw","Raw","WaveICA"
"runtime_sec",0,"lower",1,"seconds","no correction","waveica","raw","Raw","WaveICA"
"batch_features_corrected",,"descriptive",6461,"features","","waveica","combat","ComBat","WaveICA"
"batch_weighted_pc_r2_categorical",0.000465422730130473,"lower",568,"weighted R-squared","Batch is explicitly categorical.","waveica","combat","ComBat","WaveICA"
"biological_associated_features",372,"context",6461,"features","","waveica","combat","ComBat","WaveICA"
"biological_weighted_pc_r2",0.00743208924888678,"higher",568,"weighted R-squared","","waveica","combat","ComBat","WaveICA"
"cross_batch_effect_pearson_median",0.264101991446489,"higher",3,"correlation","","waveica","combat","ComBat","WaveICA"
"drift_features_corrected",,"descriptive",6461,"features","","waveica","combat","ComBat","WaveICA"
"drift_profiles_corrected",,"descriptive",19383,"profiles","","waveica","combat","ComBat","WaveICA"
"heldout_qc_cv_mean",40.2404130226057,"lower",6461,"percent","","waveica","combat","ComBat","WaveICA"
"heldout_qc_cv_median",32.1282217885861,"lower",6461,"percent","","waveica","combat","ComBat","WaveICA"
"heldout_qc_cv_sd",29.6946519957335,"lower",6461,"percent","","waveica","combat","ComBat","WaveICA"
"residual_ljung_box_proportion_significant",0.600629417530826,"lower",19383,"proportion","","waveica","combat","ComBat","WaveICA"
"residual_run_order_gam_mean_deviance",0.20730699988528,"lower",19383,"proportion","","waveica","combat","ComBat","WaveICA"
"residual_run_order_gam_sd_deviance",0.2334738891556,"lower",19383,"proportion","","waveica","combat","ComBat","WaveICA"
"retained_features",6461,"higher",6461,"features","","waveica","combat","ComBat","WaveICA"
"retained_samples",642,"higher",642,"samples","","waveica","combat","ComBat","WaveICA"
"runtime_sec",,"lower",1,"seconds","not remeasured; cache retrieval time excluded","waveica","combat","ComBat","WaveICA"
"batch_features_corrected",,"descriptive",6461,"features","","waveica","qc_rlsc","QC-RLSC","WaveICA"
"batch_weighted_pc_r2_categorical",0.00158298745775718,"lower",568,"weighted R-squared","Batch is explicitly categorical.","waveica","qc_rlsc","QC-RLSC","WaveICA"
"biological_associated_features",428,"context",6461,"features","","waveica","qc_rlsc","QC-RLSC","WaveICA"
"biological_weighted_pc_r2",0.0114766457778449,"higher",568,"weighted R-squared","","waveica","qc_rlsc","QC-RLSC","WaveICA"
"cross_batch_effect_pearson_median",0.260713661433927,"higher",3,"correlation","","waveica","qc_rlsc","QC-RLSC","WaveICA"
"drift_features_corrected",,"descriptive",6461,"features","","waveica","qc_rlsc","QC-RLSC","WaveICA"
"drift_profiles_corrected",,"descriptive",19383,"profiles","","waveica","qc_rlsc","QC-RLSC","WaveICA"
"heldout_qc_cv_mean",39.3267820613923,"lower",6461,"percent","","waveica","qc_rlsc","QC-RLSC","WaveICA"
"heldout_qc_cv_median",28.6003336946251,"lower",6461,"percent","","waveica","qc_rlsc","QC-RLSC","WaveICA"
"heldout_qc_cv_sd",36.8102222202844,"lower",6461,"percent","","waveica","qc_rlsc","QC-RLSC","WaveICA"
"residual_ljung_box_proportion_significant",0.464375999587267,"lower",19383,"proportion","","waveica","qc_rlsc","QC-RLSC","WaveICA"
"residual_run_order_gam_mean_deviance",0.108717975881041,"lower",19383,"proportion","","waveica","qc_rlsc","QC-RLSC","WaveICA"
"residual_run_order_gam_sd_deviance",0.12884254876152,"lower",19383,"proportion","","waveica","qc_rlsc","QC-RLSC","WaveICA"
"retained_features",6461,"higher",6461,"features","","waveica","qc_rlsc","QC-RLSC","WaveICA"
"retained_samples",642,"higher",642,"samples","","waveica","qc_rlsc","QC-RLSC","WaveICA"
"runtime_sec",22.035,"lower",1,"seconds","measured method execution in frozen release","waveica","qc_rlsc","QC-RLSC","WaveICA"
"batch_features_corrected",,"descriptive",6461,"features","","waveica","qc_rfsc","QC-RFSC","WaveICA"
"batch_weighted_pc_r2_categorical",0.509560684056,"lower",568,"weighted R-squared","Batch is explicitly categorical.","waveica","qc_rfsc","QC-RFSC","WaveICA"
"biological_associated_features",402,"context",6461,"features","","waveica","qc_rfsc","QC-RFSC","WaveICA"
"biological_weighted_pc_r2",0.0097539590939671,"higher",568,"weighted R-squared","","waveica","qc_rfsc","QC-RFSC","WaveICA"
"cross_batch_effect_pearson_median",0.357673146501632,"higher",3,"correlation","","waveica","qc_rfsc","QC-RFSC","WaveICA"
"drift_features_corrected",,"descriptive",6461,"features","","waveica","qc_rfsc","QC-RFSC","WaveICA"
"drift_profiles_corrected",,"descriptive",19383,"profiles","","waveica","qc_rfsc","QC-RFSC","WaveICA"
"heldout_qc_cv_mean",16.8629439487961,"lower",6461,"percent","","waveica","qc_rfsc","QC-RFSC","WaveICA"
"heldout_qc_cv_median",11.152442803801,"lower",6461,"percent","","waveica","qc_rfsc","QC-RFSC","WaveICA"
"heldout_qc_cv_sd",23.0460527668784,"lower",6461,"percent","","waveica","qc_rfsc","QC-RFSC","WaveICA"
"residual_ljung_box_proportion_significant",0.608368157663932,"lower",19383,"proportion","","waveica","qc_rfsc","QC-RFSC","WaveICA"
"residual_run_order_gam_mean_deviance",0.122241940652603,"lower",19383,"proportion","","waveica","qc_rfsc","QC-RFSC","WaveICA"
"residual_run_order_gam_sd_deviance",0.13340840308066,"lower",19383,"proportion","","waveica","qc_rfsc","QC-RFSC","WaveICA"
"retained_features",6461,"higher",6461,"features","","waveica","qc_rfsc","QC-RFSC","WaveICA"
"retained_samples",642,"higher",642,"samples","","waveica","qc_rfsc","QC-RFSC","WaveICA"
"runtime_sec",537.756,"lower",1,"seconds","measured method execution in frozen release","waveica","qc_rfsc","QC-RFSC","WaveICA"
"batch_features_corrected",,"descriptive",6461,"features","","waveica","tiger","TIGER","WaveICA"
"batch_weighted_pc_r2_categorical",0.500613460279628,"lower",568,"weighted R-squared","Batch is explicitly categorical.","waveica","tiger","TIGER","WaveICA"
"biological_associated_features",262,"context",6461,"features","","waveica","tiger","TIGER","WaveICA"
"biological_weighted_pc_r2",0.00672360399596334,"higher",568,"weighted R-squared","","waveica","tiger","TIGER","WaveICA"
"cross_batch_effect_pearson_median",0.225219495165985,"higher",3,"correlation","","waveica","tiger","TIGER","WaveICA"
"drift_features_corrected",,"descriptive",6461,"features","","waveica","tiger","TIGER","WaveICA"
"drift_profiles_corrected",,"descriptive",19383,"profiles","","waveica","tiger","TIGER","WaveICA"
"heldout_qc_cv_mean",26.1426296583401,"lower",6461,"percent","","waveica","tiger","TIGER","WaveICA"
"heldout_qc_cv_median",20.716154699515,"lower",6461,"percent","","waveica","tiger","TIGER","WaveICA"
"heldout_qc_cv_sd",23.1641386144813,"lower",6461,"percent","","waveica","tiger","TIGER","WaveICA"
"residual_ljung_box_proportion_significant",0.431976474229995,"lower",19383,"proportion","","waveica","tiger","TIGER","WaveICA"
"residual_run_order_gam_mean_deviance",0.113395157207543,"lower",19383,"proportion","","waveica","tiger","TIGER","WaveICA"
"residual_run_order_gam_sd_deviance",0.143286166062395,"lower",19383,"proportion","","waveica","tiger","TIGER","WaveICA"
"retained_features",6461,"higher",6461,"features","","waveica","tiger","TIGER","WaveICA"
"retained_samples",642,"higher",642,"samples","","waveica","tiger","TIGER","WaveICA"
"runtime_sec",14426.045,"lower",1,"seconds","measured method execution in frozen release","waveica","tiger","TIGER","WaveICA"
"batch_features_corrected",,"descriptive",6461,"features","","waveica","serrf","SERRF","WaveICA"
"batch_weighted_pc_r2_categorical",0.0416086941522562,"lower",568,"weighted R-squared","Batch is explicitly categorical.","waveica","serrf","SERRF","WaveICA"
"biological_associated_features",327,"context",6461,"features","","waveica","serrf","SERRF","WaveICA"
"biological_weighted_pc_r2",0.00941153986851976,"higher",568,"weighted R-squared","","waveica","serrf","SERRF","WaveICA"
"cross_batch_effect_pearson_median",0.220201288823857,"higher",3,"correlation","","waveica","serrf","SERRF","WaveICA"
"drift_features_corrected",,"descriptive",6461,"features","","waveica","serrf","SERRF","WaveICA"
"drift_profiles_corrected",,"descriptive",19383,"profiles","","waveica","serrf","SERRF","WaveICA"
"heldout_qc_cv_mean",34.0434795508229,"lower",6461,"percent","","waveica","serrf","SERRF","WaveICA"
"heldout_qc_cv_median",27.1756675263304,"lower",6461,"percent","","waveica","serrf","SERRF","WaveICA"
"heldout_qc_cv_sd",30.6767218259342,"lower",6461,"percent","","waveica","serrf","SERRF","WaveICA"
"residual_ljung_box_proportion_significant",0.44152092039416,"lower",19383,"proportion","","waveica","serrf","SERRF","WaveICA"
"residual_run_order_gam_mean_deviance",0.1172290395345,"lower",19383,"proportion","","waveica","serrf","SERRF","WaveICA"
"residual_run_order_gam_sd_deviance",0.146714304112894,"lower",19383,"proportion","","waveica","serrf","SERRF","WaveICA"
"retained_features",6461,"higher",6461,"features","","waveica","serrf","SERRF","WaveICA"
"retained_samples",642,"higher",642,"samples","","waveica","serrf","SERRF","WaveICA"
"runtime_sec",2081.708,"lower",1,"seconds","measured method execution in frozen release","waveica","serrf","SERRF","WaveICA"
"batch_features_corrected",6298,"descriptive",6461,"features","","waveica","winn_auto_qc","WiNN auto (QC)","WaveICA"
"batch_weighted_pc_r2_categorical",0.00185791740415135,"lower",568,"weighted R-squared","Batch is explicitly categorical.","waveica","winn_auto_qc","WiNN auto (QC)","WaveICA"
"biological_associated_features",508,"context",6461,"features","","waveica","winn_auto_qc","WiNN auto (QC)","WaveICA"
"biological_weighted_pc_r2",0.0150023981703196,"higher",568,"weighted R-squared","","waveica","winn_auto_qc","WiNN auto (QC)","WaveICA"
"cross_batch_effect_pearson_median",0.283237072253612,"higher",3,"correlation","","waveica","winn_auto_qc","WiNN auto (QC)","WaveICA"
"drift_features_corrected",5374,"descriptive",6461,"features","","waveica","winn_auto_qc","WiNN auto (QC)","WaveICA"
"drift_profiles_corrected",11370,"descriptive",19383,"profiles","","waveica","winn_auto_qc","WiNN auto (QC)","WaveICA"
"heldout_qc_cv_mean",38.1178028673346,"lower",6461,"percent","","waveica","winn_auto_qc","WiNN auto (QC)","WaveICA"
"heldout_qc_cv_median",27.1800102592144,"lower",6461,"percent","","waveica","winn_auto_qc","WiNN auto (QC)","WaveICA"
"heldout_qc_cv_sd",39.215388565037,"lower",6461,"percent","","waveica","winn_auto_qc","WiNN auto (QC)","WaveICA"
"residual_ljung_box_proportion_significant",0.13780116597018,"lower",19383,"proportion","","waveica","winn_auto_qc","WiNN auto (QC)","WaveICA"
"residual_run_order_gam_mean_deviance",0.018349334505791,"lower",19383,"proportion","","waveica","winn_auto_qc","WiNN auto (QC)","WaveICA"
"residual_run_order_gam_sd_deviance",0.0298508100141336,"lower",19383,"proportion","","waveica","winn_auto_qc","WiNN auto (QC)","WaveICA"
"retained_features",6461,"higher",6461,"features","","waveica","winn_auto_qc","WiNN auto (QC)","WaveICA"
"retained_samples",642,"higher",642,"samples","","waveica","winn_auto_qc","WiNN auto (QC)","WaveICA"
"runtime_sec",131.779,"lower",1,"seconds","measured method execution in frozen release","waveica","winn_auto_qc","WiNN auto (QC)","WaveICA"
"batch_features_corrected",0,"descriptive",6461,"features","","waveica","winn_auto_batch_qc","WiNN auto-batch (QC)","WaveICA"
"batch_weighted_pc_r2_categorical",0.481365148138614,"lower",568,"weighted R-squared","Batch is explicitly categorical.","waveica","winn_auto_batch_qc","WiNN auto-batch (QC)","WaveICA"
"biological_associated_features",276,"context",6461,"features","","waveica","winn_auto_batch_qc","WiNN auto-batch (QC)","WaveICA"
"biological_weighted_pc_r2",0.004566263614326,"higher",568,"weighted R-squared","","waveica","winn_auto_batch_qc","WiNN auto-batch (QC)","WaveICA"
"cross_batch_effect_pearson_median",0.268435255972362,"higher",3,"correlation","","waveica","winn_auto_batch_qc","WiNN auto-batch (QC)","WaveICA"
"drift_features_corrected",6335,"descriptive",6461,"features","","waveica","winn_auto_batch_qc","WiNN auto-batch (QC)","WaveICA"
"drift_profiles_corrected",6335,"descriptive",19383,"profiles","","waveica","winn_auto_batch_qc","WiNN auto-batch (QC)","WaveICA"
"heldout_qc_cv_mean",40.9082423195738,"lower",6461,"percent","","waveica","winn_auto_batch_qc","WiNN auto-batch (QC)","WaveICA"
"heldout_qc_cv_median",34.8527338938119,"lower",6461,"percent","","waveica","winn_auto_batch_qc","WiNN auto-batch (QC)","WaveICA"
"heldout_qc_cv_sd",25.7413532434699,"lower",6461,"percent","","waveica","winn_auto_batch_qc","WiNN auto-batch (QC)","WaveICA"
"residual_ljung_box_proportion_significant",0.601558066346799,"lower",19383,"proportion","","waveica","winn_auto_batch_qc","WiNN auto-batch (QC)","WaveICA"
"residual_run_order_gam_mean_deviance",0.211998247026591,"lower",19383,"proportion","","waveica","winn_auto_batch_qc","WiNN auto-batch (QC)","WaveICA"
"residual_run_order_gam_sd_deviance",0.23788340205012,"lower",19383,"proportion","","waveica","winn_auto_batch_qc","WiNN auto-batch (QC)","WaveICA"
"retained_features",6461,"higher",6461,"features","","waveica","winn_auto_batch_qc","WiNN auto-batch (QC)","WaveICA"
"retained_samples",642,"higher",642,"samples","","waveica","winn_auto_batch_qc","WiNN auto-batch (QC)","WaveICA"
"runtime_sec",65.558,"lower",1,"seconds","measured method execution in frozen release","waveica","winn_auto_batch_qc","WiNN auto-batch (QC)","WaveICA"
"batch_features_corrected",6298,"descriptive",6461,"features","","waveica","winn_fixed_no_qc","WiNN fixed default (no QC)","WaveICA"
"batch_weighted_pc_r2_categorical",0.00207900815504909,"lower",568,"weighted R-squared","Batch is explicitly categorical.","waveica","winn_fixed_no_qc","WiNN fixed default (no QC)","WaveICA"
"biological_associated_features",515,"context",6461,"features","","waveica","winn_fixed_no_qc","WiNN fixed default (no QC)","WaveICA"
"biological_weighted_pc_r2",0.0142279960061751,"higher",568,"weighted R-squared","","waveica","winn_fixed_no_qc","WiNN fixed default (no QC)","WaveICA"
"cross_batch_effect_pearson_median",0.266637781078006,"higher",3,"correlation","","waveica","winn_fixed_no_qc","WiNN fixed default (no QC)","WaveICA"
"drift_features_corrected",5675,"descriptive",6461,"features","","waveica","winn_fixed_no_qc","WiNN fixed default (no QC)","WaveICA"
"drift_profiles_corrected",12480,"descriptive",19383,"profiles","","waveica","winn_fixed_no_qc","WiNN fixed default (no QC)","WaveICA"
"heldout_qc_cv_mean",38.3003440498814,"lower",6461,"percent","","waveica","winn_fixed_no_qc","WiNN fixed default (no QC)","WaveICA"
"heldout_qc_cv_median",27.2736232431653,"lower",6461,"percent","","waveica","winn_fixed_no_qc","WiNN fixed default (no QC)","WaveICA"
"heldout_qc_cv_sd",39.5165917241963,"lower",6461,"percent","","waveica","winn_fixed_no_qc","WiNN fixed default (no QC)","WaveICA"
"residual_ljung_box_proportion_significant",0.135118402724037,"lower",19383,"proportion","","waveica","winn_fixed_no_qc","WiNN fixed default (no QC)","WaveICA"
"residual_run_order_gam_mean_deviance",0.0141634445598343,"lower",19383,"proportion","","waveica","winn_fixed_no_qc","WiNN fixed default (no QC)","WaveICA"
"residual_run_order_gam_sd_deviance",0.0256953788431241,"lower",19383,"proportion","","waveica","winn_fixed_no_qc","WiNN fixed default (no QC)","WaveICA"
"retained_features",6461,"higher",6461,"features","","waveica","winn_fixed_no_qc","WiNN fixed default (no QC)","WaveICA"
"retained_samples",642,"higher",642,"samples","","waveica","winn_fixed_no_qc","WiNN fixed default (no QC)","WaveICA"
"runtime_sec",49.106,"lower",1,"seconds","measured method execution in frozen release","waveica","winn_fixed_no_qc","WiNN fixed default (no QC)","WaveICA"
