"dataset_key","dataset","method_id","method","metric","direction","units","n","mean","sd","median","q1","q3","minimum","maximum"
"batchcorr_set1","BatchCorr Set 1","combat","ComBat","batch_features_corrected","descriptive","features",0,,,,,,,
"batchcorr_set1","BatchCorr Set 1","combat","ComBat","batch_weighted_pc_r2_categorical","lower","weighted R-squared",10,0.000909667279143741,0.000597105411207014,0.000447151416436721,0.000447151416436721,0.00160344107320427,0.000447151416436721,0.00160344107320427
"batchcorr_set1","BatchCorr Set 1","combat","ComBat","biological_associated_features","context","features",10,195.2,1.03279555898864,196,194,196,194,196
"batchcorr_set1","BatchCorr Set 1","combat","ComBat","biological_weighted_pc_r2","higher","weighted R-squared",10,0.762897276555842,0.00102692859647866,0.762101821085461,0.762101821085461,0.764090459761414,0.762101821085461,0.764090459761414
"batchcorr_set1","BatchCorr Set 1","combat","ComBat","drift_features_corrected","descriptive","features",0,,,,,,,
"batchcorr_set1","BatchCorr Set 1","combat","ComBat","drift_profiles_corrected","descriptive","profiles",0,,,,,,,
"batchcorr_set1","BatchCorr Set 1","combat","ComBat","feature_repeatability_ratio_median","higher","repeatability ratio",10,0.677399020577431,0.00104121287356963,0.676592500553593,0.676592500553593,0.678608800613189,0.676592500553593,0.678608800613189
"batchcorr_set1","BatchCorr Set 1","combat","ComBat","genuine_replicate_icc_median","higher","ICC(A,1)",10,0.940158192706369,0.000154757393336279,0.940278067267788,0.939978380864241,0.940278067267788,0.939978380864241,0.940278067267788
"batchcorr_set1","BatchCorr Set 1","combat","ComBat","heldout_qc_cv_mean","lower","percent",10,40.0353544264081,6.6294802490393,42.2630133127218,36.374781682068,44.1128297856807,29.6826535304583,50.1834000158205
"batchcorr_set1","BatchCorr Set 1","combat","ComBat","heldout_qc_cv_median","lower","percent",10,35.4819737935518,6.73651333680418,37.0764571822248,33.4039527859295,39.2682741466784,23.6044006607496,44.8150363500149
"batchcorr_set1","BatchCorr Set 1","combat","ComBat","heldout_qc_cv_sd","lower","percent",10,20.7274544409779,3.92784895121129,19.5213959863641,17.7299756651455,24.7197158630308,15.0217048510993,25.8156150981902
"batchcorr_set1","BatchCorr Set 1","combat","ComBat","residual_ljung_box_proportion_significant","lower","proportion",10,0.175376884422111,0,0.175376884422111,0.175376884422111,0.175376884422111,0.175376884422111,0.175376884422111
"batchcorr_set1","BatchCorr Set 1","combat","ComBat","residual_run_order_gam_mean_deviance","lower","proportion",10,0.12243870823,2.50758816409013e-08,0.122438727653694,0.122438679094458,0.122438727653694,0.122438679094458,0.122438727653694
"batchcorr_set1","BatchCorr Set 1","combat","ComBat","residual_run_order_gam_sd_deviance","lower","proportion",10,0.165539378749338,1.43214667046237e-08,0.165539367655978,0.165539367655978,0.165539395389379,0.165539367655978,0.165539395389379
"batchcorr_set1","BatchCorr Set 1","combat","ComBat","retained_features","higher","features",10,199,0,199,199,199,199,199
"batchcorr_set1","BatchCorr Set 1","combat","ComBat","retained_samples","higher","samples",10,761,0,761,761,761,761,761
"batchcorr_set1","BatchCorr Set 1","combat","ComBat","runtime_sec","lower","seconds",10,3.1178,0.288942439481176,3.1945,2.931,3.262,2.662,3.536
"batchcorr_set1","BatchCorr Set 1","combat","ComBat","sample_replicate_pearson_median","higher","correlation",10,0.949269924112456,0.000111028506628917,0.949355926423882,0.949140920645318,0.949355926423882,0.949140920645318,0.949355926423882
"batchcorr_set1","BatchCorr Set 1","qc_rfsc","QC-RFSC","batch_features_corrected","descriptive","features",0,,,,,,,
"batchcorr_set1","BatchCorr Set 1","qc_rfsc","QC-RFSC","batch_weighted_pc_r2_categorical","lower","weighted R-squared",10,0.237139185061584,0.0745276560231149,0.232255858117121,0.172750818143385,0.298139974583489,0.154372226009796,0.333723871709183
"batchcorr_set1","BatchCorr Set 1","qc_rfsc","QC-RFSC","biological_associated_features","context","features",10,179.6,1.7763883459299,180,178,181,177,182
"batchcorr_set1","BatchCorr Set 1","qc_rfsc","QC-RFSC","biological_weighted_pc_r2","higher","weighted R-squared",10,0.679539802444212,0.0297295918755418,0.6777367077658,0.653157085307558,0.696484355927873,0.647008146811297,0.730711205797965
"batchcorr_set1","BatchCorr Set 1","qc_rfsc","QC-RFSC","drift_features_corrected","descriptive","features",0,,,,,,,
"batchcorr_set1","BatchCorr Set 1","qc_rfsc","QC-RFSC","drift_profiles_corrected","descriptive","profiles",0,,,,,,,
"batchcorr_set1","BatchCorr Set 1","qc_rfsc","QC-RFSC","feature_repeatability_ratio_median","higher","repeatability ratio",10,0.625765415225833,0.0233845592886625,0.621965875460186,0.606892313708002,0.634518237864711,0.600341919332323,0.671956957055006
"batchcorr_set1","BatchCorr Set 1","qc_rfsc","QC-RFSC","genuine_replicate_icc_median","higher","ICC(A,1)",10,0.993555820429415,0.000205744130073834,0.993522153128692,0.993416779925911,0.993751314860839,0.993234712363787,0.993823872760427
"batchcorr_set1","BatchCorr Set 1","qc_rfsc","QC-RFSC","heldout_qc_cv_mean","lower","percent",10,55.643080789204,5.76083934956969,57.7001051142026,50.7089883969042,60.065132250431,47.1686024453589,62.5210274435229
"batchcorr_set1","BatchCorr Set 1","qc_rfsc","QC-RFSC","heldout_qc_cv_median","lower","percent",10,46.1660308162193,8.0005355871118,49.995817398857,37.4038600041764,52.0762066871263,36.585194230101,56.0575420777426
"batchcorr_set1","BatchCorr Set 1","qc_rfsc","QC-RFSC","heldout_qc_cv_sd","lower","percent",10,32.6112964572513,3.76224637027183,30.5479335553824,29.8272798317443,35.7100482005383,28.4147825897929,38.1865608472386
"batchcorr_set1","BatchCorr Set 1","qc_rfsc","QC-RFSC","residual_ljung_box_proportion_significant","lower","proportion",10,0.162261306532663,0.0150109361598266,0.162311557788945,0.160427135678392,0.169221105527638,0.125628140703518,0.18391959798995
"batchcorr_set1","BatchCorr Set 1","qc_rfsc","QC-RFSC","residual_run_order_gam_mean_deviance","lower","proportion",10,0.117818980201026,0.0059328215785685,0.117909727819253,0.117198681474832,0.119661633106161,0.103271738825628,0.12653331947487
"batchcorr_set1","BatchCorr Set 1","qc_rfsc","QC-RFSC","residual_run_order_gam_sd_deviance","lower","proportion",10,0.154743610470418,0.00496160612768708,0.154657915019152,0.154096631060754,0.157467972526694,0.142433065545618,0.161357376601589
"batchcorr_set1","BatchCorr Set 1","qc_rfsc","QC-RFSC","retained_features","higher","features",10,199,0,199,199,199,199,199
"batchcorr_set1","BatchCorr Set 1","qc_rfsc","QC-RFSC","retained_samples","higher","samples",10,761,0,761,761,761,761,761
"batchcorr_set1","BatchCorr Set 1","qc_rfsc","QC-RFSC","runtime_sec","lower","seconds",10,34.6642,5.31053250730199,32.7175,32.10625,34.99825,31.09,49.21
"batchcorr_set1","BatchCorr Set 1","qc_rfsc","QC-RFSC","sample_replicate_pearson_median","higher","correlation",10,0.994908496038828,0.000138359927918577,0.994891207864582,0.994810342620867,0.994960110721867,0.994720911844029,0.995177579151791
"batchcorr_set1","BatchCorr Set 1","qc_rlsc","QC-RLSC","batch_features_corrected","descriptive","features",0,,,,,,,
"batchcorr_set1","BatchCorr Set 1","qc_rlsc","QC-RLSC","batch_weighted_pc_r2_categorical","lower","weighted R-squared",10,0.000191977105179642,6.77397283314783e-06,0.000193051149833161,0.000187074777474559,0.000195807906458234,0.000181390621432216,0.000204560462422342
"batchcorr_set1","BatchCorr Set 1","qc_rlsc","QC-RLSC","biological_associated_features","context","features",10,196,0,196,196,196,196,196
"batchcorr_set1","BatchCorr Set 1","qc_rlsc","QC-RLSC","biological_weighted_pc_r2","higher","weighted R-squared",10,0.795914496546766,0.00900729140639533,0.790838399810736,0.789662224054947,0.804222217584715,0.785487178055279,0.810527061041405
"batchcorr_set1","BatchCorr Set 1","qc_rlsc","QC-RLSC","drift_features_corrected","descriptive","features",0,,,,,,,
"batchcorr_set1","BatchCorr Set 1","qc_rlsc","QC-RLSC","drift_profiles_corrected","descriptive","profiles",0,,,,,,,
"batchcorr_set1","BatchCorr Set 1","qc_rlsc","QC-RLSC","feature_repeatability_ratio_median","higher","repeatability ratio",10,0.690958258293051,0.00613487431593199,0.68893247076359,0.686582903147024,0.695972093859676,0.684242258415689,0.700349901263738
"batchcorr_set1","BatchCorr Set 1","qc_rlsc","QC-RLSC","genuine_replicate_icc_median","higher","ICC(A,1)",10,0.941468726785789,0.000992006894605917,0.941214712176427,0.940714184583286,0.94213402702395,0.940114981367896,0.942941226993229
"batchcorr_set1","BatchCorr Set 1","qc_rlsc","QC-RLSC","heldout_qc_cv_mean","lower","percent",10,39.3772089259529,5.81297702500337,40.1757470727341,35.5363404864241,42.5142937377366,28.9838773681281,49.3235586032174
"batchcorr_set1","BatchCorr Set 1","qc_rlsc","QC-RLSC","heldout_qc_cv_median","lower","percent",10,36.1689742573532,6.04814501713237,36.6690354253035,31.8904360042586,40.1362867613871,26.4635953337887,46.0555792166823
"batchcorr_set1","BatchCorr Set 1","qc_rlsc","QC-RLSC","heldout_qc_cv_sd","lower","percent",10,18.579595794097,2.93084026940261,18.00776329954,15.7678218747887,21.6630244779073,15.2292333694774,22.2676940748088
"batchcorr_set1","BatchCorr Set 1","qc_rlsc","QC-RLSC","residual_ljung_box_proportion_significant","lower","proportion",10,0.109447236180905,0.015846285687238,0.111809045226131,0.100879396984925,0.119974874371859,0.0829145728643216,0.135175879396985
"batchcorr_set1","BatchCorr Set 1","qc_rlsc","QC-RLSC","residual_run_order_gam_mean_deviance","lower","proportion",10,0.0946846930366809,0.00564644043349592,0.0954796516732752,0.0912283152657529,0.0978378535891705,0.0857098169867236,0.103625850455616
"batchcorr_set1","BatchCorr Set 1","qc_rlsc","QC-RLSC","residual_run_order_gam_sd_deviance","lower","proportion",10,0.114074536406668,0.00816321217725524,0.117606407457343,0.106995673970508,0.119912927736783,0.100785187014934,0.124603283258049
"batchcorr_set1","BatchCorr Set 1","qc_rlsc","QC-RLSC","retained_features","higher","features",10,199,0,199,199,199,199,199
"batchcorr_set1","BatchCorr Set 1","qc_rlsc","QC-RLSC","retained_samples","higher","samples",10,761,0,761,761,761,761,761
"batchcorr_set1","BatchCorr Set 1","qc_rlsc","QC-RLSC","runtime_sec","lower","seconds",10,2.0274,0.331937477379233,1.9345,1.84525,2.06225,1.779,2.913
"batchcorr_set1","BatchCorr Set 1","qc_rlsc","QC-RLSC","sample_replicate_pearson_median","higher","correlation",10,0.949337093006628,0.000508687705271113,0.949370579640396,0.949022758490685,0.949756974447023,0.948576506673825,0.950010412136945
"batchcorr_set1","BatchCorr Set 1","raw","Raw","batch_features_corrected","descriptive","features",0,,,,,,,
"batchcorr_set1","BatchCorr Set 1","raw","Raw","batch_weighted_pc_r2_categorical","lower","weighted R-squared",10,0.561111591272931,0,0.561111591272931,0.561111591272931,0.561111591272931,0.561111591272931,0.561111591272931
"batchcorr_set1","BatchCorr Set 1","raw","Raw","biological_associated_features","context","features",10,172,0,172,172,172,172,172
"batchcorr_set1","BatchCorr Set 1","raw","Raw","biological_weighted_pc_r2","higher","weighted R-squared",10,0.589667357711897,0,0.589667357711897,0.589667357711897,0.589667357711897,0.589667357711897,0.589667357711897
"batchcorr_set1","BatchCorr Set 1","raw","Raw","drift_features_corrected","descriptive","features",0,,,,,,,
"batchcorr_set1","BatchCorr Set 1","raw","Raw","drift_profiles_corrected","descriptive","profiles",0,,,,,,,
"batchcorr_set1","BatchCorr Set 1","raw","Raw","feature_repeatability_ratio_median","higher","repeatability ratio",10,0.52175027169439,0,0.52175027169439,0.52175027169439,0.52175027169439,0.52175027169439,0.52175027169439
"batchcorr_set1","BatchCorr Set 1","raw","Raw","genuine_replicate_icc_median","higher","ICC(A,1)",10,0.8853604114021,0,0.8853604114021,0.8853604114021,0.8853604114021,0.8853604114021,0.8853604114021
"batchcorr_set1","BatchCorr Set 1","raw","Raw","heldout_qc_cv_mean","lower","percent",10,67.9044579118164,3.35384154972193,67.1216318024706,66.109429122169,70.7557141090398,62.4297317186145,73.0038489604142
"batchcorr_set1","BatchCorr Set 1","raw","Raw","heldout_qc_cv_median","lower","percent",10,60.2424148327347,4.55145210504122,58.9563409408268,56.9290963715652,64.8218721027251,53.6287424213846,66.0997799845692
"batchcorr_set1","BatchCorr Set 1","raw","Raw","heldout_qc_cv_sd","lower","percent",10,28.4304092902039,2.61226650555207,28.0899020361889,26.3855197951548,30.9696377220925,24.8478847449783,31.7398851985864
"batchcorr_set1","BatchCorr Set 1","raw","Raw","residual_ljung_box_proportion_significant","lower","proportion",10,0.175376884422111,0,0.175376884422111,0.175376884422111,0.175376884422111,0.175376884422111,0.175376884422111
"batchcorr_set1","BatchCorr Set 1","raw","Raw","residual_run_order_gam_mean_deviance","lower","proportion",10,0.122438628105699,0,0.122438628105699,0.122438628105699,0.122438628105699,0.122438628105699,0.122438628105699
"batchcorr_set1","BatchCorr Set 1","raw","Raw","residual_run_order_gam_sd_deviance","lower","proportion",10,0.165539431290999,0,0.165539431290999,0.165539431290999,0.165539431290999,0.165539431290999,0.165539431290999
"batchcorr_set1","BatchCorr Set 1","raw","Raw","retained_features","higher","features",10,199,0,199,199,199,199,199
"batchcorr_set1","BatchCorr Set 1","raw","Raw","retained_samples","higher","samples",10,761,0,761,761,761,761,761
"batchcorr_set1","BatchCorr Set 1","raw","Raw","runtime_sec","lower","seconds",10,0.0488,0.00413118223595458,0.0495,0.045,0.05175,0.044,0.056
"batchcorr_set1","BatchCorr Set 1","raw","Raw","sample_replicate_pearson_median","higher","correlation",10,0.911453639180002,0,0.911453639180002,0.911453639180002,0.911453639180002,0.911453639180002,0.911453639180002
"batchcorr_set1","BatchCorr Set 1","serrf","SERRF","batch_features_corrected","descriptive","features",0,,,,,,,
"batchcorr_set1","BatchCorr Set 1","serrf","SERRF","batch_weighted_pc_r2_categorical","lower","weighted R-squared",10,0.00435624904876632,3.66801617092377e-16,0.00435624904876625,0.00435624904876607,0.00435624904876645,0.00435624904876587,0.00435624904876697
"batchcorr_set1","BatchCorr Set 1","serrf","SERRF","biological_associated_features","context","features",10,193,0,193,193,193,193,193
"batchcorr_set1","BatchCorr Set 1","serrf","SERRF","biological_weighted_pc_r2","higher","weighted R-squared",10,0.748052224380422,9.6645394333336e-16,0.748052224380422,0.748052224380422,0.748052224380423,0.748052224380421,0.748052224380424
"batchcorr_set1","BatchCorr Set 1","serrf","SERRF","drift_features_corrected","descriptive","features",0,,,,,,,
"batchcorr_set1","BatchCorr Set 1","serrf","SERRF","drift_profiles_corrected","descriptive","profiles",0,,,,,,,
"batchcorr_set1","BatchCorr Set 1","serrf","SERRF","feature_repeatability_ratio_median","higher","repeatability ratio",10,0.665367807037562,3.06022615980162e-15,0.665367807037563,0.665367807037562,0.665367807037563,0.665367807037553,0.665367807037563
"batchcorr_set1","BatchCorr Set 1","serrf","SERRF","genuine_replicate_icc_median","higher","ICC(A,1)",10,0.93765057362332,6.75322301446426e-16,0.93765057362332,0.93765057362332,0.937650573623321,0.937650573623319,0.937650573623321
"batchcorr_set1","BatchCorr Set 1","serrf","SERRF","heldout_qc_cv_mean","lower","percent",10,43.1226753240834,8.76309028741652,46.1881560709744,37.1515617733989,48.7813622466577,29.5822078493796,55.4350928442513
"batchcorr_set1","BatchCorr Set 1","serrf","SERRF","heldout_qc_cv_median","lower","percent",10,38.0354312030456,8.49838998560849,40.4031615746718,33.3171565720557,43.9865770952297,24.0263392255159,48.937143888704
"batchcorr_set1","BatchCorr Set 1","serrf","SERRF","heldout_qc_cv_sd","lower","percent",10,21.3051877835751,4.65469200338039,19.2824056297502,17.7350469691336,25.9022349778194,15.5011281735164,28.0125869505055
"batchcorr_set1","BatchCorr Set 1","serrf","SERRF","residual_ljung_box_proportion_significant","lower","proportion",10,0.175376884422111,0,0.175376884422111,0.175376884422111,0.175376884422111,0.175376884422111,0.175376884422111
"batchcorr_set1","BatchCorr Set 1","serrf","SERRF","residual_run_order_gam_mean_deviance","lower","proportion",10,0.122438628681523,0,0.122438628681523,0.122438628681523,0.122438628681523,0.122438628681523,0.122438628681523
"batchcorr_set1","BatchCorr Set 1","serrf","SERRF","residual_run_order_gam_sd_deviance","lower","proportion",10,0.165539431447011,0,0.165539431447011,0.165539431447011,0.165539431447011,0.165539431447011,0.165539431447011
"batchcorr_set1","BatchCorr Set 1","serrf","SERRF","retained_features","higher","features",10,199,0,199,199,199,199,199
"batchcorr_set1","BatchCorr Set 1","serrf","SERRF","retained_samples","higher","samples",10,761,0,761,761,761,761,761
"batchcorr_set1","BatchCorr Set 1","serrf","SERRF","runtime_sec","lower","seconds",10,354.2683,29.7505350840769,345.665,336.86425,361.90825,323.762,427.402
"batchcorr_set1","BatchCorr Set 1","serrf","SERRF","sample_replicate_pearson_median","higher","correlation",10,0.94820982365988,1.41743787094347e-15,0.948209823659879,0.948209823659879,0.94820982365988,0.948209823659878,0.948209823659882
"batchcorr_set1","BatchCorr Set 1","tiger","TIGER","batch_features_corrected","descriptive","features",0,,,,,,,
"batchcorr_set1","BatchCorr Set 1","tiger","TIGER","batch_weighted_pc_r2_categorical","lower","weighted R-squared",10,0.0675045337009981,0.0107554880601156,0.0718611839290141,0.0611372404077187,0.0756239514419076,0.045461968337868,0.0790913215169777
"batchcorr_set1","BatchCorr Set 1","tiger","TIGER","biological_associated_features","context","features",10,192.7,1.15950180872841,193,192,193.75,191,194
"batchcorr_set1","BatchCorr Set 1","tiger","TIGER","biological_weighted_pc_r2","higher","weighted R-squared",10,0.778677091350325,0.0161392115037323,0.770176154411823,0.765781388215922,0.794448545739076,0.761230540624597,0.801595757735895
"batchcorr_set1","BatchCorr Set 1","tiger","TIGER","drift_features_corrected","descriptive","features",0,,,,,,,
"batchcorr_set1","BatchCorr Set 1","tiger","TIGER","drift_profiles_corrected","descriptive","profiles",0,,,,,,,
"batchcorr_set1","BatchCorr Set 1","tiger","TIGER","feature_repeatability_ratio_median","higher","repeatability ratio",10,0.66843927327542,0.00728600106640131,0.664248232546609,0.663226415275326,0.675481096319315,0.660978618296303,0.679283603220709
"batchcorr_set1","BatchCorr Set 1","tiger","TIGER","genuine_replicate_icc_median","higher","ICC(A,1)",10,0.938988522861575,0.000767511093284871,0.938875193812925,0.93853305828467,0.939644835893301,0.93762420847926,0.939958118691036
"batchcorr_set1","BatchCorr Set 1","tiger","TIGER","heldout_qc_cv_mean","lower","percent",10,39.1143947635249,10.5619473680106,43.1148000570009,31.268040410052,45.9770071361352,21.9023788351058,53.3797222757081
"batchcorr_set1","BatchCorr Set 1","tiger","TIGER","heldout_qc_cv_median","lower","percent",10,35.506576906646,10.3390343843047,39.7503472272067,27.6783088273629,42.5906053911106,19.2335682405902,48.0472961355729
"batchcorr_set1","BatchCorr Set 1","tiger","TIGER","heldout_qc_cv_sd","lower","percent",10,19.9582101430899,6.60446957244827,17.2471049240512,15.1117904002738,27.1923676937885,11.38593356761,27.9051240980283
"batchcorr_set1","BatchCorr Set 1","tiger","TIGER","residual_ljung_box_proportion_significant","lower","proportion",10,0.1,0.0134650864391701,0.106030150753769,0.0860552763819096,0.111180904522613,0.0824120603015075,0.115075376884422
"batchcorr_set1","BatchCorr Set 1","tiger","TIGER","residual_run_order_gam_mean_deviance","lower","proportion",10,0.0880625349796367,0.0048153404983213,0.0908935929611808,0.0827758738269989,0.0917517377126285,0.081718403385181,0.0927579877953109
"batchcorr_set1","BatchCorr Set 1","tiger","TIGER","residual_run_order_gam_sd_deviance","lower","proportion",10,0.117869591885336,0.00679133201342853,0.122303704943872,0.110779648480485,0.123191205045152,0.108815899080209,0.124374444732031
"batchcorr_set1","BatchCorr Set 1","tiger","TIGER","retained_features","higher","features",10,199,0,199,199,199,199,199
"batchcorr_set1","BatchCorr Set 1","tiger","TIGER","retained_samples","higher","samples",10,761,0,761,761,761,761,761
"batchcorr_set1","BatchCorr Set 1","tiger","TIGER","runtime_sec","lower","seconds",10,429.4019,64.7649132932159,398.9085,393.91525,452.7745,373.034,587.133
"batchcorr_set1","BatchCorr Set 1","tiger","TIGER","sample_replicate_pearson_median","higher","correlation",10,0.945106523833089,0.000729342529153084,0.945057843129388,0.944634013405199,0.945786819944804,0.944045182952743,0.946048544600384
"batchcorr_set1","BatchCorr Set 1","winn_auto_batch_qc","WiNN auto-batch (QC)","batch_features_corrected","descriptive","features",10,193.5,2.63523138347365,193.5,191,196,191,196
"batchcorr_set1","BatchCorr Set 1","winn_auto_batch_qc","WiNN auto-batch (QC)","batch_weighted_pc_r2_categorical","lower","weighted R-squared",10,0.0125412541007446,0.000160908352791764,0.0125191179536487,0.012439125885917,0.0126722153698979,0.0122579983374838,0.012775610034119
"batchcorr_set1","BatchCorr Set 1","winn_auto_batch_qc","WiNN auto-batch (QC)","biological_associated_features","context","features",10,197.8,0.421637021355784,198,198,198,197,198
"batchcorr_set1","BatchCorr Set 1","winn_auto_batch_qc","WiNN auto-batch (QC)","biological_weighted_pc_r2","higher","weighted R-squared",10,0.832120347114003,0.000200054955263858,0.832117686653329,0.831968669743701,0.832299944307086,0.831815594932711,0.832380425141878
"batchcorr_set1","BatchCorr Set 1","winn_auto_batch_qc","WiNN auto-batch (QC)","drift_features_corrected","descriptive","features",10,176,0,176,176,176,176,176
"batchcorr_set1","BatchCorr Set 1","winn_auto_batch_qc","WiNN auto-batch (QC)","drift_profiles_corrected","descriptive","profiles",10,424,0,424,424,424,424,424
"batchcorr_set1","BatchCorr Set 1","winn_auto_batch_qc","WiNN auto-batch (QC)","feature_repeatability_ratio_median","higher","repeatability ratio",10,0.697915258710293,0.000650779997925052,0.698067711010788,0.697908004339109,0.698351487856614,0.696706624878335,0.698497244606557
"batchcorr_set1","BatchCorr Set 1","winn_auto_batch_qc","WiNN auto-batch (QC)","genuine_replicate_icc_median","higher","ICC(A,1)",10,0.954905560056067,7.77757660822464e-05,0.954902234248751,0.954861684028512,0.954959075934727,0.95475544979839,0.95503452262853
"batchcorr_set1","BatchCorr Set 1","winn_auto_batch_qc","WiNN auto-batch (QC)","heldout_qc_cv_mean","lower","percent",10,31.4683486917862,4.70194568566102,32.4559580100716,28.0212744040934,34.8519604780675,24.2755076724335,37.1913699788611
"batchcorr_set1","BatchCorr Set 1","winn_auto_batch_qc","WiNN auto-batch (QC)","heldout_qc_cv_median","lower","percent",10,27.2242217529658,5.21043649390087,28.6719194340855,22.9858184759426,30.253389202289,18.8673194254645,33.6658728364545
"batchcorr_set1","BatchCorr Set 1","winn_auto_batch_qc","WiNN auto-batch (QC)","heldout_qc_cv_sd","lower","percent",10,18.6790949345906,1.24939944527415,19.0640926622013,18.6182657061128,19.3574310689394,16.0781412858495,19.8985040753542
"batchcorr_set1","BatchCorr Set 1","winn_auto_batch_qc","WiNN auto-batch (QC)","residual_ljung_box_proportion_significant","lower","proportion",10,0.0176381909547739,0.00068860317558105,0.0175879396984925,0.0170854271356784,0.0180904522613065,0.0165829145728643,0.0185929648241206
"batchcorr_set1","BatchCorr Set 1","winn_auto_batch_qc","WiNN auto-batch (QC)","residual_run_order_gam_mean_deviance","lower","proportion",10,0.0464300149511911,7.26165189349577e-05,0.0464397565109928,0.046361238650638,0.0464912944238626,0.0463348907114456,0.0465232530262287
"batchcorr_set1","BatchCorr Set 1","winn_auto_batch_qc","WiNN auto-batch (QC)","residual_run_order_gam_sd_deviance","lower","proportion",10,0.0821273248924663,7.54716876154137e-05,0.0821093101590061,0.0820913687807045,0.0821680714840211,0.0820182997301489,0.0822706073822075
"batchcorr_set1","BatchCorr Set 1","winn_auto_batch_qc","WiNN auto-batch (QC)","retained_features","higher","features",10,199,0,199,199,199,199,199
"batchcorr_set1","BatchCorr Set 1","winn_auto_batch_qc","WiNN auto-batch (QC)","retained_samples","higher","samples",10,761,0,761,761,761,761,761
"batchcorr_set1","BatchCorr Set 1","winn_auto_batch_qc","WiNN auto-batch (QC)","runtime_sec","lower","seconds",10,7.4778,1.5674572331575,6.9435,6.6435,7.48225,6.52,11.759
"batchcorr_set1","BatchCorr Set 1","winn_auto_batch_qc","WiNN auto-batch (QC)","sample_replicate_pearson_median","higher","correlation",10,0.955526888447019,3.85259688758004e-06,0.955526888487811,0.95552323354732,0.955530543338589,0.955523233467417,0.955530543435361
"batchcorr_set1","BatchCorr Set 1","winn_auto_qc","WiNN auto (QC)","batch_features_corrected","descriptive","features",10,194.9,0.567646212197547,195,195,195,194,196
"batchcorr_set1","BatchCorr Set 1","winn_auto_qc","WiNN auto (QC)","batch_weighted_pc_r2_categorical","lower","weighted R-squared",10,0.000538810928800368,2.10102339983873e-05,0.000536611119158718,0.000527308459769557,0.000548905988979231,0.00051086037149638,0.000577867492234937
"batchcorr_set1","BatchCorr Set 1","winn_auto_qc","WiNN auto (QC)","biological_associated_features","context","features",10,197,0,197,197,197,197,197
"batchcorr_set1","BatchCorr Set 1","winn_auto_qc","WiNN auto (QC)","biological_weighted_pc_r2","higher","weighted R-squared",10,0.843217894854524,0.000311827403067378,0.843174916381661,0.843104054832572,0.843417068405735,0.842601534850402,0.843720655993704
"batchcorr_set1","BatchCorr Set 1","winn_auto_qc","WiNN auto (QC)","drift_features_corrected","descriptive","features",10,134.7,5.37587202228625,133,133,133,133,150
"batchcorr_set1","BatchCorr Set 1","winn_auto_qc","WiNN auto (QC)","drift_profiles_corrected","descriptive","profiles",10,328,15.8113883008419,323,323,323,323,373
"batchcorr_set1","BatchCorr Set 1","winn_auto_qc","WiNN auto (QC)","feature_repeatability_ratio_median","higher","repeatability ratio",10,0.70158558070144,0.000627807985955056,0.701618836036823,0.701050293086068,0.701868255248611,0.700727445058009,0.702656657849148
"batchcorr_set1","BatchCorr Set 1","winn_auto_qc","WiNN auto (QC)","genuine_replicate_icc_median","higher","ICC(A,1)",10,0.95646543759264,0.000156876013048593,0.956428630457216,0.95637689797876,0.956493914353788,0.956295040491475,0.956840939033741
"batchcorr_set1","BatchCorr Set 1","winn_auto_qc","WiNN auto (QC)","heldout_qc_cv_mean","lower","percent",10,29.8657510218841,4.58421420542542,30.8532986499798,25.9336644190379,32.0889257139473,23.4708592751694,36.52244387879
"batchcorr_set1","BatchCorr Set 1","winn_auto_qc","WiNN auto (QC)","heldout_qc_cv_median","lower","percent",10,26.2067097306355,4.87355266184985,26.9059935623595,22.5048964500875,28.8473697177087,19.0335554059554,33.5252896311112
"batchcorr_set1","BatchCorr Set 1","winn_auto_qc","WiNN auto (QC)","heldout_qc_cv_sd","lower","percent",10,17.7695601818095,1.91822526449834,17.0863362432756,16.0855709582293,19.6411883895188,15.7994876254543,20.4221030328376
"batchcorr_set1","BatchCorr Set 1","winn_auto_qc","WiNN auto (QC)","residual_ljung_box_proportion_significant","lower","proportion",10,0.00628140703517588,0.000637836943539692,0.00603015075376884,0.00603015075376884,0.00653266331658291,0.00552763819095477,0.00753768844221105
"batchcorr_set1","BatchCorr Set 1","winn_auto_qc","WiNN auto (QC)","residual_run_order_gam_mean_deviance","lower","proportion",10,0.0460914321763052,0.00114226038648579,0.0464163158100707,0.0464053249196832,0.0464771870671625,0.0428501378357964,0.0466297092829419
"batchcorr_set1","BatchCorr Set 1","winn_auto_qc","WiNN auto (QC)","residual_run_order_gam_sd_deviance","lower","proportion",10,0.0559912437828632,0.000777119524612798,0.0562511116400883,0.0561904709533861,0.0562575655409528,0.053815766959969,0.0564778943428207
"batchcorr_set1","BatchCorr Set 1","winn_auto_qc","WiNN auto (QC)","retained_features","higher","features",10,199,0,199,199,199,199,199
"batchcorr_set1","BatchCorr Set 1","winn_auto_qc","WiNN auto (QC)","retained_samples","higher","samples",10,761,0,761,761,761,761,761
"batchcorr_set1","BatchCorr Set 1","winn_auto_qc","WiNN auto (QC)","runtime_sec","lower","seconds",10,5.6987,1.32213615452839,5.3085,5.157,5.4185,5.08,9.437
"batchcorr_set1","BatchCorr Set 1","winn_auto_qc","WiNN auto (QC)","sample_replicate_pearson_median","higher","correlation",10,0.956882304083832,0.000299068200528071,0.956902852598436,0.956902852537218,0.956902852715874,0.956455981699785,0.957541058065262
"batchcorr_set1","BatchCorr Set 1","winn_fixed_no_qc","WiNN fixed default (no QC)","batch_features_corrected","descriptive","features",10,195,0,195,195,195,195,195
"batchcorr_set1","BatchCorr Set 1","winn_fixed_no_qc","WiNN fixed default (no QC)","batch_weighted_pc_r2_categorical","lower","weighted R-squared",10,0.000567147968917397,0,0.000567147968917397,0.000567147968917397,0.000567147968917397,0.000567147968917397,0.000567147968917397
"batchcorr_set1","BatchCorr Set 1","winn_fixed_no_qc","WiNN fixed default (no QC)","biological_associated_features","context","features",10,197,0,197,197,197,197,197
"batchcorr_set1","BatchCorr Set 1","winn_fixed_no_qc","WiNN fixed default (no QC)","biological_weighted_pc_r2","higher","weighted R-squared",10,0.829484175037435,0,0.829484175037435,0.829484175037435,0.829484175037435,0.829484175037435,0.829484175037435
"batchcorr_set1","BatchCorr Set 1","winn_fixed_no_qc","WiNN fixed default (no QC)","drift_features_corrected","descriptive","features",10,150,0,150,150,150,150,150
"batchcorr_set1","BatchCorr Set 1","winn_fixed_no_qc","WiNN fixed default (no QC)","drift_profiles_corrected","descriptive","profiles",10,373,0,373,373,373,373,373
"batchcorr_set1","BatchCorr Set 1","winn_fixed_no_qc","WiNN fixed default (no QC)","feature_repeatability_ratio_median","higher","repeatability ratio",10,0.695315540683156,0,0.695315540683156,0.695315540683156,0.695315540683156,0.695315540683156,0.695315540683156
"batchcorr_set1","BatchCorr Set 1","winn_fixed_no_qc","WiNN fixed default (no QC)","genuine_replicate_icc_median","higher","ICC(A,1)",10,0.953917516280415,0,0.953917516280415,0.953917516280415,0.953917516280415,0.953917516280415,0.953917516280415
"batchcorr_set1","BatchCorr Set 1","winn_fixed_no_qc","WiNN fixed default (no QC)","heldout_qc_cv_mean","lower","percent",10,32.0254781754332,4.4657254582297,32.7026749610249,28.5099800800365,33.8887114799551,25.9982148190841,39.4650537591323
"batchcorr_set1","BatchCorr Set 1","winn_fixed_no_qc","WiNN fixed default (no QC)","heldout_qc_cv_median","lower","percent",10,28.6648992692503,4.95051212409038,28.8033746663071,25.270523134493,31.6412566340424,21.5824370045473,36.1880250070234
"batchcorr_set1","BatchCorr Set 1","winn_fixed_no_qc","WiNN fixed default (no QC)","heldout_qc_cv_sd","lower","percent",10,17.9769317645534,2.44330701236081,17.2112358591179,15.9648923804384,20.4840439841469,15.1690607124293,21.3730309613373
"batchcorr_set1","BatchCorr Set 1","winn_fixed_no_qc","WiNN fixed default (no QC)","residual_ljung_box_proportion_significant","lower","proportion",10,0.0085427135678392,0,0.0085427135678392,0.0085427135678392,0.0085427135678392,0.0085427135678392,0.0085427135678392
"batchcorr_set1","BatchCorr Set 1","winn_fixed_no_qc","WiNN fixed default (no QC)","residual_run_order_gam_mean_deviance","lower","proportion",10,0.043772965202549,0,0.043772965202549,0.043772965202549,0.043772965202549,0.043772965202549,0.043772965202549
"batchcorr_set1","BatchCorr Set 1","winn_fixed_no_qc","WiNN fixed default (no QC)","residual_run_order_gam_sd_deviance","lower","proportion",10,0.0555122121880683,0,0.0555122121880683,0.0555122121880683,0.0555122121880683,0.0555122121880683,0.0555122121880683
"batchcorr_set1","BatchCorr Set 1","winn_fixed_no_qc","WiNN fixed default (no QC)","retained_features","higher","features",10,199,0,199,199,199,199,199
"batchcorr_set1","BatchCorr Set 1","winn_fixed_no_qc","WiNN fixed default (no QC)","retained_samples","higher","samples",10,761,0,761,761,761,761,761
"batchcorr_set1","BatchCorr Set 1","winn_fixed_no_qc","WiNN fixed default (no QC)","runtime_sec","lower","seconds",10,1.9711,0.12293489695318,1.9025,1.89425,2.079,1.836,2.188
"batchcorr_set1","BatchCorr Set 1","winn_fixed_no_qc","WiNN fixed default (no QC)","sample_replicate_pearson_median","higher","correlation",10,0.957541057965195,0,0.957541057965195,0.957541057965195,0.957541057965195,0.957541057965195,0.957541057965195
"clinical_fiams","Clinical FIA-MS","combat","ComBat","batch_features_corrected","descriptive","features",0,,,,,,,
"clinical_fiams","Clinical FIA-MS","combat","ComBat","batch_weighted_pc_r2_categorical","lower","weighted R-squared",10,0.00326425017666173,2.49153850949872e-05,0.00325637124009369,0.00325637124009369,0.00325637124009369,0.00325637124009369,0.00333516060577406
"clinical_fiams","Clinical FIA-MS","combat","ComBat","biological_weighted_pc_r2","higher","weighted R-squared",10,0.769253266935347,0.000246780040683543,0.76933130563631,0.76933130563631,0.76933130563631,0.768550918626681,0.76933130563631
"clinical_fiams","Clinical FIA-MS","combat","ComBat","drift_features_corrected","descriptive","features",0,,,,,,,
"clinical_fiams","Clinical FIA-MS","combat","ComBat","drift_profiles_corrected","descriptive","profiles",0,,,,,,,
"clinical_fiams","Clinical FIA-MS","combat","ComBat","feature_repeatability_ratio_median","higher","repeatability ratio",10,0.664229846592876,0.00107943393720629,0.66388849961035,0.66388849961035,0.66388849961035,0.66388849961035,0.667301969435605
"clinical_fiams","Clinical FIA-MS","combat","ComBat","genuine_replicate_icc_median","higher","ICC(A,1)",10,0.98596828863399,0.000101422730675699,0.985936215950445,0.985936215950445,0.985936215950445,0.985936215950445,0.986256942785894
"clinical_fiams","Clinical FIA-MS","combat","ComBat","heldout_qc_cv_mean","lower","percent",10,11.5855535083218,1.53403556997173,11.3568353982715,10.4498280235705,12.5809228012681,9.68950009745185,14.3905913677002
"clinical_fiams","Clinical FIA-MS","combat","ComBat","heldout_qc_cv_median","lower","percent",10,9.72789244236162,1.15426930317407,9.64339760834768,8.78684874785317,10.3846045547044,8.35956160420244,11.9923065726209
"clinical_fiams","Clinical FIA-MS","combat","ComBat","heldout_qc_cv_sd","lower","percent",10,8.32133571220763,2.73906300367891,7.41940888107766,6.81576804974124,8.38243376756964,5.63798513975962,14.8136026728945
"clinical_fiams","Clinical FIA-MS","combat","ComBat","residual_ljung_box_proportion_significant","lower","proportion",10,0.154720828105395,0,0.154720828105395,0.154720828105395,0.154720828105395,0.154720828105395,0.154720828105395
"clinical_fiams","Clinical FIA-MS","combat","ComBat","residual_run_order_gam_mean_deviance","lower","proportion",10,0.120300024790532,1.91739614579891e-09,0.120300025396866,0.120300025396866,0.120300025396866,0.120300019333527,0.120300025396866
"clinical_fiams","Clinical FIA-MS","combat","ComBat","residual_run_order_gam_sd_deviance","lower","proportion",10,0.145174626525914,3.02370664137424e-10,0.145174626430296,0.145174626430296,0.145174626430296,0.145174626430296,0.145174627386476
"clinical_fiams","Clinical FIA-MS","combat","ComBat","retained_features","higher","features",10,1594,0,1594,1594,1594,1594,1594
"clinical_fiams","Clinical FIA-MS","combat","ComBat","retained_samples","higher","samples",10,660,0,660,660,660,660,660
"clinical_fiams","Clinical FIA-MS","combat","ComBat","runtime_sec","lower","seconds",10,88.7075,24.8840863661453,82.083,75.56025,85.27925,72.226,156.587
"clinical_fiams","Clinical FIA-MS","combat","ComBat","sample_replicate_pearson_median","higher","correlation",10,0.987734494242716,2.77345250986874e-05,0.987725723815802,0.987725723815802,0.987725723815802,0.987725723815802,0.987813428084937
"clinical_fiams","Clinical FIA-MS","qc_rfsc","QC-RFSC","batch_features_corrected","descriptive","features",0,,,,,,,
"clinical_fiams","Clinical FIA-MS","qc_rfsc","QC-RFSC","batch_weighted_pc_r2_categorical","lower","weighted R-squared",10,0.0214989866865355,0.00270897668427076,0.02099691433744,0.0203878508360588,0.0227257295408535,0.0167570105949142,0.0260393022325933
"clinical_fiams","Clinical FIA-MS","qc_rfsc","QC-RFSC","biological_weighted_pc_r2","higher","weighted R-squared",10,0.79126557764323,0.00258359158911,0.791560947373586,0.789602406076104,0.793431699038285,0.787152425309867,0.794482813061822
"clinical_fiams","Clinical FIA-MS","qc_rfsc","QC-RFSC","drift_features_corrected","descriptive","features",0,,,,,,,
"clinical_fiams","Clinical FIA-MS","qc_rfsc","QC-RFSC","drift_profiles_corrected","descriptive","profiles",0,,,,,,,
"clinical_fiams","Clinical FIA-MS","qc_rfsc","QC-RFSC","feature_repeatability_ratio_median","higher","repeatability ratio",10,0.711263786298522,0.00218552371598373,0.711801454784634,0.709230297671597,0.713039882669465,0.70791344438662,0.714023497482379
"clinical_fiams","Clinical FIA-MS","qc_rfsc","QC-RFSC","genuine_replicate_icc_median","higher","ICC(A,1)",10,0.93802955680298,0.0270596260506194,0.931410565267196,0.91494201267454,0.957149538382044,0.914400981451502,0.990250048696952
"clinical_fiams","Clinical FIA-MS","qc_rfsc","QC-RFSC","heldout_qc_cv_mean","lower","percent",10,11.1913758360521,1.13901273174356,11.0181576406633,10.6276260735108,11.8713218454223,9.27472733342583,12.8653323699485
"clinical_fiams","Clinical FIA-MS","qc_rfsc","QC-RFSC","heldout_qc_cv_median","lower","percent",10,9.4603276238505,1.07544807418283,9.37853262896241,8.6470494985186,10.0764318548141,7.7950722261737,11.1706084066331
"clinical_fiams","Clinical FIA-MS","qc_rfsc","QC-RFSC","heldout_qc_cv_sd","lower","percent",10,8.66590343914948,1.90180090890603,8.38311799525598,7.1720174480764,10.5400996642764,5.99070791946462,11.1535181864717
"clinical_fiams","Clinical FIA-MS","qc_rfsc","QC-RFSC","residual_ljung_box_proportion_significant","lower","proportion",10,0.144604767879548,0.00714871551610161,0.140919071518193,0.1397623902133,0.150682245922209,0.135508155583438,0.155975533249686
"clinical_fiams","Clinical FIA-MS","qc_rfsc","QC-RFSC","residual_run_order_gam_mean_deviance","lower","proportion",10,0.114109796032253,0.00230921926969912,0.11350761524744,0.112430544846449,0.11638429203427,0.110602578203391,0.117184746498402
"clinical_fiams","Clinical FIA-MS","qc_rfsc","QC-RFSC","residual_run_order_gam_sd_deviance","lower","proportion",10,0.120564701095891,0.00314823854275401,0.120036933333194,0.118062710367786,0.122456732379708,0.117139373127672,0.126502715812303
"clinical_fiams","Clinical FIA-MS","qc_rfsc","QC-RFSC","retained_features","higher","features",10,1594,0,1594,1594,1594,1594,1594
"clinical_fiams","Clinical FIA-MS","qc_rfsc","QC-RFSC","retained_samples","higher","samples",10,660,0,660,660,660,660,660
"clinical_fiams","Clinical FIA-MS","qc_rfsc","QC-RFSC","runtime_sec","lower","seconds",10,375.9687,32.3225764204457,376.417,350.918,391.27825,331.449,443.546
"clinical_fiams","Clinical FIA-MS","qc_rfsc","QC-RFSC","sample_replicate_pearson_median","higher","correlation",10,0.946890400806399,0.024513930150893,0.941298303711166,0.925653256652626,0.964733220893483,0.924730565880409,0.99272497380425
"clinical_fiams","Clinical FIA-MS","qc_rlsc","QC-RLSC","batch_features_corrected","descriptive","features",0,,,,,,,
"clinical_fiams","Clinical FIA-MS","qc_rlsc","QC-RLSC","batch_weighted_pc_r2_categorical","lower","weighted R-squared",10,0.00153342329882011,0.000396616786955998,0.00164293974959695,0.00160865496407364,0.00167724483339103,0.000426902283296791,0.00182520599729557
"clinical_fiams","Clinical FIA-MS","qc_rlsc","QC-RLSC","biological_weighted_pc_r2","higher","weighted R-squared",10,0.751900599293885,0.0766543306728569,0.77546845243304,0.771326180913723,0.779426660459459,0.534220135961885,0.782427749514079
"clinical_fiams","Clinical FIA-MS","qc_rlsc","QC-RLSC","drift_features_corrected","descriptive","features",0,,,,,,,
"clinical_fiams","Clinical FIA-MS","qc_rlsc","QC-RLSC","drift_profiles_corrected","descriptive","profiles",0,,,,,,,
"clinical_fiams","Clinical FIA-MS","qc_rlsc","QC-RLSC","feature_repeatability_ratio_median","higher","repeatability ratio",10,0.645959222776151,0.0891673810575661,0.673608519295501,0.670756640938257,0.677589600128008,0.392466326905638,0.679307050575904
"clinical_fiams","Clinical FIA-MS","qc_rlsc","QC-RLSC","genuine_replicate_icc_median","higher","ICC(A,1)",10,0.983624410182552,0.00183172651488322,0.98411549626506,0.983919039468205,0.984421871272197,0.978478938506213,0.984618963451716
"clinical_fiams","Clinical FIA-MS","qc_rlsc","QC-RLSC","heldout_qc_cv_mean","lower","percent",10,11.7076030130468,1.09543228924406,11.4920009770384,10.912472238868,12.7721660198426,10.2583097221074,13.1542798523359
"clinical_fiams","Clinical FIA-MS","qc_rlsc","QC-RLSC","heldout_qc_cv_median","lower","percent",10,9.96077168477918,1.17416220552415,9.76639320089653,9.02247317626699,10.8941955180328,8.34643029599221,11.7513564905673
"clinical_fiams","Clinical FIA-MS","qc_rlsc","QC-RLSC","heldout_qc_cv_sd","lower","percent",10,8.20404889906257,1.57742611645171,8.24969608426382,7.12947311040259,9.18779170945632,6.11296764125308,11.2681100675773
"clinical_fiams","Clinical FIA-MS","qc_rlsc","QC-RLSC","residual_ljung_box_proportion_significant","lower","proportion",10,0.190009410288582,0.0453850371706776,0.200321518193225,0.186108061480552,0.217397271016311,0.0686166875784191,0.223415934755333
"clinical_fiams","Clinical FIA-MS","qc_rlsc","QC-RLSC","residual_run_order_gam_mean_deviance","lower","proportion",10,0.130620352796771,0.0149211969977729,0.134019434987016,0.130246717158004,0.138822496180971,0.0905766400675176,0.14246162677037
"clinical_fiams","Clinical FIA-MS","qc_rlsc","QC-RLSC","residual_run_order_gam_sd_deviance","lower","proportion",10,0.132115000794677,0.00751404985383541,0.129925332165235,0.126789824331062,0.139434086833856,0.121483777068806,0.141273447558934
"clinical_fiams","Clinical FIA-MS","qc_rlsc","QC-RLSC","retained_features","higher","features",10,1594,0,1594,1594,1594,1594,1594
"clinical_fiams","Clinical FIA-MS","qc_rlsc","QC-RLSC","retained_samples","higher","samples",10,660,0,660,660,660,660,660
"clinical_fiams","Clinical FIA-MS","qc_rlsc","QC-RLSC","runtime_sec","lower","seconds",10,125.7678,23.2087757769915,119.128,114.4075,121.9835,109.477,188.381
"clinical_fiams","Clinical FIA-MS","qc_rlsc","QC-RLSC","sample_replicate_pearson_median","higher","correlation",10,0.985977030137949,0.00100481161835227,0.986259396470056,0.986099477887559,0.986357494588505,0.983163500338858,0.986669973366704
"clinical_fiams","Clinical FIA-MS","raw","Raw","batch_features_corrected","descriptive","features",0,,,,,,,
"clinical_fiams","Clinical FIA-MS","raw","Raw","batch_weighted_pc_r2_categorical","lower","weighted R-squared",10,0.150509455379697,0,0.150509455379697,0.150509455379697,0.150509455379697,0.150509455379697,0.150509455379697
"clinical_fiams","Clinical FIA-MS","raw","Raw","biological_weighted_pc_r2","higher","weighted R-squared",10,0.698982296703889,0,0.698982296703889,0.698982296703889,0.698982296703889,0.698982296703889,0.698982296703889
"clinical_fiams","Clinical FIA-MS","raw","Raw","drift_features_corrected","descriptive","features",0,,,,,,,
"clinical_fiams","Clinical FIA-MS","raw","Raw","drift_profiles_corrected","descriptive","profiles",0,,,,,,,
"clinical_fiams","Clinical FIA-MS","raw","Raw","feature_repeatability_ratio_median","higher","repeatability ratio",10,0.648713511012684,0,0.648713511012684,0.648713511012684,0.648713511012684,0.648713511012684,0.648713511012684
"clinical_fiams","Clinical FIA-MS","raw","Raw","genuine_replicate_icc_median","higher","ICC(A,1)",10,0.980951466319722,0,0.980951466319722,0.980951466319722,0.980951466319722,0.980951466319722,0.980951466319722
"clinical_fiams","Clinical FIA-MS","raw","Raw","heldout_qc_cv_mean","lower","percent",10,13.1385245277527,1.72019798513214,13.3332753864782,11.9895035289169,14.3226395716212,10.6073087297709,15.5536424008064
"clinical_fiams","Clinical FIA-MS","raw","Raw","heldout_qc_cv_median","lower","percent",10,10.9052410213008,1.26611908561104,11.2948837724147,9.57592269377226,11.9535062941176,9.27044803485653,12.4247428382584
"clinical_fiams","Clinical FIA-MS","raw","Raw","heldout_qc_cv_sd","lower","percent",10,10.1670671169727,2.79226402729814,9.33353778577169,8.34423569859303,12.1728187503827,6.12071529100978,15.0600494473051
"clinical_fiams","Clinical FIA-MS","raw","Raw","residual_ljung_box_proportion_significant","lower","proportion",10,0.154720828105395,0,0.154720828105395,0.154720828105395,0.154720828105395,0.154720828105395,0.154720828105395
"clinical_fiams","Clinical FIA-MS","raw","Raw","residual_run_order_gam_mean_deviance","lower","proportion",10,0.120300147162855,0,0.120300147162855,0.120300147162855,0.120300147162855,0.120300147162855,0.120300147162855
"clinical_fiams","Clinical FIA-MS","raw","Raw","residual_run_order_gam_sd_deviance","lower","proportion",10,0.145174570642038,0,0.145174570642038,0.145174570642038,0.145174570642038,0.145174570642038,0.145174570642038
"clinical_fiams","Clinical FIA-MS","raw","Raw","retained_features","higher","features",10,1594,0,1594,1594,1594,1594,1594
"clinical_fiams","Clinical FIA-MS","raw","Raw","retained_samples","higher","samples",10,660,0,660,660,660,660,660
"clinical_fiams","Clinical FIA-MS","raw","Raw","runtime_sec","lower","seconds",10,0.0471,0.00508702052067591,0.045,0.04325,0.04925,0.043,0.058
"clinical_fiams","Clinical FIA-MS","raw","Raw","sample_replicate_pearson_median","higher","correlation",10,0.983467072627652,0,0.983467072627652,0.983467072627652,0.983467072627652,0.983467072627652,0.983467072627652
"clinical_fiams","Clinical FIA-MS","serrf","SERRF","batch_features_corrected","descriptive","features",0,,,,,,,
"clinical_fiams","Clinical FIA-MS","serrf","SERRF","batch_weighted_pc_r2_categorical","lower","weighted R-squared",10,0.0054375610654643,0.000141096115650321,0.00539885406970073,0.00534643987467075,0.00551833137051297,0.00524938955785069,0.00572322561496131
"clinical_fiams","Clinical FIA-MS","serrf","SERRF","biological_weighted_pc_r2","higher","weighted R-squared",10,0.783328864905241,0.00105825274726474,0.782914278209143,0.782486669085877,0.784406990271737,0.782033406156888,0.784819433593753
"clinical_fiams","Clinical FIA-MS","serrf","SERRF","drift_features_corrected","descriptive","features",0,,,,,,,
"clinical_fiams","Clinical FIA-MS","serrf","SERRF","drift_profiles_corrected","descriptive","profiles",0,,,,,,,
"clinical_fiams","Clinical FIA-MS","serrf","SERRF","feature_repeatability_ratio_median","higher","repeatability ratio",10,0.697978079445767,0.000580740653678335,0.698038113877723,0.697459650191011,0.698332954161678,0.697290408799875,0.699079235957081
"clinical_fiams","Clinical FIA-MS","serrf","SERRF","genuine_replicate_icc_median","higher","ICC(A,1)",10,0.987492240614161,0.000232983357936451,0.98746944317086,0.987364917018868,0.987550458871104,0.987146271247683,0.988000846251783
"clinical_fiams","Clinical FIA-MS","serrf","SERRF","heldout_qc_cv_mean","lower","percent",10,9.88672998225407,0.972566996593495,9.81984784731695,9.25181575873542,10.5035306765177,8.58034151182807,11.7233061543936
"clinical_fiams","Clinical FIA-MS","serrf","SERRF","heldout_qc_cv_median","lower","percent",10,8.50348037376074,0.893186502756802,8.48528026138758,7.80612807694508,8.89700141663544,7.42485209371304,10.4592911628673
"clinical_fiams","Clinical FIA-MS","serrf","SERRF","heldout_qc_cv_sd","lower","percent",10,7.44983475162252,1.39059168664305,7.26918002351514,6.81130723455524,8.45337054220483,5.19036999647637,9.50397053782017
"clinical_fiams","Clinical FIA-MS","serrf","SERRF","residual_ljung_box_proportion_significant","lower","proportion",10,0.137829360100376,0.00114371227971673,0.137311794228356,0.136998117942283,0.138625313676286,0.136606022584693,0.139664366373902
"clinical_fiams","Clinical FIA-MS","serrf","SERRF","residual_run_order_gam_mean_deviance","lower","proportion",10,0.107709679398029,0.000293722381048397,0.107599959204706,0.107465524485178,0.108001128386629,0.107358365982136,0.108131627938518
"clinical_fiams","Clinical FIA-MS","serrf","SERRF","residual_run_order_gam_sd_deviance","lower","proportion",10,0.125780007196325,0.000343544957902387,0.125732696192771,0.125555679478809,0.125955370457567,0.125200484757042,0.126302800326974
"clinical_fiams","Clinical FIA-MS","serrf","SERRF","retained_features","higher","features",10,1594,0,1594,1594,1594,1594,1594
"clinical_fiams","Clinical FIA-MS","serrf","SERRF","retained_samples","higher","samples",10,660,0,660,660,660,660,660
"clinical_fiams","Clinical FIA-MS","serrf","SERRF","runtime_sec","lower","seconds",10,3171.7384,274.628963565673,3078.598,2985.9895,3345.043,2814.812,3715.88
"clinical_fiams","Clinical FIA-MS","serrf","SERRF","sample_replicate_pearson_median","higher","correlation",10,0.988699917145562,0.00028793373220668,0.988640264232331,0.988462278269975,0.988903331810555,0.988359736157667,0.989237563908131
"clinical_fiams","Clinical FIA-MS","tiger","TIGER","batch_features_corrected","descriptive","features",0,,,,,,,
"clinical_fiams","Clinical FIA-MS","tiger","TIGER","batch_weighted_pc_r2_categorical","lower","weighted R-squared",10,0.0320724929355517,0.00325892073085473,0.0322226524265785,0.0304248246551036,0.0327493547943128,0.0268937687513183,0.038070546469486
"clinical_fiams","Clinical FIA-MS","tiger","TIGER","biological_weighted_pc_r2","higher","weighted R-squared",10,0.788996926425482,0.00157543755846485,0.789450293263254,0.788622263188344,0.790025889386377,0.785584094740342,0.790546670227305
"clinical_fiams","Clinical FIA-MS","tiger","TIGER","drift_features_corrected","descriptive","features",0,,,,,,,
"clinical_fiams","Clinical FIA-MS","tiger","TIGER","drift_profiles_corrected","descriptive","profiles",0,,,,,,,
"clinical_fiams","Clinical FIA-MS","tiger","TIGER","feature_repeatability_ratio_median","higher","repeatability ratio",10,0.693079131141906,0.00114341968568145,0.693191205513108,0.692424224467178,0.693777681569667,0.69128085435773,0.694991798099283
"clinical_fiams","Clinical FIA-MS","tiger","TIGER","genuine_replicate_icc_median","higher","ICC(A,1)",10,0.989085837867816,0.000128248509903301,0.989108217052915,0.989009492362463,0.989166618791807,0.98882780523417,0.98928205697344
"clinical_fiams","Clinical FIA-MS","tiger","TIGER","heldout_qc_cv_mean","lower","percent",10,8.2222806704212,0.895282944471547,7.99591574257185,7.66115994716611,8.5984527087828,7.13697872815159,9.7786492454228
"clinical_fiams","Clinical FIA-MS","tiger","TIGER","heldout_qc_cv_median","lower","percent",10,7.09122650528388,0.703673229973657,6.97172906631176,6.59389448533486,7.25823874135697,6.17947201687492,8.36218724429399
"clinical_fiams","Clinical FIA-MS","tiger","TIGER","heldout_qc_cv_sd","lower","percent",10,5.87216986084299,0.895673510779046,5.80488830817469,5.30533425992877,6.33318783937522,4.34875854186512,7.54007157582967
"clinical_fiams","Clinical FIA-MS","tiger","TIGER","residual_ljung_box_proportion_significant","lower","proportion",10,0.0984394604767879,0.00117136733572594,0.0984551442910916,0.0980238393977415,0.0991609159347553,0.0957496863237139,0.09982747804266
"clinical_fiams","Clinical FIA-MS","tiger","TIGER","residual_run_order_gam_mean_deviance","lower","proportion",10,0.0909722371340443,0.000424835000788797,0.0908803429034235,0.0907160527512476,0.0911887066832963,0.0904093728947458,0.0917874632112495
"clinical_fiams","Clinical FIA-MS","tiger","TIGER","residual_run_order_gam_sd_deviance","lower","proportion",10,0.0978726367563034,0.000386859891563329,0.0979504159561649,0.0975963020147193,0.0982056390805403,0.097205268687205,0.0983073026294334
"clinical_fiams","Clinical FIA-MS","tiger","TIGER","retained_features","higher","features",10,1594,0,1594,1594,1594,1594,1594
"clinical_fiams","Clinical FIA-MS","tiger","TIGER","retained_samples","higher","samples",10,660,0,660,660,660,660,660
"clinical_fiams","Clinical FIA-MS","tiger","TIGER","runtime_sec","lower","seconds",10,6090.0261,442.273456157927,5972.7865,5797.60525,6206.63125,5729.084,7222.609
"clinical_fiams","Clinical FIA-MS","tiger","TIGER","sample_replicate_pearson_median","higher","correlation",10,0.989938159726505,0.000146681719443781,0.989981412223161,0.989869372801218,0.990029360132024,0.989649256569632,0.990113013558462
"clinical_fiams","Clinical FIA-MS","winn_auto_batch_qc","WiNN auto-batch (QC)","batch_features_corrected","descriptive","features",10,892.6,85.1745919339278,841.5,841,950.75,841,1063
"clinical_fiams","Clinical FIA-MS","winn_auto_batch_qc","WiNN auto-batch (QC)","batch_weighted_pc_r2_categorical","lower","weighted R-squared",10,0.00667519893140798,0.000556426332939858,0.00692549643702632,0.00683792257439342,0.00698586944621017,0.00562480361804661,0.00699558427727649
"clinical_fiams","Clinical FIA-MS","winn_auto_batch_qc","WiNN auto-batch (QC)","biological_weighted_pc_r2","higher","weighted R-squared",10,0.809025193176222,0.000100733100339803,0.809002939671211,0.808949569871486,0.809055774315869,0.808922415700882,0.809226548281466
"clinical_fiams","Clinical FIA-MS","winn_auto_batch_qc","WiNN auto-batch (QC)","drift_features_corrected","descriptive","features",10,1533.4,15.600569790164,1526,1526,1526,1526,1563
"clinical_fiams","Clinical FIA-MS","winn_auto_batch_qc","WiNN auto-batch (QC)","drift_profiles_corrected","descriptive","profiles",10,2706.2,88.9654115060704,2664,2664,2664,2664,2875
"clinical_fiams","Clinical FIA-MS","winn_auto_batch_qc","WiNN auto-batch (QC)","feature_repeatability_ratio_median","higher","repeatability ratio",10,0.672752934344767,0.000600336960547867,0.67260596447558,0.672471057576192,0.673198906971526,0.671940239366947,0.673640534195358
"clinical_fiams","Clinical FIA-MS","winn_auto_batch_qc","WiNN auto-batch (QC)","genuine_replicate_icc_median","higher","ICC(A,1)",10,0.99084049800131,1.85321529430521e-05,0.990847110207592,0.990844675568868,0.990851329461703,0.990801936518441,0.990853992325421
"clinical_fiams","Clinical FIA-MS","winn_auto_batch_qc","WiNN auto-batch (QC)","heldout_qc_cv_mean","lower","percent",10,9.19667717061762,0.918392090105348,9.37953337949263,8.33925504232426,9.77698462532146,7.9800379038955,10.5454142649401
"clinical_fiams","Clinical FIA-MS","winn_auto_batch_qc","WiNN auto-batch (QC)","heldout_qc_cv_median","lower","percent",10,7.85920542002292,0.728952214276155,7.89038545783446,7.22426819919009,8.36146084782644,6.93889820385718,8.86533263162335
"clinical_fiams","Clinical FIA-MS","winn_auto_batch_qc","WiNN auto-batch (QC)","heldout_qc_cv_sd","lower","percent",10,5.35873515368292,0.695237073331419,5.48692852974542,4.75621244150219,5.68480777022227,4.29343714088624,6.33676561068844
"clinical_fiams","Clinical FIA-MS","winn_auto_batch_qc","WiNN auto-batch (QC)","residual_ljung_box_proportion_significant","lower","proportion",10,0.108077164366374,0.000926982863208134,0.108335947302384,0.107532151819322,0.108688833124216,0.106101003764115,0.109080928481807
"clinical_fiams","Clinical FIA-MS","winn_auto_batch_qc","WiNN auto-batch (QC)","residual_run_order_gam_mean_deviance","lower","proportion",10,0.07472181290606,0.000848212357870518,0.075104806137729,0.0749332886485798,0.0751955289445108,0.0731123267131224,0.07524219379679
"clinical_fiams","Clinical FIA-MS","winn_auto_batch_qc","WiNN auto-batch (QC)","residual_run_order_gam_sd_deviance","lower","proportion",10,0.0848726618308228,0.000347748783520577,0.0850140687995826,0.0848195154654476,0.0851126375607999,0.0842489882641389,0.0851330170750606
"clinical_fiams","Clinical FIA-MS","winn_auto_batch_qc","WiNN auto-batch (QC)","retained_features","higher","features",10,1594,0,1594,1594,1594,1594,1594
"clinical_fiams","Clinical FIA-MS","winn_auto_batch_qc","WiNN auto-batch (QC)","retained_samples","higher","samples",10,660,0,660,660,660,660,660
"clinical_fiams","Clinical FIA-MS","winn_auto_batch_qc","WiNN auto-batch (QC)","runtime_sec","lower","seconds",10,34.9288,1.84534325623536,34.6755,33.92,36.23725,32.419,37.69
"clinical_fiams","Clinical FIA-MS","winn_auto_batch_qc","WiNN auto-batch (QC)","sample_replicate_pearson_median","higher","correlation",10,0.990981558012162,3.01413857581251e-05,0.99098851364757,0.990988509913996,0.990993801477825,0.990928409757766,0.991025065922488
"clinical_fiams","Clinical FIA-MS","winn_auto_qc","WiNN auto (QC)","batch_features_corrected","descriptive","features",10,1526,0,1526,1526,1526,1526,1526
"clinical_fiams","Clinical FIA-MS","winn_auto_qc","WiNN auto (QC)","batch_weighted_pc_r2_categorical","lower","weighted R-squared",10,0.00218870130582334,2.16925299261569e-06,0.00218846556573163,0.00218760913758796,0.00218889016489386,0.00218538442341498,0.00219348255456248
"clinical_fiams","Clinical FIA-MS","winn_auto_qc","WiNN auto (QC)","biological_weighted_pc_r2","higher","weighted R-squared",10,0.82077549528341,3.34581567073612e-05,0.820777379843836,0.820764079554399,0.820786031531904,0.820713986579568,0.820839846765256
"clinical_fiams","Clinical FIA-MS","winn_auto_qc","WiNN auto (QC)","drift_features_corrected","descriptive","features",10,1076,0,1076,1076,1076,1076,1076
"clinical_fiams","Clinical FIA-MS","winn_auto_qc","WiNN auto (QC)","drift_profiles_corrected","descriptive","profiles",10,1531,0,1531,1531,1531,1531,1531
"clinical_fiams","Clinical FIA-MS","winn_auto_qc","WiNN auto (QC)","feature_repeatability_ratio_median","higher","repeatability ratio",10,0.676953977425731,0.000142867360688808,0.677007997983132,0.676811510072655,0.677049832580286,0.676772745935166,0.677155566751268
"clinical_fiams","Clinical FIA-MS","winn_auto_qc","WiNN auto (QC)","genuine_replicate_icc_median","higher","ICC(A,1)",10,0.990726847785596,7.73749422288659e-06,0.990727125426475,0.990724184488605,0.990731952575092,0.990712797804197,0.99073696604829
"clinical_fiams","Clinical FIA-MS","winn_auto_qc","WiNN auto (QC)","heldout_qc_cv_mean","lower","percent",10,9.16526360874392,0.930135318480974,9.15649743467044,8.30678115318759,9.73447042923032,8.08295675211648,10.9314370697404
"clinical_fiams","Clinical FIA-MS","winn_auto_qc","WiNN auto (QC)","heldout_qc_cv_median","lower","percent",10,7.8317623736655,0.74974689347919,7.74254976526105,7.14324671469465,8.28681664270657,7.03786675660777,9.20438443228683
"clinical_fiams","Clinical FIA-MS","winn_auto_qc","WiNN auto (QC)","heldout_qc_cv_sd","lower","percent",10,5.36130147592919,0.667424484503282,5.3875794817435,4.85944653656442,5.67693527008282,4.40340797430392,6.43541087743191
"clinical_fiams","Clinical FIA-MS","winn_auto_qc","WiNN auto (QC)","residual_ljung_box_proportion_significant","lower","proportion",10,0.123996235884567,0.000227280061891318,0.123980552070263,0.123980552070263,0.124058971141782,0.123588456712673,0.124451066499373
"clinical_fiams","Clinical FIA-MS","winn_auto_qc","WiNN auto (QC)","residual_run_order_gam_mean_deviance","lower","proportion",10,0.082921051596747,2.66752458495841e-05,0.0829122234272854,0.0829020385733024,0.0829414541069655,0.0828853727179484,0.0829613554558994
"clinical_fiams","Clinical FIA-MS","winn_auto_qc","WiNN auto (QC)","residual_run_order_gam_sd_deviance","lower","proportion",10,0.0847640660250608,2.96964819429355e-05,0.084770078606565,0.0847569788300696,0.0847805205943383,0.0846988245683525,0.0848014978650685
"clinical_fiams","Clinical FIA-MS","winn_auto_qc","WiNN auto (QC)","retained_features","higher","features",10,1594,0,1594,1594,1594,1594,1594
"clinical_fiams","Clinical FIA-MS","winn_auto_qc","WiNN auto (QC)","retained_samples","higher","samples",10,660,0,660,660,660,660,660
"clinical_fiams","Clinical FIA-MS","winn_auto_qc","WiNN auto (QC)","runtime_sec","lower","seconds",10,31.2649,2.15297450312611,31.3445,29.47925,32.675,28.716,35.164
"clinical_fiams","Clinical FIA-MS","winn_auto_qc","WiNN auto (QC)","sample_replicate_pearson_median","higher","correlation",10,0.990847996519795,1.55833941792811e-09,0.990847996050166,0.99084799564064,0.990847997898573,0.990847994645478,0.990847998944764
"clinical_fiams","Clinical FIA-MS","winn_fixed_no_qc","WiNN fixed default (no QC)","batch_features_corrected","descriptive","features",10,1506,0,1506,1506,1506,1506,1506
"clinical_fiams","Clinical FIA-MS","winn_fixed_no_qc","WiNN fixed default (no QC)","batch_weighted_pc_r2_categorical","lower","weighted R-squared",10,0.00205430716992057,0,0.00205430716992057,0.00205430716992057,0.00205430716992057,0.00205430716992057,0.00205430716992057
"clinical_fiams","Clinical FIA-MS","winn_fixed_no_qc","WiNN fixed default (no QC)","biological_weighted_pc_r2","higher","weighted R-squared",10,0.799363081954994,0,0.799363081954994,0.799363081954994,0.799363081954994,0.799363081954994,0.799363081954994
"clinical_fiams","Clinical FIA-MS","winn_fixed_no_qc","WiNN fixed default (no QC)","drift_features_corrected","descriptive","features",10,1300,0,1300,1300,1300,1300,1300
"clinical_fiams","Clinical FIA-MS","winn_fixed_no_qc","WiNN fixed default (no QC)","drift_profiles_corrected","descriptive","profiles",10,2297,0,2297,2297,2297,2297,2297
"clinical_fiams","Clinical FIA-MS","winn_fixed_no_qc","WiNN fixed default (no QC)","feature_repeatability_ratio_median","higher","repeatability ratio",10,0.659272129860823,0,0.659272129860823,0.659272129860823,0.659272129860823,0.659272129860823,0.659272129860823
"clinical_fiams","Clinical FIA-MS","winn_fixed_no_qc","WiNN fixed default (no QC)","genuine_replicate_icc_median","higher","ICC(A,1)",10,0.989834812702034,0,0.989834812702034,0.989834812702034,0.989834812702034,0.989834812702034,0.989834812702034
"clinical_fiams","Clinical FIA-MS","winn_fixed_no_qc","WiNN fixed default (no QC)","heldout_qc_cv_mean","lower","percent",10,10.0348065589876,1.10816877820879,9.93727761834393,9.23080259489857,10.8498705773352,8.67501806580342,11.9562847439453
"clinical_fiams","Clinical FIA-MS","winn_fixed_no_qc","WiNN fixed default (no QC)","heldout_qc_cv_median","lower","percent",10,8.76816572075944,0.950791811568234,8.61079051862967,8.0620829901317,9.47938085401327,7.57868682490069,10.4988056584582
"clinical_fiams","Clinical FIA-MS","winn_fixed_no_qc","WiNN fixed default (no QC)","heldout_qc_cv_sd","lower","percent",10,5.53870103895482,0.656410977853893,5.56748004772296,5.05005551777383,6.04557825546065,4.63324426821524,6.42493273080133
"clinical_fiams","Clinical FIA-MS","winn_fixed_no_qc","WiNN fixed default (no QC)","residual_ljung_box_proportion_significant","lower","proportion",10,0.0997490589711418,0,0.0997490589711418,0.0997490589711418,0.0997490589711418,0.0997490589711418,0.0997490589711418
"clinical_fiams","Clinical FIA-MS","winn_fixed_no_qc","WiNN fixed default (no QC)","residual_run_order_gam_mean_deviance","lower","proportion",10,0.0727686471322973,0,0.0727686471322973,0.0727686471322973,0.0727686471322973,0.0727686471322973,0.0727686471322973
"clinical_fiams","Clinical FIA-MS","winn_fixed_no_qc","WiNN fixed default (no QC)","residual_run_order_gam_sd_deviance","lower","proportion",10,0.0789910500858729,0,0.0789910500858729,0.0789910500858729,0.0789910500858729,0.0789910500858729,0.0789910500858729
"clinical_fiams","Clinical FIA-MS","winn_fixed_no_qc","WiNN fixed default (no QC)","retained_features","higher","features",10,1594,0,1594,1594,1594,1594,1594
"clinical_fiams","Clinical FIA-MS","winn_fixed_no_qc","WiNN fixed default (no QC)","retained_samples","higher","samples",10,660,0,660,660,660,660,660
"clinical_fiams","Clinical FIA-MS","winn_fixed_no_qc","WiNN fixed default (no QC)","runtime_sec","lower","seconds",10,11.8306,0.648505495564824,11.8755,11.21725,12.317,11.025,12.836
"clinical_fiams","Clinical FIA-MS","winn_fixed_no_qc","WiNN fixed default (no QC)","sample_replicate_pearson_median","higher","correlation",10,0.990747863696587,0,0.990747863696587,0.990747863696587,0.990747863696587,0.990747863696587,0.990747863696587
"mtbls79","MTBLS79","combat","ComBat","batch_features_corrected","descriptive","features",0,,,,,,,
"mtbls79","MTBLS79","combat","ComBat","batch_weighted_pc_r2_categorical","lower","weighted R-squared",10,0.00667846099874065,0.000495876322481755,0.00644324620622207,0.00644324620622207,0.00644324620622207,0.00644324620622207,0.00761932016881495
"mtbls79","MTBLS79","combat","ComBat","biological_associated_features","context","features",10,999.6,0.843274042711568,1000,1000,1000,998,1000
"mtbls79","MTBLS79","combat","ComBat","biological_weighted_pc_r2","higher","weighted R-squared",10,0.468933320220333,0.000199487358502565,0.468838695057741,0.468838695057741,0.468838695057741,0.468838695057741,0.4693118208707
"mtbls79","MTBLS79","combat","ComBat","drift_features_corrected","descriptive","features",0,,,,,,,
"mtbls79","MTBLS79","combat","ComBat","drift_profiles_corrected","descriptive","profiles",0,,,,,,,
"mtbls79","MTBLS79","combat","ComBat","heldout_qc_cv_mean","lower","percent",10,16.7404248573772,0.257923936702297,16.8349027046599,16.5094110731574,16.9532221508594,16.3890598169677,17.042751453292
"mtbls79","MTBLS79","combat","ComBat","heldout_qc_cv_median","lower","percent",10,14.4455355534433,0.34105924458442,14.3738787202269,14.229982220173,14.7357100419983,13.9772089818213,14.9807867214588
"mtbls79","MTBLS79","combat","ComBat","heldout_qc_cv_sd","lower","percent",10,9.04629859845549,0.346030628041093,9.00672803151364,8.7822770955617,9.32067767498116,8.5375400705603,9.52140604630809
"mtbls79","MTBLS79","combat","ComBat","metabolite_icc_a1_median","higher","ICC(A,1)",10,0.695478882590342,0.00042390463250019,0.695679958212752,0.695679958212752,0.695679958212752,0.694674580100704,0.695679958212752
"mtbls79","MTBLS79","combat","ComBat","residual_ljung_box_proportion_significant","lower","proportion",10,0.00296422829581994,0,0.00296422829581994,0.00296422829581994,0.00296422829581994,0.00296422829581994,0.00296422829581994
"mtbls79","MTBLS79","combat","ComBat","residual_run_order_gam_mean_deviance","lower","proportion",10,0.141715981084766,1.01231410149942e-08,0.141715985886593,0.141715985886593,0.141715985886593,0.141715961877456,0.141715985886593
"mtbls79","MTBLS79","combat","ComBat","residual_run_order_gam_sd_deviance","lower","proportion",10,0.170234796658342,4.80338549941804e-09,0.170234794379896,0.170234794379896,0.170234794379896,0.170234794379896,0.170234805772125
"mtbls79","MTBLS79","combat","ComBat","retained_features","higher","features",10,2488,0,2488,2488,2488,2488,2488
"mtbls79","MTBLS79","combat","ComBat","retained_samples","higher","samples",10,172,0,172,172,172,172,172
"mtbls79","MTBLS79","combat","ComBat","runtime_sec","lower","seconds",10,143.4662,23.4336075460485,140.782,128.664,146.34225,122.784,204.103
"mtbls79","MTBLS79","combat","ComBat","sample_replicate_pearson_median","higher","correlation",10,0.978158906110009,3.88354450709871e-05,0.978177327379065,0.978177327379065,0.978177327379065,0.978085221033787,0.978177327379065
"mtbls79","MTBLS79","qc_rfsc","QC-RFSC","batch_features_corrected","descriptive","features",0,,,,,,,
"mtbls79","MTBLS79","qc_rfsc","QC-RFSC","batch_weighted_pc_r2_categorical","lower","weighted R-squared",10,0.195112710073057,0,0.195112710073057,0.195112710073057,0.195112710073057,0.195112710073057,0.195112710073057
"mtbls79","MTBLS79","qc_rfsc","QC-RFSC","biological_associated_features","context","features",10,759,0,759,759,759,759,759
"mtbls79","MTBLS79","qc_rfsc","QC-RFSC","biological_weighted_pc_r2","higher","weighted R-squared",10,0.43430549639934,0,0.43430549639934,0.43430549639934,0.43430549639934,0.43430549639934,0.43430549639934
"mtbls79","MTBLS79","qc_rfsc","QC-RFSC","drift_features_corrected","descriptive","features",0,,,,,,,
"mtbls79","MTBLS79","qc_rfsc","QC-RFSC","drift_profiles_corrected","descriptive","profiles",0,,,,,,,
"mtbls79","MTBLS79","qc_rfsc","QC-RFSC","heldout_qc_cv_mean","lower","percent",10,10.6348394084937,0.183624990780319,10.6278200863657,10.5232691137497,10.7304913479077,10.3701976759785,11.016094837435
"mtbls79","MTBLS79","qc_rfsc","QC-RFSC","heldout_qc_cv_median","lower","percent",10,7.30087760781029,0.277884973111074,7.28240731172072,7.2406225447648,7.48424410072575,6.86870484835282,7.67262594075805
"mtbls79","MTBLS79","qc_rfsc","QC-RFSC","heldout_qc_cv_sd","lower","percent",10,14.2455225630272,0.560409244752075,14.3401683739864,13.7533884292578,14.7289380252346,13.513334138823,15.0234691220334
"mtbls79","MTBLS79","qc_rfsc","QC-RFSC","metabolite_icc_a1_median","higher","ICC(A,1)",10,0.617158652836966,0,0.617158652836966,0.617158652836966,0.617158652836966,0.617158652836966,0.617158652836966
"mtbls79","MTBLS79","qc_rfsc","QC-RFSC","residual_ljung_box_proportion_significant","lower","proportion",10,0.00291398713826367,0,0.00291398713826367,0.00291398713826367,0.00291398713826367,0.00291398713826367,0.00291398713826367
"mtbls79","MTBLS79","qc_rfsc","QC-RFSC","residual_run_order_gam_mean_deviance","lower","proportion",10,0.156451413525945,0,0.156451413525945,0.156451413525945,0.156451413525945,0.156451413525945,0.156451413525945
"mtbls79","MTBLS79","qc_rfsc","QC-RFSC","residual_run_order_gam_sd_deviance","lower","proportion",10,0.178671337286666,0,0.178671337286666,0.178671337286666,0.178671337286666,0.178671337286666,0.178671337286666
"mtbls79","MTBLS79","qc_rfsc","QC-RFSC","retained_features","higher","features",10,2488,0,2488,2488,2488,2488,2488
"mtbls79","MTBLS79","qc_rfsc","QC-RFSC","retained_samples","higher","samples",10,172,0,172,172,172,172,172
"mtbls79","MTBLS79","qc_rfsc","QC-RFSC","runtime_sec","lower","seconds",10,335.9291,30.7675630763237,339.8285,310.34475,347.4215,303.558,403.566
"mtbls79","MTBLS79","qc_rfsc","QC-RFSC","sample_replicate_pearson_median","higher","correlation",10,0.993812914852495,0,0.993812914852495,0.993812914852495,0.993812914852495,0.993812914852495,0.993812914852495
"mtbls79","MTBLS79","qc_rlsc","QC-RLSC","batch_features_corrected","descriptive","features",0,,,,,,,
"mtbls79","MTBLS79","qc_rlsc","QC-RLSC","batch_weighted_pc_r2_categorical","lower","weighted R-squared",10,0.110412566308041,0.128598194336838,0.0370729521067137,0.0257416246377721,0.227871621527437,0.0199708503974459,0.300832583313443
"mtbls79","MTBLS79","qc_rlsc","QC-RLSC","biological_associated_features","context","features",10,405.1,246.907292543398,330.5,279.25,572.25,76,824
"mtbls79","MTBLS79","qc_rlsc","QC-RLSC","biological_weighted_pc_r2","higher","weighted R-squared",10,0.0617935347175599,0.027397119736851,0.0512090210767536,0.0450225235360755,0.0767548870666446,0.0349011362698984,0.123371169645463
"mtbls79","MTBLS79","qc_rlsc","QC-RLSC","drift_features_corrected","descriptive","features",0,,,,,,,
"mtbls79","MTBLS79","qc_rlsc","QC-RLSC","drift_profiles_corrected","descriptive","profiles",0,,,,,,,
"mtbls79","MTBLS79","qc_rlsc","QC-RLSC","heldout_qc_cv_mean","lower","percent",10,154.710759081813,83.5188354290599,164.962946900424,131.723225307358,180.949968538744,35.2491714631521,331.463127380563
"mtbls79","MTBLS79","qc_rlsc","QC-RLSC","heldout_qc_cv_median","lower","percent",10,152.876025532737,84.177700666044,163.621588481452,127.557894901823,179.453080216715,34.2535164271778,333.032204837056
"mtbls79","MTBLS79","qc_rlsc","QC-RLSC","heldout_qc_cv_sd","lower","percent",10,10.1977718278785,3.06446206127445,9.76119592260588,8.80176685802646,12.4897919906174,4.98052880314059,15.4041468277554
"mtbls79","MTBLS79","qc_rlsc","QC-RLSC","metabolite_icc_a1_median","higher","ICC(A,1)",10,0.201817176334414,0.269094945323767,0.0649365431602502,0.0274259926513991,0.467677648803138,-0.0357724092193979,0.58718858904574
"mtbls79","MTBLS79","qc_rlsc","QC-RLSC","residual_ljung_box_proportion_significant","lower","proportion",10,0.00113042604501608,0.000760563292327543,0.00110530546623794,0.000854099678456592,0.00184636254019292,0,0.0020096463022508
"mtbls79","MTBLS79","qc_rlsc","QC-RLSC","residual_run_order_gam_mean_deviance","lower","proportion",10,0.106532366875104,0.0272561994524006,0.108312327519955,0.0991934022765169,0.126841214907701,0.0600551889270451,0.142668654637389
"mtbls79","MTBLS79","qc_rlsc","QC-RLSC","residual_run_order_gam_sd_deviance","lower","proportion",10,0.124349593532748,0.0351821377587857,0.12512952403473,0.115600334099122,0.153417294634944,0.0498602981133772,0.162684109536691
"mtbls79","MTBLS79","qc_rlsc","QC-RLSC","retained_features","higher","features",10,2488,0,2488,2488,2488,2488,2488
"mtbls79","MTBLS79","qc_rlsc","QC-RLSC","retained_samples","higher","samples",10,172,0,172,172,172,172,172
"mtbls79","MTBLS79","qc_rlsc","QC-RLSC","runtime_sec","lower","seconds",10,5228.1503,649.224919849482,5194.13,4859.28375,5560.033,4272.537,6374.505
"mtbls79","MTBLS79","qc_rlsc","QC-RLSC","sample_replicate_pearson_median","higher","correlation",10,0.989104900413996,0.00262776275640864,0.987750901790292,0.98738428087325,0.991602354054155,0.986969737576106,0.992911759332384
"mtbls79","MTBLS79","raw","Raw","batch_features_corrected","descriptive","features",0,,,,,,,
"mtbls79","MTBLS79","raw","Raw","batch_weighted_pc_r2_categorical","lower","weighted R-squared",10,0.36098533296055,0,0.36098533296055,0.36098533296055,0.36098533296055,0.36098533296055,0.36098533296055
"mtbls79","MTBLS79","raw","Raw","biological_associated_features","context","features",10,990,0,990,990,990,990,990
"mtbls79","MTBLS79","raw","Raw","biological_weighted_pc_r2","higher","weighted R-squared",10,0.342783223437302,0,0.342783223437302,0.342783223437302,0.342783223437302,0.342783223437302,0.342783223437302
"mtbls79","MTBLS79","raw","Raw","drift_features_corrected","descriptive","features",0,,,,,,,
"mtbls79","MTBLS79","raw","Raw","drift_profiles_corrected","descriptive","profiles",0,,,,,,,
"mtbls79","MTBLS79","raw","Raw","heldout_qc_cv_mean","lower","percent",10,29.4287712638166,0.547297048738167,29.6124454822682,29.063392489156,29.8300023923883,28.3542220110721,29.9546405903895
"mtbls79","MTBLS79","raw","Raw","heldout_qc_cv_median","lower","percent",10,24.6304999420162,0.599984538385469,24.6554280497494,24.262406527457,25.0106304270088,23.6052500647962,25.6231381999775
"mtbls79","MTBLS79","raw","Raw","heldout_qc_cv_sd","lower","percent",10,18.8414971703264,0.462899262125952,18.7913961607492,18.4910639233415,19.2145769500011,18.1743078189409,19.5984349385531
"mtbls79","MTBLS79","raw","Raw","metabolite_icc_a1_median","higher","ICC(A,1)",10,0.548997409303439,0,0.548997409303439,0.548997409303439,0.548997409303439,0.548997409303439,0.548997409303439
"mtbls79","MTBLS79","raw","Raw","residual_ljung_box_proportion_significant","lower","proportion",10,0.00296422829581994,0,0.00296422829581994,0.00296422829581994,0.00296422829581994,0.00296422829581994,0.00296422829581994
"mtbls79","MTBLS79","raw","Raw","residual_run_order_gam_mean_deviance","lower","proportion",10,0.14171601494383,0,0.14171601494383,0.14171601494383,0.14171601494383,0.14171601494383,0.14171601494383
"mtbls79","MTBLS79","raw","Raw","residual_run_order_gam_sd_deviance","lower","proportion",10,0.170234776182955,0,0.170234776182955,0.170234776182955,0.170234776182955,0.170234776182955,0.170234776182955
"mtbls79","MTBLS79","raw","Raw","retained_features","higher","features",10,2488,0,2488,2488,2488,2488,2488
"mtbls79","MTBLS79","raw","Raw","retained_samples","higher","samples",10,172,0,172,172,172,172,172
"mtbls79","MTBLS79","raw","Raw","runtime_sec","lower","seconds",10,0.0462,0.00293636207273937,0.047,0.04325,0.04875,0.042,0.05
"mtbls79","MTBLS79","raw","Raw","sample_replicate_pearson_median","higher","correlation",10,0.952320686738354,0,0.952320686738354,0.952320686738354,0.952320686738354,0.952320686738354,0.952320686738354
"mtbls79","MTBLS79","serrf","SERRF","batch_features_corrected","descriptive","features",0,,,,,,,
"mtbls79","MTBLS79","serrf","SERRF","batch_weighted_pc_r2_categorical","lower","weighted R-squared",10,0.00841627689206045,1.83098774609537e-13,0.00841627689204688,0.00841627689195154,0.00841627689222051,0.00841627689178974,0.00841627689231311
"mtbls79","MTBLS79","serrf","SERRF","biological_associated_features","context","features",10,1000,0,1000,1000,1000,1000,1000
"mtbls79","MTBLS79","serrf","SERRF","biological_weighted_pc_r2","higher","weighted R-squared",10,0.466102947408316,1.9758334251179e-13,0.466102947408321,0.466102947408182,0.466102947408434,0.466102947408051,0.466102947408661
"mtbls79","MTBLS79","serrf","SERRF","drift_features_corrected","descriptive","features",0,,,,,,,
"mtbls79","MTBLS79","serrf","SERRF","drift_profiles_corrected","descriptive","profiles",0,,,,,,,
"mtbls79","MTBLS79","serrf","SERRF","heldout_qc_cv_mean","lower","percent",10,17.8722656851713,0.251644576512105,17.7610714764304,17.6656549089727,18.0429423602377,17.6339595217266,18.2963310756751
"mtbls79","MTBLS79","serrf","SERRF","heldout_qc_cv_median","lower","percent",10,14.792869955522,0.278352461020065,14.7826934565063,14.6911862328777,14.8977770057683,14.3479264435527,15.2361499347134
"mtbls79","MTBLS79","serrf","SERRF","heldout_qc_cv_sd","lower","percent",10,11.0547870174174,0.381147118802906,11.1106416579975,10.8211406608178,11.2554662283209,10.3592216155066,11.6246101640866
"mtbls79","MTBLS79","serrf","SERRF","metabolite_icc_a1_median","higher","ICC(A,1)",10,0.667618584662048,1.11762364534077e-11,0.667618584665065,0.667618584652438,0.66761858467183,0.667618584646225,0.667618584672727
"mtbls79","MTBLS79","serrf","SERRF","residual_ljung_box_proportion_significant","lower","proportion",10,0.00296422829581994,0,0.00296422829581994,0.00296422829581994,0.00296422829581994,0.00296422829581994,0.00296422829581994
"mtbls79","MTBLS79","serrf","SERRF","residual_run_order_gam_mean_deviance","lower","proportion",10,0.141716005240362,0,0.141716005240362,0.141716005240362,0.141716005240362,0.141716005240362,0.141716005240362
"mtbls79","MTBLS79","serrf","SERRF","residual_run_order_gam_sd_deviance","lower","proportion",10,0.170234786327122,0,0.170234786327122,0.170234786327122,0.170234786327122,0.170234786327122,0.170234786327122
"mtbls79","MTBLS79","serrf","SERRF","retained_features","higher","features",10,2488,0,2488,2488,2488,2488,2488
"mtbls79","MTBLS79","serrf","SERRF","retained_samples","higher","samples",10,172,0,172,172,172,172,172
"mtbls79","MTBLS79","serrf","SERRF","runtime_sec","lower","seconds",10,4803.8767,273.013788088135,4834.0875,4659.3525,4989.577,4346.389,5204.564
"mtbls79","MTBLS79","serrf","SERRF","sample_replicate_pearson_median","higher","correlation",10,0.975109082133004,1.11658696390745e-13,0.975109082133026,0.975109082132926,0.975109082133065,0.975109082132827,0.975109082133201
"mtbls79","MTBLS79","tiger","TIGER","batch_features_corrected","descriptive","features",0,,,,,,,
"mtbls79","MTBLS79","tiger","TIGER","batch_weighted_pc_r2_categorical","lower","weighted R-squared",10,0.210308924270646,0.0082895324118288,0.207854854911335,0.205545871967414,0.208807741735289,0.202711338603357,0.228814819097218
"mtbls79","MTBLS79","tiger","TIGER","biological_associated_features","context","features",10,950.2,5.67254596964871,950.5,947.25,953,941,961
"mtbls79","MTBLS79","tiger","TIGER","biological_weighted_pc_r2","higher","weighted R-squared",10,0.41983342552349,0.00329608623914197,0.421141736552217,0.419686073685396,0.421805066280133,0.412157664175629,0.422470476487434
"mtbls79","MTBLS79","tiger","TIGER","drift_features_corrected","descriptive","features",0,,,,,,,
"mtbls79","MTBLS79","tiger","TIGER","drift_profiles_corrected","descriptive","profiles",0,,,,,,,
"mtbls79","MTBLS79","tiger","TIGER","heldout_qc_cv_mean","lower","percent",10,14.3987231111937,0.540063223946309,14.2104455612963,14.1340033451959,14.2924576821407,13.8731335828839,15.5303072245979
"mtbls79","MTBLS79","tiger","TIGER","heldout_qc_cv_median","lower","percent",10,12.2049586023727,0.804617582369348,11.9692408352628,11.8742263702984,12.1644809522752,11.3508159113353,13.7800191180449
"mtbls79","MTBLS79","tiger","TIGER","heldout_qc_cv_sd","lower","percent",10,8.43935571299381,0.271117829121191,8.39868193839165,8.23160181309862,8.58741891916996,8.11585572890335,8.92728792064949
"mtbls79","MTBLS79","tiger","TIGER","metabolite_icc_a1_median","higher","ICC(A,1)",10,0.584351262949628,0.00446251209628585,0.584935495508276,0.583084259093625,0.585680152349038,0.577078955329615,0.591522097976915
"mtbls79","MTBLS79","tiger","TIGER","residual_ljung_box_proportion_significant","lower","proportion",10,0.00194433279742765,0.000172502770388774,0.00195940514469453,0.00182124196141479,0.00205988745980707,0.00170819935691318,0.00221061093247588
"mtbls79","MTBLS79","tiger","TIGER","residual_run_order_gam_mean_deviance","lower","proportion",10,0.141359145827405,0.000360594959924082,0.14132485168529,0.141081167993262,0.141689284862119,0.140881736041834,0.141832413405741
"mtbls79","MTBLS79","tiger","TIGER","residual_run_order_gam_sd_deviance","lower","proportion",10,0.167541988727696,0.000489249988391145,0.167432044360836,0.16711537092481,0.16795860061873,0.166979124904246,0.168264696561028
"mtbls79","MTBLS79","tiger","TIGER","retained_features","higher","features",10,2488,0,2488,2488,2488,2488,2488
"mtbls79","MTBLS79","tiger","TIGER","retained_samples","higher","samples",10,172,0,172,172,172,172,172
"mtbls79","MTBLS79","tiger","TIGER","runtime_sec","lower","seconds",10,3047.2998,78.3002619391106,3071.673,2980.61475,3108.427,2924.129,3155.385
"mtbls79","MTBLS79","tiger","TIGER","sample_replicate_pearson_median","higher","correlation",10,0.961872614041388,0.000570248487732534,0.961739939584479,0.961424925944347,0.962282176492544,0.961234305908734,0.962987643192976
"mtbls79","MTBLS79","winn_auto_batch_qc","WiNN auto-batch (QC)","batch_features_corrected","descriptive","features",10,1904.4,0.966091783079296,1905,1903.5,1905,1903,1905
"mtbls79","MTBLS79","winn_auto_batch_qc","WiNN auto-batch (QC)","batch_weighted_pc_r2_categorical","lower","weighted R-squared",10,0.0242643943995256,0.000288753239061477,0.0243709556589068,0.024047616277857,0.0244866337382973,0.0237710521447943,0.0245329811919081
"mtbls79","MTBLS79","winn_auto_batch_qc","WiNN auto-batch (QC)","biological_associated_features","context","features",10,988,1.76383420737639,988.5,986.5,989,985,990
"mtbls79","MTBLS79","winn_auto_batch_qc","WiNN auto-batch (QC)","biological_weighted_pc_r2","higher","weighted R-squared",10,0.465247429345761,0.00117801021649081,0.465942403705283,0.464193265502514,0.465986241489226,0.463457923919349,0.46612591730164
"mtbls79","MTBLS79","winn_auto_batch_qc","WiNN auto-batch (QC)","drift_features_corrected","descriptive","features",10,884.2,248.285588251379,730,730,1115.5,730,1244
"mtbls79","MTBLS79","winn_auto_batch_qc","WiNN auto-batch (QC)","drift_profiles_corrected","descriptive","profiles",10,959.6,276.302249960679,788,788,1217,788,1360
"mtbls79","MTBLS79","winn_auto_batch_qc","WiNN auto-batch (QC)","heldout_qc_cv_mean","lower","percent",10,17.5501550522125,0.362654119157167,17.6215201868242,17.4699073391306,17.6870368409465,16.8233705965559,18.0449191424178
"mtbls79","MTBLS79","winn_auto_batch_qc","WiNN auto-batch (QC)","heldout_qc_cv_median","lower","percent",10,14.8720575600484,0.254704222892439,14.9626442985445,14.7659823434279,15.020075541583,14.2830184354701,15.1495408986732
"mtbls79","MTBLS79","winn_auto_batch_qc","WiNN auto-batch (QC)","heldout_qc_cv_sd","lower","percent",10,10.4591174241896,0.475977437796105,10.3650148828398,10.1710622186435,10.8451262730591,9.87531852266016,11.2867482921799
"mtbls79","MTBLS79","winn_auto_batch_qc","WiNN auto-batch (QC)","metabolite_icc_a1_median","higher","ICC(A,1)",10,0.663045965608388,0.00365271788915324,0.660958555949113,0.660905509791398,0.66638144230843,0.659735250902699,0.668869747730619
"mtbls79","MTBLS79","winn_auto_batch_qc","WiNN auto-batch (QC)","residual_ljung_box_proportion_significant","lower","proportion",10,0.00106511254019293,0.000137692958139699,0.0010048231511254,0.000954581993569132,0.00120578778135048,0.000954581993569132,0.00125602893890675
"mtbls79","MTBLS79","winn_auto_batch_qc","WiNN auto-batch (QC)","residual_run_order_gam_mean_deviance","lower","proportion",10,0.139726549945841,0.00299065896135425,0.137956232168509,0.13782279245688,0.142525463796807,0.137747501780612,0.14407744894442
"mtbls79","MTBLS79","winn_auto_batch_qc","WiNN auto-batch (QC)","residual_run_order_gam_sd_deviance","lower","proportion",10,0.168998403268681,0.00226561298513551,0.167662193021454,0.167553389062007,0.17112843290534,0.167465709851291,0.172292556298006
"mtbls79","MTBLS79","winn_auto_batch_qc","WiNN auto-batch (QC)","retained_features","higher","features",10,2488,0,2488,2488,2488,2488,2488
"mtbls79","MTBLS79","winn_auto_batch_qc","WiNN auto-batch (QC)","retained_samples","higher","samples",10,172,0,172,172,172,172,172
"mtbls79","MTBLS79","winn_auto_batch_qc","WiNN auto-batch (QC)","runtime_sec","lower","seconds",10,20.1939,3.8618278185336,19.5595,17.9955,19.967,17.872,30.834
"mtbls79","MTBLS79","winn_auto_batch_qc","WiNN auto-batch (QC)","sample_replicate_pearson_median","higher","correlation",10,0.97361167595749,8.36856952761245e-05,0.973559709997242,0.973559698710418,0.973689638429115,0.973559682071272,0.973732953811567
"mtbls79","MTBLS79","winn_auto_qc","WiNN auto (QC)","batch_features_corrected","descriptive","features",10,1943,0,1943,1943,1943,1943,1943
"mtbls79","MTBLS79","winn_auto_qc","WiNN auto (QC)","batch_weighted_pc_r2_categorical","lower","weighted R-squared",10,0.0112388847531768,5.44665442493306e-05,0.0112477811189415,0.0111996824958579,0.0112662797563364,0.0111495298435134,0.0113395996749273
"mtbls79","MTBLS79","winn_auto_qc","WiNN auto (QC)","biological_associated_features","context","features",10,1002.2,1.81352940116473,1001.5,1001,1002,1001,1006
"mtbls79","MTBLS79","winn_auto_qc","WiNN auto (QC)","biological_weighted_pc_r2","higher","weighted R-squared",10,0.466613379681284,4.80280616065649e-05,0.466606809930981,0.466577143050402,0.466644276092688,0.466543455661891,0.466688293660487
"mtbls79","MTBLS79","winn_auto_qc","WiNN auto (QC)","drift_features_corrected","descriptive","features",10,48,0,48,48,48,48,48
"mtbls79","MTBLS79","winn_auto_qc","WiNN auto (QC)","drift_profiles_corrected","descriptive","profiles",10,61,0,61,61,61,61,61
"mtbls79","MTBLS79","winn_auto_qc","WiNN auto (QC)","heldout_qc_cv_mean","lower","percent",10,16.8114078041743,0.276488588348315,16.8879846235344,16.7378185980297,17.0016097269503,16.306399828043,17.074269575645
"mtbls79","MTBLS79","winn_auto_qc","WiNN auto (QC)","heldout_qc_cv_median","lower","percent",10,14.3725204208424,0.315176698022365,14.4638520217807,14.3299282714851,14.5586238131652,13.7064102252509,14.7429038154048
"mtbls79","MTBLS79","winn_auto_qc","WiNN auto (QC)","heldout_qc_cv_sd","lower","percent",10,9.56759810727137,0.303810194423709,9.49925459287191,9.34300990769258,9.83843209638939,9.11626685532779,9.99968267327034
"mtbls79","MTBLS79","winn_auto_qc","WiNN auto (QC)","metabolite_icc_a1_median","higher","ICC(A,1)",10,0.67911446937059,0.000549502989434043,0.679140456936947,0.678984724352234,0.679231040542079,0.678238978090824,0.680340561799876
"mtbls79","MTBLS79","winn_auto_qc","WiNN auto (QC)","residual_ljung_box_proportion_significant","lower","proportion",10,0.000909364951768489,3.7071181037611e-05,0.000904340836012862,0.000904340836012862,0.000904340836012862,0.000854099678456592,0.0010048231511254
"mtbls79","MTBLS79","winn_auto_qc","WiNN auto (QC)","residual_run_order_gam_mean_deviance","lower","proportion",10,0.139683048117879,8.13114624678031e-05,0.139723003154338,0.139607220539151,0.139741802667788,0.139547702906219,0.139776141400887
"mtbls79","MTBLS79","winn_auto_qc","WiNN auto (QC)","residual_run_order_gam_sd_deviance","lower","proportion",10,0.167272811099358,7.16221336946481e-05,0.167267787378885,0.167212803104811,0.167338122216364,0.167169376913328,0.167357103723944
"mtbls79","MTBLS79","winn_auto_qc","WiNN auto (QC)","retained_features","higher","features",10,2488,0,2488,2488,2488,2488,2488
"mtbls79","MTBLS79","winn_auto_qc","WiNN auto (QC)","retained_samples","higher","samples",10,172,0,172,172,172,172,172
"mtbls79","MTBLS79","winn_auto_qc","WiNN auto (QC)","runtime_sec","lower","seconds",10,15.6051,1.00376673363663,15.3255,15.12525,15.71175,14.614,18.135
"mtbls79","MTBLS79","winn_auto_qc","WiNN auto (QC)","sample_replicate_pearson_median","higher","correlation",10,0.976073337970268,1.22672263661597e-08,0.976073338630407,0.976073331783313,0.976073346295775,0.976073315963112,0.976073354372677
"mtbls79","MTBLS79","winn_fixed_no_qc","WiNN fixed default (no QC)","batch_features_corrected","descriptive","features",10,1860,0,1860,1860,1860,1860,1860
"mtbls79","MTBLS79","winn_fixed_no_qc","WiNN fixed default (no QC)","batch_weighted_pc_r2_categorical","lower","weighted R-squared",10,0.0108480104370861,0,0.0108480104370861,0.0108480104370861,0.0108480104370861,0.0108480104370861,0.0108480104370861
"mtbls79","MTBLS79","winn_fixed_no_qc","WiNN fixed default (no QC)","biological_associated_features","context","features",10,1013,0,1013,1013,1013,1013,1013
"mtbls79","MTBLS79","winn_fixed_no_qc","WiNN fixed default (no QC)","biological_weighted_pc_r2","higher","weighted R-squared",10,0.471479113913378,0,0.471479113913378,0.471479113913378,0.471479113913378,0.471479113913378,0.471479113913378
"mtbls79","MTBLS79","winn_fixed_no_qc","WiNN fixed default (no QC)","drift_features_corrected","descriptive","features",10,40,0,40,40,40,40,40
"mtbls79","MTBLS79","winn_fixed_no_qc","WiNN fixed default (no QC)","drift_profiles_corrected","descriptive","profiles",10,52,0,52,52,52,52,52
"mtbls79","MTBLS79","winn_fixed_no_qc","WiNN fixed default (no QC)","heldout_qc_cv_mean","lower","percent",10,17.3612884634213,0.264871835224279,17.4971447405614,17.1828273332616,17.5420571782956,16.8538993563531,17.5918924694496
"mtbls79","MTBLS79","winn_fixed_no_qc","WiNN fixed default (no QC)","heldout_qc_cv_median","lower","percent",10,15.0244701573864,0.26059517106958,15.1039603530657,14.8415904289873,15.2301561657034,14.5086223152025,15.3088923148475
"mtbls79","MTBLS79","winn_fixed_no_qc","WiNN fixed default (no QC)","heldout_qc_cv_sd","lower","percent",10,9.51101308969776,0.314019907648516,9.45682576632185,9.31756909087983,9.71269557823745,9.03220172840577,9.98028105264092
"mtbls79","MTBLS79","winn_fixed_no_qc","WiNN fixed default (no QC)","metabolite_icc_a1_median","higher","ICC(A,1)",10,0.674414477673406,0,0.674414477673406,0.674414477673406,0.674414477673406,0.674414477673406,0.674414477673406
"mtbls79","MTBLS79","winn_fixed_no_qc","WiNN fixed default (no QC)","residual_ljung_box_proportion_significant","lower","proportion",10,0.00221061093247588,0,0.00221061093247588,0.00221061093247588,0.00221061093247588,0.00221061093247588,0.00221061093247588
"mtbls79","MTBLS79","winn_fixed_no_qc","WiNN fixed default (no QC)","residual_run_order_gam_mean_deviance","lower","proportion",10,0.140078697278888,0,0.140078697278888,0.140078697278888,0.140078697278888,0.140078697278888,0.140078697278888
"mtbls79","MTBLS79","winn_fixed_no_qc","WiNN fixed default (no QC)","residual_run_order_gam_sd_deviance","lower","proportion",10,0.168153066112504,0,0.168153066112504,0.168153066112504,0.168153066112504,0.168153066112504,0.168153066112504
"mtbls79","MTBLS79","winn_fixed_no_qc","WiNN fixed default (no QC)","retained_features","higher","features",10,2488,0,2488,2488,2488,2488,2488
"mtbls79","MTBLS79","winn_fixed_no_qc","WiNN fixed default (no QC)","retained_samples","higher","samples",10,172,0,172,172,172,172,172
"mtbls79","MTBLS79","winn_fixed_no_qc","WiNN fixed default (no QC)","runtime_sec","lower","seconds",10,8.2753,0.425420850452819,8.2775,7.9735,8.5365,7.636,8.879
"mtbls79","MTBLS79","winn_fixed_no_qc","WiNN fixed default (no QC)","sample_replicate_pearson_median","higher","correlation",10,0.975436813944675,0,0.975436813944675,0.975436813944675,0.975436813944675,0.975436813944675,0.975436813944675
"sacurine","Sacurine","combat","ComBat","batch_features_corrected","descriptive","features",0,,,,,,,
"sacurine","Sacurine","combat","ComBat","batch_weighted_pc_r2_categorical","lower","weighted R-squared",10,0.000511163884187993,0,0.000511163884187993,0.000511163884187993,0.000511163884187993,0.000511163884187993,0.000511163884187993
"sacurine","Sacurine","combat","ComBat","biological_associated_features","context","feature-variable tests",10,31,0,31,31,31,31,31
"sacurine","Sacurine","combat","ComBat","biological_weighted_pc_r2","higher","weighted R-squared",10,0.0269894116515147,0,0.0269894116515147,0.0269894116515147,0.0269894116515147,0.0269894116515147,0.0269894116515147
"sacurine","Sacurine","combat","ComBat","cross_batch_effect_pearson_median","higher","correlation",10,0.529143990274528,0,0.529143990274528,0.529143990274528,0.529143990274528,0.529143990274528,0.529143990274528
"sacurine","Sacurine","combat","ComBat","drift_features_corrected","descriptive","features",0,,,,,,,
"sacurine","Sacurine","combat","ComBat","drift_profiles_corrected","descriptive","profiles",0,,,,,,,
"sacurine","Sacurine","combat","ComBat","heldout_qc_cv_mean","lower","percent",10,27.1055789708971,4.70592908269153,28.1953028247619,23.9416759988153,30.707997012701,19.4990118758241,33.0821059058741
"sacurine","Sacurine","combat","ComBat","heldout_qc_cv_median","lower","percent",10,25.052675051563,4.56102295836318,26.0659502823867,21.4133789890226,28.7155994587775,18.1939611603438,30.8922531879276
"sacurine","Sacurine","combat","ComBat","heldout_qc_cv_sd","lower","percent",10,10.5537512637285,1.26155297795851,10.7383820452607,10.3988165568655,11.3070254546058,7.41761682208246,11.8818256609275
"sacurine","Sacurine","combat","ComBat","residual_ljung_box_proportion_significant","lower","proportion",10,0.128318584070796,0,0.128318584070796,0.128318584070796,0.128318584070796,0.128318584070796,0.128318584070796
"sacurine","Sacurine","combat","ComBat","residual_run_order_gam_mean_deviance","lower","proportion",10,0.0684058359503175,0,0.0684058359503175,0.0684058359503175,0.0684058359503175,0.0684058359503175,0.0684058359503175
"sacurine","Sacurine","combat","ComBat","residual_run_order_gam_sd_deviance","lower","proportion",10,0.0800503430158542,0,0.0800503430158542,0.0800503430158542,0.0800503430158542,0.0800503430158542,0.0800503430158542
"sacurine","Sacurine","combat","ComBat","retained_features","higher","features",10,113,0,113,113,113,113,113
"sacurine","Sacurine","combat","ComBat","retained_samples","higher","samples",10,210,0,210,210,210,210,210
"sacurine","Sacurine","combat","ComBat","runtime_sec","lower","seconds",10,1.7655,0.222490574082489,1.7545,1.5735,1.897,1.526,2.207
"sacurine","Sacurine","qc_rfsc","QC-RFSC","batch_features_corrected","descriptive","features",0,,,,,,,
"sacurine","Sacurine","qc_rfsc","QC-RFSC","batch_weighted_pc_r2_categorical","lower","weighted R-squared",10,0.0137033323882418,1.7746318698006e-05,0.0136949145701665,0.0136949145701665,0.0136949145701665,0.0136949145701665,0.0137370036605432
"sacurine","Sacurine","qc_rfsc","QC-RFSC","biological_associated_features","context","feature-variable tests",10,47.8,0.421637021355784,48,48,48,47,48
"sacurine","Sacurine","qc_rfsc","QC-RFSC","biological_weighted_pc_r2","higher","weighted R-squared",10,0.0481920325298691,2.39404848293116e-05,0.0482033884989215,0.0482033884989215,0.0482033884989215,0.0481466086536595,0.0482033884989215
"sacurine","Sacurine","qc_rfsc","QC-RFSC","cross_batch_effect_pearson_median","higher","correlation",10,0.495506796655231,0.000615545801644457,0.495214817644628,0.495214817644628,0.495214817644628,0.495214817644628,0.496674712697641
"sacurine","Sacurine","qc_rfsc","QC-RFSC","drift_features_corrected","descriptive","features",0,,,,,,,
"sacurine","Sacurine","qc_rfsc","QC-RFSC","drift_profiles_corrected","descriptive","profiles",0,,,,,,,
"sacurine","Sacurine","qc_rfsc","QC-RFSC","heldout_qc_cv_mean","lower","percent",10,6.86114376164643,1.07906436492434,6.48814317898396,6.32877638888619,7.56637983954582,5.14316558348301,8.87044029974293
"sacurine","Sacurine","qc_rfsc","QC-RFSC","heldout_qc_cv_median","lower","percent",10,4.59425770777348,0.940209491002111,4.18337576178908,3.92376865415872,5.38790953671075,3.51472276286809,6.0646139221709
"sacurine","Sacurine","qc_rfsc","QC-RFSC","heldout_qc_cv_sd","lower","percent",10,11.3887578106135,2.16127235100042,11.7900982596688,11.5739934478053,12.4291920971895,5.96104093592413,13.7565224373512
"sacurine","Sacurine","qc_rfsc","QC-RFSC","residual_ljung_box_proportion_significant","lower","proportion",10,0.00884955752212389,0,0.00884955752212389,0.00884955752212389,0.00884955752212389,0.00884955752212389,0.00884955752212389
"sacurine","Sacurine","qc_rfsc","QC-RFSC","residual_run_order_gam_mean_deviance","lower","proportion",10,0.0370314479627075,7.8512099661055e-05,0.0369942064038858,0.0369942064038858,0.0369942064038858,0.0369942064038858,0.0371804141979941
"sacurine","Sacurine","qc_rfsc","QC-RFSC","residual_run_order_gam_sd_deviance","lower","proportion",10,0.0469192848041043,0.000141613529356104,0.0469864579991434,0.0469864579991434,0.0469864579991434,0.0466505920239481,0.0469864579991434
"sacurine","Sacurine","qc_rfsc","QC-RFSC","retained_features","higher","features",10,113,0,113,113,113,113,113
"sacurine","Sacurine","qc_rfsc","QC-RFSC","retained_samples","higher","samples",10,210,0,210,210,210,210,210
"sacurine","Sacurine","qc_rfsc","QC-RFSC","runtime_sec","lower","seconds",10,7.7694,1.80235920701483,6.915,6.76875,7.68325,6.52,11.363
"sacurine","Sacurine","qc_rlsc","QC-RLSC","batch_features_corrected","descriptive","features",0,,,,,,,
"sacurine","Sacurine","qc_rlsc","QC-RLSC","batch_weighted_pc_r2_categorical","lower","weighted R-squared",10,0.000117693759801934,2.95881146939302e-06,0.000117363566073256,0.000115883482844069,0.000119247978065634,0.000112608887235814,0.000122910454377045
"sacurine","Sacurine","qc_rlsc","QC-RLSC","biological_associated_features","context","feature-variable tests",10,35.3,1.41813649241218,36,35,36,32,37
"sacurine","Sacurine","qc_rlsc","QC-RLSC","biological_weighted_pc_r2","higher","weighted R-squared",10,0.0400119750848755,0.00047911464836112,0.0401288700249285,0.0396590083995642,0.0403085178067405,0.0393182017085248,0.0407608992774098
"sacurine","Sacurine","qc_rlsc","QC-RLSC","cross_batch_effect_pearson_median","higher","correlation",10,0.535648570814852,0.00333148952438941,0.536822470450769,0.532237314492446,0.538188085215146,0.531210204130736,0.539619170473595
"sacurine","Sacurine","qc_rlsc","QC-RLSC","drift_features_corrected","descriptive","features",0,,,,,,,
"sacurine","Sacurine","qc_rlsc","QC-RLSC","drift_profiles_corrected","descriptive","profiles",0,,,,,,,
"sacurine","Sacurine","qc_rlsc","QC-RLSC","heldout_qc_cv_mean","lower","percent",10,14.3634921297374,2.77403164681979,13.4498351218241,12.2356858065742,16.6570405201174,11.2167851725345,19.2762274820154
"sacurine","Sacurine","qc_rlsc","QC-RLSC","heldout_qc_cv_median","lower","percent",10,9.83378995977932,0.862107459413435,9.7396592361334,9.02403928251338,10.6434753251814,8.78683808977704,11.046704685349
"sacurine","Sacurine","qc_rlsc","QC-RLSC","heldout_qc_cv_sd","lower","percent",10,15.1252991719908,6.69274726046318,12.4505268493323,9.88536625393787,19.2583116609499,9.46949958809116,27.137034136193
"sacurine","Sacurine","qc_rlsc","QC-RLSC","residual_ljung_box_proportion_significant","lower","proportion",10,0.00575221238938053,0.00298649804296705,0.00442477876106195,0.00442477876106195,0.00884955752212389,0,0.00884955752212389
"sacurine","Sacurine","qc_rlsc","QC-RLSC","residual_run_order_gam_mean_deviance","lower","proportion",10,0.0349816599351918,0.00158085081552078,0.0344457224316354,0.0337809837140517,0.0360392676738846,0.0333828341426587,0.0381591484838572
"sacurine","Sacurine","qc_rlsc","QC-RLSC","residual_run_order_gam_sd_deviance","lower","proportion",10,0.0400209320524777,0.00157472561710124,0.0401826305355882,0.0389096149527546,0.0408747704053274,0.037839960072763,0.0422258655231627
"sacurine","Sacurine","qc_rlsc","QC-RLSC","retained_features","higher","features",10,113,0,113,113,113,113,113
"sacurine","Sacurine","qc_rlsc","QC-RLSC","retained_samples","higher","samples",10,210,0,210,210,210,210,210
"sacurine","Sacurine","qc_rlsc","QC-RLSC","runtime_sec","lower","seconds",10,1.487,0.663605639250033,1.229,1.20625,1.29225,1.174,3.304
"sacurine","Sacurine","raw","Raw","batch_features_corrected","descriptive","features",0,,,,,,,
"sacurine","Sacurine","raw","Raw","batch_weighted_pc_r2_categorical","lower","weighted R-squared",10,0.131658082609212,0,0.131658082609212,0.131658082609212,0.131658082609212,0.131658082609212,0.131658082609212
"sacurine","Sacurine","raw","Raw","biological_associated_features","context","feature-variable tests",10,30,0,30,30,30,30,30
"sacurine","Sacurine","raw","Raw","biological_weighted_pc_r2","higher","weighted R-squared",10,0.0241181676205405,0,0.0241181676205405,0.0241181676205405,0.0241181676205405,0.0241181676205405,0.0241181676205405
"sacurine","Sacurine","raw","Raw","cross_batch_effect_pearson_median","higher","correlation",10,0.535009679276094,0,0.535009679276094,0.535009679276094,0.535009679276094,0.535009679276094,0.535009679276094
"sacurine","Sacurine","raw","Raw","drift_features_corrected","descriptive","features",0,,,,,,,
"sacurine","Sacurine","raw","Raw","drift_profiles_corrected","descriptive","profiles",0,,,,,,,
"sacurine","Sacurine","raw","Raw","heldout_qc_cv_mean","lower","percent",10,36.1508940456873,3.14505193034348,36.92116741304,34.546340587388,38.1119537098303,29.333531445414,40.333269131342
"sacurine","Sacurine","raw","Raw","heldout_qc_cv_median","lower","percent",10,33.886334000138,3.05694608827462,34.8912130582919,32.0741266023838,36.0251318031669,27.7278007064614,37.0184341670498
"sacurine","Sacurine","raw","Raw","heldout_qc_cv_sd","lower","percent",10,14.3134096370722,1.09880824533799,14.6034321156934,14.067921652754,15.0734027460468,11.4963102312598,15.1743325591244
"sacurine","Sacurine","raw","Raw","residual_ljung_box_proportion_significant","lower","proportion",10,0.128318584070796,0,0.128318584070796,0.128318584070796,0.128318584070796,0.128318584070796,0.128318584070796
"sacurine","Sacurine","raw","Raw","residual_run_order_gam_mean_deviance","lower","proportion",10,0.0684058304178776,0,0.0684058304178776,0.0684058304178776,0.0684058304178776,0.0684058304178776,0.0684058304178776
"sacurine","Sacurine","raw","Raw","residual_run_order_gam_sd_deviance","lower","proportion",10,0.0800503403159908,0,0.0800503403159908,0.0800503403159908,0.0800503403159908,0.0800503403159908,0.0800503403159908
"sacurine","Sacurine","raw","Raw","retained_features","higher","features",10,113,0,113,113,113,113,113
"sacurine","Sacurine","raw","Raw","retained_samples","higher","samples",10,210,0,210,210,210,210,210
"sacurine","Sacurine","raw","Raw","runtime_sec","lower","seconds",10,0.0502,0.0103473023859684,0.046,0.045,0.04975,0.044,0.078
"sacurine","Sacurine","serrf","SERRF","batch_features_corrected","descriptive","features",0,,,,,,,
"sacurine","Sacurine","serrf","SERRF","batch_weighted_pc_r2_categorical","lower","weighted R-squared",10,0.00219482165347738,0.000340163435403021,0.00213454656651624,0.00196330892334764,0.00225897223061264,0.00187515885836512,0.00301635953718453
"sacurine","Sacurine","serrf","SERRF","biological_associated_features","context","feature-variable tests",10,38.2,1.75119007154183,38.5,37.25,39.75,35,40
"sacurine","Sacurine","serrf","SERRF","biological_weighted_pc_r2","higher","weighted R-squared",10,0.0332854504852615,0.00194251277415276,0.0331569492949773,0.03163124372563,0.0348182507567934,0.0304861178343374,0.0359087730871225
"sacurine","Sacurine","serrf","SERRF","cross_batch_effect_pearson_median","higher","correlation",10,0.543672150737438,0.00526149584931272,0.544239225673351,0.540053912309984,0.548250009704134,0.535404519383971,0.549877535762588
"sacurine","Sacurine","serrf","SERRF","drift_features_corrected","descriptive","features",0,,,,,,,
"sacurine","Sacurine","serrf","SERRF","drift_profiles_corrected","descriptive","profiles",0,,,,,,,
"sacurine","Sacurine","serrf","SERRF","heldout_qc_cv_mean","lower","percent",10,17.7755749412628,2.05258781443672,17.1685053397423,16.8573532259613,18.5854557670528,14.8093708190337,21.9096460669798
"sacurine","Sacurine","serrf","SERRF","heldout_qc_cv_median","lower","percent",10,15.5620195275342,2.03289269616908,15.1924712589782,14.4935769322006,16.5134776445588,12.6265689704698,19.786689969246
"sacurine","Sacurine","serrf","SERRF","heldout_qc_cv_sd","lower","percent",10,8.75752038411785,0.714088188528426,8.73655303568832,8.14116413998565,9.24520059654768,7.8982305862357,9.97452665710493
"sacurine","Sacurine","serrf","SERRF","residual_ljung_box_proportion_significant","lower","proportion",10,0.0712389380530973,0.0122427763831546,0.0707964601769911,0.0663716814159292,0.0752212389380531,0.0530973451327434,0.0973451327433628
"sacurine","Sacurine","serrf","SERRF","residual_run_order_gam_mean_deviance","lower","proportion",10,0.0575538345658877,0.00197346300033585,0.0575280507286647,0.0562612848526939,0.0582674209194406,0.0552015038341074,0.0621450180522114
"sacurine","Sacurine","serrf","SERRF","residual_run_order_gam_sd_deviance","lower","proportion",10,0.0729623873708833,0.00276194961797976,0.0730542016789801,0.0712508297993251,0.0734945359006283,0.0691770030938606,0.0785757430998457
"sacurine","Sacurine","serrf","SERRF","retained_features","higher","features",10,113,0,113,113,113,113,113
"sacurine","Sacurine","serrf","SERRF","retained_samples","higher","samples",10,210,0,210,210,210,210,210
"sacurine","Sacurine","serrf","SERRF","runtime_sec","lower","seconds",10,42.2783,6.21297085941983,41.133,38.152,44.67325,36.083,56.888
"sacurine","Sacurine","tiger","TIGER","batch_features_corrected","descriptive","features",0,,,,,,,
"sacurine","Sacurine","tiger","TIGER","batch_weighted_pc_r2_categorical","lower","weighted R-squared",10,0.00241268683787225,0.000848365935400671,0.00210534338083887,0.00182512287687489,0.00303000298851482,0.00140309256915239,0.00409559136925821
"sacurine","Sacurine","tiger","TIGER","biological_associated_features","context","feature-variable tests",10,32.9,1.28668393770792,32.5,32,33,32,36
"sacurine","Sacurine","tiger","TIGER","biological_weighted_pc_r2","higher","weighted R-squared",10,0.0363921725814682,0.000745574698405821,0.0360901150736704,0.0359774257955563,0.0371042974500645,0.0351564488267969,0.037405339355408
"sacurine","Sacurine","tiger","TIGER","cross_batch_effect_pearson_median","higher","correlation",10,0.498907014870876,0.00512977141795225,0.499489685369348,0.495795267825858,0.502893432019501,0.488757311485573,0.505162324102128
"sacurine","Sacurine","tiger","TIGER","drift_features_corrected","descriptive","features",0,,,,,,,
"sacurine","Sacurine","tiger","TIGER","drift_profiles_corrected","descriptive","profiles",0,,,,,,,
"sacurine","Sacurine","tiger","TIGER","heldout_qc_cv_mean","lower","percent",10,10.3737147697218,0.769769886521152,10.3894174308673,9.72193481704176,10.7549993102426,9.34604800277623,11.8105502470692
"sacurine","Sacurine","tiger","TIGER","heldout_qc_cv_median","lower","percent",10,8.30937041911323,0.772667075792282,8.312332511901,7.90615141912292,8.6771306606548,7.10173192127727,9.8658460471699
"sacurine","Sacurine","tiger","TIGER","heldout_qc_cv_sd","lower","percent",10,7.44112766550476,0.760478444194146,7.59499451899111,6.67602472474669,7.96560748220662,6.43998376554726,8.45861493789091
"sacurine","Sacurine","tiger","TIGER","residual_ljung_box_proportion_significant","lower","proportion",10,0.015929203539823,0.00228494592696606,0.0176991150442478,0.0132743362831858,0.0176991150442478,0.0132743362831858,0.0176991150442478
"sacurine","Sacurine","tiger","TIGER","residual_run_order_gam_mean_deviance","lower","proportion",10,0.0393931460912139,0.000733129840057527,0.0396228703627969,0.0387769454115192,0.0399635212128265,0.038131289829374,0.0402431358152018
"sacurine","Sacurine","tiger","TIGER","residual_run_order_gam_sd_deviance","lower","proportion",10,0.0533371121237134,0.00119142288308474,0.0534584269847356,0.0523453596473671,0.0537844639025215,0.0516662255878572,0.0551515772768181
"sacurine","Sacurine","tiger","TIGER","retained_features","higher","features",10,113,0,113,113,113,113,113
"sacurine","Sacurine","tiger","TIGER","retained_samples","higher","samples",10,210,0,210,210,210,210,210
"sacurine","Sacurine","tiger","TIGER","runtime_sec","lower","seconds",10,90.3008,6.79256575316802,88.2095,86.93525,90.7665,84.075,108.389
"sacurine","Sacurine","winn_auto_batch_qc","WiNN auto-batch (QC)","batch_features_corrected","descriptive","features",10,84,0,84,84,84,84,84
"sacurine","Sacurine","winn_auto_batch_qc","WiNN auto-batch (QC)","batch_weighted_pc_r2_categorical","lower","weighted R-squared",10,0.000579771937461598,6.3336975386871e-05,0.000567500747591296,0.000560584766945884,0.000578466394421837,0.000489400895346983,0.000738199137694562
"sacurine","Sacurine","winn_auto_batch_qc","WiNN auto-batch (QC)","biological_associated_features","context","feature-variable tests",10,48.3,2.00277585143997,49.5,46,50,46,50
"sacurine","Sacurine","winn_auto_batch_qc","WiNN auto-batch (QC)","biological_weighted_pc_r2","higher","weighted R-squared",10,0.0480948442750242,0.000361362418159598,0.048082260078647,0.0479105110141169,0.048200150948733,0.047542086459032,0.0488953568723202
"sacurine","Sacurine","winn_auto_batch_qc","WiNN auto-batch (QC)","cross_batch_effect_pearson_median","higher","correlation",10,0.566021943340231,0.000496297761781387,0.566069321761447,0.565583925923655,0.566419960168844,0.565292219982279,0.566673695034341
"sacurine","Sacurine","winn_auto_batch_qc","WiNN auto-batch (QC)","drift_features_corrected","descriptive","features",10,14,0,14,14,14,14,14
"sacurine","Sacurine","winn_auto_batch_qc","WiNN auto-batch (QC)","drift_profiles_corrected","descriptive","profiles",10,15,0,15,15,15,15,15
"sacurine","Sacurine","winn_auto_batch_qc","WiNN auto-batch (QC)","heldout_qc_cv_mean","lower","percent",10,17.2335896769916,1.27874199862555,17.3616040139771,16.6314026934721,18.2836195679802,14.5863239186501,18.5188686168883
"sacurine","Sacurine","winn_auto_batch_qc","WiNN auto-batch (QC)","heldout_qc_cv_median","lower","percent",10,14.2661610172512,1.26224564310506,14.2197301920526,14.042510413274,14.7704390059771,11.1910616772068,15.9171374309557
"sacurine","Sacurine","winn_auto_batch_qc","WiNN auto-batch (QC)","heldout_qc_cv_sd","lower","percent",10,11.2398978817459,0.768375181349947,11.424416194171,10.4347866695287,11.8669950714867,10.2462564959071,12.1698971613943
"sacurine","Sacurine","winn_auto_batch_qc","WiNN auto-batch (QC)","residual_ljung_box_proportion_significant","lower","proportion",10,0.034070796460177,0.00213737120150289,0.0353982300884956,0.0320796460176991,0.0353982300884956,0.0309734513274336,0.0353982300884956
"sacurine","Sacurine","winn_auto_batch_qc","WiNN auto-batch (QC)","residual_run_order_gam_mean_deviance","lower","proportion",10,0.0396756668627309,0.000170505258756075,0.0397147184843627,0.0396192089556021,0.0397481365935451,0.03929351713476,0.0399209543088014
"sacurine","Sacurine","winn_auto_batch_qc","WiNN auto-batch (QC)","residual_run_order_gam_sd_deviance","lower","proportion",10,0.0567528783328562,0.00014305955992893,0.0567772203233582,0.0566706629553557,0.0568104683422658,0.0564724110672924,0.0569944592198046
"sacurine","Sacurine","winn_auto_batch_qc","WiNN auto-batch (QC)","retained_features","higher","features",10,113,0,113,113,113,113,113
"sacurine","Sacurine","winn_auto_batch_qc","WiNN auto-batch (QC)","retained_samples","higher","samples",10,210,0,210,210,210,210,210
"sacurine","Sacurine","winn_auto_batch_qc","WiNN auto-batch (QC)","runtime_sec","lower","seconds",10,1.3254,0.061458567796163,1.321,1.2745,1.35325,1.25,1.453
"sacurine","Sacurine","winn_auto_qc","WiNN auto (QC)","batch_features_corrected","descriptive","features",10,85,0,85,85,85,85,85
"sacurine","Sacurine","winn_auto_qc","WiNN auto (QC)","batch_weighted_pc_r2_categorical","lower","weighted R-squared",10,0.000460590415484811,5.0607713034901e-05,0.000440474095964765,0.000438408461319166,0.000466837517082664,0.000407684695487307,0.000580132266497222
"sacurine","Sacurine","winn_auto_qc","WiNN auto (QC)","biological_associated_features","context","feature-variable tests",10,48.9,0.316227766016838,49,49,49,48,49
"sacurine","Sacurine","winn_auto_qc","WiNN auto (QC)","biological_weighted_pc_r2","higher","weighted R-squared",10,0.0491234113775827,0.000185998921282567,0.0490675005467869,0.0489724408345356,0.0492927375250104,0.0489029147676553,0.0493982198462599
"sacurine","Sacurine","winn_auto_qc","WiNN auto (QC)","cross_batch_effect_pearson_median","higher","correlation",10,0.567331562767842,0.000632340080300156,0.567403468834907,0.567027588649061,0.567481206628198,0.566300044641076,0.56844436490149
"sacurine","Sacurine","winn_auto_qc","WiNN auto (QC)","drift_features_corrected","descriptive","features",10,42,0,42,42,42,42,42
"sacurine","Sacurine","winn_auto_qc","WiNN auto (QC)","drift_profiles_corrected","descriptive","profiles",10,52,0,52,52,52,52,52
"sacurine","Sacurine","winn_auto_qc","WiNN auto (QC)","heldout_qc_cv_mean","lower","percent",10,15.8045728899922,1.05310405916609,16.0332344337525,15.1480510473411,16.4942330669357,14.0457643064079,17.2288628171567
"sacurine","Sacurine","winn_auto_qc","WiNN auto (QC)","heldout_qc_cv_median","lower","percent",10,12.8699475181158,1.10108299350091,12.9595784785346,12.4036549373049,13.471765856961,11.1835465150366,14.623924965467
"sacurine","Sacurine","winn_auto_qc","WiNN auto (QC)","heldout_qc_cv_sd","lower","percent",10,10.3873863401423,0.659270426737562,10.5118997063168,9.82932178559768,10.898768709656,9.47119592209955,11.2155076146898
"sacurine","Sacurine","winn_auto_qc","WiNN auto (QC)","residual_ljung_box_proportion_significant","lower","proportion",10,0.0256637168141593,0.00349031255640096,0.0265486725663717,0.0221238938053097,0.0265486725663717,0.0221238938053097,0.0309734513274336
"sacurine","Sacurine","winn_auto_qc","WiNN auto (QC)","residual_run_order_gam_mean_deviance","lower","proportion",10,0.0436186228138319,0.000114411807159425,0.0435974038888895,0.0435388020735741,0.0436747392961498,0.0434868862019229,0.0438267826246937
"sacurine","Sacurine","winn_auto_qc","WiNN auto (QC)","residual_run_order_gam_sd_deviance","lower","proportion",10,0.0509094158387776,0.000144513251412462,0.0509124260002069,0.0508241548351411,0.0509712965103167,0.0506395114853888,0.0511684278054861
"sacurine","Sacurine","winn_auto_qc","WiNN auto (QC)","retained_features","higher","features",10,113,0,113,113,113,113,113
"sacurine","Sacurine","winn_auto_qc","WiNN auto (QC)","retained_samples","higher","samples",10,210,0,210,210,210,210,210
"sacurine","Sacurine","winn_auto_qc","WiNN auto (QC)","runtime_sec","lower","seconds",10,1.0139,0.0666574160248589,0.997,0.967,1.0405,0.944,1.173
"sacurine","Sacurine","winn_fixed_no_qc","WiNN fixed default (no QC)","batch_features_corrected","descriptive","features",10,82,0,82,82,82,82,82
"sacurine","Sacurine","winn_fixed_no_qc","WiNN fixed default (no QC)","batch_weighted_pc_r2_categorical","lower","weighted R-squared",10,0.000737747609499402,0,0.000737747609499402,0.000737747609499402,0.000737747609499402,0.000737747609499402,0.000737747609499402
"sacurine","Sacurine","winn_fixed_no_qc","WiNN fixed default (no QC)","biological_associated_features","context","feature-variable tests",10,48,0,48,48,48,48,48
"sacurine","Sacurine","winn_fixed_no_qc","WiNN fixed default (no QC)","biological_weighted_pc_r2","higher","weighted R-squared",10,0.0457852706905809,0,0.0457852706905809,0.0457852706905809,0.0457852706905809,0.0457852706905809,0.0457852706905809
"sacurine","Sacurine","winn_fixed_no_qc","WiNN fixed default (no QC)","cross_batch_effect_pearson_median","higher","correlation",10,0.537221386297552,0,0.537221386297552,0.537221386297552,0.537221386297552,0.537221386297552,0.537221386297552
"sacurine","Sacurine","winn_fixed_no_qc","WiNN fixed default (no QC)","drift_features_corrected","descriptive","features",10,37,0,37,37,37,37,37
"sacurine","Sacurine","winn_fixed_no_qc","WiNN fixed default (no QC)","drift_profiles_corrected","descriptive","profiles",10,44,0,44,44,44,44,44
"sacurine","Sacurine","winn_fixed_no_qc","WiNN fixed default (no QC)","heldout_qc_cv_mean","lower","percent",10,23.2552464837497,2.68957093442835,24.3045777881028,22.5143070291113,25.2675918850804,18.2668573923526,25.8932424035971
"sacurine","Sacurine","winn_fixed_no_qc","WiNN fixed default (no QC)","heldout_qc_cv_median","lower","percent",10,21.7781421189464,3.40352617882334,22.7038656176897,20.5453427700051,24.2013566152072,15.9350225208684,25.6081628375276
"sacurine","Sacurine","winn_fixed_no_qc","WiNN fixed default (no QC)","heldout_qc_cv_sd","lower","percent",10,9.12681873687032,0.43830304025154,9.09462932346474,8.90498897436019,9.33223202139085,8.41956495646559,9.94547966471805
"sacurine","Sacurine","winn_fixed_no_qc","WiNN fixed default (no QC)","residual_ljung_box_proportion_significant","lower","proportion",10,0.0309734513274336,0,0.0309734513274336,0.0309734513274336,0.0309734513274336,0.0309734513274336,0.0309734513274336
"sacurine","Sacurine","winn_fixed_no_qc","WiNN fixed default (no QC)","residual_run_order_gam_mean_deviance","lower","proportion",10,0.0520147926987853,0,0.0520147926987853,0.0520147926987853,0.0520147926987853,0.0520147926987853,0.0520147926987853
"sacurine","Sacurine","winn_fixed_no_qc","WiNN fixed default (no QC)","residual_run_order_gam_sd_deviance","lower","proportion",10,0.0673011809210797,0,0.0673011809210797,0.0673011809210797,0.0673011809210797,0.0673011809210797,0.0673011809210797
"sacurine","Sacurine","winn_fixed_no_qc","WiNN fixed default (no QC)","retained_features","higher","features",10,113,0,113,113,113,113,113
"sacurine","Sacurine","winn_fixed_no_qc","WiNN fixed default (no QC)","retained_samples","higher","samples",10,210,0,210,210,210,210,210
"sacurine","Sacurine","winn_fixed_no_qc","WiNN fixed default (no QC)","runtime_sec","lower","seconds",10,0.4749,0.0339622339273101,0.473,0.453,0.4965,0.423,0.54
"simulation","Simulation","combat","ComBat","batch_features_corrected","descriptive","features",0,,,,,,,
"simulation","Simulation","combat","ComBat","batch_weighted_pc_r2_categorical","lower","weighted R-squared",10,0.000103519147488483,0,0.000103519147488483,0.000103519147488483,0.000103519147488483,0.000103519147488483,0.000103519147488483
"simulation","Simulation","combat","ComBat","drift_features_corrected","descriptive","features",0,,,,,,,
"simulation","Simulation","combat","ComBat","drift_profiles_corrected","descriptive","profiles",0,,,,,,,
"simulation","Simulation","combat","ComBat","heldout_qc_cv_mean","lower","percent",10,12.9642701644825,0.466186498905238,12.9603205611562,12.5813323202425,13.3135639641662,12.3136810489198,13.7741262874691
"simulation","Simulation","combat","ComBat","heldout_qc_cv_median","lower","percent",10,11.4392542556862,0.713433105010289,11.5563900109897,10.6845632447513,12.1219867793621,10.6385401375319,12.2753980537556
"simulation","Simulation","combat","ComBat","heldout_qc_cv_sd","lower","percent",10,10.0081382749056,0.401016739880527,9.87112236852025,9.77608977011454,10.3197693808831,9.35451981643753,10.6997879209082
"simulation","Simulation","combat","ComBat","residual_ljung_box_proportion_significant","lower","proportion",10,0.2482,0,0.2482,0.2482,0.2482,0.2482,0.2482
"simulation","Simulation","combat","ComBat","residual_run_order_gam_mean_deviance","lower","proportion",10,0.127649520286793,0,0.127649520286793,0.127649520286793,0.127649520286793,0.127649520286793,0.127649520286793
"simulation","Simulation","combat","ComBat","residual_run_order_gam_sd_deviance","lower","proportion",10,0.197313916613525,0,0.197313916613525,0.197313916613525,0.197313916613525,0.197313916613525,0.197313916613525
"simulation","Simulation","combat","ComBat","retained_features","higher","features",10,1000,0,1000,1000,1000,1000,1000
"simulation","Simulation","combat","ComBat","retained_samples","higher","samples",10,500,0,500,500,500,500,500
"simulation","Simulation","combat","ComBat","runtime_sec","lower","seconds",10,2.1456,0.185722732408646,2.139,2.0325,2.30425,1.89,2.42
"simulation","Simulation","combat","ComBat","truth_log1p_rmse","lower","log1p intensity",10,0.103140426488342,0,0.103140426488342,0.103140426488342,0.103140426488342,0.103140426488342,0.103140426488342
"simulation","Simulation","combat","ComBat","truth_metabolite_profile_icc_mean","higher","ICC(A,1)",10,0.879386831580911,0,0.879386831580911,0.879386831580911,0.879386831580911,0.879386831580911,0.879386831580911
"simulation","Simulation","combat","ComBat","truth_sample_profile_pearson_mean","higher","correlation",10,0.881066706839948,0,0.881066706839948,0.881066706839948,0.881066706839948,0.881066706839948,0.881066706839948
"simulation","Simulation","qc_rfsc","QC-RFSC","batch_features_corrected","descriptive","features",0,,,,,,,
"simulation","Simulation","qc_rfsc","QC-RFSC","batch_weighted_pc_r2_categorical","lower","weighted R-squared",10,0.148843451142513,0.0128258741153472,0.151373442339995,0.137365343084782,0.156690904407279,0.130553265410734,0.169966708938424
"simulation","Simulation","qc_rfsc","QC-RFSC","drift_features_corrected","descriptive","features",0,,,,,,,
"simulation","Simulation","qc_rfsc","QC-RFSC","drift_profiles_corrected","descriptive","profiles",0,,,,,,,
"simulation","Simulation","qc_rfsc","QC-RFSC","heldout_qc_cv_mean","lower","percent",10,17.1793703849582,5.09670412752798,15.7249240246482,13.4940056701647,21.8875219451143,10.6119508394078,24.22228516792
"simulation","Simulation","qc_rfsc","QC-RFSC","heldout_qc_cv_median","lower","percent",10,15.869265532323,5.09924843383111,14.7085322830907,12.2746193788899,20.9140251571665,8.47453013315087,22.6105133773732
"simulation","Simulation","qc_rfsc","QC-RFSC","heldout_qc_cv_sd","lower","percent",10,13.0904605710062,2.61082791051585,12.9917916141402,11.8235005580392,14.8112517204355,8.60095318916585,16.7517403735916
"simulation","Simulation","qc_rfsc","QC-RFSC","residual_ljung_box_proportion_significant","lower","proportion",10,0.19194,0.0267262750449399,0.1837,0.17595,0.20835,0.1478,0.232
"simulation","Simulation","qc_rfsc","QC-RFSC","residual_run_order_gam_mean_deviance","lower","proportion",10,0.121610141469934,0.0103444869684555,0.120162630889531,0.115481179472631,0.129284359227903,0.102696389734375,0.137531927052765
"simulation","Simulation","qc_rfsc","QC-RFSC","residual_run_order_gam_sd_deviance","lower","proportion",10,0.145342575016761,0.0116851989643076,0.14107197743491,0.137627856108862,0.156420221586545,0.127158875120394,0.162632396771672
"simulation","Simulation","qc_rfsc","QC-RFSC","retained_features","higher","features",10,1000,0,1000,1000,1000,1000,1000
"simulation","Simulation","qc_rfsc","QC-RFSC","retained_samples","higher","samples",10,500,0,500,500,500,500,500
"simulation","Simulation","qc_rfsc","QC-RFSC","runtime_sec","lower","seconds",10,33.62,2.75105050642275,33.0645,32.265,34.46,29.622,38.825
"simulation","Simulation","qc_rfsc","QC-RFSC","truth_log1p_rmse","lower","log1p intensity",10,0.196097145409648,0.00390192780216496,0.197621800787593,0.194498349436118,0.198609476409577,0.188143686565038,0.200918574342207
"simulation","Simulation","qc_rfsc","QC-RFSC","truth_metabolite_profile_icc_mean","higher","ICC(A,1)",10,0.702038666326064,0.00749506133712683,0.704005345576322,0.696755268328177,0.706497248958511,0.691356281336138,0.715185116924566
"simulation","Simulation","qc_rfsc","QC-RFSC","truth_sample_profile_pearson_mean","higher","correlation",10,0.677171320047176,0.00760925213444137,0.677620741244312,0.671337514100263,0.682175996326477,0.665291602800663,0.688293315474597
"simulation","Simulation","qc_rlsc","QC-RLSC","batch_features_corrected","descriptive","features",0,,,,,,,
"simulation","Simulation","qc_rlsc","QC-RLSC","batch_weighted_pc_r2_categorical","lower","weighted R-squared",10,0.00010118588392742,2.50814061267162e-05,0.000100553719994085,9.51701422124044e-05,0.000113303936710667,5.58368843134903e-05,0.000139262130761541
"simulation","Simulation","qc_rlsc","QC-RLSC","drift_features_corrected","descriptive","features",0,,,,,,,
"simulation","Simulation","qc_rlsc","QC-RLSC","drift_profiles_corrected","descriptive","profiles",0,,,,,,,
"simulation","Simulation","qc_rlsc","QC-RLSC","heldout_qc_cv_mean","lower","percent",10,10.9499555364314,0.446267190316318,10.7287340678693,10.6569246311698,11.3115410761444,10.3754726631666,11.7155478644849
"simulation","Simulation","qc_rlsc","QC-RLSC","heldout_qc_cv_median","lower","percent",10,8.43873260662989,0.37182822815709,8.3579020219736,8.215010783016,8.81984138095791,7.75049135360683,8.84390598113787
"simulation","Simulation","qc_rlsc","QC-RLSC","heldout_qc_cv_sd","lower","percent",10,8.33527435372032,0.464781050787158,8.18952482409932,8.01081559852841,8.63917130986922,7.84463950969301,9.31456623158669
"simulation","Simulation","qc_rlsc","QC-RLSC","residual_ljung_box_proportion_significant","lower","proportion",10,0.06256,0.0043367166279469,0.0627,0.0601,0.0657,0.0556,0.0694
"simulation","Simulation","qc_rlsc","QC-RLSC","residual_run_order_gam_mean_deviance","lower","proportion",10,0.0513069448090284,0.00209404208404434,0.0509628276556836,0.0498328760508355,0.052906670252937,0.0483406952812169,0.0544867663418412
"simulation","Simulation","qc_rlsc","QC-RLSC","residual_run_order_gam_sd_deviance","lower","proportion",10,0.0893526909269235,0.00585479718754992,0.0870906875549043,0.0859109672222215,0.0930139088549144,0.0824013181518992,0.100393159381961
"simulation","Simulation","qc_rlsc","QC-RLSC","retained_features","higher","features",10,1000,0,1000,1000,1000,1000,1000
"simulation","Simulation","qc_rlsc","QC-RLSC","retained_samples","higher","samples",10,500,0,500,500,500,500,500
"simulation","Simulation","qc_rlsc","QC-RLSC","runtime_sec","lower","seconds",10,5.3575,0.289643171275738,5.352,5.20925,5.4305,4.895,5.99
"simulation","Simulation","qc_rlsc","QC-RLSC","truth_log1p_rmse","lower","log1p intensity",10,0.0880383151472382,0.00111648085240769,0.0876988430751225,0.0875586836047168,0.0886124650607078,0.0865171518019014,0.0900009548301292
"simulation","Simulation","qc_rlsc","QC-RLSC","truth_metabolite_profile_icc_mean","higher","ICC(A,1)",10,0.907300867575218,0.00211895608653655,0.90785734686413,0.906135652925143,0.90827843342571,0.903609811067779,0.910197079945033
"simulation","Simulation","qc_rlsc","QC-RLSC","truth_sample_profile_pearson_mean","higher","correlation",10,0.908538676038894,0.00208680704612141,0.909251935569233,0.907266846179811,0.909578815964066,0.904951826743742,0.911327177197855
"simulation","Simulation","raw","Raw","batch_features_corrected","descriptive","features",0,,,,,,,
"simulation","Simulation","raw","Raw","batch_weighted_pc_r2_categorical","lower","weighted R-squared",10,0.965647338615417,0,0.965647338615417,0.965647338615417,0.965647338615417,0.965647338615417,0.965647338615417
"simulation","Simulation","raw","Raw","drift_features_corrected","descriptive","features",0,,,,,,,
"simulation","Simulation","raw","Raw","drift_profiles_corrected","descriptive","profiles",0,,,,,,,
"simulation","Simulation","raw","Raw","heldout_qc_cv_mean","lower","percent",10,44.9760082345951,0.462517401395055,44.8326944954522,44.6394752047908,45.3375591009516,44.4418104807569,45.7934906778548
"simulation","Simulation","raw","Raw","heldout_qc_cv_median","lower","percent",10,42.9056499617361,0.657617642310314,42.9638354009952,42.3618987314919,43.1282281660354,41.9669955343436,43.9210916560585
"simulation","Simulation","raw","Raw","heldout_qc_cv_sd","lower","percent",10,30.9710600800075,0.275303123586902,31.0551576555911,30.800361654184,31.1526779240983,30.4048445082793,31.2790047083757
"simulation","Simulation","raw","Raw","residual_ljung_box_proportion_significant","lower","proportion",10,0.2482,0,0.2482,0.2482,0.2482,0.2482,0.2482
"simulation","Simulation","raw","Raw","residual_run_order_gam_mean_deviance","lower","proportion",10,0.12764961730634,0,0.12764961730634,0.12764961730634,0.12764961730634,0.12764961730634,0.12764961730634
"simulation","Simulation","raw","Raw","residual_run_order_gam_sd_deviance","lower","proportion",10,0.197313555439377,0,0.197313555439377,0.197313555439377,0.197313555439377,0.197313555439377,0.197313555439377
"simulation","Simulation","raw","Raw","retained_features","higher","features",10,1000,0,1000,1000,1000,1000,1000
"simulation","Simulation","raw","Raw","retained_samples","higher","samples",10,500,0,500,500,500,500,500
"simulation","Simulation","raw","Raw","runtime_sec","lower","seconds",10,0.0564,0.0161809215504625,0.054,0.04975,0.055,0.043,0.1
"simulation","Simulation","raw","Raw","truth_log1p_rmse","lower","log1p intensity",10,0.290839531888212,0,0.290839531888212,0.290839531888212,0.290839531888212,0.290839531888212,0.290839531888212
"simulation","Simulation","raw","Raw","truth_metabolite_profile_icc_mean","higher","ICC(A,1)",10,0.586183758689398,0,0.586183758689398,0.586183758689398,0.586183758689398,0.586183758689398,0.586183758689398
"simulation","Simulation","raw","Raw","truth_sample_profile_pearson_mean","higher","correlation",10,0.521842186444926,0,0.521842186444926,0.521842186444926,0.521842186444926,0.521842186444926,0.521842186444926
"simulation","Simulation","serrf","SERRF","batch_features_corrected","descriptive","features",0,,,,,,,
"simulation","Simulation","serrf","SERRF","batch_weighted_pc_r2_categorical","lower","weighted R-squared",10,0.000662902411125801,8.38553644785631e-05,0.000674503148799312,0.000609714397046372,0.000736555842171084,0.000523725948280568,0.000748658767671854
"simulation","Simulation","serrf","SERRF","drift_features_corrected","descriptive","features",0,,,,,,,
"simulation","Simulation","serrf","SERRF","drift_profiles_corrected","descriptive","profiles",0,,,,,,,
"simulation","Simulation","serrf","SERRF","heldout_qc_cv_mean","lower","percent",10,12.8380322538859,0.469289729394139,12.8449020911556,12.4359683772656,13.193310251166,12.1819624962419,13.6469405344857
"simulation","Simulation","serrf","SERRF","heldout_qc_cv_median","lower","percent",10,10.7111714745473,0.731671579392722,10.8226382472956,9.97101503187129,11.3496318578621,9.8291104612747,11.6686170088195
"simulation","Simulation","serrf","SERRF","heldout_qc_cv_sd","lower","percent",10,9.91696774755746,0.39443923583856,9.87754355933037,9.65495105729027,10.1724260378988,9.30991405921272,10.5414693418555
"simulation","Simulation","serrf","SERRF","residual_ljung_box_proportion_significant","lower","proportion",10,0.197,0.00220504472113883,0.1969,0.19555,0.19915,0.1934,0.1996
"simulation","Simulation","serrf","SERRF","residual_run_order_gam_mean_deviance","lower","proportion",10,0.0987661457511155,0.000837527384985661,0.0985757842336324,0.098173288024481,0.0995582114612479,0.0974467404968571,0.0999755994035278
"simulation","Simulation","serrf","SERRF","residual_run_order_gam_sd_deviance","lower","proportion",10,0.155372755907592,0.00105643583558533,0.155244301926365,0.154848127738358,0.156121815712376,0.153720249328521,0.157049026783507
"simulation","Simulation","serrf","SERRF","retained_features","higher","features",10,1000,0,1000,1000,1000,1000,1000
"simulation","Simulation","serrf","SERRF","retained_samples","higher","samples",10,500,0,500,500,500,500,500
"simulation","Simulation","serrf","SERRF","runtime_sec","lower","seconds",10,308.4729,21.526073185016,302.2185,294.24175,316.33475,279.968,350.829
"simulation","Simulation","serrf","SERRF","truth_log1p_rmse","lower","log1p intensity",10,0.0949866492616073,0.000263952429830184,0.0950420977982302,0.0948032295438606,0.0950946614456316,0.0945107252005487,0.0954458591765175
"simulation","Simulation","serrf","SERRF","truth_metabolite_profile_icc_mean","higher","ICC(A,1)",10,0.88836899851434,0.000563433646151172,0.888255036873923,0.888193135376953,0.888743210535687,0.887376319215595,0.88939145173774
"simulation","Simulation","serrf","SERRF","truth_sample_profile_pearson_mean","higher","correlation",10,0.88039840484209,0.000545936027937929,0.880287656658153,0.880107460502014,0.880755039988258,0.879442982235971,0.881381595636891
"simulation","Simulation","tiger","TIGER","batch_features_corrected","descriptive","features",0,,,,,,,
"simulation","Simulation","tiger","TIGER","batch_weighted_pc_r2_categorical","lower","weighted R-squared",10,0.054929778231757,0.0217009774596619,0.0598742731557182,0.0376166800567173,0.0728688860901577,0.0222351653685534,0.0797834566170965
"simulation","Simulation","tiger","TIGER","drift_features_corrected","descriptive","features",0,,,,,,,
"simulation","Simulation","tiger","TIGER","drift_profiles_corrected","descriptive","profiles",0,,,,,,,
"simulation","Simulation","tiger","TIGER","heldout_qc_cv_mean","lower","percent",10,9.53956023892531,0.498966813139025,9.55760719498225,9.2027543345475,9.92079040083756,8.71289849955926,10.2336196525388
"simulation","Simulation","tiger","TIGER","heldout_qc_cv_median","lower","percent",10,8.41638912670174,0.928851427155086,8.35929713416228,7.73298250902275,9.00877352835437,7.04059318556577,9.98399392309401
"simulation","Simulation","tiger","TIGER","heldout_qc_cv_sd","lower","percent",10,9.8145004092212,0.482775069457129,9.80675738840783,9.4743277233844,10.0463363514925,9.1143699287247,10.8431069830492
"simulation","Simulation","tiger","TIGER","residual_ljung_box_proportion_significant","lower","proportion",10,0.17436,0.00347665228504536,0.1752,0.17155,0.17685,0.1692,0.1794
"simulation","Simulation","tiger","TIGER","residual_run_order_gam_mean_deviance","lower","proportion",10,0.0844240772177708,0.000829704273743286,0.0842915138328633,0.0837239675300906,0.0850088302019337,0.0834131482538483,0.0858562695879392
"simulation","Simulation","tiger","TIGER","residual_run_order_gam_sd_deviance","lower","proportion",10,0.128244331028748,0.00139056337232909,0.128484928102787,0.126977333393488,0.129189308259414,0.126374749042274,0.130110047402577
"simulation","Simulation","tiger","TIGER","retained_features","higher","features",10,1000,0,1000,1000,1000,1000,1000
"simulation","Simulation","tiger","TIGER","retained_samples","higher","samples",10,500,0,500,500,500,500,500
"simulation","Simulation","tiger","TIGER","runtime_sec","lower","seconds",10,1666.0041,41.5096518319669,1659.4125,1646.2485,1688.33825,1592.954,1729.451
"simulation","Simulation","tiger","TIGER","truth_log1p_rmse","lower","log1p intensity",10,0.10994889413374,0.000929904290683911,0.109782232970589,0.109221695932524,0.11043446457322,0.108790315868242,0.111495366578232
"simulation","Simulation","tiger","TIGER","truth_metabolite_profile_icc_mean","higher","ICC(A,1)",10,0.874648777753677,0.00125324750716355,0.874255369846625,0.873692359823293,0.875575279911724,0.873022753788236,0.876782393676048
"simulation","Simulation","tiger","TIGER","truth_sample_profile_pearson_mean","higher","correlation",10,0.858313345286836,0.00167435242010293,0.858721159516157,0.85738217167797,0.859468850315553,0.855259933861774,0.860604857502157
"simulation","Simulation","winn_auto_batch_qc","WiNN auto-batch (QC)","batch_features_corrected","descriptive","features",10,703,0,703,703,703,703,703
"simulation","Simulation","winn_auto_batch_qc","WiNN auto-batch (QC)","batch_weighted_pc_r2_categorical","lower","weighted R-squared",10,0.19035394567977,3.98883805084546e-06,0.190353415293826,0.190350534523783,0.190355122949252,0.190349918600822,0.190361835804303
"simulation","Simulation","winn_auto_batch_qc","WiNN auto-batch (QC)","drift_features_corrected","descriptive","features",10,884,0,884,884,884,884,884
"simulation","Simulation","winn_auto_batch_qc","WiNN auto-batch (QC)","drift_profiles_corrected","descriptive","profiles",10,1647,0,1647,1647,1647,1647,1647
"simulation","Simulation","winn_auto_batch_qc","WiNN auto-batch (QC)","heldout_qc_cv_mean","lower","percent",10,15.325364548503,2.43003329553697,15.0617591129702,13.1646525468304,17.1240496315986,12.3509565339978,19.0550348564228
"simulation","Simulation","winn_auto_batch_qc","WiNN auto-batch (QC)","heldout_qc_cv_median","lower","percent",10,14.4995120789845,2.32920444101913,14.0031862522487,12.6812713541844,16.4209081107975,11.707513980339,18.2904012871791
"simulation","Simulation","winn_auto_batch_qc","WiNN auto-batch (QC)","heldout_qc_cv_sd","lower","percent",10,9.50060443847545,1.79136452457356,9.68139802707686,7.712030864822,10.5980839184155,7.24130174427815,12.1315645057294
"simulation","Simulation","winn_auto_batch_qc","WiNN auto-batch (QC)","residual_ljung_box_proportion_significant","lower","proportion",10,0.23088,0.000214993539954627,0.2308,0.2308,0.23095,0.2306,0.2314
"simulation","Simulation","winn_auto_batch_qc","WiNN auto-batch (QC)","residual_run_order_gam_mean_deviance","lower","proportion",10,0.138884996863084,7.07577582311583e-06,0.138885185389675,0.138881159514785,0.138891009083714,0.138872058517562,0.138893097400201
"simulation","Simulation","winn_auto_batch_qc","WiNN auto-batch (QC)","residual_run_order_gam_sd_deviance","lower","proportion",10,0.179869147743826,1.00627390042263e-05,0.179870728893181,0.179861011294744,0.179875597249656,0.1798549613778,0.179883632618418
"simulation","Simulation","winn_auto_batch_qc","WiNN auto-batch (QC)","retained_features","higher","features",10,1000,0,1000,1000,1000,1000,1000
"simulation","Simulation","winn_auto_batch_qc","WiNN auto-batch (QC)","retained_samples","higher","samples",10,500,0,500,500,500,500,500
"simulation","Simulation","winn_auto_batch_qc","WiNN auto-batch (QC)","runtime_sec","lower","seconds",10,20.2752,1.05169511847409,20.0075,19.45675,21.1515,19.136,22.111
"simulation","Simulation","winn_auto_batch_qc","WiNN auto-batch (QC)","truth_log1p_rmse","lower","log1p intensity",10,0.102730642074422,5.74113389648599e-06,0.102731788963518,0.102726586438542,0.102733172172905,0.102720900041331,0.102741354860702
"simulation","Simulation","winn_auto_batch_qc","WiNN auto-batch (QC)","truth_metabolite_profile_icc_mean","higher","ICC(A,1)",10,0.858227820338351,1.01704139914584e-05,0.858224682833909,0.858223130124199,0.858235644151409,0.858209691402979,0.858244076644157
"simulation","Simulation","winn_auto_batch_qc","WiNN auto-batch (QC)","truth_sample_profile_pearson_mean","higher","correlation",10,0.868555074792836,1.49426512037008e-07,0.868555034030801,0.868554969891198,0.868555192548536,0.868554872674551,0.868555326644649
"simulation","Simulation","winn_auto_qc","WiNN auto (QC)","batch_features_corrected","descriptive","features",10,721,0,721,721,721,721,721
"simulation","Simulation","winn_auto_qc","WiNN auto (QC)","batch_weighted_pc_r2_categorical","lower","weighted R-squared",10,0.000998812827210211,2.52367452543166e-06,0.000998325302084951,0.000997336218420822,0.00100123150833913,0.000995300855415391,0.00100226776594016
"simulation","Simulation","winn_auto_qc","WiNN auto (QC)","drift_features_corrected","descriptive","features",10,696,0,696,696,696,696,696
"simulation","Simulation","winn_auto_qc","WiNN auto (QC)","drift_profiles_corrected","descriptive","profiles",10,1566,0,1566,1566,1566,1566,1566
"simulation","Simulation","winn_auto_qc","WiNN auto (QC)","heldout_qc_cv_mean","lower","percent",10,8.72878262522399,0.139173043640789,8.72830574680527,8.60882854458913,8.7984510150516,8.56605563089197,8.95904681866543
"simulation","Simulation","winn_auto_qc","WiNN auto (QC)","heldout_qc_cv_median","lower","percent",10,7.69481777332918,0.158634467583278,7.74609004592044,7.65906710973569,7.79619001754818,7.395516577264,7.86614781919206
"simulation","Simulation","winn_auto_qc","WiNN auto (QC)","heldout_qc_cv_sd","lower","percent",10,6.23288034500357,0.121396276497528,6.19290674406606,6.17693279752626,6.2997724641623,6.01206290107441,6.4225924336002
"simulation","Simulation","winn_auto_qc","WiNN auto (QC)","residual_ljung_box_proportion_significant","lower","proportion",10,0.00848,0.000103279555898865,0.0084,0.0084,0.0086,0.0084,0.0086
"simulation","Simulation","winn_auto_qc","WiNN auto (QC)","residual_run_order_gam_mean_deviance","lower","proportion",10,0.0190542572626223,8.16243383574566e-06,0.0190554123928054,0.0190501473850077,0.0190589654379903,0.0190413481042518,0.0190688625136774
"simulation","Simulation","winn_auto_qc","WiNN auto (QC)","residual_run_order_gam_sd_deviance","lower","proportion",10,0.0319675863063796,6.30276342547137e-06,0.0319681626661796,0.0319636603050395,0.0319727029629583,0.0319568707132204,0.0319750618724273
"simulation","Simulation","winn_auto_qc","WiNN auto (QC)","retained_features","higher","features",10,1000,0,1000,1000,1000,1000,1000
"simulation","Simulation","winn_auto_qc","WiNN auto (QC)","retained_samples","higher","samples",10,500,0,500,500,500,500,500
"simulation","Simulation","winn_auto_qc","WiNN auto (QC)","runtime_sec","lower","seconds",10,18.2695,1.83117893112,17.682,16.989,19.14075,16.753,22.569
"simulation","Simulation","winn_auto_qc","WiNN auto (QC)","truth_log1p_rmse","lower","log1p intensity",10,0.0715953673610473,5.11968036686157e-06,0.0715943255647022,0.071591652721895,0.0715981761823894,0.0715895120004984,0.0716036717344725
"simulation","Simulation","winn_auto_qc","WiNN auto (QC)","truth_metabolite_profile_icc_mean","higher","ICC(A,1)",10,0.922318664965226,8.8945019230002e-06,0.922320647270023,0.922313855313266,0.922325503745357,0.922303797311724,0.922328102932404
"simulation","Simulation","winn_auto_qc","WiNN auto (QC)","truth_sample_profile_pearson_mean","higher","correlation",10,0.92598975205698,3.89436747282167e-08,0.925989758484041,0.925989726615539,0.925989778044484,0.925989688769167,0.925989798306098
"simulation","Simulation","winn_fixed_no_qc","WiNN fixed default (no QC)","batch_features_corrected","descriptive","features",10,725,0,725,725,725,725,725
"simulation","Simulation","winn_fixed_no_qc","WiNN fixed default (no QC)","batch_weighted_pc_r2_categorical","lower","weighted R-squared",10,0.000984578035653711,0,0.000984578035653711,0.000984578035653711,0.000984578035653711,0.000984578035653711,0.000984578035653711
"simulation","Simulation","winn_fixed_no_qc","WiNN fixed default (no QC)","drift_features_corrected","descriptive","features",10,655,0,655,655,655,655,655
"simulation","Simulation","winn_fixed_no_qc","WiNN fixed default (no QC)","drift_profiles_corrected","descriptive","profiles",10,1440,0,1440,1440,1440,1440,1440
"simulation","Simulation","winn_fixed_no_qc","WiNN fixed default (no QC)","heldout_qc_cv_mean","lower","percent",10,8.73925824248818,0.140256952455274,8.73654030275286,8.62940813930364,8.84197061267902,8.56783654790495,8.95348529178038
"simulation","Simulation","winn_fixed_no_qc","WiNN fixed default (no QC)","heldout_qc_cv_median","lower","percent",10,7.70035597935896,0.158304581334854,7.75221139706195,7.64884483033854,7.80927784785237,7.41639614768011,7.85626246056199
"simulation","Simulation","winn_fixed_no_qc","WiNN fixed default (no QC)","heldout_qc_cv_sd","lower","percent",10,6.28348582056434,0.113408429636535,6.25967772743448,6.23133371980396,6.35769439596163,6.07871864863327,6.44300188229704
"simulation","Simulation","winn_fixed_no_qc","WiNN fixed default (no QC)","residual_ljung_box_proportion_significant","lower","proportion",10,0.0078,0,0.0078,0.0078,0.0078,0.0078,0.0078
"simulation","Simulation","winn_fixed_no_qc","WiNN fixed default (no QC)","residual_run_order_gam_mean_deviance","lower","proportion",10,0.020259360410254,0,0.020259360410254,0.020259360410254,0.020259360410254,0.020259360410254,0.020259360410254
"simulation","Simulation","winn_fixed_no_qc","WiNN fixed default (no QC)","residual_run_order_gam_sd_deviance","lower","proportion",10,0.033790592433155,0,0.033790592433155,0.033790592433155,0.033790592433155,0.033790592433155,0.033790592433155
"simulation","Simulation","winn_fixed_no_qc","WiNN fixed default (no QC)","retained_features","higher","features",10,1000,0,1000,1000,1000,1000,1000
"simulation","Simulation","winn_fixed_no_qc","WiNN fixed default (no QC)","retained_samples","higher","samples",10,500,0,500,500,500,500,500
"simulation","Simulation","winn_fixed_no_qc","WiNN fixed default (no QC)","runtime_sec","lower","seconds",10,7.5365,1.43042008204272,7.18,6.83775,7.30825,6.562,11.444
"simulation","Simulation","winn_fixed_no_qc","WiNN fixed default (no QC)","truth_log1p_rmse","lower","log1p intensity",10,0.0717656363030658,0,0.0717656363030658,0.0717656363030658,0.0717656363030658,0.0717656363030658,0.0717656363030658
"simulation","Simulation","winn_fixed_no_qc","WiNN fixed default (no QC)","truth_metabolite_profile_icc_mean","higher","ICC(A,1)",10,0.922101988056287,0,0.922101988056287,0.922101988056287,0.922101988056287,0.922101988056287,0.922101988056287
"simulation","Simulation","winn_fixed_no_qc","WiNN fixed default (no QC)","truth_sample_profile_pearson_mean","higher","correlation",10,0.925722367961271,0,0.925722367961271,0.925722367961271,0.925722367961271,0.925722367961271,0.925722367961271
"waveica","WaveICA","combat","ComBat","batch_features_corrected","descriptive","features",0,,,,,,,
"waveica","WaveICA","combat","ComBat","batch_weighted_pc_r2_categorical","lower","weighted R-squared",10,0.000465422730130471,0,0.000465422730130471,0.000465422730130471,0.000465422730130471,0.000465422730130471,0.000465422730130471
"waveica","WaveICA","combat","ComBat","biological_associated_features","context","features",10,372,0,372,372,372,372,372
"waveica","WaveICA","combat","ComBat","biological_weighted_pc_r2","higher","weighted R-squared",10,0.00743208924888677,0,0.00743208924888677,0.00743208924888677,0.00743208924888677,0.00743208924888677,0.00743208924888677
"waveica","WaveICA","combat","ComBat","cross_batch_effect_pearson_median","higher","correlation",10,0.264101991446489,0,0.264101991446489,0.264101991446489,0.264101991446489,0.264101991446489,0.264101991446489
"waveica","WaveICA","combat","ComBat","drift_features_corrected","descriptive","features",0,,,,,,,
"waveica","WaveICA","combat","ComBat","drift_profiles_corrected","descriptive","profiles",0,,,,,,,
"waveica","WaveICA","combat","ComBat","heldout_qc_cv_mean","lower","percent",10,40.977815851764,1.65617864590278,40.8008144365484,39.8137770084104,42.3691011654077,38.4919766651504,43.1326717926442
"waveica","WaveICA","combat","ComBat","heldout_qc_cv_median","lower","percent",10,33.1512465159176,1.1851666815492,32.9837979269539,32.1718467264873,33.840276425971,31.5562056376414,35.1784523986112
"waveica","WaveICA","combat","ComBat","heldout_qc_cv_sd","lower","percent",10,28.9984084700794,1.34633687339712,29.0264618865459,28.0254756462109,30.0616812696375,26.7172983015108,31.0102083862705
"waveica","WaveICA","combat","ComBat","residual_ljung_box_proportion_significant","lower","proportion",10,0.600629417530826,0,0.600629417530826,0.600629417530826,0.600629417530826,0.600629417530826,0.600629417530826
"waveica","WaveICA","combat","ComBat","residual_run_order_gam_mean_deviance","lower","proportion",10,0.207306999885326,0,0.207306999885326,0.207306999885326,0.207306999885326,0.207306999885326,0.207306999885326
"waveica","WaveICA","combat","ComBat","residual_run_order_gam_sd_deviance","lower","proportion",10,0.233473889155669,0,0.233473889155669,0.233473889155669,0.233473889155669,0.233473889155669,0.233473889155669
"waveica","WaveICA","combat","ComBat","retained_features","higher","features",10,6461,0,6461,6461,6461,6461,6461
"waveica","WaveICA","combat","ComBat","retained_samples","higher","samples",10,642,0,642,642,642,642,642
"waveica","WaveICA","combat","ComBat","runtime_sec","lower","seconds",10,6.7983,2.04147528626835,6.599,5.20975,6.74225,4.662,10.31
"waveica","WaveICA","qc_rfsc","QC-RFSC","batch_features_corrected","descriptive","features",0,,,,,,,
"waveica","WaveICA","qc_rfsc","QC-RFSC","batch_weighted_pc_r2_categorical","lower","weighted R-squared",10,0.509350497487418,0.0010334436454433,0.5092597155159,0.508643563567826,0.509546070479627,0.508285251637352,0.511917394359824
"waveica","WaveICA","qc_rfsc","QC-RFSC","biological_associated_features","context","features",10,402.4,1.64654520469713,402,401.25,403,400,405
"waveica","WaveICA","qc_rfsc","QC-RFSC","biological_weighted_pc_r2","higher","weighted R-squared",10,0.00976016123026692,1.95523783388792e-05,0.00976279479291351,0.00975725386250585,0.00977384908171967,0.00971610816322044,0.00978264100440495
"waveica","WaveICA","qc_rfsc","QC-RFSC","cross_batch_effect_pearson_median","higher","correlation",10,0.35785652819409,0.000523624826194797,0.357732139087768,0.357598961009254,0.357835140948083,0.357130161207259,0.358905375103468
"waveica","WaveICA","qc_rfsc","QC-RFSC","drift_features_corrected","descriptive","features",0,,,,,,,
"waveica","WaveICA","qc_rfsc","QC-RFSC","drift_profiles_corrected","descriptive","profiles",0,,,,,,,
"waveica","WaveICA","qc_rfsc","QC-RFSC","heldout_qc_cv_mean","lower","percent",10,16.9475088728312,0.392287389334808,17.1022407273561,16.7768869753271,17.1519820733516,16.0537933730823,17.3963372628392
"waveica","WaveICA","qc_rfsc","QC-RFSC","heldout_qc_cv_median","lower","percent",10,11.2429451145874,0.473692436253614,11.2215921600055,11.129877689942,11.5588619214379,10.2045715630498,11.8463836044649
"waveica","WaveICA","qc_rfsc","QC-RFSC","heldout_qc_cv_sd","lower","percent",10,22.5977748172883,0.440061061612183,22.6939082208576,22.4249622388076,22.8932124312038,21.8005935920568,23.2292537966689
"waveica","WaveICA","qc_rfsc","QC-RFSC","residual_ljung_box_proportion_significant","lower","proportion",10,0.607821286694526,0.000636621680244866,0.607645875251509,0.607400815147294,0.608316566063045,0.607026776040861,0.608729298870144
"waveica","WaveICA","qc_rfsc","QC-RFSC","residual_run_order_gam_mean_deviance","lower","proportion",10,0.122062300996782,0.000566381819612709,0.121885129238787,0.121754911963356,0.122164620042583,0.121517751770557,0.123516833597149
"waveica","WaveICA","qc_rfsc","QC-RFSC","residual_run_order_gam_sd_deviance","lower","proportion",10,0.132946753637374,0.00129232211169177,0.132552012121172,0.132213495389109,0.133292438768303,0.131821488356741,0.136259113807555
"waveica","WaveICA","qc_rfsc","QC-RFSC","retained_features","higher","features",10,6461,0,6461,6461,6461,6461,6461
"waveica","WaveICA","qc_rfsc","QC-RFSC","retained_samples","higher","samples",10,642,0,642,642,642,642,642
"waveica","WaveICA","qc_rfsc","QC-RFSC","runtime_sec","lower","seconds",10,1430.5682,240.601648396404,1316.798,1291.18175,1430.54475,1236.14,1893.653
"waveica","WaveICA","qc_rlsc","QC-RLSC","batch_features_corrected","descriptive","features",0,,,,,,,
"waveica","WaveICA","qc_rlsc","QC-RLSC","batch_weighted_pc_r2_categorical","lower","weighted R-squared",10,0.00175785773647111,6.70921798290687e-05,0.0017672255904762,0.00172954172316573,0.00179974396218582,0.00163614692017609,0.00184418554430746
"waveica","WaveICA","qc_rlsc","QC-RLSC","biological_associated_features","context","features",10,412.7,5.1218486246016,415,412.5,415,402,418
"waveica","WaveICA","qc_rlsc","QC-RLSC","biological_weighted_pc_r2","higher","weighted R-squared",10,0.0117265387173995,6.35291894731666e-05,0.0117579938951567,0.0116757473670056,0.0117713328954617,0.0116123633441791,0.0117953384267718
"waveica","WaveICA","qc_rlsc","QC-RLSC","cross_batch_effect_pearson_median","higher","correlation",10,0.261595098344102,0.0019430704696479,0.261617916954029,0.260630889323484,0.261885470076864,0.258793931448956,0.26570795778235
"waveica","WaveICA","qc_rlsc","QC-RLSC","drift_features_corrected","descriptive","features",0,,,,,,,
"waveica","WaveICA","qc_rlsc","QC-RLSC","drift_profiles_corrected","descriptive","profiles",0,,,,,,,
"waveica","WaveICA","qc_rlsc","QC-RLSC","heldout_qc_cv_mean","lower","percent",10,42.0519068549754,1.5507824914353,42.5270330992201,41.8343593745012,43.0071790985884,38.1787959536601,43.4063486450603
"waveica","WaveICA","qc_rlsc","QC-RLSC","heldout_qc_cv_median","lower","percent",10,29.4770963869291,0.690230379908131,29.5836918719498,29.4675874442991,29.8072352165605,27.6191932983497,30.1121219208647
"waveica","WaveICA","qc_rlsc","QC-RLSC","heldout_qc_cv_sd","lower","percent",10,46.7121601593068,2.80513678141971,47.5305712417625,45.351884801511,48.5222033453101,40.6863598802581,49.5627184515264
"waveica","WaveICA","qc_rlsc","QC-RLSC","residual_ljung_box_proportion_significant","lower","proportion",10,0.593566527369344,0.00401969244676787,0.593716143011918,0.591033379765774,0.596347314657174,0.588144250116081,0.600371459526389
"waveica","WaveICA","qc_rlsc","QC-RLSC","residual_run_order_gam_mean_deviance","lower","proportion",10,0.125795615532847,0.0013238814943211,0.12585651525846,0.124781951094098,0.126718902549734,0.123869822645856,0.127872725255348
"waveica","WaveICA","qc_rlsc","QC-RLSC","residual_run_order_gam_sd_deviance","lower","proportion",10,0.131172903726226,0.000801593549165794,0.130956884167095,0.130812353406573,0.131773118781051,0.130118465024452,0.132481306377199
"waveica","WaveICA","qc_rlsc","QC-RLSC","retained_features","higher","features",10,6461,0,6461,6461,6461,6461,6461
"waveica","WaveICA","qc_rlsc","QC-RLSC","retained_samples","higher","samples",10,642,0,642,642,642,642,642
"waveica","WaveICA","qc_rlsc","QC-RLSC","runtime_sec","lower","seconds",10,90.252,14.8401575163848,85.993,82.91125,89.05625,80.857,131.216
"waveica","WaveICA","raw","Raw","batch_features_corrected","descriptive","features",0,,,,,,,
"waveica","WaveICA","raw","Raw","batch_weighted_pc_r2_categorical","lower","weighted R-squared",10,0.69436740649987,0,0.69436740649987,0.69436740649987,0.69436740649987,0.69436740649987,0.69436740649987
"waveica","WaveICA","raw","Raw","biological_associated_features","context","features",10,206,0,206,206,206,206,206
"waveica","WaveICA","raw","Raw","biological_weighted_pc_r2","higher","weighted R-squared",10,0.00276573078388549,0,0.00276573078388549,0.00276573078388549,0.00276573078388549,0.00276573078388549,0.00276573078388549
"waveica","WaveICA","raw","Raw","cross_batch_effect_pearson_median","higher","correlation",10,0.261918456568283,0,0.261918456568283,0.261918456568283,0.261918456568283,0.261918456568283,0.261918456568283
"waveica","WaveICA","raw","Raw","drift_features_corrected","descriptive","features",0,,,,,,,
"waveica","WaveICA","raw","Raw","drift_profiles_corrected","descriptive","profiles",0,,,,,,,
"waveica","WaveICA","raw","Raw","heldout_qc_cv_mean","lower","percent",10,50.0605277110386,1.46856973165483,49.9500597925252,49.2016671452084,51.0404868834012,47.3345193090441,52.1773611197173
"waveica","WaveICA","raw","Raw","heldout_qc_cv_median","lower","percent",10,44.2306620232582,1.37108727491491,43.9229736445052,43.5457420385031,45.4508330617987,41.5958036468814,45.9304309603053
"waveica","WaveICA","raw","Raw","heldout_qc_cv_sd","lower","percent",10,28.2982731756566,0.834513695407406,28.3684561531487,27.655048797617,28.6038883174068,27.0464661326654,29.6520821938307
"waveica","WaveICA","raw","Raw","residual_ljung_box_proportion_significant","lower","proportion",10,0.598565753495331,0,0.598565753495331,0.598565753495331,0.598565753495331,0.598565753495331,0.598565753495331
"waveica","WaveICA","raw","Raw","residual_run_order_gam_mean_deviance","lower","proportion",10,0.205768293336358,0,0.205768293336358,0.205768293336358,0.205768293336358,0.205768293336358,0.205768293336358
"waveica","WaveICA","raw","Raw","residual_run_order_gam_sd_deviance","lower","proportion",10,0.232415409330365,0,0.232415409330365,0.232415409330365,0.232415409330365,0.232415409330365,0.232415409330365
"waveica","WaveICA","raw","Raw","retained_features","higher","features",10,6461,0,6461,6461,6461,6461,6461
"waveica","WaveICA","raw","Raw","retained_samples","higher","samples",10,642,0,642,642,642,642,642
"waveica","WaveICA","raw","Raw","runtime_sec","lower","seconds",10,0.0453,0.00235937844922485,0.0445,0.04325,0.04675,0.043,0.049
"waveica","WaveICA","serrf","SERRF","batch_features_corrected","descriptive","features",0,,,,,,,
"waveica","WaveICA","serrf","SERRF","batch_weighted_pc_r2_categorical","lower","weighted R-squared",10,0.043192992102333,0.000995690074710209,0.0434315037035008,0.0425523291581964,0.0437178165635177,0.0412377241190733,0.0445699526345868
"waveica","WaveICA","serrf","SERRF","biological_associated_features","context","features",10,333.1,4.09471203708718,332,331.25,336,326,339
"waveica","WaveICA","serrf","SERRF","biological_weighted_pc_r2","higher","weighted R-squared",10,0.00937868779048691,5.31850063043251e-05,0.00939056499153982,0.0093474869589942,0.00941633915275979,0.0092938324546801,0.00945553104294894
"waveica","WaveICA","serrf","SERRF","cross_batch_effect_pearson_median","higher","correlation",10,0.222885827881405,0.0010945838545298,0.22263852910403,0.222161345657355,0.223799103516548,0.221443472773289,0.224333067087007
"waveica","WaveICA","serrf","SERRF","drift_features_corrected","descriptive","features",0,,,,,,,
"waveica","WaveICA","serrf","SERRF","drift_profiles_corrected","descriptive","profiles",0,,,,,,,
"waveica","WaveICA","serrf","SERRF","heldout_qc_cv_mean","lower","percent",10,34.1585382017811,0.595296681780443,34.3610122581031,33.9465343643285,34.5671299138688,32.7453793438783,34.741727378664
"waveica","WaveICA","serrf","SERRF","heldout_qc_cv_median","lower","percent",10,27.2049622198108,0.657102007729321,27.3525767233467,26.9473316297671,27.7556801600197,25.8823990722032,27.8431416009971
"waveica","WaveICA","serrf","SERRF","heldout_qc_cv_sd","lower","percent",10,30.7455848093987,0.895808344152385,30.3539631100376,30.1988702669649,30.7012676267543,30.1150501409934,32.7431721914042
"waveica","WaveICA","serrf","SERRF","residual_ljung_box_proportion_significant","lower","proportion",10,0.446329257596863,0.0032033726814399,0.445725635866481,0.444332662642522,0.447686116700201,0.442243202806583,0.453386988598256
"waveica","WaveICA","serrf","SERRF","residual_run_order_gam_mean_deviance","lower","proportion",10,0.117837798754405,0.00124947572774387,0.117883065096234,0.116937701840795,0.118549411570633,0.116071433600758,0.120217790984844
"waveica","WaveICA","serrf","SERRF","residual_run_order_gam_sd_deviance","lower","proportion",10,0.146919324999065,0.0018298279807038,0.146526694742838,0.145777844875014,0.14835832300839,0.144427638576697,0.149827513906621
"waveica","WaveICA","serrf","SERRF","retained_features","higher","features",10,6461,0,6461,6461,6461,6461,6461
"waveica","WaveICA","serrf","SERRF","retained_samples","higher","samples",10,642,0,642,642,642,642,642
"waveica","WaveICA","serrf","SERRF","runtime_sec","lower","seconds",10,5984.7484,425.414847146537,5861.899,5745.38625,6322.986,5409.027,6682.218
"waveica","WaveICA","tiger","TIGER","batch_features_corrected","descriptive","features",0,,,,,,,
"waveica","WaveICA","tiger","TIGER","batch_weighted_pc_r2_categorical","lower","weighted R-squared",10,0.499071971183277,0.00214649424205286,0.499046434729856,0.497310034594033,0.499940794490391,0.496793387650751,0.503942895909707
"waveica","WaveICA","tiger","TIGER","biological_associated_features","context","features",10,275.5,4.83620604284897,274.5,273,279,269,284
"waveica","WaveICA","tiger","TIGER","biological_weighted_pc_r2","higher","weighted R-squared",10,0.00667725551115634,5.58881390200723e-05,0.00666480018563202,0.00663847691930755,0.00672974806215306,0.00658312014049173,0.00675593554245565
"waveica","WaveICA","tiger","TIGER","cross_batch_effect_pearson_median","higher","correlation",10,0.224295508039602,0.00148636946016713,0.2239250136605,0.223240775722006,0.225264735724459,0.222354024306897,0.227315201890566
"waveica","WaveICA","tiger","TIGER","drift_features_corrected","descriptive","features",0,,,,,,,
"waveica","WaveICA","tiger","TIGER","drift_profiles_corrected","descriptive","profiles",0,,,,,,,
"waveica","WaveICA","tiger","TIGER","heldout_qc_cv_mean","lower","percent",10,25.6866922011282,0.718953088428277,25.7882019938444,25.3114727429447,26.158631014738,24.1770210794309,26.6065327354618
"waveica","WaveICA","tiger","TIGER","heldout_qc_cv_median","lower","percent",10,20.6169694023744,0.713639093131598,20.7315224432924,20.3037699779296,21.117237616331,18.9870076216955,21.3987837883466
"waveica","WaveICA","tiger","TIGER","heldout_qc_cv_sd","lower","percent",10,22.7738120897191,0.520372967834822,22.754011562696,22.4597713868765,23.0243068418967,21.9183180424181,23.8594025461933
"waveica","WaveICA","tiger","TIGER","residual_ljung_box_proportion_significant","lower","proportion",10,0.434607645875251,0.00333856084125133,0.434504462673477,0.432092555331992,0.435820048496105,0.430325543001599,0.441108187587061
"waveica","WaveICA","tiger","TIGER","residual_run_order_gam_mean_deviance","lower","proportion",10,0.11501872460463,0.00112379947508612,0.114732054875137,0.114221471703341,0.115706337684203,0.11358294608316,0.117115014199813
"waveica","WaveICA","tiger","TIGER","residual_run_order_gam_sd_deviance","lower","proportion",10,0.146108872176195,0.00135658543405406,0.145516839649979,0.145046308480954,0.147305227196381,0.144731110674081,0.148274585150087
"waveica","WaveICA","tiger","TIGER","retained_features","higher","features",10,6461,0,6461,6461,6461,6461,6461
"waveica","WaveICA","tiger","TIGER","retained_samples","higher","samples",10,642,0,642,642,642,642,642
"waveica","WaveICA","tiger","TIGER","runtime_sec","lower","seconds",10,15459.4229,1151.17748609186,15102.3805,14633.688,15974.49,14353.768,18120.538
"waveica","WaveICA","winn_auto_batch_qc","WiNN auto-batch (QC)","batch_features_corrected","descriptive","features",10,0,0,0,0,0,0,0
"waveica","WaveICA","winn_auto_batch_qc","WiNN auto-batch (QC)","batch_weighted_pc_r2_categorical","lower","weighted R-squared",10,0.481102346559528,0.000455270632336786,0.481373541920078,0.480694178507744,0.481392715028226,0.480410932039769,0.4814037870995
"waveica","WaveICA","winn_auto_batch_qc","WiNN auto-batch (QC)","biological_associated_features","context","features",10,274.8,2.69979423084221,276,272,277,271,277
"waveica","WaveICA","winn_auto_batch_qc","WiNN auto-batch (QC)","biological_weighted_pc_r2","higher","weighted R-squared",10,0.00463053964293652,0.000100340301336937,0.00456980228961819,0.00456752835045517,0.00472065073095985,0.00456562642888148,0.00478062073713549
"waveica","WaveICA","winn_auto_batch_qc","WiNN auto-batch (QC)","cross_batch_effect_pearson_median","higher","correlation",10,0.273599284243309,0.0082575130633646,0.268651519692251,0.26835149373889,0.28113572599944,0.268165061730431,0.285899496533499
"waveica","WaveICA","winn_auto_batch_qc","WiNN auto-batch (QC)","drift_features_corrected","descriptive","features",10,6335,0,6335,6335,6335,6335,6335
"waveica","WaveICA","winn_auto_batch_qc","WiNN auto-batch (QC)","drift_profiles_corrected","descriptive","profiles",10,6335,0,6335,6335,6335,6335,6335
"waveica","WaveICA","winn_auto_batch_qc","WiNN auto-batch (QC)","heldout_qc_cv_mean","lower","percent",10,42.6572499183477,1.29014521484043,42.6779376969416,41.9871056501141,43.6720679742196,40.1150722230751,44.2461282505019
"waveica","WaveICA","winn_auto_batch_qc","WiNN auto-batch (QC)","heldout_qc_cv_median","lower","percent",10,36.302505623216,1.09605636258287,36.5432466832059,36.002696079446,36.9185295741402,33.9813466381048,37.9364379430773
"waveica","WaveICA","winn_auto_batch_qc","WiNN auto-batch (QC)","heldout_qc_cv_sd","lower","percent",10,27.7032659281929,1.32290750752324,27.607502827741,26.7984148314224,28.3669420799844,25.7833699994297,30.1733554985223
"waveica","WaveICA","winn_auto_batch_qc","WiNN auto-batch (QC)","residual_ljung_box_proportion_significant","lower","proportion",10,0.601857297631945,0.000286528271848578,0.601893411752566,0.601609657947686,0.602022390754785,0.601454883145024,0.602331940360109
"waveica","WaveICA","winn_auto_batch_qc","WiNN auto-batch (QC)","residual_run_order_gam_mean_deviance","lower","proportion",10,0.211633573129366,0.000563953424504632,0.211981482361692,0.211164191109398,0.211984649619606,0.210743912281422,0.211993206173756
"waveica","WaveICA","winn_auto_batch_qc","WiNN auto-batch (QC)","residual_run_order_gam_sd_deviance","lower","proportion",10,0.236908322844795,0.00149447789034504,0.237822060658756,0.235530398215597,0.237846625110788,0.234704253100636,0.237861651125857
"waveica","WaveICA","winn_auto_batch_qc","WiNN auto-batch (QC)","retained_features","higher","features",10,6461,0,6461,6461,6461,6461,6461
"waveica","WaveICA","winn_auto_batch_qc","WiNN auto-batch (QC)","retained_samples","higher","samples",10,642,0,642,642,642,642,642
"waveica","WaveICA","winn_auto_batch_qc","WiNN auto-batch (QC)","runtime_sec","lower","seconds",10,55.1039,2.85022788367683,54.858,53.75175,55.8715,51.244,60.185
"waveica","WaveICA","winn_auto_qc","WiNN auto (QC)","batch_features_corrected","descriptive","features",10,6227.4,36.6854497344959,6210,6210,6210,6210,6298
"waveica","WaveICA","winn_auto_qc","WiNN auto (QC)","batch_weighted_pc_r2_categorical","lower","weighted R-squared",10,0.00224037618416498,0.000163259283102368,0.00229694274913502,0.00217369446449305,0.00233470182016706,0.00184741771503797,0.00242397902537585
"waveica","WaveICA","winn_auto_qc","WiNN auto (QC)","biological_associated_features","context","features",10,434.6,25.7431760105685,428,423.25,428.75,421,507
"waveica","WaveICA","winn_auto_qc","WiNN auto (QC)","biological_weighted_pc_r2","higher","weighted R-squared",10,0.0130417619157127,0.000744435272932215,0.0128611346145855,0.0125931357020085,0.0130890070963549,0.0125626123522316,0.0150385993936133
"waveica","WaveICA","winn_auto_qc","WiNN auto (QC)","cross_batch_effect_pearson_median","higher","correlation",10,0.273085341743278,0.00848959670205527,0.27220074852376,0.26552365250066,0.280736317125811,0.264261060261929,0.283826359492195
"waveica","WaveICA","winn_auto_qc","WiNN auto (QC)","drift_features_corrected","descriptive","features",10,5514.7,226.548523132095,5374,5374,5725.75,5374,5843
"waveica","WaveICA","winn_auto_qc","WiNN auto (QC)","drift_profiles_corrected","descriptive","profiles",10,11900.4,854.025136242098,11370,11370,12696,11370,13138
"waveica","WaveICA","winn_auto_qc","WiNN auto (QC)","heldout_qc_cv_mean","lower","percent",10,39.9576477565506,1.22088601488236,40.0718747052512,39.5411228177126,40.6968100960112,37.4244651497356,41.9047415621245
"waveica","WaveICA","winn_auto_qc","WiNN auto (QC)","heldout_qc_cv_median","lower","percent",10,28.3394553280986,0.620073324187192,28.5083057376972,27.8575222295962,28.8385044354834,27.3601052257648,29.0268524820976
"waveica","WaveICA","winn_auto_qc","WiNN auto (QC)","heldout_qc_cv_sd","lower","percent",10,39.5663392576087,2.04458571292832,39.7438800728358,39.0052466342842,40.607262789994,34.6207842315311,42.3873134692162
"waveica","WaveICA","winn_auto_qc","WiNN auto (QC)","residual_ljung_box_proportion_significant","lower","proportion",10,0.35018315018315,0.0751270602280444,0.372981478615281,0.362650260537584,0.381661765464583,0.137955940772842,0.384924934220709
"waveica","WaveICA","winn_auto_qc","WiNN auto (QC)","residual_run_order_gam_mean_deviance","lower","proportion",10,0.0875642971125344,0.0243878481429939,0.0960066508521313,0.092832593588185,0.0966336693161795,0.0183269721573339,0.0968684684155476
"waveica","WaveICA","winn_auto_qc","WiNN auto (QC)","residual_run_order_gam_sd_deviance","lower","proportion",10,0.12215637984926,0.0324874738462402,0.132353059839291,0.130108514053033,0.133671184353054,0.0298557747244981,0.134685906468317
"waveica","WaveICA","winn_auto_qc","WiNN auto (QC)","retained_features","higher","features",10,6461,0,6461,6461,6461,6461,6461
"waveica","WaveICA","winn_auto_qc","WiNN auto (QC)","retained_samples","higher","samples",10,642,0,642,642,642,642,642
"waveica","WaveICA","winn_auto_qc","WiNN auto (QC)","runtime_sec","lower","seconds",10,112.8689,10.3193761272451,108.5405,106.524,113.0985,105.033,135.247
"waveica","WaveICA","winn_fixed_no_qc","WiNN fixed default (no QC)","batch_features_corrected","descriptive","features",10,6298,0,6298,6298,6298,6298,6298
"waveica","WaveICA","winn_fixed_no_qc","WiNN fixed default (no QC)","batch_weighted_pc_r2_categorical","lower","weighted R-squared",10,0.00207900815504909,0,0.00207900815504909,0.00207900815504909,0.00207900815504909,0.00207900815504909,0.00207900815504909
"waveica","WaveICA","winn_fixed_no_qc","WiNN fixed default (no QC)","biological_associated_features","context","features",10,515,0,515,515,515,515,515
"waveica","WaveICA","winn_fixed_no_qc","WiNN fixed default (no QC)","biological_weighted_pc_r2","higher","weighted R-squared",10,0.0142279960061751,0,0.0142279960061751,0.0142279960061751,0.0142279960061751,0.0142279960061751,0.0142279960061751
"waveica","WaveICA","winn_fixed_no_qc","WiNN fixed default (no QC)","cross_batch_effect_pearson_median","higher","correlation",10,0.266637781078006,0,0.266637781078006,0.266637781078006,0.266637781078006,0.266637781078006,0.266637781078006
"waveica","WaveICA","winn_fixed_no_qc","WiNN fixed default (no QC)","drift_features_corrected","descriptive","features",10,5675,0,5675,5675,5675,5675,5675
"waveica","WaveICA","winn_fixed_no_qc","WiNN fixed default (no QC)","drift_profiles_corrected","descriptive","profiles",10,12480,0,12480,12480,12480,12480,12480
"waveica","WaveICA","winn_fixed_no_qc","WiNN fixed default (no QC)","heldout_qc_cv_mean","lower","percent",10,39.3194308145146,1.18792289627562,39.4785599463837,39.0423549921952,39.9329623484707,36.3782117251536,40.6870947243656
"waveica","WaveICA","winn_fixed_no_qc","WiNN fixed default (no QC)","heldout_qc_cv_median","lower","percent",10,27.435337072048,0.606812495094424,27.6095133915475,27.1394002676079,27.7969629238528,26.0685290161453,28.2244712784232
"waveica","WaveICA","winn_fixed_no_qc","WiNN fixed default (no QC)","heldout_qc_cv_sd","lower","percent",10,42.2167839299157,1.62536193956487,42.3341922227694,41.6781085613458,43.3140550944474,38.4611088911033,44.311761164676
"waveica","WaveICA","winn_fixed_no_qc","WiNN fixed default (no QC)","residual_ljung_box_proportion_significant","lower","proportion",10,0.135118402724037,0,0.135118402724037,0.135118402724037,0.135118402724037,0.135118402724037,0.135118402724037
"waveica","WaveICA","winn_fixed_no_qc","WiNN fixed default (no QC)","residual_run_order_gam_mean_deviance","lower","proportion",10,0.0141634445598343,0,0.0141634445598343,0.0141634445598343,0.0141634445598343,0.0141634445598343,0.0141634445598343
"waveica","WaveICA","winn_fixed_no_qc","WiNN fixed default (no QC)","residual_run_order_gam_sd_deviance","lower","proportion",10,0.0256953788431241,0,0.0256953788431241,0.0256953788431241,0.0256953788431241,0.0256953788431241,0.0256953788431241
"waveica","WaveICA","winn_fixed_no_qc","WiNN fixed default (no QC)","retained_features","higher","features",10,6461,0,6461,6461,6461,6461,6461
"waveica","WaveICA","winn_fixed_no_qc","WiNN fixed default (no QC)","retained_samples","higher","samples",10,642,0,642,642,642,642,642
"waveica","WaveICA","winn_fixed_no_qc","WiNN fixed default (no QC)","runtime_sec","lower","seconds",10,47.5938,1.65799770808044,47.0845,46.63075,47.89225,45.759,50.79
