"dataset_key","dataset","split_id","task_id","method_id","method","selection_rule","selected_candidate_id","selection_signature","selected_training_qc_score","candidate_count","n_training_qc","n_hidden_qc","hidden_qc_values_available","biological_labels_available","replicate_identities_available"
"simulation","Simulation","SPLIT01","REF_001","raw","Raw","fixed; no selection",,"fixed; no selection",,1,40,10,FALSE,FALSE,FALSE
"simulation","Simulation","SPLIT01","REF_002","combat","ComBat","fixed; no selection",,"fixed; no selection",,1,40,10,FALSE,FALSE,FALSE
"simulation","Simulation","SPLIT01","REF_003","qc_rlsc","QC-RLSC","fixed; no selection",,"fixed; no selection",,1,40,10,FALSE,FALSE,FALSE
"simulation","Simulation","SPLIT01","REF_004","qc_rfsc","QC-RFSC","fixed; no selection",,"fixed; no selection",,1,40,10,FALSE,FALSE,FALSE
"simulation","Simulation","SPLIT01","REF_005","serrf","SERRF","fixed; no selection",,"fixed; no selection",,1,40,10,FALSE,FALSE,FALSE
"simulation","Simulation","SPLIT01","REF_006","winn_auto_qc","WiNN auto (QC)","package auto using training QCs only",,"{""parameters"":""auto"",""batch_option"":""provided"",""pelt_penalty"":null,""test"":""Ljung-Box"",""ljung_box_fitdf"":0,""lag"":""adaptive"",""spline_method"":""conservative"",""acorr_fdr"":0.1,""anova_fdr"":0.01,""normalization"":""shrink"",""scale_by_batch"":false}",0.854682786440105,1,40,10,FALSE,FALSE,FALSE
"simulation","Simulation","SPLIT01","REF_007","winn_auto_batch_qc","WiNN auto-batch (QC)","package auto using training QCs only",,"{""parameters"":""auto"",""batch_option"":""auto"",""pelt_penalty"":18.6438242952666,""test"":""Ljung-Box"",""ljung_box_fitdf"":0,""lag"":""adaptive"",""spline_method"":""conservative"",""acorr_fdr"":0.01,""anova_fdr"":0.1,""normalization"":""shrink"",""scale_by_batch"":false}",0.684957149678079,1,40,10,FALSE,FALSE,FALSE
"simulation","Simulation","SPLIT01","REF_008","winn_fixed_no_qc","WiNN fixed default (no QC)","fixed; no selection",,"{""parameters"":""fixed"",""pelt_penalty"":null,""test"":""Ljung-Box"",""ljung_box_fitdf"":0,""lag"":""adaptive"",""spline_method"":""conservative"",""scale_by_batch"":false}",,1,40,10,FALSE,FALSE,FALSE
"simulation","Simulation","SPLIT02","REF_009","raw","Raw","fixed; no selection",,"fixed; no selection",,1,40,10,FALSE,FALSE,FALSE
"simulation","Simulation","SPLIT02","REF_010","combat","ComBat","fixed; no selection",,"fixed; no selection",,1,40,10,FALSE,FALSE,FALSE
"simulation","Simulation","SPLIT02","REF_011","qc_rlsc","QC-RLSC","fixed; no selection",,"fixed; no selection",,1,40,10,FALSE,FALSE,FALSE
"simulation","Simulation","SPLIT02","REF_012","qc_rfsc","QC-RFSC","fixed; no selection",,"fixed; no selection",,1,40,10,FALSE,FALSE,FALSE
"simulation","Simulation","SPLIT02","REF_013","serrf","SERRF","fixed; no selection",,"fixed; no selection",,1,40,10,FALSE,FALSE,FALSE
"simulation","Simulation","SPLIT02","REF_014","winn_auto_qc","WiNN auto (QC)","package auto using training QCs only",,"{""parameters"":""auto"",""batch_option"":""provided"",""pelt_penalty"":null,""test"":""Ljung-Box"",""ljung_box_fitdf"":0,""lag"":""adaptive"",""spline_method"":""conservative"",""acorr_fdr"":0.1,""anova_fdr"":0.01,""normalization"":""shrink"",""scale_by_batch"":false}",0.854481458791899,1,40,10,FALSE,FALSE,FALSE
"simulation","Simulation","SPLIT02","REF_015","winn_auto_batch_qc","WiNN auto-batch (QC)","package auto using training QCs only",,"{""parameters"":""auto"",""batch_option"":""auto"",""pelt_penalty"":18.6438242952666,""test"":""Ljung-Box"",""ljung_box_fitdf"":0,""lag"":""adaptive"",""spline_method"":""conservative"",""acorr_fdr"":0.01,""anova_fdr"":0.1,""normalization"":""shrink"",""scale_by_batch"":false}",0.682854933490007,1,40,10,FALSE,FALSE,FALSE
"simulation","Simulation","SPLIT02","REF_016","winn_fixed_no_qc","WiNN fixed default (no QC)","fixed; no selection",,"{""parameters"":""fixed"",""pelt_penalty"":null,""test"":""Ljung-Box"",""ljung_box_fitdf"":0,""lag"":""adaptive"",""spline_method"":""conservative"",""scale_by_batch"":false}",,1,40,10,FALSE,FALSE,FALSE
"simulation","Simulation","SPLIT03","REF_017","raw","Raw","fixed; no selection",,"fixed; no selection",,1,40,10,FALSE,FALSE,FALSE
"simulation","Simulation","SPLIT03","REF_018","combat","ComBat","fixed; no selection",,"fixed; no selection",,1,40,10,FALSE,FALSE,FALSE
"simulation","Simulation","SPLIT03","REF_019","qc_rlsc","QC-RLSC","fixed; no selection",,"fixed; no selection",,1,40,10,FALSE,FALSE,FALSE
"simulation","Simulation","SPLIT03","REF_020","qc_rfsc","QC-RFSC","fixed; no selection",,"fixed; no selection",,1,40,10,FALSE,FALSE,FALSE
"simulation","Simulation","SPLIT03","REF_021","serrf","SERRF","fixed; no selection",,"fixed; no selection",,1,40,10,FALSE,FALSE,FALSE
"simulation","Simulation","SPLIT03","REF_022","winn_auto_qc","WiNN auto (QC)","package auto using training QCs only",,"{""parameters"":""auto"",""batch_option"":""provided"",""pelt_penalty"":null,""test"":""Ljung-Box"",""ljung_box_fitdf"":0,""lag"":""adaptive"",""spline_method"":""conservative"",""acorr_fdr"":0.1,""anova_fdr"":0.01,""normalization"":""shrink"",""scale_by_batch"":false}",0.8571411227434,1,40,10,FALSE,FALSE,FALSE
"simulation","Simulation","SPLIT03","REF_023","winn_auto_batch_qc","WiNN auto-batch (QC)","package auto using training QCs only",,"{""parameters"":""auto"",""batch_option"":""auto"",""pelt_penalty"":18.6438242952666,""test"":""Ljung-Box"",""ljung_box_fitdf"":0,""lag"":""adaptive"",""spline_method"":""conservative"",""acorr_fdr"":0.01,""anova_fdr"":0.1,""normalization"":""shrink"",""scale_by_batch"":false}",0.716846692152274,1,40,10,FALSE,FALSE,FALSE
"simulation","Simulation","SPLIT03","REF_024","winn_fixed_no_qc","WiNN fixed default (no QC)","fixed; no selection",,"{""parameters"":""fixed"",""pelt_penalty"":null,""test"":""Ljung-Box"",""ljung_box_fitdf"":0,""lag"":""adaptive"",""spline_method"":""conservative"",""scale_by_batch"":false}",,1,40,10,FALSE,FALSE,FALSE
"simulation","Simulation","SPLIT04","REF_025","raw","Raw","fixed; no selection",,"fixed; no selection",,1,40,10,FALSE,FALSE,FALSE
"simulation","Simulation","SPLIT04","REF_026","combat","ComBat","fixed; no selection",,"fixed; no selection",,1,40,10,FALSE,FALSE,FALSE
"simulation","Simulation","SPLIT04","REF_027","qc_rlsc","QC-RLSC","fixed; no selection",,"fixed; no selection",,1,40,10,FALSE,FALSE,FALSE
"simulation","Simulation","SPLIT04","REF_028","qc_rfsc","QC-RFSC","fixed; no selection",,"fixed; no selection",,1,40,10,FALSE,FALSE,FALSE
"simulation","Simulation","SPLIT04","REF_029","serrf","SERRF","fixed; no selection",,"fixed; no selection",,1,40,10,FALSE,FALSE,FALSE
"simulation","Simulation","SPLIT04","REF_030","winn_auto_qc","WiNN auto (QC)","package auto using training QCs only",,"{""parameters"":""auto"",""batch_option"":""provided"",""pelt_penalty"":null,""test"":""Ljung-Box"",""ljung_box_fitdf"":0,""lag"":""adaptive"",""spline_method"":""conservative"",""acorr_fdr"":0.1,""anova_fdr"":0.01,""normalization"":""shrink"",""scale_by_batch"":false}",0.855878799701504,1,40,10,FALSE,FALSE,FALSE
"simulation","Simulation","SPLIT04","REF_031","winn_auto_batch_qc","WiNN auto-batch (QC)","package auto using training QCs only",,"{""parameters"":""auto"",""batch_option"":""auto"",""pelt_penalty"":18.6438242952666,""test"":""Ljung-Box"",""ljung_box_fitdf"":0,""lag"":""adaptive"",""spline_method"":""conservative"",""acorr_fdr"":0.01,""anova_fdr"":0.1,""normalization"":""shrink"",""scale_by_batch"":false}",0.70121902332675,1,40,10,FALSE,FALSE,FALSE
"simulation","Simulation","SPLIT04","REF_032","winn_fixed_no_qc","WiNN fixed default (no QC)","fixed; no selection",,"{""parameters"":""fixed"",""pelt_penalty"":null,""test"":""Ljung-Box"",""ljung_box_fitdf"":0,""lag"":""adaptive"",""spline_method"":""conservative"",""scale_by_batch"":false}",,1,40,10,FALSE,FALSE,FALSE
"simulation","Simulation","SPLIT05","REF_033","raw","Raw","fixed; no selection",,"fixed; no selection",,1,40,10,FALSE,FALSE,FALSE
"simulation","Simulation","SPLIT05","REF_034","combat","ComBat","fixed; no selection",,"fixed; no selection",,1,40,10,FALSE,FALSE,FALSE
"simulation","Simulation","SPLIT05","REF_035","qc_rlsc","QC-RLSC","fixed; no selection",,"fixed; no selection",,1,40,10,FALSE,FALSE,FALSE
"simulation","Simulation","SPLIT05","REF_036","qc_rfsc","QC-RFSC","fixed; no selection",,"fixed; no selection",,1,40,10,FALSE,FALSE,FALSE
"simulation","Simulation","SPLIT05","REF_037","serrf","SERRF","fixed; no selection",,"fixed; no selection",,1,40,10,FALSE,FALSE,FALSE
"simulation","Simulation","SPLIT05","REF_038","winn_auto_qc","WiNN auto (QC)","package auto using training QCs only",,"{""parameters"":""auto"",""batch_option"":""provided"",""pelt_penalty"":null,""test"":""Ljung-Box"",""ljung_box_fitdf"":0,""lag"":""adaptive"",""spline_method"":""conservative"",""acorr_fdr"":0.1,""anova_fdr"":0.01,""normalization"":""shrink"",""scale_by_batch"":false}",0.855157086082365,1,40,10,FALSE,FALSE,FALSE
"simulation","Simulation","SPLIT05","REF_039","winn_auto_batch_qc","WiNN auto-batch (QC)","package auto using training QCs only",,"{""parameters"":""auto"",""batch_option"":""auto"",""pelt_penalty"":18.6438242952666,""test"":""Ljung-Box"",""ljung_box_fitdf"":0,""lag"":""adaptive"",""spline_method"":""conservative"",""acorr_fdr"":0.01,""anova_fdr"":0.1,""normalization"":""shrink"",""scale_by_batch"":false}",0.717163217528525,1,40,10,FALSE,FALSE,FALSE
"simulation","Simulation","SPLIT05","REF_040","winn_fixed_no_qc","WiNN fixed default (no QC)","fixed; no selection",,"{""parameters"":""fixed"",""pelt_penalty"":null,""test"":""Ljung-Box"",""ljung_box_fitdf"":0,""lag"":""adaptive"",""spline_method"":""conservative"",""scale_by_batch"":false}",,1,40,10,FALSE,FALSE,FALSE
"simulation","Simulation","SPLIT06","REF_041","raw","Raw","fixed; no selection",,"fixed; no selection",,1,40,10,FALSE,FALSE,FALSE
"simulation","Simulation","SPLIT06","REF_042","combat","ComBat","fixed; no selection",,"fixed; no selection",,1,40,10,FALSE,FALSE,FALSE
"simulation","Simulation","SPLIT06","REF_043","qc_rlsc","QC-RLSC","fixed; no selection",,"fixed; no selection",,1,40,10,FALSE,FALSE,FALSE
"simulation","Simulation","SPLIT06","REF_044","qc_rfsc","QC-RFSC","fixed; no selection",,"fixed; no selection",,1,40,10,FALSE,FALSE,FALSE
"simulation","Simulation","SPLIT06","REF_045","serrf","SERRF","fixed; no selection",,"fixed; no selection",,1,40,10,FALSE,FALSE,FALSE
"simulation","Simulation","SPLIT06","REF_046","winn_auto_qc","WiNN auto (QC)","package auto using training QCs only",,"{""parameters"":""auto"",""batch_option"":""provided"",""pelt_penalty"":null,""test"":""Ljung-Box"",""ljung_box_fitdf"":0,""lag"":""adaptive"",""spline_method"":""conservative"",""acorr_fdr"":0.1,""anova_fdr"":0.01,""normalization"":""shrink"",""scale_by_batch"":false}",0.856003503934719,1,40,10,FALSE,FALSE,FALSE
"simulation","Simulation","SPLIT06","REF_047","winn_auto_batch_qc","WiNN auto-batch (QC)","package auto using training QCs only",,"{""parameters"":""auto"",""batch_option"":""auto"",""pelt_penalty"":18.6438242952666,""test"":""Ljung-Box"",""ljung_box_fitdf"":0,""lag"":""adaptive"",""spline_method"":""conservative"",""acorr_fdr"":0.01,""anova_fdr"":0.1,""normalization"":""shrink"",""scale_by_batch"":false}",0.703803834770239,1,40,10,FALSE,FALSE,FALSE
"simulation","Simulation","SPLIT06","REF_048","winn_fixed_no_qc","WiNN fixed default (no QC)","fixed; no selection",,"{""parameters"":""fixed"",""pelt_penalty"":null,""test"":""Ljung-Box"",""ljung_box_fitdf"":0,""lag"":""adaptive"",""spline_method"":""conservative"",""scale_by_batch"":false}",,1,40,10,FALSE,FALSE,FALSE
"simulation","Simulation","SPLIT07","REF_049","raw","Raw","fixed; no selection",,"fixed; no selection",,1,40,10,FALSE,FALSE,FALSE
"simulation","Simulation","SPLIT07","REF_050","combat","ComBat","fixed; no selection",,"fixed; no selection",,1,40,10,FALSE,FALSE,FALSE
"simulation","Simulation","SPLIT07","REF_051","qc_rlsc","QC-RLSC","fixed; no selection",,"fixed; no selection",,1,40,10,FALSE,FALSE,FALSE
"simulation","Simulation","SPLIT07","REF_052","qc_rfsc","QC-RFSC","fixed; no selection",,"fixed; no selection",,1,40,10,FALSE,FALSE,FALSE
"simulation","Simulation","SPLIT07","REF_053","serrf","SERRF","fixed; no selection",,"fixed; no selection",,1,40,10,FALSE,FALSE,FALSE
"simulation","Simulation","SPLIT07","REF_054","winn_auto_qc","WiNN auto (QC)","package auto using training QCs only",,"{""parameters"":""auto"",""batch_option"":""provided"",""pelt_penalty"":null,""test"":""Ljung-Box"",""ljung_box_fitdf"":0,""lag"":""adaptive"",""spline_method"":""conservative"",""acorr_fdr"":0.1,""anova_fdr"":0.01,""normalization"":""shrink"",""scale_by_batch"":false}",0.855945095996512,1,40,10,FALSE,FALSE,FALSE
"simulation","Simulation","SPLIT07","REF_055","winn_auto_batch_qc","WiNN auto-batch (QC)","package auto using training QCs only",,"{""parameters"":""auto"",""batch_option"":""auto"",""pelt_penalty"":18.6438242952666,""test"":""Ljung-Box"",""ljung_box_fitdf"":0,""lag"":""adaptive"",""spline_method"":""conservative"",""acorr_fdr"":0.01,""anova_fdr"":0.1,""normalization"":""shrink"",""scale_by_batch"":false}",0.694639924212482,1,40,10,FALSE,FALSE,FALSE
"simulation","Simulation","SPLIT07","REF_056","winn_fixed_no_qc","WiNN fixed default (no QC)","fixed; no selection",,"{""parameters"":""fixed"",""pelt_penalty"":null,""test"":""Ljung-Box"",""ljung_box_fitdf"":0,""lag"":""adaptive"",""spline_method"":""conservative"",""scale_by_batch"":false}",,1,40,10,FALSE,FALSE,FALSE
"simulation","Simulation","SPLIT08","REF_057","raw","Raw","fixed; no selection",,"fixed; no selection",,1,40,10,FALSE,FALSE,FALSE
"simulation","Simulation","SPLIT08","REF_058","combat","ComBat","fixed; no selection",,"fixed; no selection",,1,40,10,FALSE,FALSE,FALSE
"simulation","Simulation","SPLIT08","REF_059","qc_rlsc","QC-RLSC","fixed; no selection",,"fixed; no selection",,1,40,10,FALSE,FALSE,FALSE
"simulation","Simulation","SPLIT08","REF_060","qc_rfsc","QC-RFSC","fixed; no selection",,"fixed; no selection",,1,40,10,FALSE,FALSE,FALSE
"simulation","Simulation","SPLIT08","REF_061","serrf","SERRF","fixed; no selection",,"fixed; no selection",,1,40,10,FALSE,FALSE,FALSE
"simulation","Simulation","SPLIT08","REF_062","winn_auto_qc","WiNN auto (QC)","package auto using training QCs only",,"{""parameters"":""auto"",""batch_option"":""provided"",""pelt_penalty"":null,""test"":""Ljung-Box"",""ljung_box_fitdf"":0,""lag"":""adaptive"",""spline_method"":""conservative"",""acorr_fdr"":0.1,""anova_fdr"":0.01,""normalization"":""shrink"",""scale_by_batch"":false}",0.85630552876467,1,40,10,FALSE,FALSE,FALSE
"simulation","Simulation","SPLIT08","REF_063","winn_auto_batch_qc","WiNN auto-batch (QC)","package auto using training QCs only",,"{""parameters"":""auto"",""batch_option"":""auto"",""pelt_penalty"":18.6438242952666,""test"":""Ljung-Box"",""ljung_box_fitdf"":0,""lag"":""adaptive"",""spline_method"":""conservative"",""acorr_fdr"":0.01,""anova_fdr"":0.1,""normalization"":""shrink"",""scale_by_batch"":false}",0.695711546644054,1,40,10,FALSE,FALSE,FALSE
"simulation","Simulation","SPLIT08","REF_064","winn_fixed_no_qc","WiNN fixed default (no QC)","fixed; no selection",,"{""parameters"":""fixed"",""pelt_penalty"":null,""test"":""Ljung-Box"",""ljung_box_fitdf"":0,""lag"":""adaptive"",""spline_method"":""conservative"",""scale_by_batch"":false}",,1,40,10,FALSE,FALSE,FALSE
"simulation","Simulation","SPLIT09","REF_065","raw","Raw","fixed; no selection",,"fixed; no selection",,1,40,10,FALSE,FALSE,FALSE
"simulation","Simulation","SPLIT09","REF_066","combat","ComBat","fixed; no selection",,"fixed; no selection",,1,40,10,FALSE,FALSE,FALSE
"simulation","Simulation","SPLIT09","REF_067","qc_rlsc","QC-RLSC","fixed; no selection",,"fixed; no selection",,1,40,10,FALSE,FALSE,FALSE
"simulation","Simulation","SPLIT09","REF_068","qc_rfsc","QC-RFSC","fixed; no selection",,"fixed; no selection",,1,40,10,FALSE,FALSE,FALSE
"simulation","Simulation","SPLIT09","REF_069","serrf","SERRF","fixed; no selection",,"fixed; no selection",,1,40,10,FALSE,FALSE,FALSE
"simulation","Simulation","SPLIT09","REF_070","winn_auto_qc","WiNN auto (QC)","package auto using training QCs only",,"{""parameters"":""auto"",""batch_option"":""provided"",""pelt_penalty"":null,""test"":""Ljung-Box"",""ljung_box_fitdf"":0,""lag"":""adaptive"",""spline_method"":""conservative"",""acorr_fdr"":0.1,""anova_fdr"":0.01,""normalization"":""shrink"",""scale_by_batch"":false}",0.856731951874094,1,40,10,FALSE,FALSE,FALSE
"simulation","Simulation","SPLIT09","REF_071","winn_auto_batch_qc","WiNN auto-batch (QC)","package auto using training QCs only",,"{""parameters"":""auto"",""batch_option"":""auto"",""pelt_penalty"":18.6438242952666,""test"":""Ljung-Box"",""ljung_box_fitdf"":0,""lag"":""adaptive"",""spline_method"":""conservative"",""acorr_fdr"":0.01,""anova_fdr"":0.1,""normalization"":""shrink"",""scale_by_batch"":false}",0.718381064705248,1,40,10,FALSE,FALSE,FALSE
"simulation","Simulation","SPLIT09","REF_072","winn_fixed_no_qc","WiNN fixed default (no QC)","fixed; no selection",,"{""parameters"":""fixed"",""pelt_penalty"":null,""test"":""Ljung-Box"",""ljung_box_fitdf"":0,""lag"":""adaptive"",""spline_method"":""conservative"",""scale_by_batch"":false}",,1,40,10,FALSE,FALSE,FALSE
"simulation","Simulation","SPLIT10","REF_073","raw","Raw","fixed; no selection",,"fixed; no selection",,1,40,10,FALSE,FALSE,FALSE
"simulation","Simulation","SPLIT10","REF_074","combat","ComBat","fixed; no selection",,"fixed; no selection",,1,40,10,FALSE,FALSE,FALSE
"simulation","Simulation","SPLIT10","REF_075","qc_rlsc","QC-RLSC","fixed; no selection",,"fixed; no selection",,1,40,10,FALSE,FALSE,FALSE
"simulation","Simulation","SPLIT10","REF_076","qc_rfsc","QC-RFSC","fixed; no selection",,"fixed; no selection",,1,40,10,FALSE,FALSE,FALSE
"simulation","Simulation","SPLIT10","REF_077","serrf","SERRF","fixed; no selection",,"fixed; no selection",,1,40,10,FALSE,FALSE,FALSE
"simulation","Simulation","SPLIT10","REF_078","winn_auto_qc","WiNN auto (QC)","package auto using training QCs only",,"{""parameters"":""auto"",""batch_option"":""provided"",""pelt_penalty"":null,""test"":""Ljung-Box"",""ljung_box_fitdf"":0,""lag"":""adaptive"",""spline_method"":""conservative"",""acorr_fdr"":0.1,""anova_fdr"":0.01,""normalization"":""shrink"",""scale_by_batch"":false}",0.854624993617136,1,40,10,FALSE,FALSE,FALSE
"simulation","Simulation","SPLIT10","REF_079","winn_auto_batch_qc","WiNN auto-batch (QC)","package auto using training QCs only",,"{""parameters"":""auto"",""batch_option"":""auto"",""pelt_penalty"":18.6438242952666,""test"":""Ljung-Box"",""ljung_box_fitdf"":0,""lag"":""adaptive"",""spline_method"":""conservative"",""acorr_fdr"":0.01,""anova_fdr"":0.1,""normalization"":""shrink"",""scale_by_batch"":false}",0.690127850157877,1,40,10,FALSE,FALSE,FALSE
"simulation","Simulation","SPLIT10","REF_080","winn_fixed_no_qc","WiNN fixed default (no QC)","fixed; no selection",,"{""parameters"":""fixed"",""pelt_penalty"":null,""test"":""Ljung-Box"",""ljung_box_fitdf"":0,""lag"":""adaptive"",""spline_method"":""conservative"",""scale_by_batch"":false}",,1,40,10,FALSE,FALSE,FALSE
"mtbls79","MTBLS79","SPLIT01","REF_081","raw","Raw","fixed; no selection",,"fixed; no selection",,1,26,12,FALSE,FALSE,FALSE
"mtbls79","MTBLS79","SPLIT01","REF_082","combat","ComBat","training-QC score only within split","1","candidate=1; par_prior=TRUE",0.897203271716608,2,26,12,FALSE,FALSE,FALSE
"mtbls79","MTBLS79","SPLIT01","REF_083","qc_rlsc","QC-RLSC","training-QC score only within split","2","candidate=2; span=0.5",0.715500481588902,4,26,12,FALSE,FALSE,FALSE
"mtbls79","MTBLS79","SPLIT01","REF_084","qc_rfsc","QC-RFSC","training-QC score only within split","3","candidate=3; ntree=500; coCV=20; Frule=0.8",0.890123321840742,4,26,12,FALSE,FALSE,FALSE
"mtbls79","MTBLS79","SPLIT01","REF_085","serrf","SERRF","training-QC score only within split","3","candidate=3; jitter_eps=1e-05",0.884781642716888,3,26,12,FALSE,FALSE,FALSE
"mtbls79","MTBLS79","SPLIT01","REF_086","winn_auto_qc","WiNN auto (QC)","package auto using training QCs only",,"{""parameters"":""auto"",""batch_option"":""provided"",""pelt_penalty"":null,""test"":""Ljung-Box"",""ljung_box_fitdf"":0,""lag"":""adaptive"",""spline_method"":""conservative"",""acorr_fdr"":0.1,""anova_fdr"":0.1,""normalization"":""normalize"",""scale_by_batch"":false}",0.892618246148171,1,26,12,FALSE,FALSE,FALSE
"mtbls79","MTBLS79","SPLIT01","REF_087","winn_auto_batch_qc","WiNN auto-batch (QC)","package auto using training QCs only",,"{""parameters"":""auto"",""batch_option"":""auto"",""pelt_penalty"":15.4424834304404,""test"":""Ljung-Box"",""ljung_box_fitdf"":0,""lag"":""adaptive"",""spline_method"":""standard"",""acorr_fdr"":0.1,""anova_fdr"":0.01,""normalization"":""normalize"",""scale_by_batch"":false}",0.879531182787401,1,26,12,FALSE,FALSE,FALSE
"mtbls79","MTBLS79","SPLIT01","REF_088","winn_fixed_no_qc","WiNN fixed default (no QC)","fixed; no selection",,"{""parameters"":""fixed"",""pelt_penalty"":null,""test"":""Ljung-Box"",""ljung_box_fitdf"":0,""lag"":""adaptive"",""spline_method"":""conservative"",""scale_by_batch"":false}",,1,26,12,FALSE,FALSE,FALSE
"mtbls79","MTBLS79","SPLIT02","REF_089","raw","Raw","fixed; no selection",,"fixed; no selection",,1,26,12,FALSE,FALSE,FALSE
"mtbls79","MTBLS79","SPLIT02","REF_090","combat","ComBat","training-QC score only within split","2","candidate=2; par_prior=FALSE",0.897866655545834,2,26,12,FALSE,FALSE,FALSE
"mtbls79","MTBLS79","SPLIT02","REF_091","qc_rlsc","QC-RLSC","training-QC score only within split","2","candidate=2; span=0.5",0.715552931496017,4,26,12,FALSE,FALSE,FALSE
"mtbls79","MTBLS79","SPLIT02","REF_092","qc_rfsc","QC-RFSC","training-QC score only within split","3","candidate=3; ntree=500; coCV=20; Frule=0.8",0.902062110779467,4,26,12,FALSE,FALSE,FALSE
"mtbls79","MTBLS79","SPLIT02","REF_093","serrf","SERRF","training-QC score only within split","3","candidate=3; jitter_eps=1e-05",0.887245227241545,3,26,12,FALSE,FALSE,FALSE
"mtbls79","MTBLS79","SPLIT02","REF_094","winn_auto_qc","WiNN auto (QC)","package auto using training QCs only",,"{""parameters"":""auto"",""batch_option"":""provided"",""pelt_penalty"":null,""test"":""Ljung-Box"",""ljung_box_fitdf"":0,""lag"":""adaptive"",""spline_method"":""conservative"",""acorr_fdr"":0.1,""anova_fdr"":0.1,""normalization"":""normalize"",""scale_by_batch"":false}",0.895004368178027,1,26,12,FALSE,FALSE,FALSE
"mtbls79","MTBLS79","SPLIT02","REF_095","winn_auto_batch_qc","WiNN auto-batch (QC)","package auto using training QCs only",,"{""parameters"":""auto"",""batch_option"":""auto"",""pelt_penalty"":15.4424834304404,""test"":""Ljung-Box"",""ljung_box_fitdf"":0,""lag"":""adaptive"",""spline_method"":""conservative"",""acorr_fdr"":0.01,""anova_fdr"":0.01,""normalization"":""normalize"",""scale_by_batch"":false}",0.883503146072121,1,26,12,FALSE,FALSE,FALSE
"mtbls79","MTBLS79","SPLIT02","REF_096","winn_fixed_no_qc","WiNN fixed default (no QC)","fixed; no selection",,"{""parameters"":""fixed"",""pelt_penalty"":null,""test"":""Ljung-Box"",""ljung_box_fitdf"":0,""lag"":""adaptive"",""spline_method"":""conservative"",""scale_by_batch"":false}",,1,26,12,FALSE,FALSE,FALSE
"mtbls79","MTBLS79","SPLIT03","REF_097","raw","Raw","fixed; no selection",,"fixed; no selection",,1,26,12,FALSE,FALSE,FALSE
"mtbls79","MTBLS79","SPLIT03","REF_098","combat","ComBat","training-QC score only within split","1","candidate=1; par_prior=TRUE",0.894689853679107,2,26,12,FALSE,FALSE,FALSE
"mtbls79","MTBLS79","SPLIT03","REF_099","qc_rlsc","QC-RLSC","training-QC score only within split","3","candidate=3; span=0.7",0.806038947223138,4,26,12,FALSE,FALSE,FALSE
"mtbls79","MTBLS79","SPLIT03","REF_100","qc_rfsc","QC-RFSC","training-QC score only within split","3","candidate=3; ntree=500; coCV=20; Frule=0.8",0.902151627985512,4,26,12,FALSE,FALSE,FALSE
"mtbls79","MTBLS79","SPLIT03","REF_101","serrf","SERRF","training-QC score only within split","3","candidate=3; jitter_eps=1e-05",0.884194118275255,3,26,12,FALSE,FALSE,FALSE
"mtbls79","MTBLS79","SPLIT03","REF_102","winn_auto_qc","WiNN auto (QC)","package auto using training QCs only",,"{""parameters"":""auto"",""batch_option"":""provided"",""pelt_penalty"":null,""test"":""Ljung-Box"",""ljung_box_fitdf"":0,""lag"":""adaptive"",""spline_method"":""conservative"",""acorr_fdr"":0.1,""anova_fdr"":0.1,""normalization"":""normalize"",""scale_by_batch"":false}",0.892352424160834,1,26,12,FALSE,FALSE,FALSE
"mtbls79","MTBLS79","SPLIT03","REF_103","winn_auto_batch_qc","WiNN auto-batch (QC)","package auto using training QCs only",,"{""parameters"":""auto"",""batch_option"":""auto"",""pelt_penalty"":15.4424834304404,""test"":""Ljung-Box"",""ljung_box_fitdf"":0,""lag"":""adaptive"",""spline_method"":""conservative"",""acorr_fdr"":0.01,""anova_fdr"":0.01,""normalization"":""normalize"",""scale_by_batch"":false}",0.880090653036492,1,26,12,FALSE,FALSE,FALSE
"mtbls79","MTBLS79","SPLIT03","REF_104","winn_fixed_no_qc","WiNN fixed default (no QC)","fixed; no selection",,"{""parameters"":""fixed"",""pelt_penalty"":null,""test"":""Ljung-Box"",""ljung_box_fitdf"":0,""lag"":""adaptive"",""spline_method"":""conservative"",""scale_by_batch"":false}",,1,26,12,FALSE,FALSE,FALSE
"mtbls79","MTBLS79","SPLIT04","REF_105","raw","Raw","fixed; no selection",,"fixed; no selection",,1,26,12,FALSE,FALSE,FALSE
"mtbls79","MTBLS79","SPLIT04","REF_106","combat","ComBat","training-QC score only within split","1","candidate=1; par_prior=TRUE",0.897950807319016,2,26,12,FALSE,FALSE,FALSE
"mtbls79","MTBLS79","SPLIT04","REF_107","qc_rlsc","QC-RLSC","training-QC score only within split","3","candidate=3; span=0.7",0.844629289083331,4,26,12,FALSE,FALSE,FALSE
"mtbls79","MTBLS79","SPLIT04","REF_108","qc_rfsc","QC-RFSC","training-QC score only within split","3","candidate=3; ntree=500; coCV=20; Frule=0.8",0.897201134611661,4,26,12,FALSE,FALSE,FALSE
"mtbls79","MTBLS79","SPLIT04","REF_109","serrf","SERRF","training-QC score only within split","3","candidate=3; jitter_eps=1e-05",0.886532567280313,3,26,12,FALSE,FALSE,FALSE
"mtbls79","MTBLS79","SPLIT04","REF_110","winn_auto_qc","WiNN auto (QC)","package auto using training QCs only",,"{""parameters"":""auto"",""batch_option"":""provided"",""pelt_penalty"":null,""test"":""Ljung-Box"",""ljung_box_fitdf"":0,""lag"":""adaptive"",""spline_method"":""conservative"",""acorr_fdr"":0.1,""anova_fdr"":0.1,""normalization"":""normalize"",""scale_by_batch"":false}",0.893406322228182,1,26,12,FALSE,FALSE,FALSE
"mtbls79","MTBLS79","SPLIT04","REF_111","winn_auto_batch_qc","WiNN auto-batch (QC)","package auto using training QCs only",,"{""parameters"":""auto"",""batch_option"":""auto"",""pelt_penalty"":15.4424834304404,""test"":""Ljung-Box"",""ljung_box_fitdf"":0,""lag"":""adaptive"",""spline_method"":""conservative"",""acorr_fdr"":0.01,""anova_fdr"":0.01,""normalization"":""normalize"",""scale_by_batch"":false}",0.879196659018997,1,26,12,FALSE,FALSE,FALSE
"mtbls79","MTBLS79","SPLIT04","REF_112","winn_fixed_no_qc","WiNN fixed default (no QC)","fixed; no selection",,"{""parameters"":""fixed"",""pelt_penalty"":null,""test"":""Ljung-Box"",""ljung_box_fitdf"":0,""lag"":""adaptive"",""spline_method"":""conservative"",""scale_by_batch"":false}",,1,26,12,FALSE,FALSE,FALSE
"mtbls79","MTBLS79","SPLIT05","REF_113","raw","Raw","fixed; no selection",,"fixed; no selection",,1,26,12,FALSE,FALSE,FALSE
"mtbls79","MTBLS79","SPLIT05","REF_114","combat","ComBat","training-QC score only within split","1","candidate=1; par_prior=TRUE",0.894653998820216,2,26,12,FALSE,FALSE,FALSE
"mtbls79","MTBLS79","SPLIT05","REF_115","qc_rlsc","QC-RLSC","training-QC score only within split","3","candidate=3; span=0.7",0.873491082486065,4,26,12,FALSE,FALSE,FALSE
"mtbls79","MTBLS79","SPLIT05","REF_116","qc_rfsc","QC-RFSC","training-QC score only within split","3","candidate=3; ntree=500; coCV=20; Frule=0.8",0.890808064577841,4,26,12,FALSE,FALSE,FALSE
"mtbls79","MTBLS79","SPLIT05","REF_117","serrf","SERRF","training-QC score only within split","3","candidate=3; jitter_eps=1e-05",0.883393275991594,3,26,12,FALSE,FALSE,FALSE
"mtbls79","MTBLS79","SPLIT05","REF_118","winn_auto_qc","WiNN auto (QC)","package auto using training QCs only",,"{""parameters"":""auto"",""batch_option"":""provided"",""pelt_penalty"":null,""test"":""Ljung-Box"",""ljung_box_fitdf"":0,""lag"":""adaptive"",""spline_method"":""conservative"",""acorr_fdr"":0.1,""anova_fdr"":0.1,""normalization"":""normalize"",""scale_by_batch"":false}",0.891551897290951,1,26,12,FALSE,FALSE,FALSE
"mtbls79","MTBLS79","SPLIT05","REF_119","winn_auto_batch_qc","WiNN auto-batch (QC)","package auto using training QCs only",,"{""parameters"":""auto"",""batch_option"":""auto"",""pelt_penalty"":15.4424834304404,""test"":""Ljung-Box"",""ljung_box_fitdf"":0,""lag"":""adaptive"",""spline_method"":""conservative"",""acorr_fdr"":0.01,""anova_fdr"":0.01,""normalization"":""normalize"",""scale_by_batch"":false}",0.878908468403609,1,26,12,FALSE,FALSE,FALSE
"mtbls79","MTBLS79","SPLIT05","REF_120","winn_fixed_no_qc","WiNN fixed default (no QC)","fixed; no selection",,"{""parameters"":""fixed"",""pelt_penalty"":null,""test"":""Ljung-Box"",""ljung_box_fitdf"":0,""lag"":""adaptive"",""spline_method"":""conservative"",""scale_by_batch"":false}",,1,26,12,FALSE,FALSE,FALSE
"mtbls79","MTBLS79","SPLIT06","REF_121","raw","Raw","fixed; no selection",,"fixed; no selection",,1,26,12,FALSE,FALSE,FALSE
"mtbls79","MTBLS79","SPLIT06","REF_122","combat","ComBat","training-QC score only within split","1","candidate=1; par_prior=TRUE",0.894278168472777,2,26,12,FALSE,FALSE,FALSE
"mtbls79","MTBLS79","SPLIT06","REF_123","qc_rlsc","QC-RLSC","training-QC score only within split","2","candidate=2; span=0.5",0.714027013262726,4,26,12,FALSE,FALSE,FALSE
"mtbls79","MTBLS79","SPLIT06","REF_124","qc_rfsc","QC-RFSC","training-QC score only within split","3","candidate=3; ntree=500; coCV=20; Frule=0.8",0.889540960185287,4,26,12,FALSE,FALSE,FALSE
"mtbls79","MTBLS79","SPLIT06","REF_125","serrf","SERRF","training-QC score only within split","3","candidate=3; jitter_eps=1e-05",0.883256800847997,3,26,12,FALSE,FALSE,FALSE
"mtbls79","MTBLS79","SPLIT06","REF_126","winn_auto_qc","WiNN auto (QC)","package auto using training QCs only",,"{""parameters"":""auto"",""batch_option"":""provided"",""pelt_penalty"":null,""test"":""Ljung-Box"",""ljung_box_fitdf"":0,""lag"":""adaptive"",""spline_method"":""conservative"",""acorr_fdr"":0.1,""anova_fdr"":0.1,""normalization"":""normalize"",""scale_by_batch"":false}",0.891132634367437,1,26,12,FALSE,FALSE,FALSE
"mtbls79","MTBLS79","SPLIT06","REF_127","winn_auto_batch_qc","WiNN auto-batch (QC)","package auto using training QCs only",,"{""parameters"":""auto"",""batch_option"":""auto"",""pelt_penalty"":15.4424834304404,""test"":""Ljung-Box"",""ljung_box_fitdf"":0,""lag"":""adaptive"",""spline_method"":""standard"",""acorr_fdr"":0.1,""anova_fdr"":0.01,""normalization"":""normalize"",""scale_by_batch"":false}",0.877695797473597,1,26,12,FALSE,FALSE,FALSE
"mtbls79","MTBLS79","SPLIT06","REF_128","winn_fixed_no_qc","WiNN fixed default (no QC)","fixed; no selection",,"{""parameters"":""fixed"",""pelt_penalty"":null,""test"":""Ljung-Box"",""ljung_box_fitdf"":0,""lag"":""adaptive"",""spline_method"":""conservative"",""scale_by_batch"":false}",,1,26,12,FALSE,FALSE,FALSE
"mtbls79","MTBLS79","SPLIT07","REF_129","raw","Raw","fixed; no selection",,"fixed; no selection",,1,26,12,FALSE,FALSE,FALSE
"mtbls79","MTBLS79","SPLIT07","REF_130","combat","ComBat","training-QC score only within split","1","candidate=1; par_prior=TRUE",0.895733243295409,2,26,12,FALSE,FALSE,FALSE
"mtbls79","MTBLS79","SPLIT07","REF_131","qc_rlsc","QC-RLSC","training-QC score only within split","3","candidate=3; span=0.7",0.791940811102287,4,26,12,FALSE,FALSE,FALSE
"mtbls79","MTBLS79","SPLIT07","REF_132","qc_rfsc","QC-RFSC","training-QC score only within split","3","candidate=3; ntree=500; coCV=20; Frule=0.8",0.902634179178335,4,26,12,FALSE,FALSE,FALSE
"mtbls79","MTBLS79","SPLIT07","REF_133","serrf","SERRF","training-QC score only within split","3","candidate=3; jitter_eps=1e-05",0.88556276440469,3,26,12,FALSE,FALSE,FALSE
"mtbls79","MTBLS79","SPLIT07","REF_134","winn_auto_qc","WiNN auto (QC)","package auto using training QCs only",,"{""parameters"":""auto"",""batch_option"":""provided"",""pelt_penalty"":null,""test"":""Ljung-Box"",""ljung_box_fitdf"":0,""lag"":""adaptive"",""spline_method"":""conservative"",""acorr_fdr"":0.1,""anova_fdr"":0.1,""normalization"":""normalize"",""scale_by_batch"":false}",0.893286882676221,1,26,12,FALSE,FALSE,FALSE
"mtbls79","MTBLS79","SPLIT07","REF_135","winn_auto_batch_qc","WiNN auto-batch (QC)","package auto using training QCs only",,"{""parameters"":""auto"",""batch_option"":""auto"",""pelt_penalty"":15.4424834304404,""test"":""Ljung-Box"",""ljung_box_fitdf"":0,""lag"":""adaptive"",""spline_method"":""conservative"",""acorr_fdr"":0.01,""anova_fdr"":0.01,""normalization"":""normalize"",""scale_by_batch"":false}",0.88098505171433,1,26,12,FALSE,FALSE,FALSE
"mtbls79","MTBLS79","SPLIT07","REF_136","winn_fixed_no_qc","WiNN fixed default (no QC)","fixed; no selection",,"{""parameters"":""fixed"",""pelt_penalty"":null,""test"":""Ljung-Box"",""ljung_box_fitdf"":0,""lag"":""adaptive"",""spline_method"":""conservative"",""scale_by_batch"":false}",,1,26,12,FALSE,FALSE,FALSE
"mtbls79","MTBLS79","SPLIT08","REF_137","raw","Raw","fixed; no selection",,"fixed; no selection",,1,26,12,FALSE,FALSE,FALSE
"mtbls79","MTBLS79","SPLIT08","REF_138","combat","ComBat","training-QC score only within split","2","candidate=2; par_prior=FALSE",0.896436591318675,2,26,12,FALSE,FALSE,FALSE
"mtbls79","MTBLS79","SPLIT08","REF_139","qc_rlsc","QC-RLSC","training-QC score only within split","3","candidate=3; span=0.7",0.83584036509922,4,26,12,FALSE,FALSE,FALSE
"mtbls79","MTBLS79","SPLIT08","REF_140","qc_rfsc","QC-RFSC","training-QC score only within split","3","candidate=3; ntree=500; coCV=20; Frule=0.8",0.903095357322342,4,26,12,FALSE,FALSE,FALSE
"mtbls79","MTBLS79","SPLIT08","REF_141","serrf","SERRF","training-QC score only within split","3","candidate=3; jitter_eps=1e-05",0.885413695031922,3,26,12,FALSE,FALSE,FALSE
"mtbls79","MTBLS79","SPLIT08","REF_142","winn_auto_qc","WiNN auto (QC)","package auto using training QCs only",,"{""parameters"":""auto"",""batch_option"":""provided"",""pelt_penalty"":null,""test"":""Ljung-Box"",""ljung_box_fitdf"":0,""lag"":""adaptive"",""spline_method"":""conservative"",""acorr_fdr"":0.1,""anova_fdr"":0.1,""normalization"":""normalize"",""scale_by_batch"":false}",0.892240981470136,1,26,12,FALSE,FALSE,FALSE
"mtbls79","MTBLS79","SPLIT08","REF_143","winn_auto_batch_qc","WiNN auto-batch (QC)","package auto using training QCs only",,"{""parameters"":""auto"",""batch_option"":""auto"",""pelt_penalty"":15.4424834304404,""test"":""Ljung-Box"",""ljung_box_fitdf"":0,""lag"":""adaptive"",""spline_method"":""conservative"",""acorr_fdr"":0.01,""anova_fdr"":0.01,""normalization"":""normalize"",""scale_by_batch"":false}",0.883875084052314,1,26,12,FALSE,FALSE,FALSE
"mtbls79","MTBLS79","SPLIT08","REF_144","winn_fixed_no_qc","WiNN fixed default (no QC)","fixed; no selection",,"{""parameters"":""fixed"",""pelt_penalty"":null,""test"":""Ljung-Box"",""ljung_box_fitdf"":0,""lag"":""adaptive"",""spline_method"":""conservative"",""scale_by_batch"":false}",,1,26,12,FALSE,FALSE,FALSE
"mtbls79","MTBLS79","SPLIT09","REF_145","raw","Raw","fixed; no selection",,"fixed; no selection",,1,26,12,FALSE,FALSE,FALSE
"mtbls79","MTBLS79","SPLIT09","REF_146","combat","ComBat","training-QC score only within split","1","candidate=1; par_prior=TRUE",0.895478261299874,2,26,12,FALSE,FALSE,FALSE
"mtbls79","MTBLS79","SPLIT09","REF_147","qc_rlsc","QC-RLSC","training-QC score only within split","3","candidate=3; span=0.7",0.790893450199744,4,26,12,FALSE,FALSE,FALSE
"mtbls79","MTBLS79","SPLIT09","REF_148","qc_rfsc","QC-RFSC","training-QC score only within split","3","candidate=3; ntree=500; coCV=20; Frule=0.8",0.89610744779051,4,26,12,FALSE,FALSE,FALSE
"mtbls79","MTBLS79","SPLIT09","REF_149","serrf","SERRF","training-QC score only within split","3","candidate=3; jitter_eps=1e-05",0.883470808289093,3,26,12,FALSE,FALSE,FALSE
"mtbls79","MTBLS79","SPLIT09","REF_150","winn_auto_qc","WiNN auto (QC)","package auto using training QCs only",,"{""parameters"":""auto"",""batch_option"":""provided"",""pelt_penalty"":null,""test"":""Ljung-Box"",""ljung_box_fitdf"":0,""lag"":""adaptive"",""spline_method"":""conservative"",""acorr_fdr"":0.1,""anova_fdr"":0.1,""normalization"":""normalize"",""scale_by_batch"":false}",0.89124257818802,1,26,12,FALSE,FALSE,FALSE
"mtbls79","MTBLS79","SPLIT09","REF_151","winn_auto_batch_qc","WiNN auto-batch (QC)","package auto using training QCs only",,"{""parameters"":""auto"",""batch_option"":""auto"",""pelt_penalty"":15.4424834304404,""test"":""Ljung-Box"",""ljung_box_fitdf"":0,""lag"":""adaptive"",""spline_method"":""standard"",""acorr_fdr"":0.1,""anova_fdr"":0.01,""normalization"":""normalize"",""scale_by_batch"":false}",0.879736043239553,1,26,12,FALSE,FALSE,FALSE
"mtbls79","MTBLS79","SPLIT09","REF_152","winn_fixed_no_qc","WiNN fixed default (no QC)","fixed; no selection",,"{""parameters"":""fixed"",""pelt_penalty"":null,""test"":""Ljung-Box"",""ljung_box_fitdf"":0,""lag"":""adaptive"",""spline_method"":""conservative"",""scale_by_batch"":false}",,1,26,12,FALSE,FALSE,FALSE
"mtbls79","MTBLS79","SPLIT10","REF_153","raw","Raw","fixed; no selection",,"fixed; no selection",,1,26,12,FALSE,FALSE,FALSE
"mtbls79","MTBLS79","SPLIT10","REF_154","combat","ComBat","training-QC score only within split","1","candidate=1; par_prior=TRUE",0.895475580664346,2,26,12,FALSE,FALSE,FALSE
"mtbls79","MTBLS79","SPLIT10","REF_155","qc_rlsc","QC-RLSC","training-QC score only within split","3","candidate=3; span=0.7",0.830751435957372,4,26,12,FALSE,FALSE,FALSE
"mtbls79","MTBLS79","SPLIT10","REF_156","qc_rfsc","QC-RFSC","training-QC score only within split","3","candidate=3; ntree=500; coCV=20; Frule=0.8",0.902045401923564,4,26,12,FALSE,FALSE,FALSE
"mtbls79","MTBLS79","SPLIT10","REF_157","serrf","SERRF","training-QC score only within split","3","candidate=3; jitter_eps=1e-05",0.884854832087635,3,26,12,FALSE,FALSE,FALSE
"mtbls79","MTBLS79","SPLIT10","REF_158","winn_auto_qc","WiNN auto (QC)","package auto using training QCs only",,"{""parameters"":""auto"",""batch_option"":""provided"",""pelt_penalty"":null,""test"":""Ljung-Box"",""ljung_box_fitdf"":0,""lag"":""adaptive"",""spline_method"":""conservative"",""acorr_fdr"":0.1,""anova_fdr"":0.1,""normalization"":""normalize"",""scale_by_batch"":false}",0.891339359903269,1,26,12,FALSE,FALSE,FALSE
"mtbls79","MTBLS79","SPLIT10","REF_159","winn_auto_batch_qc","WiNN auto-batch (QC)","package auto using training QCs only",,"{""parameters"":""auto"",""batch_option"":""auto"",""pelt_penalty"":15.4424834304404,""test"":""Ljung-Box"",""ljung_box_fitdf"":0,""lag"":""adaptive"",""spline_method"":""conservative"",""acorr_fdr"":0.01,""anova_fdr"":0.01,""normalization"":""normalize"",""scale_by_batch"":false}",0.879944194318614,1,26,12,FALSE,FALSE,FALSE
"mtbls79","MTBLS79","SPLIT10","REF_160","winn_fixed_no_qc","WiNN fixed default (no QC)","fixed; no selection",,"{""parameters"":""fixed"",""pelt_penalty"":null,""test"":""Ljung-Box"",""ljung_box_fitdf"":0,""lag"":""adaptive"",""spline_method"":""conservative"",""scale_by_batch"":false}",,1,26,12,FALSE,FALSE,FALSE
"clinical_fiams","Clinical FIA-MS","SPLIT01","REF_161","raw","Raw","fixed; no selection",,"fixed; no selection",,1,78,8,FALSE,FALSE,FALSE
"clinical_fiams","Clinical FIA-MS","SPLIT01","REF_162","combat","ComBat","training-QC score only within split","2","candidate=2; par_prior=FALSE",0.910858997376029,2,78,8,FALSE,FALSE,FALSE
"clinical_fiams","Clinical FIA-MS","SPLIT01","REF_163","qc_rlsc","QC-RLSC","training-QC score only within split","3","candidate=3; span=0.7",0.939384224970525,4,78,8,FALSE,FALSE,FALSE
"clinical_fiams","Clinical FIA-MS","SPLIT01","REF_164","qc_rfsc","QC-RFSC","training-QC score only within split","4","candidate=4; ntree=500; coCV=30; Frule=0.8",0.965444848183363,4,78,8,FALSE,FALSE,FALSE
"clinical_fiams","Clinical FIA-MS","SPLIT01","REF_165","serrf","SERRF","training-QC score only within split","2","candidate=2; jitter_eps=1e-06",0.942578166726671,3,78,8,FALSE,FALSE,FALSE
"clinical_fiams","Clinical FIA-MS","SPLIT01","REF_166","winn_auto_qc","WiNN auto (QC)","package auto using training QCs only",,"{""parameters"":""auto"",""batch_option"":""provided"",""pelt_penalty"":null,""test"":""Ljung-Box"",""ljung_box_fitdf"":0,""lag"":""adaptive"",""spline_method"":""conservative"",""acorr_fdr"":0.01,""anova_fdr"":0.1,""normalization"":""normalize"",""scale_by_batch"":false}",0.940990814384069,1,78,8,FALSE,FALSE,FALSE
"clinical_fiams","Clinical FIA-MS","SPLIT01","REF_167","winn_auto_batch_qc","WiNN auto-batch (QC)","package auto using training QCs only",,"{""parameters"":""auto"",""batch_option"":""auto"",""pelt_penalty"":19.4767195050614,""test"":""Ljung-Box"",""ljung_box_fitdf"":0,""lag"":""adaptive"",""spline_method"":""conservative"",""acorr_fdr"":0.05,""anova_fdr"":0.01,""normalization"":""normalize"",""scale_by_batch"":false}",0.938701561089743,1,78,8,FALSE,FALSE,FALSE
"clinical_fiams","Clinical FIA-MS","SPLIT01","REF_168","winn_fixed_no_qc","WiNN fixed default (no QC)","fixed; no selection",,"{""parameters"":""fixed"",""pelt_penalty"":null,""test"":""Ljung-Box"",""ljung_box_fitdf"":0,""lag"":""adaptive"",""spline_method"":""conservative"",""scale_by_batch"":false}",,1,78,8,FALSE,FALSE,FALSE
"clinical_fiams","Clinical FIA-MS","SPLIT02","REF_169","raw","Raw","fixed; no selection",,"fixed; no selection",,1,78,8,FALSE,FALSE,FALSE
"clinical_fiams","Clinical FIA-MS","SPLIT02","REF_170","combat","ComBat","training-QC score only within split","2","candidate=2; par_prior=FALSE",0.909920269660866,2,78,8,FALSE,FALSE,FALSE
"clinical_fiams","Clinical FIA-MS","SPLIT02","REF_171","qc_rlsc","QC-RLSC","training-QC score only within split","3","candidate=3; span=0.7",0.940301629727661,4,78,8,FALSE,FALSE,FALSE
"clinical_fiams","Clinical FIA-MS","SPLIT02","REF_172","qc_rfsc","QC-RFSC","training-QC score only within split","4","candidate=4; ntree=500; coCV=30; Frule=0.8",0.96509292711607,4,78,8,FALSE,FALSE,FALSE
"clinical_fiams","Clinical FIA-MS","SPLIT02","REF_173","serrf","SERRF","training-QC score only within split","2","candidate=2; jitter_eps=1e-06",0.942246848480758,3,78,8,FALSE,FALSE,FALSE
"clinical_fiams","Clinical FIA-MS","SPLIT02","REF_174","winn_auto_qc","WiNN auto (QC)","package auto using training QCs only",,"{""parameters"":""auto"",""batch_option"":""provided"",""pelt_penalty"":null,""test"":""Ljung-Box"",""ljung_box_fitdf"":0,""lag"":""adaptive"",""spline_method"":""conservative"",""acorr_fdr"":0.01,""anova_fdr"":0.1,""normalization"":""normalize"",""scale_by_batch"":false}",0.940213476406676,1,78,8,FALSE,FALSE,FALSE
"clinical_fiams","Clinical FIA-MS","SPLIT02","REF_175","winn_auto_batch_qc","WiNN auto-batch (QC)","package auto using training QCs only",,"{""parameters"":""auto"",""batch_option"":""auto"",""pelt_penalty"":19.4767195050614,""test"":""Ljung-Box"",""ljung_box_fitdf"":0,""lag"":""adaptive"",""spline_method"":""conservative"",""acorr_fdr"":0.01,""anova_fdr"":0.01,""normalization"":""normalize"",""scale_by_batch"":false}",0.937528661491152,1,78,8,FALSE,FALSE,FALSE
"clinical_fiams","Clinical FIA-MS","SPLIT02","REF_176","winn_fixed_no_qc","WiNN fixed default (no QC)","fixed; no selection",,"{""parameters"":""fixed"",""pelt_penalty"":null,""test"":""Ljung-Box"",""ljung_box_fitdf"":0,""lag"":""adaptive"",""spline_method"":""conservative"",""scale_by_batch"":false}",,1,78,8,FALSE,FALSE,FALSE
"clinical_fiams","Clinical FIA-MS","SPLIT03","REF_177","raw","Raw","fixed; no selection",,"fixed; no selection",,1,78,8,FALSE,FALSE,FALSE
"clinical_fiams","Clinical FIA-MS","SPLIT03","REF_178","combat","ComBat","training-QC score only within split","2","candidate=2; par_prior=FALSE",0.911241222302004,2,78,8,FALSE,FALSE,FALSE
"clinical_fiams","Clinical FIA-MS","SPLIT03","REF_179","qc_rlsc","QC-RLSC","training-QC score only within split","3","candidate=3; span=0.7",0.939787026650309,4,78,8,FALSE,FALSE,FALSE
"clinical_fiams","Clinical FIA-MS","SPLIT03","REF_180","qc_rfsc","QC-RFSC","training-QC score only within split","2","candidate=2; ntree=200; coCV=30; Frule=0.8",0.965424312925348,4,78,8,FALSE,FALSE,FALSE
"clinical_fiams","Clinical FIA-MS","SPLIT03","REF_181","serrf","SERRF","training-QC score only within split","1","candidate=1; jitter_eps=0",0.943821783926327,3,78,8,FALSE,FALSE,FALSE
"clinical_fiams","Clinical FIA-MS","SPLIT03","REF_182","winn_auto_qc","WiNN auto (QC)","package auto using training QCs only",,"{""parameters"":""auto"",""batch_option"":""provided"",""pelt_penalty"":null,""test"":""Ljung-Box"",""ljung_box_fitdf"":0,""lag"":""adaptive"",""spline_method"":""conservative"",""acorr_fdr"":0.01,""anova_fdr"":0.1,""normalization"":""normalize"",""scale_by_batch"":false}",0.941118923978099,1,78,8,FALSE,FALSE,FALSE
"clinical_fiams","Clinical FIA-MS","SPLIT03","REF_183","winn_auto_batch_qc","WiNN auto-batch (QC)","package auto using training QCs only",,"{""parameters"":""auto"",""batch_option"":""auto"",""pelt_penalty"":19.4767195050614,""test"":""Ljung-Box"",""ljung_box_fitdf"":0,""lag"":""adaptive"",""spline_method"":""conservative"",""acorr_fdr"":0.01,""anova_fdr"":0.01,""normalization"":""normalize"",""scale_by_batch"":false}",0.93894386636915,1,78,8,FALSE,FALSE,FALSE
"clinical_fiams","Clinical FIA-MS","SPLIT03","REF_184","winn_fixed_no_qc","WiNN fixed default (no QC)","fixed; no selection",,"{""parameters"":""fixed"",""pelt_penalty"":null,""test"":""Ljung-Box"",""ljung_box_fitdf"":0,""lag"":""adaptive"",""spline_method"":""conservative"",""scale_by_batch"":false}",,1,78,8,FALSE,FALSE,FALSE
"clinical_fiams","Clinical FIA-MS","SPLIT04","REF_185","raw","Raw","fixed; no selection",,"fixed; no selection",,1,78,8,FALSE,FALSE,FALSE
"clinical_fiams","Clinical FIA-MS","SPLIT04","REF_186","combat","ComBat","training-QC score only within split","2","candidate=2; par_prior=FALSE",0.910058756806878,2,78,8,FALSE,FALSE,FALSE
"clinical_fiams","Clinical FIA-MS","SPLIT04","REF_187","qc_rlsc","QC-RLSC","training-QC score only within split","3","candidate=3; span=0.7",0.939212177882055,4,78,8,FALSE,FALSE,FALSE
"clinical_fiams","Clinical FIA-MS","SPLIT04","REF_188","qc_rfsc","QC-RFSC","training-QC score only within split","4","candidate=4; ntree=500; coCV=30; Frule=0.8",0.965180396542628,4,78,8,FALSE,FALSE,FALSE
"clinical_fiams","Clinical FIA-MS","SPLIT04","REF_189","serrf","SERRF","training-QC score only within split","2","candidate=2; jitter_eps=1e-06",0.942392817990392,3,78,8,FALSE,FALSE,FALSE
"clinical_fiams","Clinical FIA-MS","SPLIT04","REF_190","winn_auto_qc","WiNN auto (QC)","package auto using training QCs only",,"{""parameters"":""auto"",""batch_option"":""provided"",""pelt_penalty"":null,""test"":""Ljung-Box"",""ljung_box_fitdf"":0,""lag"":""adaptive"",""spline_method"":""conservative"",""acorr_fdr"":0.01,""anova_fdr"":0.1,""normalization"":""normalize"",""scale_by_batch"":false}",0.940149625381914,1,78,8,FALSE,FALSE,FALSE
"clinical_fiams","Clinical FIA-MS","SPLIT04","REF_191","winn_auto_batch_qc","WiNN auto-batch (QC)","package auto using training QCs only",,"{""parameters"":""auto"",""batch_option"":""auto"",""pelt_penalty"":19.4767195050614,""test"":""Ljung-Box"",""ljung_box_fitdf"":0,""lag"":""adaptive"",""spline_method"":""conservative"",""acorr_fdr"":0.01,""anova_fdr"":0.01,""normalization"":""normalize"",""scale_by_batch"":false}",0.937896283339759,1,78,8,FALSE,FALSE,FALSE
"clinical_fiams","Clinical FIA-MS","SPLIT04","REF_192","winn_fixed_no_qc","WiNN fixed default (no QC)","fixed; no selection",,"{""parameters"":""fixed"",""pelt_penalty"":null,""test"":""Ljung-Box"",""ljung_box_fitdf"":0,""lag"":""adaptive"",""spline_method"":""conservative"",""scale_by_batch"":false}",,1,78,8,FALSE,FALSE,FALSE
"clinical_fiams","Clinical FIA-MS","SPLIT05","REF_193","raw","Raw","fixed; no selection",,"fixed; no selection",,1,78,8,FALSE,FALSE,FALSE
"clinical_fiams","Clinical FIA-MS","SPLIT05","REF_194","combat","ComBat","training-QC score only within split","2","candidate=2; par_prior=FALSE",0.910144568204707,2,78,8,FALSE,FALSE,FALSE
"clinical_fiams","Clinical FIA-MS","SPLIT05","REF_195","qc_rlsc","QC-RLSC","training-QC score only within split","3","candidate=3; span=0.7",0.938472557514267,4,78,8,FALSE,FALSE,FALSE
"clinical_fiams","Clinical FIA-MS","SPLIT05","REF_196","qc_rfsc","QC-RFSC","training-QC score only within split","2","candidate=2; ntree=200; coCV=30; Frule=0.8",0.964873030044007,4,78,8,FALSE,FALSE,FALSE
"clinical_fiams","Clinical FIA-MS","SPLIT05","REF_197","serrf","SERRF","training-QC score only within split","3","candidate=3; jitter_eps=1e-05",0.943936788766448,3,78,8,FALSE,FALSE,FALSE
"clinical_fiams","Clinical FIA-MS","SPLIT05","REF_198","winn_auto_qc","WiNN auto (QC)","package auto using training QCs only",,"{""parameters"":""auto"",""batch_option"":""provided"",""pelt_penalty"":null,""test"":""Ljung-Box"",""ljung_box_fitdf"":0,""lag"":""adaptive"",""spline_method"":""conservative"",""acorr_fdr"":0.01,""anova_fdr"":0.1,""normalization"":""normalize"",""scale_by_batch"":false}",0.94014113793631,1,78,8,FALSE,FALSE,FALSE
"clinical_fiams","Clinical FIA-MS","SPLIT05","REF_199","winn_auto_batch_qc","WiNN auto-batch (QC)","package auto using training QCs only",,"{""parameters"":""auto"",""batch_option"":""auto"",""pelt_penalty"":19.4767195050614,""test"":""Ljung-Box"",""ljung_box_fitdf"":0,""lag"":""adaptive"",""spline_method"":""conservative"",""acorr_fdr"":0.01,""anova_fdr"":0.01,""normalization"":""normalize"",""scale_by_batch"":false}",0.937791127553341,1,78,8,FALSE,FALSE,FALSE
"clinical_fiams","Clinical FIA-MS","SPLIT05","REF_200","winn_fixed_no_qc","WiNN fixed default (no QC)","fixed; no selection",,"{""parameters"":""fixed"",""pelt_penalty"":null,""test"":""Ljung-Box"",""ljung_box_fitdf"":0,""lag"":""adaptive"",""spline_method"":""conservative"",""scale_by_batch"":false}",,1,78,8,FALSE,FALSE,FALSE
"clinical_fiams","Clinical FIA-MS","SPLIT06","REF_201","raw","Raw","fixed; no selection",,"fixed; no selection",,1,78,8,FALSE,FALSE,FALSE
"clinical_fiams","Clinical FIA-MS","SPLIT06","REF_202","combat","ComBat","training-QC score only within split","1","candidate=1; par_prior=TRUE",0.912171991077976,2,78,8,FALSE,FALSE,FALSE
"clinical_fiams","Clinical FIA-MS","SPLIT06","REF_203","qc_rlsc","QC-RLSC","training-QC score only within split","3","candidate=3; span=0.7",0.939661708890459,4,78,8,FALSE,FALSE,FALSE
"clinical_fiams","Clinical FIA-MS","SPLIT06","REF_204","qc_rfsc","QC-RFSC","training-QC score only within split","4","candidate=4; ntree=500; coCV=30; Frule=0.8",0.945839971485971,4,78,8,FALSE,FALSE,FALSE
"clinical_fiams","Clinical FIA-MS","SPLIT06","REF_205","serrf","SERRF","training-QC score only within split","1","candidate=1; jitter_eps=0",0.945092528873167,3,78,8,FALSE,FALSE,FALSE
"clinical_fiams","Clinical FIA-MS","SPLIT06","REF_206","winn_auto_qc","WiNN auto (QC)","package auto using training QCs only",,"{""parameters"":""auto"",""batch_option"":""provided"",""pelt_penalty"":null,""test"":""Ljung-Box"",""ljung_box_fitdf"":0,""lag"":""adaptive"",""spline_method"":""conservative"",""acorr_fdr"":0.01,""anova_fdr"":0.1,""normalization"":""normalize"",""scale_by_batch"":false}",0.941939879989207,1,78,8,FALSE,FALSE,FALSE
"clinical_fiams","Clinical FIA-MS","SPLIT06","REF_207","winn_auto_batch_qc","WiNN auto-batch (QC)","package auto using training QCs only",,"{""parameters"":""auto"",""batch_option"":""auto"",""pelt_penalty"":19.4767195050614,""test"":""Ljung-Box"",""ljung_box_fitdf"":0,""lag"":""adaptive"",""spline_method"":""conservative"",""acorr_fdr"":0.05,""anova_fdr"":0.01,""normalization"":""normalize"",""scale_by_batch"":false}",0.93944843383674,1,78,8,FALSE,FALSE,FALSE
"clinical_fiams","Clinical FIA-MS","SPLIT06","REF_208","winn_fixed_no_qc","WiNN fixed default (no QC)","fixed; no selection",,"{""parameters"":""fixed"",""pelt_penalty"":null,""test"":""Ljung-Box"",""ljung_box_fitdf"":0,""lag"":""adaptive"",""spline_method"":""conservative"",""scale_by_batch"":false}",,1,78,8,FALSE,FALSE,FALSE
"clinical_fiams","Clinical FIA-MS","SPLIT07","REF_209","raw","Raw","fixed; no selection",,"fixed; no selection",,1,78,8,FALSE,FALSE,FALSE
"clinical_fiams","Clinical FIA-MS","SPLIT07","REF_210","combat","ComBat","training-QC score only within split","2","candidate=2; par_prior=FALSE",0.91389308622553,2,78,8,FALSE,FALSE,FALSE
"clinical_fiams","Clinical FIA-MS","SPLIT07","REF_211","qc_rlsc","QC-RLSC","training-QC score only within split","3","candidate=3; span=0.7",0.939614248475542,4,78,8,FALSE,FALSE,FALSE
"clinical_fiams","Clinical FIA-MS","SPLIT07","REF_212","qc_rfsc","QC-RFSC","training-QC score only within split","1","candidate=1; ntree=200; coCV=20; Frule=0.8",0.823827912457319,4,78,8,FALSE,FALSE,FALSE
"clinical_fiams","Clinical FIA-MS","SPLIT07","REF_213","serrf","SERRF","training-QC score only within split","3","candidate=3; jitter_eps=1e-05",0.943233349432203,3,78,8,FALSE,FALSE,FALSE
"clinical_fiams","Clinical FIA-MS","SPLIT07","REF_214","winn_auto_qc","WiNN auto (QC)","package auto using training QCs only",,"{""parameters"":""auto"",""batch_option"":""provided"",""pelt_penalty"":null,""test"":""Ljung-Box"",""ljung_box_fitdf"":0,""lag"":""adaptive"",""spline_method"":""conservative"",""acorr_fdr"":0.01,""anova_fdr"":0.1,""normalization"":""normalize"",""scale_by_batch"":false}",0.941359914973376,1,78,8,FALSE,FALSE,FALSE
"clinical_fiams","Clinical FIA-MS","SPLIT07","REF_215","winn_auto_batch_qc","WiNN auto-batch (QC)","package auto using training QCs only",,"{""parameters"":""auto"",""batch_option"":""auto"",""pelt_penalty"":19.4767195050614,""test"":""Ljung-Box"",""ljung_box_fitdf"":0,""lag"":""adaptive"",""spline_method"":""conservative"",""acorr_fdr"":0.01,""anova_fdr"":0.1,""normalization"":""normalize"",""scale_by_batch"":false}",0.93906500424499,1,78,8,FALSE,FALSE,FALSE
"clinical_fiams","Clinical FIA-MS","SPLIT07","REF_216","winn_fixed_no_qc","WiNN fixed default (no QC)","fixed; no selection",,"{""parameters"":""fixed"",""pelt_penalty"":null,""test"":""Ljung-Box"",""ljung_box_fitdf"":0,""lag"":""adaptive"",""spline_method"":""conservative"",""scale_by_batch"":false}",,1,78,8,FALSE,FALSE,FALSE
"clinical_fiams","Clinical FIA-MS","SPLIT08","REF_217","raw","Raw","fixed; no selection",,"fixed; no selection",,1,78,8,FALSE,FALSE,FALSE
"clinical_fiams","Clinical FIA-MS","SPLIT08","REF_218","combat","ComBat","training-QC score only within split","2","candidate=2; par_prior=FALSE",0.910917407756446,2,78,8,FALSE,FALSE,FALSE
"clinical_fiams","Clinical FIA-MS","SPLIT08","REF_219","qc_rlsc","QC-RLSC","training-QC score only within split","2","candidate=2; span=0.5",0.941023460234034,4,78,8,FALSE,FALSE,FALSE
"clinical_fiams","Clinical FIA-MS","SPLIT08","REF_220","qc_rfsc","QC-RFSC","training-QC score only within split","2","candidate=2; ntree=200; coCV=30; Frule=0.8",0.955527397430076,4,78,8,FALSE,FALSE,FALSE
"clinical_fiams","Clinical FIA-MS","SPLIT08","REF_221","serrf","SERRF","training-QC score only within split","1","candidate=1; jitter_eps=0",0.9438098172333,3,78,8,FALSE,FALSE,FALSE
"clinical_fiams","Clinical FIA-MS","SPLIT08","REF_222","winn_auto_qc","WiNN auto (QC)","package auto using training QCs only",,"{""parameters"":""auto"",""batch_option"":""provided"",""pelt_penalty"":null,""test"":""Ljung-Box"",""ljung_box_fitdf"":0,""lag"":""adaptive"",""spline_method"":""conservative"",""acorr_fdr"":0.01,""anova_fdr"":0.1,""normalization"":""normalize"",""scale_by_batch"":false}",0.940436301438358,1,78,8,FALSE,FALSE,FALSE
"clinical_fiams","Clinical FIA-MS","SPLIT08","REF_223","winn_auto_batch_qc","WiNN auto-batch (QC)","package auto using training QCs only",,"{""parameters"":""auto"",""batch_option"":""auto"",""pelt_penalty"":19.4767195050614,""test"":""Ljung-Box"",""ljung_box_fitdf"":0,""lag"":""adaptive"",""spline_method"":""conservative"",""acorr_fdr"":0.01,""anova_fdr"":0.01,""normalization"":""normalize"",""scale_by_batch"":false}",0.938007520256369,1,78,8,FALSE,FALSE,FALSE
"clinical_fiams","Clinical FIA-MS","SPLIT08","REF_224","winn_fixed_no_qc","WiNN fixed default (no QC)","fixed; no selection",,"{""parameters"":""fixed"",""pelt_penalty"":null,""test"":""Ljung-Box"",""ljung_box_fitdf"":0,""lag"":""adaptive"",""spline_method"":""conservative"",""scale_by_batch"":false}",,1,78,8,FALSE,FALSE,FALSE
"clinical_fiams","Clinical FIA-MS","SPLIT09","REF_225","raw","Raw","fixed; no selection",,"fixed; no selection",,1,78,8,FALSE,FALSE,FALSE
"clinical_fiams","Clinical FIA-MS","SPLIT09","REF_226","combat","ComBat","training-QC score only within split","2","candidate=2; par_prior=FALSE",0.911941164932569,2,78,8,FALSE,FALSE,FALSE
"clinical_fiams","Clinical FIA-MS","SPLIT09","REF_227","qc_rlsc","QC-RLSC","training-QC score only within split","3","candidate=3; span=0.7",0.940451723492269,4,78,8,FALSE,FALSE,FALSE
"clinical_fiams","Clinical FIA-MS","SPLIT09","REF_228","qc_rfsc","QC-RFSC","training-QC score only within split","4","candidate=4; ntree=500; coCV=30; Frule=0.8",0.944003257221303,4,78,8,FALSE,FALSE,FALSE
"clinical_fiams","Clinical FIA-MS","SPLIT09","REF_229","serrf","SERRF","training-QC score only within split","2","candidate=2; jitter_eps=1e-06",0.944724678230002,3,78,8,FALSE,FALSE,FALSE
"clinical_fiams","Clinical FIA-MS","SPLIT09","REF_230","winn_auto_qc","WiNN auto (QC)","package auto using training QCs only",,"{""parameters"":""auto"",""batch_option"":""provided"",""pelt_penalty"":null,""test"":""Ljung-Box"",""ljung_box_fitdf"":0,""lag"":""adaptive"",""spline_method"":""conservative"",""acorr_fdr"":0.01,""anova_fdr"":0.1,""normalization"":""normalize"",""scale_by_batch"":false}",0.941662478626828,1,78,8,FALSE,FALSE,FALSE
"clinical_fiams","Clinical FIA-MS","SPLIT09","REF_231","winn_auto_batch_qc","WiNN auto-batch (QC)","package auto using training QCs only",,"{""parameters"":""auto"",""batch_option"":""auto"",""pelt_penalty"":19.4767195050614,""test"":""Ljung-Box"",""ljung_box_fitdf"":0,""lag"":""adaptive"",""spline_method"":""conservative"",""acorr_fdr"":0.01,""anova_fdr"":0.05,""normalization"":""normalize"",""scale_by_batch"":false}",0.939353302254595,1,78,8,FALSE,FALSE,FALSE
"clinical_fiams","Clinical FIA-MS","SPLIT09","REF_232","winn_fixed_no_qc","WiNN fixed default (no QC)","fixed; no selection",,"{""parameters"":""fixed"",""pelt_penalty"":null,""test"":""Ljung-Box"",""ljung_box_fitdf"":0,""lag"":""adaptive"",""spline_method"":""conservative"",""scale_by_batch"":false}",,1,78,8,FALSE,FALSE,FALSE
"clinical_fiams","Clinical FIA-MS","SPLIT10","REF_233","raw","Raw","fixed; no selection",,"fixed; no selection",,1,78,8,FALSE,FALSE,FALSE
"clinical_fiams","Clinical FIA-MS","SPLIT10","REF_234","combat","ComBat","training-QC score only within split","2","candidate=2; par_prior=FALSE",0.913357066278402,2,78,8,FALSE,FALSE,FALSE
"clinical_fiams","Clinical FIA-MS","SPLIT10","REF_235","qc_rlsc","QC-RLSC","training-QC score only within split","3","candidate=3; span=0.7",0.939471294791968,4,78,8,FALSE,FALSE,FALSE
"clinical_fiams","Clinical FIA-MS","SPLIT10","REF_236","qc_rfsc","QC-RFSC","training-QC score only within split","2","candidate=2; ntree=200; coCV=30; Frule=0.8",0.956285596840276,4,78,8,FALSE,FALSE,FALSE
"clinical_fiams","Clinical FIA-MS","SPLIT10","REF_237","serrf","SERRF","training-QC score only within split","2","candidate=2; jitter_eps=1e-06",0.945193598675045,3,78,8,FALSE,FALSE,FALSE
"clinical_fiams","Clinical FIA-MS","SPLIT10","REF_238","winn_auto_qc","WiNN auto (QC)","package auto using training QCs only",,"{""parameters"":""auto"",""batch_option"":""provided"",""pelt_penalty"":null,""test"":""Ljung-Box"",""ljung_box_fitdf"":0,""lag"":""adaptive"",""spline_method"":""conservative"",""acorr_fdr"":0.01,""anova_fdr"":0.1,""normalization"":""normalize"",""scale_by_batch"":false}",0.942403510892875,1,78,8,FALSE,FALSE,FALSE
"clinical_fiams","Clinical FIA-MS","SPLIT10","REF_239","winn_auto_batch_qc","WiNN auto-batch (QC)","package auto using training QCs only",,"{""parameters"":""auto"",""batch_option"":""auto"",""pelt_penalty"":19.4767195050614,""test"":""Ljung-Box"",""ljung_box_fitdf"":0,""lag"":""adaptive"",""spline_method"":""conservative"",""acorr_fdr"":0.01,""anova_fdr"":0.05,""normalization"":""normalize"",""scale_by_batch"":false}",0.939870148522917,1,78,8,FALSE,FALSE,FALSE
"clinical_fiams","Clinical FIA-MS","SPLIT10","REF_240","winn_fixed_no_qc","WiNN fixed default (no QC)","fixed; no selection",,"{""parameters"":""fixed"",""pelt_penalty"":null,""test"":""Ljung-Box"",""ljung_box_fitdf"":0,""lag"":""adaptive"",""spline_method"":""conservative"",""scale_by_batch"":false}",,1,78,8,FALSE,FALSE,FALSE
"batchcorr_set1","BatchCorr Set 1","SPLIT01","REF_241","raw","Raw","fixed; no selection",,"fixed; no selection",,1,41,10,FALSE,FALSE,FALSE
"batchcorr_set1","BatchCorr Set 1","SPLIT01","REF_242","combat","ComBat","training-QC score only within split","1","candidate=1; par_prior=TRUE",0.804691743800411,2,41,10,FALSE,FALSE,FALSE
"batchcorr_set1","BatchCorr Set 1","SPLIT01","REF_243","qc_rlsc","QC-RLSC","fixed; no selection","1","candidate=1; dataset_specific_fixed; log1p subtractive per-batch LOESS; span=1; degree=1; log-scale batch shift; ID-preserving",0.86756516853183,1,41,10,FALSE,FALSE,FALSE
"batchcorr_set1","BatchCorr Set 1","SPLIT01","REF_244","qc_rfsc","QC-RFSC","training-QC score only within split","4","candidate=4; ntree=500; coCV=30; Frule=0.8",0.603004510815297,4,41,10,FALSE,FALSE,FALSE
"batchcorr_set1","BatchCorr Set 1","SPLIT01","REF_245","serrf","SERRF","training-QC score only within split","3","candidate=3; jitter_eps=1e-05",0.793435847460057,3,41,10,FALSE,FALSE,FALSE
"batchcorr_set1","BatchCorr Set 1","SPLIT01","REF_246","winn_auto_qc","WiNN auto (QC)","package auto using training QCs only",,"{""parameters"":""auto"",""batch_option"":""provided"",""pelt_penalty"":null,""test"":""Ljung-Box"",""ljung_box_fitdf"":0,""lag"":""adaptive"",""spline_method"":""conservative"",""acorr_fdr"":0.01,""anova_fdr"":0.05,""normalization"":""normalize"",""scale_by_batch"":false}",0.85265955202336,1,41,10,FALSE,FALSE,FALSE
"batchcorr_set1","BatchCorr Set 1","SPLIT01","REF_247","winn_auto_batch_qc","WiNN auto-batch (QC)","package auto using training QCs only",,"{""parameters"":""auto"",""batch_option"":""auto"",""pelt_penalty"":19.9039000735851,""test"":""Ljung-Box"",""ljung_box_fitdf"":0,""lag"":""adaptive"",""spline_method"":""conservative"",""acorr_fdr"":0.1,""anova_fdr"":0.1,""normalization"":""normalize"",""scale_by_batch"":false}",0.832945607653824,1,41,10,FALSE,FALSE,FALSE
"batchcorr_set1","BatchCorr Set 1","SPLIT01","REF_248","winn_fixed_no_qc","WiNN fixed default (no QC)","fixed; no selection",,"{""parameters"":""fixed"",""pelt_penalty"":null,""test"":""Ljung-Box"",""ljung_box_fitdf"":0,""lag"":""adaptive"",""spline_method"":""conservative"",""scale_by_batch"":false}",,1,41,10,FALSE,FALSE,FALSE
"batchcorr_set1","BatchCorr Set 1","SPLIT02","REF_249","raw","Raw","fixed; no selection",,"fixed; no selection",,1,41,10,FALSE,FALSE,FALSE
"batchcorr_set1","BatchCorr Set 1","SPLIT02","REF_250","combat","ComBat","training-QC score only within split","2","candidate=2; par_prior=FALSE",0.788210567022631,2,41,10,FALSE,FALSE,FALSE
"batchcorr_set1","BatchCorr Set 1","SPLIT02","REF_251","qc_rlsc","QC-RLSC","fixed; no selection","1","candidate=1; dataset_specific_fixed; log1p subtractive per-batch LOESS; span=1; degree=1; log-scale batch shift; ID-preserving",0.857105198218191,1,41,10,FALSE,FALSE,FALSE
"batchcorr_set1","BatchCorr Set 1","SPLIT02","REF_252","qc_rfsc","QC-RFSC","training-QC score only within split","1","candidate=1; ntree=200; coCV=20; Frule=0.8",0.626596565226948,4,41,10,FALSE,FALSE,FALSE
"batchcorr_set1","BatchCorr Set 1","SPLIT02","REF_253","serrf","SERRF","training-QC score only within split","3","candidate=3; jitter_eps=1e-05",0.769611313032435,3,41,10,FALSE,FALSE,FALSE
"batchcorr_set1","BatchCorr Set 1","SPLIT02","REF_254","winn_auto_qc","WiNN auto (QC)","package auto using training QCs only",,"{""parameters"":""auto"",""batch_option"":""provided"",""pelt_penalty"":null,""test"":""Ljung-Box"",""ljung_box_fitdf"":0,""lag"":""adaptive"",""spline_method"":""conservative"",""acorr_fdr"":0.01,""anova_fdr"":0.01,""normalization"":""normalize"",""scale_by_batch"":false}",0.838663194652649,1,41,10,FALSE,FALSE,FALSE
"batchcorr_set1","BatchCorr Set 1","SPLIT02","REF_255","winn_auto_batch_qc","WiNN auto-batch (QC)","package auto using training QCs only",,"{""parameters"":""auto"",""batch_option"":""auto"",""pelt_penalty"":19.9039000735851,""test"":""Ljung-Box"",""ljung_box_fitdf"":0,""lag"":""adaptive"",""spline_method"":""conservative"",""acorr_fdr"":0.1,""anova_fdr"":0.01,""normalization"":""normalize"",""scale_by_batch"":false}",0.817387939286316,1,41,10,FALSE,FALSE,FALSE
"batchcorr_set1","BatchCorr Set 1","SPLIT02","REF_256","winn_fixed_no_qc","WiNN fixed default (no QC)","fixed; no selection",,"{""parameters"":""fixed"",""pelt_penalty"":null,""test"":""Ljung-Box"",""ljung_box_fitdf"":0,""lag"":""adaptive"",""spline_method"":""conservative"",""scale_by_batch"":false}",,1,41,10,FALSE,FALSE,FALSE
"batchcorr_set1","BatchCorr Set 1","SPLIT03","REF_257","raw","Raw","fixed; no selection",,"fixed; no selection",,1,41,10,FALSE,FALSE,FALSE
"batchcorr_set1","BatchCorr Set 1","SPLIT03","REF_258","combat","ComBat","training-QC score only within split","2","candidate=2; par_prior=FALSE",0.810554572166239,2,41,10,FALSE,FALSE,FALSE
"batchcorr_set1","BatchCorr Set 1","SPLIT03","REF_259","qc_rlsc","QC-RLSC","fixed; no selection","1","candidate=1; dataset_specific_fixed; log1p subtractive per-batch LOESS; span=1; degree=1; log-scale batch shift; ID-preserving",0.868752675918562,1,41,10,FALSE,FALSE,FALSE
"batchcorr_set1","BatchCorr Set 1","SPLIT03","REF_260","qc_rfsc","QC-RFSC","training-QC score only within split","1","candidate=1; ntree=200; coCV=20; Frule=0.8",0.670973390959254,4,41,10,FALSE,FALSE,FALSE
"batchcorr_set1","BatchCorr Set 1","SPLIT03","REF_261","serrf","SERRF","training-QC score only within split","3","candidate=3; jitter_eps=1e-05",0.80215142059385,3,41,10,FALSE,FALSE,FALSE
"batchcorr_set1","BatchCorr Set 1","SPLIT03","REF_262","winn_auto_qc","WiNN auto (QC)","package auto using training QCs only",,"{""parameters"":""auto"",""batch_option"":""provided"",""pelt_penalty"":null,""test"":""Ljung-Box"",""ljung_box_fitdf"":0,""lag"":""adaptive"",""spline_method"":""conservative"",""acorr_fdr"":0.01,""anova_fdr"":0.05,""normalization"":""normalize"",""scale_by_batch"":false}",0.849842784430911,1,41,10,FALSE,FALSE,FALSE
"batchcorr_set1","BatchCorr Set 1","SPLIT03","REF_263","winn_auto_batch_qc","WiNN auto-batch (QC)","package auto using training QCs only",,"{""parameters"":""auto"",""batch_option"":""auto"",""pelt_penalty"":19.9039000735851,""test"":""Ljung-Box"",""ljung_box_fitdf"":0,""lag"":""adaptive"",""spline_method"":""conservative"",""acorr_fdr"":0.1,""anova_fdr"":0.1,""normalization"":""normalize"",""scale_by_batch"":false}",0.827696720539411,1,41,10,FALSE,FALSE,FALSE
"batchcorr_set1","BatchCorr Set 1","SPLIT03","REF_264","winn_fixed_no_qc","WiNN fixed default (no QC)","fixed; no selection",,"{""parameters"":""fixed"",""pelt_penalty"":null,""test"":""Ljung-Box"",""ljung_box_fitdf"":0,""lag"":""adaptive"",""spline_method"":""conservative"",""scale_by_batch"":false}",,1,41,10,FALSE,FALSE,FALSE
"batchcorr_set1","BatchCorr Set 1","SPLIT04","REF_265","raw","Raw","fixed; no selection",,"fixed; no selection",,1,41,10,FALSE,FALSE,FALSE
"batchcorr_set1","BatchCorr Set 1","SPLIT04","REF_266","combat","ComBat","training-QC score only within split","1","candidate=1; par_prior=TRUE",0.79574604634674,2,41,10,FALSE,FALSE,FALSE
"batchcorr_set1","BatchCorr Set 1","SPLIT04","REF_267","qc_rlsc","QC-RLSC","fixed; no selection","1","candidate=1; dataset_specific_fixed; log1p subtractive per-batch LOESS; span=1; degree=1; log-scale batch shift; ID-preserving",0.856499953175683,1,41,10,FALSE,FALSE,FALSE
"batchcorr_set1","BatchCorr Set 1","SPLIT04","REF_268","qc_rfsc","QC-RFSC","training-QC score only within split","2","candidate=2; ntree=500; coCV=20; Frule=0.8",0.638722491576612,4,41,10,FALSE,FALSE,FALSE
"batchcorr_set1","BatchCorr Set 1","SPLIT04","REF_269","serrf","SERRF","training-QC score only within split","3","candidate=3; jitter_eps=1e-05",0.783506399480812,3,41,10,FALSE,FALSE,FALSE
"batchcorr_set1","BatchCorr Set 1","SPLIT04","REF_270","winn_auto_qc","WiNN auto (QC)","package auto using training QCs only",,"{""parameters"":""auto"",""batch_option"":""provided"",""pelt_penalty"":null,""test"":""Ljung-Box"",""ljung_box_fitdf"":0,""lag"":""adaptive"",""spline_method"":""conservative"",""acorr_fdr"":0.01,""anova_fdr"":0.01,""normalization"":""normalize"",""scale_by_batch"":false}",0.839851808741574,1,41,10,FALSE,FALSE,FALSE
"batchcorr_set1","BatchCorr Set 1","SPLIT04","REF_271","winn_auto_batch_qc","WiNN auto-batch (QC)","package auto using training QCs only",,"{""parameters"":""auto"",""batch_option"":""auto"",""pelt_penalty"":19.9039000735851,""test"":""Ljung-Box"",""ljung_box_fitdf"":0,""lag"":""adaptive"",""spline_method"":""conservative"",""acorr_fdr"":0.1,""anova_fdr"":0.01,""normalization"":""normalize"",""scale_by_batch"":false}",0.818513358587968,1,41,10,FALSE,FALSE,FALSE
"batchcorr_set1","BatchCorr Set 1","SPLIT04","REF_272","winn_fixed_no_qc","WiNN fixed default (no QC)","fixed; no selection",,"{""parameters"":""fixed"",""pelt_penalty"":null,""test"":""Ljung-Box"",""ljung_box_fitdf"":0,""lag"":""adaptive"",""spline_method"":""conservative"",""scale_by_batch"":false}",,1,41,10,FALSE,FALSE,FALSE
"batchcorr_set1","BatchCorr Set 1","SPLIT05","REF_273","raw","Raw","fixed; no selection",,"fixed; no selection",,1,41,10,FALSE,FALSE,FALSE
"batchcorr_set1","BatchCorr Set 1","SPLIT05","REF_274","combat","ComBat","training-QC score only within split","2","candidate=2; par_prior=FALSE",0.806931257023118,2,41,10,FALSE,FALSE,FALSE
"batchcorr_set1","BatchCorr Set 1","SPLIT05","REF_275","qc_rlsc","QC-RLSC","fixed; no selection","1","candidate=1; dataset_specific_fixed; log1p subtractive per-batch LOESS; span=1; degree=1; log-scale batch shift; ID-preserving",0.86400682023203,1,41,10,FALSE,FALSE,FALSE
"batchcorr_set1","BatchCorr Set 1","SPLIT05","REF_276","qc_rfsc","QC-RFSC","training-QC score only within split","2","candidate=2; ntree=500; coCV=20; Frule=0.8",0.608744775057255,4,41,10,FALSE,FALSE,FALSE
"batchcorr_set1","BatchCorr Set 1","SPLIT05","REF_277","serrf","SERRF","training-QC score only within split","3","candidate=3; jitter_eps=1e-05",0.796370032913983,3,41,10,FALSE,FALSE,FALSE
"batchcorr_set1","BatchCorr Set 1","SPLIT05","REF_278","winn_auto_qc","WiNN auto (QC)","package auto using training QCs only",,"{""parameters"":""auto"",""batch_option"":""provided"",""pelt_penalty"":null,""test"":""Ljung-Box"",""ljung_box_fitdf"":0,""lag"":""adaptive"",""spline_method"":""conservative"",""acorr_fdr"":0.01,""anova_fdr"":0.05,""normalization"":""normalize"",""scale_by_batch"":false}",0.847967790470427,1,41,10,FALSE,FALSE,FALSE
"batchcorr_set1","BatchCorr Set 1","SPLIT05","REF_279","winn_auto_batch_qc","WiNN auto-batch (QC)","package auto using training QCs only",,"{""parameters"":""auto"",""batch_option"":""auto"",""pelt_penalty"":19.9039000735851,""test"":""Ljung-Box"",""ljung_box_fitdf"":0,""lag"":""adaptive"",""spline_method"":""conservative"",""acorr_fdr"":0.1,""anova_fdr"":0.1,""normalization"":""normalize"",""scale_by_batch"":false}",0.82588096841147,1,41,10,FALSE,FALSE,FALSE
"batchcorr_set1","BatchCorr Set 1","SPLIT05","REF_280","winn_fixed_no_qc","WiNN fixed default (no QC)","fixed; no selection",,"{""parameters"":""fixed"",""pelt_penalty"":null,""test"":""Ljung-Box"",""ljung_box_fitdf"":0,""lag"":""adaptive"",""spline_method"":""conservative"",""scale_by_batch"":false}",,1,41,10,FALSE,FALSE,FALSE
"batchcorr_set1","BatchCorr Set 1","SPLIT06","REF_281","raw","Raw","fixed; no selection",,"fixed; no selection",,1,41,10,FALSE,FALSE,FALSE
"batchcorr_set1","BatchCorr Set 1","SPLIT06","REF_282","combat","ComBat","training-QC score only within split","1","candidate=1; par_prior=TRUE",0.797797742868412,2,41,10,FALSE,FALSE,FALSE
"batchcorr_set1","BatchCorr Set 1","SPLIT06","REF_283","qc_rlsc","QC-RLSC","fixed; no selection","1","candidate=1; dataset_specific_fixed; log1p subtractive per-batch LOESS; span=1; degree=1; log-scale batch shift; ID-preserving",0.86790270477562,1,41,10,FALSE,FALSE,FALSE
"batchcorr_set1","BatchCorr Set 1","SPLIT06","REF_284","qc_rfsc","QC-RFSC","training-QC score only within split","4","candidate=4; ntree=500; coCV=30; Frule=0.8",0.581287054335478,4,41,10,FALSE,FALSE,FALSE
"batchcorr_set1","BatchCorr Set 1","SPLIT06","REF_285","serrf","SERRF","training-QC score only within split","3","candidate=3; jitter_eps=1e-05",0.778608289786809,3,41,10,FALSE,FALSE,FALSE
"batchcorr_set1","BatchCorr Set 1","SPLIT06","REF_286","winn_auto_qc","WiNN auto (QC)","package auto using training QCs only",,"{""parameters"":""auto"",""batch_option"":""provided"",""pelt_penalty"":null,""test"":""Ljung-Box"",""ljung_box_fitdf"":0,""lag"":""adaptive"",""spline_method"":""conservative"",""acorr_fdr"":0.01,""anova_fdr"":0.1,""normalization"":""normalize"",""scale_by_batch"":false}",0.851707283679239,1,41,10,FALSE,FALSE,FALSE
"batchcorr_set1","BatchCorr Set 1","SPLIT06","REF_287","winn_auto_batch_qc","WiNN auto-batch (QC)","package auto using training QCs only",,"{""parameters"":""auto"",""batch_option"":""auto"",""pelt_penalty"":19.9039000735851,""test"":""Ljung-Box"",""ljung_box_fitdf"":0,""lag"":""adaptive"",""spline_method"":""conservative"",""acorr_fdr"":0.1,""anova_fdr"":0.01,""normalization"":""normalize"",""scale_by_batch"":false}",0.831710138594866,1,41,10,FALSE,FALSE,FALSE
"batchcorr_set1","BatchCorr Set 1","SPLIT06","REF_288","winn_fixed_no_qc","WiNN fixed default (no QC)","fixed; no selection",,"{""parameters"":""fixed"",""pelt_penalty"":null,""test"":""Ljung-Box"",""ljung_box_fitdf"":0,""lag"":""adaptive"",""spline_method"":""conservative"",""scale_by_batch"":false}",,1,41,10,FALSE,FALSE,FALSE
"batchcorr_set1","BatchCorr Set 1","SPLIT07","REF_289","raw","Raw","fixed; no selection",,"fixed; no selection",,1,41,10,FALSE,FALSE,FALSE
"batchcorr_set1","BatchCorr Set 1","SPLIT07","REF_290","combat","ComBat","training-QC score only within split","2","candidate=2; par_prior=FALSE",0.82149423024317,2,41,10,FALSE,FALSE,FALSE
"batchcorr_set1","BatchCorr Set 1","SPLIT07","REF_291","qc_rlsc","QC-RLSC","fixed; no selection","1","candidate=1; dataset_specific_fixed; log1p subtractive per-batch LOESS; span=1; degree=1; log-scale batch shift; ID-preserving",0.884249788181006,1,41,10,FALSE,FALSE,FALSE
"batchcorr_set1","BatchCorr Set 1","SPLIT07","REF_292","qc_rfsc","QC-RFSC","training-QC score only within split","4","candidate=4; ntree=500; coCV=30; Frule=0.8",0.620612499098945,4,41,10,FALSE,FALSE,FALSE
"batchcorr_set1","BatchCorr Set 1","SPLIT07","REF_293","serrf","SERRF","training-QC score only within split","3","candidate=3; jitter_eps=1e-05",0.812549365557481,3,41,10,FALSE,FALSE,FALSE
"batchcorr_set1","BatchCorr Set 1","SPLIT07","REF_294","winn_auto_qc","WiNN auto (QC)","package auto using training QCs only",,"{""parameters"":""auto"",""batch_option"":""provided"",""pelt_penalty"":null,""test"":""Ljung-Box"",""ljung_box_fitdf"":0,""lag"":""adaptive"",""spline_method"":""conservative"",""acorr_fdr"":0.01,""anova_fdr"":0.05,""normalization"":""normalize"",""scale_by_batch"":false}",0.861976067101783,1,41,10,FALSE,FALSE,FALSE
"batchcorr_set1","BatchCorr Set 1","SPLIT07","REF_295","winn_auto_batch_qc","WiNN auto-batch (QC)","package auto using training QCs only",,"{""parameters"":""auto"",""batch_option"":""auto"",""pelt_penalty"":19.9039000735851,""test"":""Ljung-Box"",""ljung_box_fitdf"":0,""lag"":""adaptive"",""spline_method"":""conservative"",""acorr_fdr"":0.1,""anova_fdr"":0.1,""normalization"":""normalize"",""scale_by_batch"":false}",0.839177465270762,1,41,10,FALSE,FALSE,FALSE
"batchcorr_set1","BatchCorr Set 1","SPLIT07","REF_296","winn_fixed_no_qc","WiNN fixed default (no QC)","fixed; no selection",,"{""parameters"":""fixed"",""pelt_penalty"":null,""test"":""Ljung-Box"",""ljung_box_fitdf"":0,""lag"":""adaptive"",""spline_method"":""conservative"",""scale_by_batch"":false}",,1,41,10,FALSE,FALSE,FALSE
"batchcorr_set1","BatchCorr Set 1","SPLIT08","REF_297","raw","Raw","fixed; no selection",,"fixed; no selection",,1,41,10,FALSE,FALSE,FALSE
"batchcorr_set1","BatchCorr Set 1","SPLIT08","REF_298","combat","ComBat","training-QC score only within split","1","candidate=1; par_prior=TRUE",0.788158851664145,2,41,10,FALSE,FALSE,FALSE
"batchcorr_set1","BatchCorr Set 1","SPLIT08","REF_299","qc_rlsc","QC-RLSC","fixed; no selection","1","candidate=1; dataset_specific_fixed; log1p subtractive per-batch LOESS; span=1; degree=1; log-scale batch shift; ID-preserving",0.854403203260254,1,41,10,FALSE,FALSE,FALSE
"batchcorr_set1","BatchCorr Set 1","SPLIT08","REF_300","qc_rfsc","QC-RFSC","training-QC score only within split","2","candidate=2; ntree=500; coCV=20; Frule=0.8",0.613236977646697,4,41,10,FALSE,FALSE,FALSE
"batchcorr_set1","BatchCorr Set 1","SPLIT08","REF_301","serrf","SERRF","training-QC score only within split","3","candidate=3; jitter_eps=1e-05",0.769572172616588,3,41,10,FALSE,FALSE,FALSE
"batchcorr_set1","BatchCorr Set 1","SPLIT08","REF_302","winn_auto_qc","WiNN auto (QC)","package auto using training QCs only",,"{""parameters"":""auto"",""batch_option"":""provided"",""pelt_penalty"":null,""test"":""Ljung-Box"",""ljung_box_fitdf"":0,""lag"":""adaptive"",""spline_method"":""conservative"",""acorr_fdr"":0.01,""anova_fdr"":0.05,""normalization"":""normalize"",""scale_by_batch"":false}",0.838719611161359,1,41,10,FALSE,FALSE,FALSE
"batchcorr_set1","BatchCorr Set 1","SPLIT08","REF_303","winn_auto_batch_qc","WiNN auto-batch (QC)","package auto using training QCs only",,"{""parameters"":""auto"",""batch_option"":""auto"",""pelt_penalty"":19.9039000735851,""test"":""Ljung-Box"",""ljung_box_fitdf"":0,""lag"":""adaptive"",""spline_method"":""conservative"",""acorr_fdr"":0.1,""anova_fdr"":0.01,""normalization"":""normalize"",""scale_by_batch"":false}",0.820339899085311,1,41,10,FALSE,FALSE,FALSE
"batchcorr_set1","BatchCorr Set 1","SPLIT08","REF_304","winn_fixed_no_qc","WiNN fixed default (no QC)","fixed; no selection",,"{""parameters"":""fixed"",""pelt_penalty"":null,""test"":""Ljung-Box"",""ljung_box_fitdf"":0,""lag"":""adaptive"",""spline_method"":""conservative"",""scale_by_batch"":false}",,1,41,10,FALSE,FALSE,FALSE
"batchcorr_set1","BatchCorr Set 1","SPLIT09","REF_305","raw","Raw","fixed; no selection",,"fixed; no selection",,1,41,10,FALSE,FALSE,FALSE
"batchcorr_set1","BatchCorr Set 1","SPLIT09","REF_306","combat","ComBat","training-QC score only within split","1","candidate=1; par_prior=TRUE",0.806016646070543,2,41,10,FALSE,FALSE,FALSE
"batchcorr_set1","BatchCorr Set 1","SPLIT09","REF_307","qc_rlsc","QC-RLSC","fixed; no selection","1","candidate=1; dataset_specific_fixed; log1p subtractive per-batch LOESS; span=1; degree=1; log-scale batch shift; ID-preserving",0.867756682413027,1,41,10,FALSE,FALSE,FALSE
"batchcorr_set1","BatchCorr Set 1","SPLIT09","REF_308","qc_rfsc","QC-RFSC","training-QC score only within split","4","candidate=4; ntree=500; coCV=30; Frule=0.8",0.598117599862309,4,41,10,FALSE,FALSE,FALSE
"batchcorr_set1","BatchCorr Set 1","SPLIT09","REF_309","serrf","SERRF","training-QC score only within split","3","candidate=3; jitter_eps=1e-05",0.795364884619736,3,41,10,FALSE,FALSE,FALSE
"batchcorr_set1","BatchCorr Set 1","SPLIT09","REF_310","winn_auto_qc","WiNN auto (QC)","package auto using training QCs only",,"{""parameters"":""auto"",""batch_option"":""provided"",""pelt_penalty"":null,""test"":""Ljung-Box"",""ljung_box_fitdf"":0,""lag"":""adaptive"",""spline_method"":""conservative"",""acorr_fdr"":0.01,""anova_fdr"":0.05,""normalization"":""normalize"",""scale_by_batch"":false}",0.853280568879194,1,41,10,FALSE,FALSE,FALSE
"batchcorr_set1","BatchCorr Set 1","SPLIT09","REF_311","winn_auto_batch_qc","WiNN auto-batch (QC)","package auto using training QCs only",,"{""parameters"":""auto"",""batch_option"":""auto"",""pelt_penalty"":19.9039000735851,""test"":""Ljung-Box"",""ljung_box_fitdf"":0,""lag"":""adaptive"",""spline_method"":""conservative"",""acorr_fdr"":0.1,""anova_fdr"":0.01,""normalization"":""normalize"",""scale_by_batch"":false}",0.833915780834245,1,41,10,FALSE,FALSE,FALSE
"batchcorr_set1","BatchCorr Set 1","SPLIT09","REF_312","winn_fixed_no_qc","WiNN fixed default (no QC)","fixed; no selection",,"{""parameters"":""fixed"",""pelt_penalty"":null,""test"":""Ljung-Box"",""ljung_box_fitdf"":0,""lag"":""adaptive"",""spline_method"":""conservative"",""scale_by_batch"":false}",,1,41,10,FALSE,FALSE,FALSE
"batchcorr_set1","BatchCorr Set 1","SPLIT10","REF_313","raw","Raw","fixed; no selection",,"fixed; no selection",,1,41,10,FALSE,FALSE,FALSE
"batchcorr_set1","BatchCorr Set 1","SPLIT10","REF_314","combat","ComBat","training-QC score only within split","1","candidate=1; par_prior=TRUE",0.811088086967508,2,41,10,FALSE,FALSE,FALSE
"batchcorr_set1","BatchCorr Set 1","SPLIT10","REF_315","qc_rlsc","QC-RLSC","fixed; no selection","1","candidate=1; dataset_specific_fixed; log1p subtractive per-batch LOESS; span=1; degree=1; log-scale batch shift; ID-preserving",0.882066669525435,1,41,10,FALSE,FALSE,FALSE
"batchcorr_set1","BatchCorr Set 1","SPLIT10","REF_316","qc_rfsc","QC-RFSC","training-QC score only within split","3","candidate=3; ntree=200; coCV=30; Frule=0.8",0.606571181257124,4,41,10,FALSE,FALSE,FALSE
"batchcorr_set1","BatchCorr Set 1","SPLIT10","REF_317","serrf","SERRF","training-QC score only within split","3","candidate=3; jitter_eps=1e-05",0.79316913835954,3,41,10,FALSE,FALSE,FALSE
"batchcorr_set1","BatchCorr Set 1","SPLIT10","REF_318","winn_auto_qc","WiNN auto (QC)","package auto using training QCs only",,"{""parameters"":""auto"",""batch_option"":""provided"",""pelt_penalty"":null,""test"":""Ljung-Box"",""ljung_box_fitdf"":0,""lag"":""adaptive"",""spline_method"":""conservative"",""acorr_fdr"":0.05,""anova_fdr"":0.05,""normalization"":""normalize"",""scale_by_batch"":false}",0.859526685765978,1,41,10,FALSE,FALSE,FALSE
"batchcorr_set1","BatchCorr Set 1","SPLIT10","REF_319","winn_auto_batch_qc","WiNN auto-batch (QC)","package auto using training QCs only",,"{""parameters"":""auto"",""batch_option"":""auto"",""pelt_penalty"":19.9039000735851,""test"":""Ljung-Box"",""ljung_box_fitdf"":0,""lag"":""adaptive"",""spline_method"":""conservative"",""acorr_fdr"":0.1,""anova_fdr"":0.1,""normalization"":""normalize"",""scale_by_batch"":false}",0.839481575524433,1,41,10,FALSE,FALSE,FALSE
"batchcorr_set1","BatchCorr Set 1","SPLIT10","REF_320","winn_fixed_no_qc","WiNN fixed default (no QC)","fixed; no selection",,"{""parameters"":""fixed"",""pelt_penalty"":null,""test"":""Ljung-Box"",""ljung_box_fitdf"":0,""lag"":""adaptive"",""spline_method"":""conservative"",""scale_by_batch"":false}",,1,41,10,FALSE,FALSE,FALSE
"sacurine","Sacurine","SPLIT01","REF_321","raw","Raw","fixed; no selection",,"fixed; no selection",,1,18,8,FALSE,FALSE,FALSE
"sacurine","Sacurine","SPLIT01","REF_322","combat","ComBat","fixed; no selection","1","candidate=1; par_prior=TRUE (fixed published/default setting)",0.838292841770193,1,18,8,FALSE,FALSE,FALSE
"sacurine","Sacurine","SPLIT01","REF_323","qc_rlsc","QC-RLSC","training-QC score only within split","2","candidate=2; span=0.5",0.954056843213893,4,18,8,FALSE,FALSE,FALSE
"sacurine","Sacurine","SPLIT01","REF_324","qc_rfsc","QC-RFSC","training-QC score only within split","3","candidate=3; ntree=200; coCV=30; Frule=0.8",0.913378363265284,4,18,8,FALSE,FALSE,FALSE
"sacurine","Sacurine","SPLIT01","REF_325","serrf","SERRF","training-QC score only within split","2","candidate=2; jitter_eps=1e-06",0.895177391221365,3,18,8,FALSE,FALSE,FALSE
"sacurine","Sacurine","SPLIT01","REF_326","winn_auto_qc","WiNN auto (QC)","package auto using training QCs only",,"{""parameters"":""auto"",""batch_option"":""provided"",""pelt_penalty"":null,""test"":""Ljung-Box"",""ljung_box_fitdf"":0,""lag"":""adaptive"",""spline_method"":""standard"",""acorr_fdr"":0.1,""anova_fdr"":0.1,""normalization"":""normalize"",""scale_by_batch"":false}",0.895835156860271,1,18,8,FALSE,FALSE,FALSE
"sacurine","Sacurine","SPLIT01","REF_327","winn_auto_batch_qc","WiNN auto-batch (QC)","package auto using training QCs only",,"{""parameters"":""auto"",""batch_option"":""auto"",""pelt_penalty"":16.0413225921524,""test"":""Ljung-Box"",""ljung_box_fitdf"":0,""lag"":""adaptive"",""spline_method"":""conservative"",""acorr_fdr"":0.01,""anova_fdr"":0.1,""normalization"":""normalize"",""scale_by_batch"":false}",0.889129034569358,1,18,8,FALSE,FALSE,FALSE
"sacurine","Sacurine","SPLIT01","REF_328","winn_fixed_no_qc","WiNN fixed default (no QC)","fixed; no selection",,"{""parameters"":""fixed"",""pelt_penalty"":null,""test"":""Ljung-Box"",""ljung_box_fitdf"":0,""lag"":""adaptive"",""spline_method"":""conservative"",""scale_by_batch"":false}",,1,18,8,FALSE,FALSE,FALSE
"sacurine","Sacurine","SPLIT02","REF_329","raw","Raw","fixed; no selection",,"fixed; no selection",,1,18,8,FALSE,FALSE,FALSE
"sacurine","Sacurine","SPLIT02","REF_330","combat","ComBat","fixed; no selection","1","candidate=1; par_prior=TRUE (fixed published/default setting)",0.823772445223295,1,18,8,FALSE,FALSE,FALSE
"sacurine","Sacurine","SPLIT02","REF_331","qc_rlsc","QC-RLSC","training-QC score only within split","2","candidate=2; span=0.5",0.949734460096211,4,18,8,FALSE,FALSE,FALSE
"sacurine","Sacurine","SPLIT02","REF_332","qc_rfsc","QC-RFSC","training-QC score only within split","3","candidate=3; ntree=200; coCV=30; Frule=0.8",0.911319522721897,4,18,8,FALSE,FALSE,FALSE
"sacurine","Sacurine","SPLIT02","REF_333","serrf","SERRF","training-QC score only within split","2","candidate=2; jitter_eps=1e-06",0.896477448674273,3,18,8,FALSE,FALSE,FALSE
"sacurine","Sacurine","SPLIT02","REF_334","winn_auto_qc","WiNN auto (QC)","package auto using training QCs only",,"{""parameters"":""auto"",""batch_option"":""provided"",""pelt_penalty"":null,""test"":""Ljung-Box"",""ljung_box_fitdf"":0,""lag"":""adaptive"",""spline_method"":""standard"",""acorr_fdr"":0.1,""anova_fdr"":0.1,""normalization"":""normalize"",""scale_by_batch"":false}",0.896452826986642,1,18,8,FALSE,FALSE,FALSE
"sacurine","Sacurine","SPLIT02","REF_335","winn_auto_batch_qc","WiNN auto-batch (QC)","package auto using training QCs only",,"{""parameters"":""auto"",""batch_option"":""auto"",""pelt_penalty"":16.0413225921524,""test"":""Ljung-Box"",""ljung_box_fitdf"":0,""lag"":""adaptive"",""spline_method"":""conservative"",""acorr_fdr"":0.01,""anova_fdr"":0.1,""normalization"":""normalize"",""scale_by_batch"":false}",0.889793928252745,1,18,8,FALSE,FALSE,FALSE
"sacurine","Sacurine","SPLIT02","REF_336","winn_fixed_no_qc","WiNN fixed default (no QC)","fixed; no selection",,"{""parameters"":""fixed"",""pelt_penalty"":null,""test"":""Ljung-Box"",""ljung_box_fitdf"":0,""lag"":""adaptive"",""spline_method"":""conservative"",""scale_by_batch"":false}",,1,18,8,FALSE,FALSE,FALSE
"sacurine","Sacurine","SPLIT03","REF_337","raw","Raw","fixed; no selection",,"fixed; no selection",,1,18,8,FALSE,FALSE,FALSE
"sacurine","Sacurine","SPLIT03","REF_338","combat","ComBat","fixed; no selection","1","candidate=1; par_prior=TRUE (fixed published/default setting)",0.842167633706716,1,18,8,FALSE,FALSE,FALSE
"sacurine","Sacurine","SPLIT03","REF_339","qc_rlsc","QC-RLSC","training-QC score only within split","2","candidate=2; span=0.5",0.958840641702431,4,18,8,FALSE,FALSE,FALSE
"sacurine","Sacurine","SPLIT03","REF_340","qc_rfsc","QC-RFSC","training-QC score only within split","3","candidate=3; ntree=200; coCV=30; Frule=0.8",0.911656544179254,4,18,8,FALSE,FALSE,FALSE
"sacurine","Sacurine","SPLIT03","REF_341","serrf","SERRF","training-QC score only within split","3","candidate=3; jitter_eps=1e-05",0.894861353043099,3,18,8,FALSE,FALSE,FALSE
"sacurine","Sacurine","SPLIT03","REF_342","winn_auto_qc","WiNN auto (QC)","package auto using training QCs only",,"{""parameters"":""auto"",""batch_option"":""provided"",""pelt_penalty"":null,""test"":""Ljung-Box"",""ljung_box_fitdf"":0,""lag"":""adaptive"",""spline_method"":""standard"",""acorr_fdr"":0.1,""anova_fdr"":0.1,""normalization"":""normalize"",""scale_by_batch"":false}",0.897585274942133,1,18,8,FALSE,FALSE,FALSE
"sacurine","Sacurine","SPLIT03","REF_343","winn_auto_batch_qc","WiNN auto-batch (QC)","package auto using training QCs only",,"{""parameters"":""auto"",""batch_option"":""auto"",""pelt_penalty"":16.0413225921524,""test"":""Ljung-Box"",""ljung_box_fitdf"":0,""lag"":""adaptive"",""spline_method"":""conservative"",""acorr_fdr"":0.01,""anova_fdr"":0.1,""normalization"":""normalize"",""scale_by_batch"":false}",0.893994100617229,1,18,8,FALSE,FALSE,FALSE
"sacurine","Sacurine","SPLIT03","REF_344","winn_fixed_no_qc","WiNN fixed default (no QC)","fixed; no selection",,"{""parameters"":""fixed"",""pelt_penalty"":null,""test"":""Ljung-Box"",""ljung_box_fitdf"":0,""lag"":""adaptive"",""spline_method"":""conservative"",""scale_by_batch"":false}",,1,18,8,FALSE,FALSE,FALSE
"sacurine","Sacurine","SPLIT04","REF_345","raw","Raw","fixed; no selection",,"fixed; no selection",,1,18,8,FALSE,FALSE,FALSE
"sacurine","Sacurine","SPLIT04","REF_346","combat","ComBat","fixed; no selection","1","candidate=1; par_prior=TRUE (fixed published/default setting)",0.83341994749004,1,18,8,FALSE,FALSE,FALSE
"sacurine","Sacurine","SPLIT04","REF_347","qc_rlsc","QC-RLSC","training-QC score only within split","2","candidate=2; span=0.5",0.950868488519627,4,18,8,FALSE,FALSE,FALSE
"sacurine","Sacurine","SPLIT04","REF_348","qc_rfsc","QC-RFSC","training-QC score only within split","3","candidate=3; ntree=200; coCV=30; Frule=0.8",0.909815393192453,4,18,8,FALSE,FALSE,FALSE
"sacurine","Sacurine","SPLIT04","REF_349","serrf","SERRF","training-QC score only within split","2","candidate=2; jitter_eps=1e-06",0.902217344706166,3,18,8,FALSE,FALSE,FALSE
"sacurine","Sacurine","SPLIT04","REF_350","winn_auto_qc","WiNN auto (QC)","package auto using training QCs only",,"{""parameters"":""auto"",""batch_option"":""provided"",""pelt_penalty"":null,""test"":""Ljung-Box"",""ljung_box_fitdf"":0,""lag"":""adaptive"",""spline_method"":""standard"",""acorr_fdr"":0.1,""anova_fdr"":0.1,""normalization"":""normalize"",""scale_by_batch"":false}",0.895765330750267,1,18,8,FALSE,FALSE,FALSE
"sacurine","Sacurine","SPLIT04","REF_351","winn_auto_batch_qc","WiNN auto-batch (QC)","package auto using training QCs only",,"{""parameters"":""auto"",""batch_option"":""auto"",""pelt_penalty"":16.0413225921524,""test"":""Ljung-Box"",""ljung_box_fitdf"":0,""lag"":""adaptive"",""spline_method"":""conservative"",""acorr_fdr"":0.01,""anova_fdr"":0.1,""normalization"":""normalize"",""scale_by_batch"":false}",0.892448263990448,1,18,8,FALSE,FALSE,FALSE
"sacurine","Sacurine","SPLIT04","REF_352","winn_fixed_no_qc","WiNN fixed default (no QC)","fixed; no selection",,"{""parameters"":""fixed"",""pelt_penalty"":null,""test"":""Ljung-Box"",""ljung_box_fitdf"":0,""lag"":""adaptive"",""spline_method"":""conservative"",""scale_by_batch"":false}",,1,18,8,FALSE,FALSE,FALSE
"sacurine","Sacurine","SPLIT05","REF_353","raw","Raw","fixed; no selection",,"fixed; no selection",,1,18,8,FALSE,FALSE,FALSE
"sacurine","Sacurine","SPLIT05","REF_354","combat","ComBat","fixed; no selection","1","candidate=1; par_prior=TRUE (fixed published/default setting)",0.834302784287544,1,18,8,FALSE,FALSE,FALSE
"sacurine","Sacurine","SPLIT05","REF_355","qc_rlsc","QC-RLSC","training-QC score only within split","2","candidate=2; span=0.5",0.948970888945822,4,18,8,FALSE,FALSE,FALSE
"sacurine","Sacurine","SPLIT05","REF_356","qc_rfsc","QC-RFSC","training-QC score only within split","3","candidate=3; ntree=200; coCV=30; Frule=0.8",0.913845528229064,4,18,8,FALSE,FALSE,FALSE
"sacurine","Sacurine","SPLIT05","REF_357","serrf","SERRF","training-QC score only within split","1","candidate=1; jitter_eps=0",0.89918810258592,3,18,8,FALSE,FALSE,FALSE
"sacurine","Sacurine","SPLIT05","REF_358","winn_auto_qc","WiNN auto (QC)","package auto using training QCs only",,"{""parameters"":""auto"",""batch_option"":""provided"",""pelt_penalty"":null,""test"":""Ljung-Box"",""ljung_box_fitdf"":0,""lag"":""adaptive"",""spline_method"":""standard"",""acorr_fdr"":0.1,""anova_fdr"":0.1,""normalization"":""normalize"",""scale_by_batch"":false}",0.894338814481841,1,18,8,FALSE,FALSE,FALSE
"sacurine","Sacurine","SPLIT05","REF_359","winn_auto_batch_qc","WiNN auto-batch (QC)","package auto using training QCs only",,"{""parameters"":""auto"",""batch_option"":""auto"",""pelt_penalty"":16.0413225921524,""test"":""Ljung-Box"",""ljung_box_fitdf"":0,""lag"":""adaptive"",""spline_method"":""conservative"",""acorr_fdr"":0.01,""anova_fdr"":0.1,""normalization"":""normalize"",""scale_by_batch"":false}",0.889751669108182,1,18,8,FALSE,FALSE,FALSE
"sacurine","Sacurine","SPLIT05","REF_360","winn_fixed_no_qc","WiNN fixed default (no QC)","fixed; no selection",,"{""parameters"":""fixed"",""pelt_penalty"":null,""test"":""Ljung-Box"",""ljung_box_fitdf"":0,""lag"":""adaptive"",""spline_method"":""conservative"",""scale_by_batch"":false}",,1,18,8,FALSE,FALSE,FALSE
"sacurine","Sacurine","SPLIT06","REF_361","raw","Raw","fixed; no selection",,"fixed; no selection",,1,18,8,FALSE,FALSE,FALSE
"sacurine","Sacurine","SPLIT06","REF_362","combat","ComBat","fixed; no selection","1","candidate=1; par_prior=TRUE (fixed published/default setting)",0.820432534683,1,18,8,FALSE,FALSE,FALSE
"sacurine","Sacurine","SPLIT06","REF_363","qc_rlsc","QC-RLSC","training-QC score only within split","2","candidate=2; span=0.5",0.948836078342498,4,18,8,FALSE,FALSE,FALSE
"sacurine","Sacurine","SPLIT06","REF_364","qc_rfsc","QC-RFSC","training-QC score only within split","4","candidate=4; ntree=500; coCV=30; Frule=0.8",0.910950722529244,4,18,8,FALSE,FALSE,FALSE
"sacurine","Sacurine","SPLIT06","REF_365","serrf","SERRF","training-QC score only within split","1","candidate=1; jitter_eps=0",0.88700394785837,3,18,8,FALSE,FALSE,FALSE
"sacurine","Sacurine","SPLIT06","REF_366","winn_auto_qc","WiNN auto (QC)","package auto using training QCs only",,"{""parameters"":""auto"",""batch_option"":""provided"",""pelt_penalty"":null,""test"":""Ljung-Box"",""ljung_box_fitdf"":0,""lag"":""adaptive"",""spline_method"":""standard"",""acorr_fdr"":0.1,""anova_fdr"":0.1,""normalization"":""normalize"",""scale_by_batch"":false}",0.895642377244734,1,18,8,FALSE,FALSE,FALSE
"sacurine","Sacurine","SPLIT06","REF_367","winn_auto_batch_qc","WiNN auto-batch (QC)","package auto using training QCs only",,"{""parameters"":""auto"",""batch_option"":""auto"",""pelt_penalty"":16.0413225921524,""test"":""Ljung-Box"",""ljung_box_fitdf"":0,""lag"":""adaptive"",""spline_method"":""conservative"",""acorr_fdr"":0.01,""anova_fdr"":0.1,""normalization"":""normalize"",""scale_by_batch"":false}",0.891942132181577,1,18,8,FALSE,FALSE,FALSE
"sacurine","Sacurine","SPLIT06","REF_368","winn_fixed_no_qc","WiNN fixed default (no QC)","fixed; no selection",,"{""parameters"":""fixed"",""pelt_penalty"":null,""test"":""Ljung-Box"",""ljung_box_fitdf"":0,""lag"":""adaptive"",""spline_method"":""conservative"",""scale_by_batch"":false}",,1,18,8,FALSE,FALSE,FALSE
"sacurine","Sacurine","SPLIT07","REF_369","raw","Raw","fixed; no selection",,"fixed; no selection",,1,18,8,FALSE,FALSE,FALSE
"sacurine","Sacurine","SPLIT07","REF_370","combat","ComBat","fixed; no selection","1","candidate=1; par_prior=TRUE (fixed published/default setting)",0.836306342253957,1,18,8,FALSE,FALSE,FALSE
"sacurine","Sacurine","SPLIT07","REF_371","qc_rlsc","QC-RLSC","training-QC score only within split","2","candidate=2; span=0.5",0.952049273253913,4,18,8,FALSE,FALSE,FALSE
"sacurine","Sacurine","SPLIT07","REF_372","qc_rfsc","QC-RFSC","training-QC score only within split","3","candidate=3; ntree=200; coCV=30; Frule=0.8",0.911453312207476,4,18,8,FALSE,FALSE,FALSE
"sacurine","Sacurine","SPLIT07","REF_373","serrf","SERRF","training-QC score only within split","2","candidate=2; jitter_eps=1e-06",0.901243060975094,3,18,8,FALSE,FALSE,FALSE
"sacurine","Sacurine","SPLIT07","REF_374","winn_auto_qc","WiNN auto (QC)","package auto using training QCs only",,"{""parameters"":""auto"",""batch_option"":""provided"",""pelt_penalty"":null,""test"":""Ljung-Box"",""ljung_box_fitdf"":0,""lag"":""adaptive"",""spline_method"":""standard"",""acorr_fdr"":0.1,""anova_fdr"":0.1,""normalization"":""normalize"",""scale_by_batch"":false}",0.897489518639077,1,18,8,FALSE,FALSE,FALSE
"sacurine","Sacurine","SPLIT07","REF_375","winn_auto_batch_qc","WiNN auto-batch (QC)","package auto using training QCs only",,"{""parameters"":""auto"",""batch_option"":""auto"",""pelt_penalty"":16.0413225921524,""test"":""Ljung-Box"",""ljung_box_fitdf"":0,""lag"":""adaptive"",""spline_method"":""conservative"",""acorr_fdr"":0.01,""anova_fdr"":0.1,""normalization"":""normalize"",""scale_by_batch"":false}",0.892192817515075,1,18,8,FALSE,FALSE,FALSE
"sacurine","Sacurine","SPLIT07","REF_376","winn_fixed_no_qc","WiNN fixed default (no QC)","fixed; no selection",,"{""parameters"":""fixed"",""pelt_penalty"":null,""test"":""Ljung-Box"",""ljung_box_fitdf"":0,""lag"":""adaptive"",""spline_method"":""conservative"",""scale_by_batch"":false}",,1,18,8,FALSE,FALSE,FALSE
"sacurine","Sacurine","SPLIT08","REF_377","raw","Raw","fixed; no selection",,"fixed; no selection",,1,18,8,FALSE,FALSE,FALSE
"sacurine","Sacurine","SPLIT08","REF_378","combat","ComBat","fixed; no selection","1","candidate=1; par_prior=TRUE (fixed published/default setting)",0.832790515716092,1,18,8,FALSE,FALSE,FALSE
"sacurine","Sacurine","SPLIT08","REF_379","qc_rlsc","QC-RLSC","training-QC score only within split","2","candidate=2; span=0.5",0.950906363247692,4,18,8,FALSE,FALSE,FALSE
"sacurine","Sacurine","SPLIT08","REF_380","qc_rfsc","QC-RFSC","training-QC score only within split","3","candidate=3; ntree=200; coCV=30; Frule=0.8",0.912111314224798,4,18,8,FALSE,FALSE,FALSE
"sacurine","Sacurine","SPLIT08","REF_381","serrf","SERRF","training-QC score only within split","3","candidate=3; jitter_eps=1e-05",0.902615287457096,3,18,8,FALSE,FALSE,FALSE
"sacurine","Sacurine","SPLIT08","REF_382","winn_auto_qc","WiNN auto (QC)","package auto using training QCs only",,"{""parameters"":""auto"",""batch_option"":""provided"",""pelt_penalty"":null,""test"":""Ljung-Box"",""ljung_box_fitdf"":0,""lag"":""adaptive"",""spline_method"":""standard"",""acorr_fdr"":0.1,""anova_fdr"":0.1,""normalization"":""normalize"",""scale_by_batch"":false}",0.897073624651893,1,18,8,FALSE,FALSE,FALSE
"sacurine","Sacurine","SPLIT08","REF_383","winn_auto_batch_qc","WiNN auto-batch (QC)","package auto using training QCs only",,"{""parameters"":""auto"",""batch_option"":""auto"",""pelt_penalty"":16.0413225921524,""test"":""Ljung-Box"",""ljung_box_fitdf"":0,""lag"":""adaptive"",""spline_method"":""conservative"",""acorr_fdr"":0.01,""anova_fdr"":0.1,""normalization"":""normalize"",""scale_by_batch"":false}",0.89325883007046,1,18,8,FALSE,FALSE,FALSE
"sacurine","Sacurine","SPLIT08","REF_384","winn_fixed_no_qc","WiNN fixed default (no QC)","fixed; no selection",,"{""parameters"":""fixed"",""pelt_penalty"":null,""test"":""Ljung-Box"",""ljung_box_fitdf"":0,""lag"":""adaptive"",""spline_method"":""conservative"",""scale_by_batch"":false}",,1,18,8,FALSE,FALSE,FALSE
"sacurine","Sacurine","SPLIT09","REF_385","raw","Raw","fixed; no selection",,"fixed; no selection",,1,18,8,FALSE,FALSE,FALSE
"sacurine","Sacurine","SPLIT09","REF_386","combat","ComBat","fixed; no selection","1","candidate=1; par_prior=TRUE (fixed published/default setting)",0.827588306184954,1,18,8,FALSE,FALSE,FALSE
"sacurine","Sacurine","SPLIT09","REF_387","qc_rlsc","QC-RLSC","training-QC score only within split","2","candidate=2; span=0.5",0.950942789397195,4,18,8,FALSE,FALSE,FALSE
"sacurine","Sacurine","SPLIT09","REF_388","qc_rfsc","QC-RFSC","training-QC score only within split","4","candidate=4; ntree=500; coCV=30; Frule=0.8",0.910926624896245,4,18,8,FALSE,FALSE,FALSE
"sacurine","Sacurine","SPLIT09","REF_389","serrf","SERRF","training-QC score only within split","1","candidate=1; jitter_eps=0",0.899969380254787,3,18,8,FALSE,FALSE,FALSE
"sacurine","Sacurine","SPLIT09","REF_390","winn_auto_qc","WiNN auto (QC)","package auto using training QCs only",,"{""parameters"":""auto"",""batch_option"":""provided"",""pelt_penalty"":null,""test"":""Ljung-Box"",""ljung_box_fitdf"":0,""lag"":""adaptive"",""spline_method"":""standard"",""acorr_fdr"":0.1,""anova_fdr"":0.1,""normalization"":""normalize"",""scale_by_batch"":false}",0.897069820865695,1,18,8,FALSE,FALSE,FALSE
"sacurine","Sacurine","SPLIT09","REF_391","winn_auto_batch_qc","WiNN auto-batch (QC)","package auto using training QCs only",,"{""parameters"":""auto"",""batch_option"":""auto"",""pelt_penalty"":16.0413225921524,""test"":""Ljung-Box"",""ljung_box_fitdf"":0,""lag"":""adaptive"",""spline_method"":""conservative"",""acorr_fdr"":0.01,""anova_fdr"":0.1,""normalization"":""normalize"",""scale_by_batch"":false}",0.889770102954657,1,18,8,FALSE,FALSE,FALSE
"sacurine","Sacurine","SPLIT09","REF_392","winn_fixed_no_qc","WiNN fixed default (no QC)","fixed; no selection",,"{""parameters"":""fixed"",""pelt_penalty"":null,""test"":""Ljung-Box"",""ljung_box_fitdf"":0,""lag"":""adaptive"",""spline_method"":""conservative"",""scale_by_batch"":false}",,1,18,8,FALSE,FALSE,FALSE
"sacurine","Sacurine","SPLIT10","REF_393","raw","Raw","fixed; no selection",,"fixed; no selection",,1,18,8,FALSE,FALSE,FALSE
"sacurine","Sacurine","SPLIT10","REF_394","combat","ComBat","fixed; no selection","1","candidate=1; par_prior=TRUE (fixed published/default setting)",0.846114784121291,1,18,8,FALSE,FALSE,FALSE
"sacurine","Sacurine","SPLIT10","REF_395","qc_rlsc","QC-RLSC","training-QC score only within split","2","candidate=2; span=0.5",0.952309178075471,4,18,8,FALSE,FALSE,FALSE
"sacurine","Sacurine","SPLIT10","REF_396","qc_rfsc","QC-RFSC","training-QC score only within split","3","candidate=3; ntree=200; coCV=30; Frule=0.8",0.910721267802915,4,18,8,FALSE,FALSE,FALSE
"sacurine","Sacurine","SPLIT10","REF_397","serrf","SERRF","training-QC score only within split","3","candidate=3; jitter_eps=1e-05",0.889898150747246,3,18,8,FALSE,FALSE,FALSE
"sacurine","Sacurine","SPLIT10","REF_398","winn_auto_qc","WiNN auto (QC)","package auto using training QCs only",,"{""parameters"":""auto"",""batch_option"":""provided"",""pelt_penalty"":null,""test"":""Ljung-Box"",""ljung_box_fitdf"":0,""lag"":""adaptive"",""spline_method"":""standard"",""acorr_fdr"":0.1,""anova_fdr"":0.1,""normalization"":""normalize"",""scale_by_batch"":false}",0.89605849793251,1,18,8,FALSE,FALSE,FALSE
"sacurine","Sacurine","SPLIT10","REF_399","winn_auto_batch_qc","WiNN auto-batch (QC)","package auto using training QCs only",,"{""parameters"":""auto"",""batch_option"":""auto"",""pelt_penalty"":16.0413225921524,""test"":""Ljung-Box"",""ljung_box_fitdf"":0,""lag"":""adaptive"",""spline_method"":""conservative"",""acorr_fdr"":0.01,""anova_fdr"":0.1,""normalization"":""normalize"",""scale_by_batch"":false}",0.892335664907939,1,18,8,FALSE,FALSE,FALSE
"sacurine","Sacurine","SPLIT10","REF_400","winn_fixed_no_qc","WiNN fixed default (no QC)","fixed; no selection",,"{""parameters"":""fixed"",""pelt_penalty"":null,""test"":""Ljung-Box"",""ljung_box_fitdf"":0,""lag"":""adaptive"",""spline_method"":""conservative"",""scale_by_batch"":false}",,1,18,8,FALSE,FALSE,FALSE
"waveica","WaveICA","SPLIT01","REF_401","raw","Raw","fixed; no selection",,"fixed; no selection",,1,59,15,FALSE,FALSE,FALSE
"waveica","WaveICA","SPLIT01","REF_402","combat","ComBat","fixed; no selection","1","candidate=1; par_prior=TRUE (fixed published/default setting)",0.704605856667188,1,59,15,FALSE,FALSE,FALSE
"waveica","WaveICA","SPLIT01","REF_403","qc_rlsc","QC-RLSC","training-QC score only within split","1","candidate=1; span=0.3",0.769453560808102,4,59,15,FALSE,FALSE,FALSE
"waveica","WaveICA","SPLIT01","REF_404","qc_rfsc","QC-RFSC","training-QC score only within split","4","candidate=4; ntree=500; coCV=30; Frule=0.8",0.54100986551577,4,59,15,FALSE,FALSE,FALSE
"waveica","WaveICA","SPLIT01","REF_405","serrf","SERRF","training-QC score only within split","2","candidate=2; jitter_eps=1e-06",-0.028392565199293,3,59,15,FALSE,FALSE,FALSE
"waveica","WaveICA","SPLIT01","REF_406","winn_auto_qc","WiNN auto (QC)","package auto using training QCs only",,"{""parameters"":""auto"",""batch_option"":""provided"",""pelt_penalty"":null,""test"":""Ljung-Box"",""ljung_box_fitdf"":0,""lag"":""adaptive"",""spline_method"":""conservative"",""acorr_fdr"":0.01,""anova_fdr"":0.05,""normalization"":""normalize"",""scale_by_batch"":false}",0.692340857839465,1,59,15,FALSE,FALSE,FALSE
"waveica","WaveICA","SPLIT01","REF_407","winn_auto_batch_qc","WiNN auto-batch (QC)","package auto using training QCs only",,"{""parameters"":""auto"",""batch_option"":""auto"",""pelt_penalty"":19.3937649110699,""test"":""Ljung-Box"",""ljung_box_fitdf"":0,""lag"":""adaptive"",""spline_method"":""standard"",""acorr_fdr"":0.1,""anova_fdr"":0.1,""normalization"":""shrink"",""scale_by_batch"":false}",0.706087164488046,1,59,15,FALSE,FALSE,FALSE
"waveica","WaveICA","SPLIT01","REF_408","winn_fixed_no_qc","WiNN fixed default (no QC)","fixed; no selection",,"{""parameters"":""fixed"",""pelt_penalty"":null,""test"":""Ljung-Box"",""ljung_box_fitdf"":0,""lag"":""adaptive"",""spline_method"":""conservative"",""scale_by_batch"":false}",,1,59,15,FALSE,FALSE,FALSE
"waveica","WaveICA","SPLIT02","REF_409","raw","Raw","fixed; no selection",,"fixed; no selection",,1,59,15,FALSE,FALSE,FALSE
"waveica","WaveICA","SPLIT02","REF_410","combat","ComBat","fixed; no selection","1","candidate=1; par_prior=TRUE (fixed published/default setting)",0.709451058196993,1,59,15,FALSE,FALSE,FALSE
"waveica","WaveICA","SPLIT02","REF_411","qc_rlsc","QC-RLSC","training-QC score only within split","1","candidate=1; span=0.3",0.76865646355228,4,59,15,FALSE,FALSE,FALSE
"waveica","WaveICA","SPLIT02","REF_412","qc_rfsc","QC-RFSC","training-QC score only within split","4","candidate=4; ntree=500; coCV=30; Frule=0.8",0.528911654217321,4,59,15,FALSE,FALSE,FALSE
"waveica","WaveICA","SPLIT02","REF_413","serrf","SERRF","training-QC score only within split","2","candidate=2; jitter_eps=1e-06",-0.0253126796738162,3,59,15,FALSE,FALSE,FALSE
"waveica","WaveICA","SPLIT02","REF_414","winn_auto_qc","WiNN auto (QC)","package auto using training QCs only",,"{""parameters"":""auto"",""batch_option"":""provided"",""pelt_penalty"":null,""test"":""Ljung-Box"",""ljung_box_fitdf"":0,""lag"":""adaptive"",""spline_method"":""standard"",""acorr_fdr"":0.1,""anova_fdr"":0.01,""normalization"":""shrink"",""scale_by_batch"":false}",0.697078150650665,1,59,15,FALSE,FALSE,FALSE
"waveica","WaveICA","SPLIT02","REF_415","winn_auto_batch_qc","WiNN auto-batch (QC)","package auto using training QCs only",,"{""parameters"":""auto"",""batch_option"":""auto"",""pelt_penalty"":19.3937649110699,""test"":""Ljung-Box"",""ljung_box_fitdf"":0,""lag"":""adaptive"",""spline_method"":""standard"",""acorr_fdr"":0.1,""anova_fdr"":0.1,""normalization"":""shrink"",""scale_by_batch"":false}",0.717577127108691,1,59,15,FALSE,FALSE,FALSE
"waveica","WaveICA","SPLIT02","REF_416","winn_fixed_no_qc","WiNN fixed default (no QC)","fixed; no selection",,"{""parameters"":""fixed"",""pelt_penalty"":null,""test"":""Ljung-Box"",""ljung_box_fitdf"":0,""lag"":""adaptive"",""spline_method"":""conservative"",""scale_by_batch"":false}",,1,59,15,FALSE,FALSE,FALSE
"waveica","WaveICA","SPLIT03","REF_417","raw","Raw","fixed; no selection",,"fixed; no selection",,1,59,15,FALSE,FALSE,FALSE
"waveica","WaveICA","SPLIT03","REF_418","combat","ComBat","fixed; no selection","1","candidate=1; par_prior=TRUE (fixed published/default setting)",0.713665000247348,1,59,15,FALSE,FALSE,FALSE
"waveica","WaveICA","SPLIT03","REF_419","qc_rlsc","QC-RLSC","training-QC score only within split","1","candidate=1; span=0.3",0.770336430460134,4,59,15,FALSE,FALSE,FALSE
"waveica","WaveICA","SPLIT03","REF_420","qc_rfsc","QC-RFSC","training-QC score only within split","4","candidate=4; ntree=500; coCV=30; Frule=0.8",0.531679700440608,4,59,15,FALSE,FALSE,FALSE
"waveica","WaveICA","SPLIT03","REF_421","serrf","SERRF","training-QC score only within split","1","candidate=1; jitter_eps=0",-0.0256627513138041,3,59,15,FALSE,FALSE,FALSE
"waveica","WaveICA","SPLIT03","REF_422","winn_auto_qc","WiNN auto (QC)","package auto using training QCs only",,"{""parameters"":""auto"",""batch_option"":""provided"",""pelt_penalty"":null,""test"":""Ljung-Box"",""ljung_box_fitdf"":0,""lag"":""adaptive"",""spline_method"":""standard"",""acorr_fdr"":0.01,""anova_fdr"":0.01,""normalization"":""shrink"",""scale_by_batch"":false}",0.687240925335429,1,59,15,FALSE,FALSE,FALSE
"waveica","WaveICA","SPLIT03","REF_423","winn_auto_batch_qc","WiNN auto-batch (QC)","package auto using training QCs only",,"{""parameters"":""auto"",""batch_option"":""auto"",""pelt_penalty"":19.3937649110699,""test"":""Ljung-Box"",""ljung_box_fitdf"":0,""lag"":""adaptive"",""spline_method"":""standard"",""acorr_fdr"":0.1,""anova_fdr"":0.1,""normalization"":""normalize"",""scale_by_batch"":false}",0.709974120833171,1,59,15,FALSE,FALSE,FALSE
"waveica","WaveICA","SPLIT03","REF_424","winn_fixed_no_qc","WiNN fixed default (no QC)","fixed; no selection",,"{""parameters"":""fixed"",""pelt_penalty"":null,""test"":""Ljung-Box"",""ljung_box_fitdf"":0,""lag"":""adaptive"",""spline_method"":""conservative"",""scale_by_batch"":false}",,1,59,15,FALSE,FALSE,FALSE
"waveica","WaveICA","SPLIT04","REF_425","raw","Raw","fixed; no selection",,"fixed; no selection",,1,59,15,FALSE,FALSE,FALSE
"waveica","WaveICA","SPLIT04","REF_426","combat","ComBat","fixed; no selection","1","candidate=1; par_prior=TRUE (fixed published/default setting)",0.705474167737847,1,59,15,FALSE,FALSE,FALSE
"waveica","WaveICA","SPLIT04","REF_427","qc_rlsc","QC-RLSC","training-QC score only within split","1","candidate=1; span=0.3",0.763354645281606,4,59,15,FALSE,FALSE,FALSE
"waveica","WaveICA","SPLIT04","REF_428","qc_rfsc","QC-RFSC","training-QC score only within split","4","candidate=4; ntree=500; coCV=30; Frule=0.8",0.528796295220234,4,59,15,FALSE,FALSE,FALSE
"waveica","WaveICA","SPLIT04","REF_429","serrf","SERRF","training-QC score only within split","1","candidate=1; jitter_eps=0",-0.0385717786543296,3,59,15,FALSE,FALSE,FALSE
"waveica","WaveICA","SPLIT04","REF_430","winn_auto_qc","WiNN auto (QC)","package auto using training QCs only",,"{""parameters"":""auto"",""batch_option"":""provided"",""pelt_penalty"":null,""test"":""Ljung-Box"",""ljung_box_fitdf"":0,""lag"":""adaptive"",""spline_method"":""standard"",""acorr_fdr"":0.01,""anova_fdr"":0.01,""normalization"":""normalize"",""scale_by_batch"":false}",0.687367390721723,1,59,15,FALSE,FALSE,FALSE
"waveica","WaveICA","SPLIT04","REF_431","winn_auto_batch_qc","WiNN auto-batch (QC)","package auto using training QCs only",,"{""parameters"":""auto"",""batch_option"":""auto"",""pelt_penalty"":19.3937649110699,""test"":""Ljung-Box"",""ljung_box_fitdf"":0,""lag"":""adaptive"",""spline_method"":""standard"",""acorr_fdr"":0.1,""anova_fdr"":0.1,""normalization"":""shrink"",""scale_by_batch"":false}",0.709044590261874,1,59,15,FALSE,FALSE,FALSE
"waveica","WaveICA","SPLIT04","REF_432","winn_fixed_no_qc","WiNN fixed default (no QC)","fixed; no selection",,"{""parameters"":""fixed"",""pelt_penalty"":null,""test"":""Ljung-Box"",""ljung_box_fitdf"":0,""lag"":""adaptive"",""spline_method"":""conservative"",""scale_by_batch"":false}",,1,59,15,FALSE,FALSE,FALSE
"waveica","WaveICA","SPLIT05","REF_433","raw","Raw","fixed; no selection",,"fixed; no selection",,1,59,15,FALSE,FALSE,FALSE
"waveica","WaveICA","SPLIT05","REF_434","combat","ComBat","fixed; no selection","1","candidate=1; par_prior=TRUE (fixed published/default setting)",0.707681292702661,1,59,15,FALSE,FALSE,FALSE
"waveica","WaveICA","SPLIT05","REF_435","qc_rlsc","QC-RLSC","training-QC score only within split","1","candidate=1; span=0.3",0.777205037373128,4,59,15,FALSE,FALSE,FALSE
"waveica","WaveICA","SPLIT05","REF_436","qc_rfsc","QC-RFSC","training-QC score only within split","4","candidate=4; ntree=500; coCV=30; Frule=0.8",0.540013463908476,4,59,15,FALSE,FALSE,FALSE
"waveica","WaveICA","SPLIT05","REF_437","serrf","SERRF","training-QC score only within split","3","candidate=3; jitter_eps=1e-05",-0.0307595352266709,3,59,15,FALSE,FALSE,FALSE
"waveica","WaveICA","SPLIT05","REF_438","winn_auto_qc","WiNN auto (QC)","package auto using training QCs only",,"{""parameters"":""auto"",""batch_option"":""provided"",""pelt_penalty"":null,""test"":""Ljung-Box"",""ljung_box_fitdf"":0,""lag"":""adaptive"",""spline_method"":""standard"",""acorr_fdr"":0.01,""anova_fdr"":0.01,""normalization"":""normalize"",""scale_by_batch"":false}",0.687194072307734,1,59,15,FALSE,FALSE,FALSE
"waveica","WaveICA","SPLIT05","REF_439","winn_auto_batch_qc","WiNN auto-batch (QC)","package auto using training QCs only",,"{""parameters"":""auto"",""batch_option"":""auto"",""pelt_penalty"":19.3937649110699,""test"":""Ljung-Box"",""ljung_box_fitdf"":0,""lag"":""adaptive"",""spline_method"":""standard"",""acorr_fdr"":0.1,""anova_fdr"":0.1,""normalization"":""normalize"",""scale_by_batch"":false}",0.710235781908542,1,59,15,FALSE,FALSE,FALSE
"waveica","WaveICA","SPLIT05","REF_440","winn_fixed_no_qc","WiNN fixed default (no QC)","fixed; no selection",,"{""parameters"":""fixed"",""pelt_penalty"":null,""test"":""Ljung-Box"",""ljung_box_fitdf"":0,""lag"":""adaptive"",""spline_method"":""conservative"",""scale_by_batch"":false}",,1,59,15,FALSE,FALSE,FALSE
"waveica","WaveICA","SPLIT06","REF_441","raw","Raw","fixed; no selection",,"fixed; no selection",,1,59,15,FALSE,FALSE,FALSE
"waveica","WaveICA","SPLIT06","REF_442","combat","ComBat","fixed; no selection","1","candidate=1; par_prior=TRUE (fixed published/default setting)",0.715487200958084,1,59,15,FALSE,FALSE,FALSE
"waveica","WaveICA","SPLIT06","REF_443","qc_rlsc","QC-RLSC","training-QC score only within split","1","candidate=1; span=0.3",0.766056696392954,4,59,15,FALSE,FALSE,FALSE
"waveica","WaveICA","SPLIT06","REF_444","qc_rfsc","QC-RFSC","training-QC score only within split","4","candidate=4; ntree=500; coCV=30; Frule=0.8",0.525193624680555,4,59,15,FALSE,FALSE,FALSE
"waveica","WaveICA","SPLIT06","REF_445","serrf","SERRF","training-QC score only within split","3","candidate=3; jitter_eps=1e-05",-0.0335147193460355,3,59,15,FALSE,FALSE,FALSE
"waveica","WaveICA","SPLIT06","REF_446","winn_auto_qc","WiNN auto (QC)","package auto using training QCs only",,"{""parameters"":""auto"",""batch_option"":""provided"",""pelt_penalty"":null,""test"":""Ljung-Box"",""ljung_box_fitdf"":0,""lag"":""adaptive"",""spline_method"":""standard"",""acorr_fdr"":0.1,""anova_fdr"":0.01,""normalization"":""normalize"",""scale_by_batch"":false}",0.700623371567676,1,59,15,FALSE,FALSE,FALSE
"waveica","WaveICA","SPLIT06","REF_447","winn_auto_batch_qc","WiNN auto-batch (QC)","package auto using training QCs only",,"{""parameters"":""auto"",""batch_option"":""auto"",""pelt_penalty"":19.3937649110699,""test"":""Ljung-Box"",""ljung_box_fitdf"":0,""lag"":""adaptive"",""spline_method"":""standard"",""acorr_fdr"":0.1,""anova_fdr"":0.1,""normalization"":""shrink"",""scale_by_batch"":false}",0.710133400830128,1,59,15,FALSE,FALSE,FALSE
"waveica","WaveICA","SPLIT06","REF_448","winn_fixed_no_qc","WiNN fixed default (no QC)","fixed; no selection",,"{""parameters"":""fixed"",""pelt_penalty"":null,""test"":""Ljung-Box"",""ljung_box_fitdf"":0,""lag"":""adaptive"",""spline_method"":""conservative"",""scale_by_batch"":false}",,1,59,15,FALSE,FALSE,FALSE
"waveica","WaveICA","SPLIT07","REF_449","raw","Raw","fixed; no selection",,"fixed; no selection",,1,59,15,FALSE,FALSE,FALSE
"waveica","WaveICA","SPLIT07","REF_450","combat","ComBat","fixed; no selection","1","candidate=1; par_prior=TRUE (fixed published/default setting)",0.707397897587771,1,59,15,FALSE,FALSE,FALSE
"waveica","WaveICA","SPLIT07","REF_451","qc_rlsc","QC-RLSC","training-QC score only within split","1","candidate=1; span=0.3",0.768395896664915,4,59,15,FALSE,FALSE,FALSE
"waveica","WaveICA","SPLIT07","REF_452","qc_rfsc","QC-RFSC","training-QC score only within split","3","candidate=3; ntree=200; coCV=30; Frule=0.8",0.526446968707165,4,59,15,FALSE,FALSE,FALSE
"waveica","WaveICA","SPLIT07","REF_453","serrf","SERRF","training-QC score only within split","1","candidate=1; jitter_eps=0",-0.018767954009567,3,59,15,FALSE,FALSE,FALSE
"waveica","WaveICA","SPLIT07","REF_454","winn_auto_qc","WiNN auto (QC)","package auto using training QCs only",,"{""parameters"":""auto"",""batch_option"":""provided"",""pelt_penalty"":null,""test"":""Ljung-Box"",""ljung_box_fitdf"":0,""lag"":""adaptive"",""spline_method"":""standard"",""acorr_fdr"":0.01,""anova_fdr"":0.01,""normalization"":""normalize"",""scale_by_batch"":false}",0.684264785351001,1,59,15,FALSE,FALSE,FALSE
"waveica","WaveICA","SPLIT07","REF_455","winn_auto_batch_qc","WiNN auto-batch (QC)","package auto using training QCs only",,"{""parameters"":""auto"",""batch_option"":""auto"",""pelt_penalty"":19.3937649110699,""test"":""Ljung-Box"",""ljung_box_fitdf"":0,""lag"":""adaptive"",""spline_method"":""standard"",""acorr_fdr"":0.1,""anova_fdr"":0.1,""normalization"":""normalize"",""scale_by_batch"":false}",0.708846124769514,1,59,15,FALSE,FALSE,FALSE
"waveica","WaveICA","SPLIT07","REF_456","winn_fixed_no_qc","WiNN fixed default (no QC)","fixed; no selection",,"{""parameters"":""fixed"",""pelt_penalty"":null,""test"":""Ljung-Box"",""ljung_box_fitdf"":0,""lag"":""adaptive"",""spline_method"":""conservative"",""scale_by_batch"":false}",,1,59,15,FALSE,FALSE,FALSE
"waveica","WaveICA","SPLIT08","REF_457","raw","Raw","fixed; no selection",,"fixed; no selection",,1,59,15,FALSE,FALSE,FALSE
"waveica","WaveICA","SPLIT08","REF_458","combat","ComBat","fixed; no selection","1","candidate=1; par_prior=TRUE (fixed published/default setting)",0.711338326128121,1,59,15,FALSE,FALSE,FALSE
"waveica","WaveICA","SPLIT08","REF_459","qc_rlsc","QC-RLSC","training-QC score only within split","1","candidate=1; span=0.3",0.77597991720747,4,59,15,FALSE,FALSE,FALSE
"waveica","WaveICA","SPLIT08","REF_460","qc_rfsc","QC-RFSC","training-QC score only within split","4","candidate=4; ntree=500; coCV=30; Frule=0.8",0.538195136127398,4,59,15,FALSE,FALSE,FALSE
"waveica","WaveICA","SPLIT08","REF_461","serrf","SERRF","training-QC score only within split","1","candidate=1; jitter_eps=0",-0.0273604620691273,3,59,15,FALSE,FALSE,FALSE
"waveica","WaveICA","SPLIT08","REF_462","winn_auto_qc","WiNN auto (QC)","package auto using training QCs only",,"{""parameters"":""auto"",""batch_option"":""provided"",""pelt_penalty"":null,""test"":""Ljung-Box"",""ljung_box_fitdf"":0,""lag"":""adaptive"",""spline_method"":""standard"",""acorr_fdr"":0.1,""anova_fdr"":0.05,""normalization"":""shrink"",""scale_by_batch"":false}",0.69489618636009,1,59,15,FALSE,FALSE,FALSE
"waveica","WaveICA","SPLIT08","REF_463","winn_auto_batch_qc","WiNN auto-batch (QC)","package auto using training QCs only",,"{""parameters"":""auto"",""batch_option"":""auto"",""pelt_penalty"":19.3937649110699,""test"":""Ljung-Box"",""ljung_box_fitdf"":0,""lag"":""adaptive"",""spline_method"":""standard"",""acorr_fdr"":0.1,""anova_fdr"":0.1,""normalization"":""shrink"",""scale_by_batch"":false}",0.709872882457244,1,59,15,FALSE,FALSE,FALSE
"waveica","WaveICA","SPLIT08","REF_464","winn_fixed_no_qc","WiNN fixed default (no QC)","fixed; no selection",,"{""parameters"":""fixed"",""pelt_penalty"":null,""test"":""Ljung-Box"",""ljung_box_fitdf"":0,""lag"":""adaptive"",""spline_method"":""conservative"",""scale_by_batch"":false}",,1,59,15,FALSE,FALSE,FALSE
"waveica","WaveICA","SPLIT09","REF_465","raw","Raw","fixed; no selection",,"fixed; no selection",,1,59,15,FALSE,FALSE,FALSE
"waveica","WaveICA","SPLIT09","REF_466","combat","ComBat","fixed; no selection","1","candidate=1; par_prior=TRUE (fixed published/default setting)",0.712195536909755,1,59,15,FALSE,FALSE,FALSE
"waveica","WaveICA","SPLIT09","REF_467","qc_rlsc","QC-RLSC","training-QC score only within split","1","candidate=1; span=0.3",0.773357278981335,4,59,15,FALSE,FALSE,FALSE
"waveica","WaveICA","SPLIT09","REF_468","qc_rfsc","QC-RFSC","training-QC score only within split","4","candidate=4; ntree=500; coCV=30; Frule=0.8",0.536129164376466,4,59,15,FALSE,FALSE,FALSE
"waveica","WaveICA","SPLIT09","REF_469","serrf","SERRF","training-QC score only within split","1","candidate=1; jitter_eps=0",-0.0178619199336015,3,59,15,FALSE,FALSE,FALSE
"waveica","WaveICA","SPLIT09","REF_470","winn_auto_qc","WiNN auto (QC)","package auto using training QCs only",,"{""parameters"":""auto"",""batch_option"":""provided"",""pelt_penalty"":null,""test"":""Ljung-Box"",""ljung_box_fitdf"":0,""lag"":""adaptive"",""spline_method"":""standard"",""acorr_fdr"":0.01,""anova_fdr"":0.01,""normalization"":""shrink"",""scale_by_batch"":false}",0.692891072808862,1,59,15,FALSE,FALSE,FALSE
"waveica","WaveICA","SPLIT09","REF_471","winn_auto_batch_qc","WiNN auto-batch (QC)","package auto using training QCs only",,"{""parameters"":""auto"",""batch_option"":""auto"",""pelt_penalty"":19.3937649110699,""test"":""Ljung-Box"",""ljung_box_fitdf"":0,""lag"":""adaptive"",""spline_method"":""standard"",""acorr_fdr"":0.1,""anova_fdr"":0.1,""normalization"":""shrink"",""scale_by_batch"":false}",0.713570946757484,1,59,15,FALSE,FALSE,FALSE
"waveica","WaveICA","SPLIT09","REF_472","winn_fixed_no_qc","WiNN fixed default (no QC)","fixed; no selection",,"{""parameters"":""fixed"",""pelt_penalty"":null,""test"":""Ljung-Box"",""ljung_box_fitdf"":0,""lag"":""adaptive"",""spline_method"":""conservative"",""scale_by_batch"":false}",,1,59,15,FALSE,FALSE,FALSE
"waveica","WaveICA","SPLIT10","REF_473","raw","Raw","fixed; no selection",,"fixed; no selection",,1,59,15,FALSE,FALSE,FALSE
"waveica","WaveICA","SPLIT10","REF_474","combat","ComBat","fixed; no selection","1","candidate=1; par_prior=TRUE (fixed published/default setting)",0.709360528580059,1,59,15,FALSE,FALSE,FALSE
"waveica","WaveICA","SPLIT10","REF_475","qc_rlsc","QC-RLSC","training-QC score only within split","1","candidate=1; span=0.3",0.766061382254931,4,59,15,FALSE,FALSE,FALSE
"waveica","WaveICA","SPLIT10","REF_476","qc_rfsc","QC-RFSC","training-QC score only within split","3","candidate=3; ntree=200; coCV=30; Frule=0.8",0.5415045023772,4,59,15,FALSE,FALSE,FALSE
"waveica","WaveICA","SPLIT10","REF_477","serrf","SERRF","training-QC score only within split","3","candidate=3; jitter_eps=1e-05",-0.0237477093440985,3,59,15,FALSE,FALSE,FALSE
"waveica","WaveICA","SPLIT10","REF_478","winn_auto_qc","WiNN auto (QC)","package auto using training QCs only",,"{""parameters"":""auto"",""batch_option"":""provided"",""pelt_penalty"":null,""test"":""Ljung-Box"",""ljung_box_fitdf"":0,""lag"":""adaptive"",""spline_method"":""standard"",""acorr_fdr"":0.01,""anova_fdr"":0.01,""normalization"":""shrink"",""scale_by_batch"":false}",0.686485617782848,1,59,15,FALSE,FALSE,FALSE
"waveica","WaveICA","SPLIT10","REF_479","winn_auto_batch_qc","WiNN auto-batch (QC)","package auto using training QCs only",,"{""parameters"":""auto"",""batch_option"":""auto"",""pelt_penalty"":19.3937649110699,""test"":""Ljung-Box"",""ljung_box_fitdf"":0,""lag"":""adaptive"",""spline_method"":""standard"",""acorr_fdr"":0.1,""anova_fdr"":0.1,""normalization"":""shrink"",""scale_by_batch"":false}",0.711935984962639,1,59,15,FALSE,FALSE,FALSE
"waveica","WaveICA","SPLIT10","REF_480","winn_fixed_no_qc","WiNN fixed default (no QC)","fixed; no selection",,"{""parameters"":""fixed"",""pelt_penalty"":null,""test"":""Ljung-Box"",""ljung_box_fitdf"":0,""lag"":""adaptive"",""spline_method"":""conservative"",""scale_by_batch"":false}",,1,59,15,FALSE,FALSE,FALSE
"simulation","Simulation","SPLIT01","REF_481","tiger","TIGER","native default with acquisition order",,"native default with acquisition order",,1,40,10,FALSE,FALSE,FALSE
"simulation","Simulation","SPLIT02","REF_482","tiger","TIGER","native default with acquisition order",,"native default with acquisition order",,1,40,10,FALSE,FALSE,FALSE
"simulation","Simulation","SPLIT03","REF_483","tiger","TIGER","native default with acquisition order",,"native default with acquisition order",,1,40,10,FALSE,FALSE,FALSE
"simulation","Simulation","SPLIT04","REF_484","tiger","TIGER","native default with acquisition order",,"native default with acquisition order",,1,40,10,FALSE,FALSE,FALSE
"simulation","Simulation","SPLIT05","REF_485","tiger","TIGER","native default with acquisition order",,"native default with acquisition order",,1,40,10,FALSE,FALSE,FALSE
"simulation","Simulation","SPLIT06","REF_486","tiger","TIGER","native default with acquisition order",,"native default with acquisition order",,1,40,10,FALSE,FALSE,FALSE
"simulation","Simulation","SPLIT07","REF_487","tiger","TIGER","native default with acquisition order",,"native default with acquisition order",,1,40,10,FALSE,FALSE,FALSE
"simulation","Simulation","SPLIT08","REF_488","tiger","TIGER","native default with acquisition order",,"native default with acquisition order",,1,40,10,FALSE,FALSE,FALSE
"simulation","Simulation","SPLIT09","REF_489","tiger","TIGER","native default with acquisition order",,"native default with acquisition order",,1,40,10,FALSE,FALSE,FALSE
"simulation","Simulation","SPLIT10","REF_490","tiger","TIGER","native default with acquisition order",,"native default with acquisition order",,1,40,10,FALSE,FALSE,FALSE
"mtbls79","MTBLS79","SPLIT01","REF_491","tiger","TIGER","native default with acquisition order",,"native default with acquisition order",,1,26,12,FALSE,FALSE,FALSE
"mtbls79","MTBLS79","SPLIT02","REF_492","tiger","TIGER","native default with acquisition order",,"native default with acquisition order",,1,26,12,FALSE,FALSE,FALSE
"mtbls79","MTBLS79","SPLIT03","REF_493","tiger","TIGER","native default with acquisition order",,"native default with acquisition order",,1,26,12,FALSE,FALSE,FALSE
"mtbls79","MTBLS79","SPLIT04","REF_494","tiger","TIGER","native default with acquisition order",,"native default with acquisition order",,1,26,12,FALSE,FALSE,FALSE
"mtbls79","MTBLS79","SPLIT05","REF_495","tiger","TIGER","native default with acquisition order",,"native default with acquisition order",,1,26,12,FALSE,FALSE,FALSE
"mtbls79","MTBLS79","SPLIT06","REF_496","tiger","TIGER","native default with acquisition order",,"native default with acquisition order",,1,26,12,FALSE,FALSE,FALSE
"mtbls79","MTBLS79","SPLIT07","REF_497","tiger","TIGER","native default with acquisition order",,"native default with acquisition order",,1,26,12,FALSE,FALSE,FALSE
"mtbls79","MTBLS79","SPLIT08","REF_498","tiger","TIGER","native default with acquisition order",,"native default with acquisition order",,1,26,12,FALSE,FALSE,FALSE
"mtbls79","MTBLS79","SPLIT09","REF_499","tiger","TIGER","native default with acquisition order",,"native default with acquisition order",,1,26,12,FALSE,FALSE,FALSE
"mtbls79","MTBLS79","SPLIT10","REF_500","tiger","TIGER","native default with acquisition order",,"native default with acquisition order",,1,26,12,FALSE,FALSE,FALSE
"clinical_fiams","Clinical FIA-MS","SPLIT01","REF_501","tiger","TIGER","native default with acquisition order",,"native default with acquisition order",,1,78,8,FALSE,FALSE,FALSE
"clinical_fiams","Clinical FIA-MS","SPLIT02","REF_502","tiger","TIGER","native default with acquisition order",,"native default with acquisition order",,1,78,8,FALSE,FALSE,FALSE
"clinical_fiams","Clinical FIA-MS","SPLIT03","REF_503","tiger","TIGER","native default with acquisition order",,"native default with acquisition order",,1,78,8,FALSE,FALSE,FALSE
"clinical_fiams","Clinical FIA-MS","SPLIT04","REF_504","tiger","TIGER","native default with acquisition order",,"native default with acquisition order",,1,78,8,FALSE,FALSE,FALSE
"clinical_fiams","Clinical FIA-MS","SPLIT05","REF_505","tiger","TIGER","native default with acquisition order",,"native default with acquisition order",,1,78,8,FALSE,FALSE,FALSE
"clinical_fiams","Clinical FIA-MS","SPLIT06","REF_506","tiger","TIGER","native default with acquisition order",,"native default with acquisition order",,1,78,8,FALSE,FALSE,FALSE
"clinical_fiams","Clinical FIA-MS","SPLIT07","REF_507","tiger","TIGER","native default with acquisition order",,"native default with acquisition order",,1,78,8,FALSE,FALSE,FALSE
"clinical_fiams","Clinical FIA-MS","SPLIT08","REF_508","tiger","TIGER","native default with acquisition order",,"native default with acquisition order",,1,78,8,FALSE,FALSE,FALSE
"clinical_fiams","Clinical FIA-MS","SPLIT09","REF_509","tiger","TIGER","native default with acquisition order",,"native default with acquisition order",,1,78,8,FALSE,FALSE,FALSE
"clinical_fiams","Clinical FIA-MS","SPLIT10","REF_510","tiger","TIGER","native default with acquisition order",,"native default with acquisition order",,1,78,8,FALSE,FALSE,FALSE
"batchcorr_set1","BatchCorr Set 1","SPLIT01","REF_511","tiger","TIGER","native default with acquisition order",,"native default with acquisition order",,1,41,10,FALSE,FALSE,FALSE
"batchcorr_set1","BatchCorr Set 1","SPLIT02","REF_512","tiger","TIGER","native default with acquisition order",,"native default with acquisition order",,1,41,10,FALSE,FALSE,FALSE
"batchcorr_set1","BatchCorr Set 1","SPLIT03","REF_513","tiger","TIGER","native default with acquisition order",,"native default with acquisition order",,1,41,10,FALSE,FALSE,FALSE
"batchcorr_set1","BatchCorr Set 1","SPLIT04","REF_514","tiger","TIGER","native default with acquisition order",,"native default with acquisition order",,1,41,10,FALSE,FALSE,FALSE
"batchcorr_set1","BatchCorr Set 1","SPLIT05","REF_515","tiger","TIGER","native default with acquisition order",,"native default with acquisition order",,1,41,10,FALSE,FALSE,FALSE
"batchcorr_set1","BatchCorr Set 1","SPLIT06","REF_516","tiger","TIGER","native default with acquisition order",,"native default with acquisition order",,1,41,10,FALSE,FALSE,FALSE
"batchcorr_set1","BatchCorr Set 1","SPLIT07","REF_517","tiger","TIGER","native default with acquisition order",,"native default with acquisition order",,1,41,10,FALSE,FALSE,FALSE
"batchcorr_set1","BatchCorr Set 1","SPLIT08","REF_518","tiger","TIGER","native default with acquisition order",,"native default with acquisition order",,1,41,10,FALSE,FALSE,FALSE
"batchcorr_set1","BatchCorr Set 1","SPLIT09","REF_519","tiger","TIGER","native default with acquisition order",,"native default with acquisition order",,1,41,10,FALSE,FALSE,FALSE
"batchcorr_set1","BatchCorr Set 1","SPLIT10","REF_520","tiger","TIGER","native default with acquisition order",,"native default with acquisition order",,1,41,10,FALSE,FALSE,FALSE
"sacurine","Sacurine","SPLIT01","REF_521","tiger","TIGER","native default with acquisition order",,"native default with acquisition order",,1,18,8,FALSE,FALSE,FALSE
"sacurine","Sacurine","SPLIT02","REF_522","tiger","TIGER","native default with acquisition order",,"native default with acquisition order",,1,18,8,FALSE,FALSE,FALSE
"sacurine","Sacurine","SPLIT03","REF_523","tiger","TIGER","native default with acquisition order",,"native default with acquisition order",,1,18,8,FALSE,FALSE,FALSE
"sacurine","Sacurine","SPLIT04","REF_524","tiger","TIGER","native default with acquisition order",,"native default with acquisition order",,1,18,8,FALSE,FALSE,FALSE
"sacurine","Sacurine","SPLIT05","REF_525","tiger","TIGER","native default with acquisition order",,"native default with acquisition order",,1,18,8,FALSE,FALSE,FALSE
"sacurine","Sacurine","SPLIT06","REF_526","tiger","TIGER","native default with acquisition order",,"native default with acquisition order",,1,18,8,FALSE,FALSE,FALSE
"sacurine","Sacurine","SPLIT07","REF_527","tiger","TIGER","native default with acquisition order",,"native default with acquisition order",,1,18,8,FALSE,FALSE,FALSE
"sacurine","Sacurine","SPLIT08","REF_528","tiger","TIGER","native default with acquisition order",,"native default with acquisition order",,1,18,8,FALSE,FALSE,FALSE
"sacurine","Sacurine","SPLIT09","REF_529","tiger","TIGER","native default with acquisition order",,"native default with acquisition order",,1,18,8,FALSE,FALSE,FALSE
"sacurine","Sacurine","SPLIT10","REF_530","tiger","TIGER","native default with acquisition order",,"native default with acquisition order",,1,18,8,FALSE,FALSE,FALSE
"waveica","WaveICA","SPLIT01","REF_531","tiger","TIGER","native default with acquisition order",,"native default with acquisition order",,1,59,15,FALSE,FALSE,FALSE
"waveica","WaveICA","SPLIT02","REF_532","tiger","TIGER","native default with acquisition order",,"native default with acquisition order",,1,59,15,FALSE,FALSE,FALSE
"waveica","WaveICA","SPLIT03","REF_533","tiger","TIGER","native default with acquisition order",,"native default with acquisition order",,1,59,15,FALSE,FALSE,FALSE
"waveica","WaveICA","SPLIT04","REF_534","tiger","TIGER","native default with acquisition order",,"native default with acquisition order",,1,59,15,FALSE,FALSE,FALSE
"waveica","WaveICA","SPLIT05","REF_535","tiger","TIGER","native default with acquisition order",,"native default with acquisition order",,1,59,15,FALSE,FALSE,FALSE
"waveica","WaveICA","SPLIT06","REF_536","tiger","TIGER","native default with acquisition order",,"native default with acquisition order",,1,59,15,FALSE,FALSE,FALSE
"waveica","WaveICA","SPLIT07","REF_537","tiger","TIGER","native default with acquisition order",,"native default with acquisition order",,1,59,15,FALSE,FALSE,FALSE
"waveica","WaveICA","SPLIT08","REF_538","tiger","TIGER","native default with acquisition order",,"native default with acquisition order",,1,59,15,FALSE,FALSE,FALSE
"waveica","WaveICA","SPLIT09","REF_539","tiger","TIGER","native default with acquisition order",,"native default with acquisition order",,1,59,15,FALSE,FALSE,FALSE
"waveica","WaveICA","SPLIT10","REF_540","tiger","TIGER","native default with acquisition order",,"native default with acquisition order",,1,59,15,FALSE,FALSE,FALSE
