"candidate_id","parameters","status","qc_score","mean_qc_correlation","mean_qc_cv","runtime_sec","error","selected","dataset_key","dataset","split_id","task_id","method_id","method","hidden_qc_values_available","biological_labels_available","replicate_identities_available"
1,"par_prior=TRUE","completed",0.897203271716608,0.980717487735855,0.167028432038494,2.02,,TRUE,"mtbls79","MTBLS79","SPLIT01","REF_082","combat","ComBat",FALSE,FALSE,FALSE
2,"par_prior=FALSE","completed",0.896994153099614,0.97986320942335,0.165738112647473,140.176,,FALSE,"mtbls79","MTBLS79","SPLIT01","REF_082","combat","ComBat",FALSE,FALSE,FALSE
1,"span=0.3","failed",,,,105.069,"span is too small",FALSE,"mtbls79","MTBLS79","SPLIT01","REF_083","qc_rlsc","QC-RLSC",FALSE,FALSE,FALSE
2,"span=0.5","completed",0.715500481588902,0.983842849315336,0.536684735452869,5384.395,"",TRUE,"mtbls79","MTBLS79","SPLIT01","REF_083","qc_rlsc","QC-RLSC",FALSE,FALSE,FALSE
3,"span=0.7","completed",0.0120954696174181,0.980865221211166,1.9375395031875,204.351,"",FALSE,"mtbls79","MTBLS79","SPLIT01","REF_083","qc_rlsc","QC-RLSC",FALSE,FALSE,FALSE
4,"span=0.9","completed",-0.0176210977602255,0.978889114504962,1.99302042453038,191.504999999999,"",FALSE,"mtbls79","MTBLS79","SPLIT01","REF_083","qc_rlsc","QC-RLSC",FALSE,FALSE,FALSE
1,"ntree=200; coCV=20; Frule=0.8","completed",0.889890585948937,0.947132922143937,0.11448467239,70.191,,FALSE,"mtbls79","MTBLS79","SPLIT01","REF_084","qc_rfsc","QC-RFSC",FALSE,FALSE,FALSE
2,"ntree=200; coCV=30; Frule=0.8","completed",0.745348542083676,0.794035064594865,0.0973730450223785,70.517,,FALSE,"mtbls79","MTBLS79","SPLIT01","REF_084","qc_rfsc","QC-RFSC",FALSE,FALSE,FALSE
3,"ntree=500; coCV=20; Frule=0.8","completed",0.890123321840742,0.947134011995557,0.114021380309629,86.143,,TRUE,"mtbls79","MTBLS79","SPLIT01","REF_084","qc_rfsc","QC-RFSC",FALSE,FALSE,FALSE
4,"ntree=500; coCV=30; Frule=0.8","completed",0.699935827585691,0.748581157774835,0.0972906603782882,84.528,,FALSE,"mtbls79","MTBLS79","SPLIT01","REF_084","qc_rfsc","QC-RFSC",FALSE,FALSE,FALSE
1,"jitter_eps=0","completed",0.884781642689215,0.975638477594166,0.181713669809902,1593.675,,FALSE,"mtbls79","MTBLS79","SPLIT01","REF_085","serrf","SERRF",FALSE,FALSE,FALSE
2,"jitter_eps=1e-06","completed",0.884781642691983,0.975638477594167,0.181713669804369,1604.875,,FALSE,"mtbls79","MTBLS79","SPLIT01","REF_085","serrf","SERRF",FALSE,FALSE,FALSE
3,"jitter_eps=1e-05","completed",0.884781642716888,0.975638477594178,0.18171366975458,1644.236,,TRUE,"mtbls79","MTBLS79","SPLIT01","REF_085","serrf","SERRF",FALSE,FALSE,FALSE
1,"par_prior=TRUE","completed",0.897640596941768,0.981991159055119,0.168701124226701,1.871,,FALSE,"mtbls79","MTBLS79","SPLIT02","REF_090","combat","ComBat",FALSE,FALSE,FALSE
2,"par_prior=FALSE","completed",0.897866655545834,0.981570481733307,0.167407652374946,129.917,,TRUE,"mtbls79","MTBLS79","SPLIT02","REF_090","combat","ComBat",FALSE,FALSE,FALSE
1,"span=0.3","failed",,,,101.075,"span is too small",FALSE,"mtbls79","MTBLS79","SPLIT02","REF_091","qc_rlsc","QC-RLSC",FALSE,FALSE,FALSE
2,"span=0.5","completed",0.715552931496017,0.984283426776211,0.537460990560389,5064.925,"",TRUE,"mtbls79","MTBLS79","SPLIT02","REF_091","qc_rlsc","QC-RLSC",FALSE,FALSE,FALSE
3,"span=0.7","completed",-0.0162619011198877,0.977771383952637,1.98806657014505,206.174,"",FALSE,"mtbls79","MTBLS79","SPLIT02","REF_091","qc_rlsc","QC-RLSC",FALSE,FALSE,FALSE
4,"span=0.9","completed",-0.0208057357429546,0.977252567496482,1.99611660647887,181.502,"",FALSE,"mtbls79","MTBLS79","SPLIT02","REF_091","qc_rlsc","QC-RLSC",FALSE,FALSE,FALSE
1,"ntree=200; coCV=20; Frule=0.8","completed",0.901808208817685,0.95955317199463,0.115489926353891,70.775,,FALSE,"mtbls79","MTBLS79","SPLIT02","REF_092","qc_rfsc","QC-RFSC",FALSE,FALSE,FALSE
2,"ntree=200; coCV=30; Frule=0.8","completed",0.743433250985814,0.792922847576233,0.0989791931808381,71.026,,FALSE,"mtbls79","MTBLS79","SPLIT02","REF_092","qc_rfsc","QC-RFSC",FALSE,FALSE,FALSE
3,"ntree=500; coCV=20; Frule=0.8","completed",0.902062110779467,0.959554088989282,0.114983956419628,85.116,,TRUE,"mtbls79","MTBLS79","SPLIT02","REF_092","qc_rfsc","QC-RFSC",FALSE,FALSE,FALSE
4,"ntree=500; coCV=30; Frule=0.8","completed",0.714270038274595,0.763726114597406,0.0989121526456213,82.524,,FALSE,"mtbls79","MTBLS79","SPLIT02","REF_092","qc_rfsc","QC-RFSC",FALSE,FALSE,FALSE
1,"jitter_eps=0","completed",0.887245227214064,0.978601806772939,0.182713159117751,1507.771,,FALSE,"mtbls79","MTBLS79","SPLIT02","REF_093","serrf","SERRF",FALSE,FALSE,FALSE
2,"jitter_eps=1e-06","completed",0.887245227216812,0.97860180677294,0.182713159112257,1553.857,,FALSE,"mtbls79","MTBLS79","SPLIT02","REF_093","serrf","SERRF",FALSE,FALSE,FALSE
3,"jitter_eps=1e-05","completed",0.887245227241545,0.978601806772951,0.182713159062813,1560.977,,TRUE,"mtbls79","MTBLS79","SPLIT02","REF_093","serrf","SERRF",FALSE,FALSE,FALSE
1,"par_prior=TRUE","completed",0.894689853679107,0.978202818761686,0.167025930165159,1.824,,TRUE,"mtbls79","MTBLS79","SPLIT03","REF_098","combat","ComBat",FALSE,FALSE,FALSE
2,"par_prior=FALSE","completed",0.892786964195074,0.975525496033651,0.165477063677155,141.352,,FALSE,"mtbls79","MTBLS79","SPLIT03","REF_098","combat","ComBat",FALSE,FALSE,FALSE
1,"span=0.3","failed",,,,108.137,"span is too small",FALSE,"mtbls79","MTBLS79","SPLIT03","REF_099","qc_rlsc","QC-RLSC",FALSE,FALSE,FALSE
2,"span=0.5","completed",0.62775008924956,0.978249203612542,0.700998228725963,3954.602,"",FALSE,"mtbls79","MTBLS79","SPLIT03","REF_099","qc_rlsc","QC-RLSC",FALSE,FALSE,FALSE
3,"span=0.7","completed",0.806038947223138,0.983915744787279,0.355753595128281,214.874,"",TRUE,"mtbls79","MTBLS79","SPLIT03","REF_099","qc_rlsc","QC-RLSC",FALSE,FALSE,FALSE
4,"span=0.9","completed",0.227426229805154,0.974985982923051,1.49511950623579,161.068,"",FALSE,"mtbls79","MTBLS79","SPLIT03","REF_099","qc_rlsc","QC-RLSC",FALSE,FALSE,FALSE
1,"ntree=200; coCV=20; Frule=0.8","completed",0.901836008210968,0.95921667103105,0.114761325640165,91.316,,FALSE,"mtbls79","MTBLS79","SPLIT03","REF_100","qc_rfsc","QC-RFSC",FALSE,FALSE,FALSE
2,"ntree=200; coCV=30; Frule=0.8","completed",0.727422078408725,0.776116842060181,0.0973895273029112,92.083,,FALSE,"mtbls79","MTBLS79","SPLIT03","REF_100","qc_rfsc","QC-RFSC",FALSE,FALSE,FALSE
3,"ntree=500; coCV=20; Frule=0.8","completed",0.902151627985512,0.959217759696288,0.114132263421552,111.664,,TRUE,"mtbls79","MTBLS79","SPLIT03","REF_100","qc_rfsc","QC-RFSC",FALSE,FALSE,FALSE
4,"ntree=500; coCV=30; Frule=0.8","completed",0.684876973922272,0.733553190133096,0.0973524324216476,108.168,,FALSE,"mtbls79","MTBLS79","SPLIT03","REF_100","qc_rfsc","QC-RFSC",FALSE,FALSE,FALSE
1,"jitter_eps=0","completed",0.884194118248582,0.975131625900765,0.181875015304367,1920.861,,FALSE,"mtbls79","MTBLS79","SPLIT03","REF_101","serrf","SERRF",FALSE,FALSE,FALSE
2,"jitter_eps=1e-06","completed",0.884194118251249,0.975131625900766,0.181875015299034,1728.972,,FALSE,"mtbls79","MTBLS79","SPLIT03","REF_101","serrf","SERRF",FALSE,FALSE,FALSE
3,"jitter_eps=1e-05","completed",0.884194118275255,0.975131625900771,0.181875015251033,1443.711,,TRUE,"mtbls79","MTBLS79","SPLIT03","REF_101","serrf","SERRF",FALSE,FALSE,FALSE
1,"par_prior=TRUE","completed",0.897950807319016,0.981701167254238,0.167500719870445,2.202,,TRUE,"mtbls79","MTBLS79","SPLIT04","REF_106","combat","ComBat",FALSE,FALSE,FALSE
2,"par_prior=FALSE","completed",0.897472335526573,0.980690932445772,0.166437193838397,148.968,,FALSE,"mtbls79","MTBLS79","SPLIT04","REF_106","combat","ComBat",FALSE,FALSE,FALSE
1,"span=0.3","failed",,,,111.534,"span is too small",FALSE,"mtbls79","MTBLS79","SPLIT04","REF_107","qc_rlsc","QC-RLSC",FALSE,FALSE,FALSE
2,"span=0.5","completed",0.629566811095713,0.985085731602625,0.711037841013826,4292.5,"",FALSE,"mtbls79","MTBLS79","SPLIT04","REF_107","qc_rlsc","QC-RLSC",FALSE,FALSE,FALSE
3,"span=0.7","completed",0.844629289083331,0.987848972158737,0.286439366150813,247.743,"",TRUE,"mtbls79","MTBLS79","SPLIT04","REF_107","qc_rlsc","QC-RLSC",FALSE,FALSE,FALSE
4,"span=0.9","completed",0.229194198157384,0.969779741031001,1.48117108574723,163.672,"",FALSE,"mtbls79","MTBLS79","SPLIT04","REF_107","qc_rlsc","QC-RLSC",FALSE,FALSE,FALSE
1,"ntree=200; coCV=20; Frule=0.8","completed",0.89698236637425,0.95433910738188,0.11471348201526,74.94,,FALSE,"mtbls79","MTBLS79","SPLIT04","REF_108","qc_rfsc","QC-RFSC",FALSE,FALSE,FALSE
2,"ntree=200; coCV=30; Frule=0.8","completed",0.734535731906078,0.783222512263076,0.097373560713997,76.107,,FALSE,"mtbls79","MTBLS79","SPLIT04","REF_108","qc_rfsc","QC-RFSC",FALSE,FALSE,FALSE
3,"ntree=500; coCV=20; Frule=0.8","completed",0.897201134611661,0.954340360827831,0.11427845243234,93.694,,TRUE,"mtbls79","MTBLS79","SPLIT04","REF_108","qc_rfsc","QC-RFSC",FALSE,FALSE,FALSE
4,"ntree=500; coCV=30; Frule=0.8","completed",0.703151298162071,0.751812539690691,0.0973224830572387,92.09,,FALSE,"mtbls79","MTBLS79","SPLIT04","REF_108","qc_rfsc","QC-RFSC",FALSE,FALSE,FALSE
1,"jitter_eps=0","completed",0.886532567253761,0.977103658286233,0.181142182064946,1620.892,,FALSE,"mtbls79","MTBLS79","SPLIT04","REF_109","serrf","SERRF",FALSE,FALSE,FALSE
2,"jitter_eps=1e-06","completed",0.886532567256416,0.977103658286234,0.181142182059636,1578.538,,FALSE,"mtbls79","MTBLS79","SPLIT04","REF_109","serrf","SERRF",FALSE,FALSE,FALSE
3,"jitter_eps=1e-05","completed",0.886532567280313,0.977103658286238,0.18114218201185,1569.201,,TRUE,"mtbls79","MTBLS79","SPLIT04","REF_109","serrf","SERRF",FALSE,FALSE,FALSE
1,"par_prior=TRUE","completed",0.894653998820216,0.977848733870617,0.166389470100802,1.707,,TRUE,"mtbls79","MTBLS79","SPLIT05","REF_114","combat","ComBat",FALSE,FALSE,FALSE
2,"par_prior=FALSE","completed",0.892556129239041,0.975123076508825,0.165133894539567,122.719,,FALSE,"mtbls79","MTBLS79","SPLIT05","REF_114","combat","ComBat",FALSE,FALSE,FALSE
1,"span=0.3","failed",,,,99.099,"span is too small",FALSE,"mtbls79","MTBLS79","SPLIT05","REF_115","qc_rlsc","QC-RLSC",FALSE,FALSE,FALSE
2,"span=0.5","completed",0.629211058972093,0.984473050315855,0.710523982687524,3755.399,"",FALSE,"mtbls79","MTBLS79","SPLIT05","REF_115","qc_rlsc","QC-RLSC",FALSE,FALSE,FALSE
3,"span=0.7","completed",0.873491082486065,0.986923801443941,0.226865437915754,260.297,"",TRUE,"mtbls79","MTBLS79","SPLIT05","REF_115","qc_rlsc","QC-RLSC",FALSE,FALSE,FALSE
4,"span=0.9","completed",0.194715131314283,0.951183310089494,1.51293635755042,157.488,"",FALSE,"mtbls79","MTBLS79","SPLIT05","REF_115","qc_rlsc","QC-RLSC",FALSE,FALSE,FALSE
1,"ntree=200; coCV=20; Frule=0.8","completed",0.890563963683584,0.947225533686996,0.113323140006824,77.928,,FALSE,"mtbls79","MTBLS79","SPLIT05","REF_116","qc_rfsc","QC-RFSC",FALSE,FALSE,FALSE
2,"ntree=200; coCV=30; Frule=0.8","completed",0.751416426181208,0.799547851440005,0.0962628505175951,81.32,,FALSE,"mtbls79","MTBLS79","SPLIT05","REF_116","qc_rfsc","QC-RFSC",FALSE,FALSE,FALSE
3,"ntree=500; coCV=20; Frule=0.8","completed",0.890808064577841,0.947226755787401,0.11283738241912,98.305,,TRUE,"mtbls79","MTBLS79","SPLIT05","REF_116","qc_rfsc","QC-RFSC",FALSE,FALSE,FALSE
4,"ntree=500; coCV=30; Frule=0.8","completed",0.700347014546048,0.748465248477628,0.0962364678631613,96.731,,FALSE,"mtbls79","MTBLS79","SPLIT05","REF_116","qc_rfsc","QC-RFSC",FALSE,FALSE,FALSE
1,"jitter_eps=0","completed",0.883393275964999,0.973667974501436,0.180549397072875,1690.373,,FALSE,"mtbls79","MTBLS79","SPLIT05","REF_117","serrf","SERRF",FALSE,FALSE,FALSE
2,"jitter_eps=1e-06","completed",0.883393275967658,0.973667974501437,0.180549397067556,1582.996,,FALSE,"mtbls79","MTBLS79","SPLIT05","REF_117","serrf","SERRF",FALSE,FALSE,FALSE
3,"jitter_eps=1e-05","completed",0.883393275991594,0.973667974501439,0.180549397019691,1551.52,,TRUE,"mtbls79","MTBLS79","SPLIT05","REF_117","serrf","SERRF",FALSE,FALSE,FALSE
1,"par_prior=TRUE","completed",0.894278168472777,0.978676037162415,0.168795737379276,1.754,,TRUE,"mtbls79","MTBLS79","SPLIT06","REF_122","combat","ComBat",FALSE,FALSE,FALSE
2,"par_prior=FALSE","completed",0.894222382201201,0.977843835281638,0.167242906160873,120.848,,FALSE,"mtbls79","MTBLS79","SPLIT06","REF_122","combat","ComBat",FALSE,FALSE,FALSE
1,"span=0.3","failed",,,,110.232,"span is too small",FALSE,"mtbls79","MTBLS79","SPLIT06","REF_123","qc_rlsc","QC-RLSC",FALSE,FALSE,FALSE
2,"span=0.5","completed",0.714027013262726,0.982454443837468,0.536854861149485,5827.477,"",TRUE,"mtbls79","MTBLS79","SPLIT06","REF_123","qc_rlsc","QC-RLSC",FALSE,FALSE,FALSE
3,"span=0.7","completed",-0.00230726674248549,0.978958051904018,1.96253063729301,233.235000000001,"",FALSE,"mtbls79","MTBLS79","SPLIT06","REF_123","qc_rlsc","QC-RLSC",FALSE,FALSE,FALSE
4,"span=0.9","completed",-0.0221909031733688,0.973947475802001,1.99227675795074,203.249,"",FALSE,"mtbls79","MTBLS79","SPLIT06","REF_123","qc_rlsc","QC-RLSC",FALSE,FALSE,FALSE
1,"ntree=200; coCV=20; Frule=0.8","completed",0.889311636894829,0.947273041443033,0.115922809096409,77.348,,FALSE,"mtbls79","MTBLS79","SPLIT06","REF_124","qc_rfsc","QC-RFSC",FALSE,FALSE,FALSE
2,"ntree=200; coCV=30; Frule=0.8","completed",0.738389927371863,0.787727325601132,0.0986747964585371,76.669,,FALSE,"mtbls79","MTBLS79","SPLIT06","REF_124","qc_rfsc","QC-RFSC",FALSE,FALSE,FALSE
3,"ntree=500; coCV=20; Frule=0.8","completed",0.889540960185287,0.947274187180666,0.115466453990759,94.675,,TRUE,"mtbls79","MTBLS79","SPLIT06","REF_124","qc_rfsc","QC-RFSC",FALSE,FALSE,FALSE
4,"ntree=500; coCV=30; Frule=0.8","completed",0.701625693795242,0.750935870796842,0.0986203540032001,93.451,,FALSE,"mtbls79","MTBLS79","SPLIT06","REF_124","qc_rfsc","QC-RFSC",FALSE,FALSE,FALSE
1,"jitter_eps=0","completed",0.883256800820431,0.974890457471708,0.183267313302555,1647.865,,FALSE,"mtbls79","MTBLS79","SPLIT06","REF_125","serrf","SERRF",FALSE,FALSE,FALSE
2,"jitter_eps=1e-06","completed",0.883256800823187,0.974890457471709,0.183267313297044,1587.259,,FALSE,"mtbls79","MTBLS79","SPLIT06","REF_125","serrf","SERRF",FALSE,FALSE,FALSE
3,"jitter_eps=1e-05","completed",0.883256800847997,0.974890457471717,0.18326731324744,1610.272,,TRUE,"mtbls79","MTBLS79","SPLIT06","REF_125","serrf","SERRF",FALSE,FALSE,FALSE
1,"par_prior=TRUE","completed",0.895733243295409,0.979293774336813,0.167121062082808,1.798,,TRUE,"mtbls79","MTBLS79","SPLIT07","REF_130","combat","ComBat",FALSE,FALSE,FALSE
2,"par_prior=FALSE","completed",0.893774198224805,0.976694485605038,0.165840574760467,125.574,,FALSE,"mtbls79","MTBLS79","SPLIT07","REF_130","combat","ComBat",FALSE,FALSE,FALSE
1,"span=0.3","failed",,,,112.228,"span is too small",FALSE,"mtbls79","MTBLS79","SPLIT07","REF_131","qc_rlsc","QC-RLSC",FALSE,FALSE,FALSE
2,"span=0.5","completed",0.625713190073044,0.977582031289069,0.70373768243205,4426.066,"",FALSE,"mtbls79","MTBLS79","SPLIT07","REF_131","qc_rlsc","QC-RLSC",FALSE,FALSE,FALSE
3,"span=0.7","completed",0.791940811102287,0.984151330162296,0.384421038120017,270.647,"",TRUE,"mtbls79","MTBLS79","SPLIT07","REF_131","qc_rlsc","QC-RLSC",FALSE,FALSE,FALSE
4,"span=0.9","completed",0.227169560364953,0.975614097974717,1.49688907521953,205.628,"",FALSE,"mtbls79","MTBLS79","SPLIT07","REF_131","qc_rlsc","QC-RLSC",FALSE,FALSE,FALSE
1,"ntree=200; coCV=20; Frule=0.8","completed",0.90232435027167,0.96024517758146,0.11584165461958,77.395,,FALSE,"mtbls79","MTBLS79","SPLIT07","REF_132","qc_rfsc","QC-RFSC",FALSE,FALSE,FALSE
2,"ntree=200; coCV=30; Frule=0.8","completed",0.725943744185774,0.775299749742495,0.0987120111134413,77.815,,FALSE,"mtbls79","MTBLS79","SPLIT07","REF_132","qc_rfsc","QC-RFSC",FALSE,FALSE,FALSE
3,"ntree=500; coCV=20; Frule=0.8","completed",0.902634179178335,0.960246260941517,0.115224163526365,94.738,,TRUE,"mtbls79","MTBLS79","SPLIT07","REF_132","qc_rfsc","QC-RFSC",FALSE,FALSE,FALSE
4,"ntree=500; coCV=30; Frule=0.8","completed",0.6929526240174,0.742292332649829,0.0986794172648574,93.356,,FALSE,"mtbls79","MTBLS79","SPLIT07","REF_132","qc_rfsc","QC-RFSC",FALSE,FALSE,FALSE
1,"jitter_eps=0","completed",0.885562764377642,0.976339775839488,0.181554022923692,1665.134,,FALSE,"mtbls79","MTBLS79","SPLIT07","REF_133","serrf","SERRF",FALSE,FALSE,FALSE
2,"jitter_eps=1e-06","completed",0.885562764380347,0.976339775839488,0.181554022918284,1678.833,,FALSE,"mtbls79","MTBLS79","SPLIT07","REF_133","serrf","SERRF",FALSE,FALSE,FALSE
3,"jitter_eps=1e-05","completed",0.88556276440469,0.976339775839494,0.181554022869608,1693.3,,TRUE,"mtbls79","MTBLS79","SPLIT07","REF_133","serrf","SERRF",FALSE,FALSE,FALSE
1,"par_prior=TRUE","completed",0.896033854339691,0.980926310360596,0.16978491204181,1.959,,FALSE,"mtbls79","MTBLS79","SPLIT08","REF_138","combat","ComBat",FALSE,FALSE,FALSE
2,"par_prior=FALSE","completed",0.896436591318675,0.980497183595865,0.16812118455438,137.029,,TRUE,"mtbls79","MTBLS79","SPLIT08","REF_138","combat","ComBat",FALSE,FALSE,FALSE
1,"span=0.3","failed",,,,106.015,"span is too small",FALSE,"mtbls79","MTBLS79","SPLIT08","REF_139","qc_rlsc","QC-RLSC",FALSE,FALSE,FALSE
2,"span=0.5","completed",0.627701194941011,0.980964844354973,0.706527298827924,4413.146,"",FALSE,"mtbls79","MTBLS79","SPLIT08","REF_139","qc_rlsc","QC-RLSC",FALSE,FALSE,FALSE
3,"span=0.7","completed",0.83584036509922,0.985841138957281,0.30000154771612,272.112,"",TRUE,"mtbls79","MTBLS79","SPLIT08","REF_139","qc_rlsc","QC-RLSC",FALSE,FALSE,FALSE
4,"span=0.9","completed",0.225377581460051,0.971296484084847,1.49183780524959,198.419999999999,"",FALSE,"mtbls79","MTBLS79","SPLIT08","REF_139","qc_rlsc","QC-RLSC",FALSE,FALSE,FALSE
1,"ntree=200; coCV=20; Frule=0.8","completed",0.902822376972506,0.959910806042218,0.114176858139424,78.845,,FALSE,"mtbls79","MTBLS79","SPLIT08","REF_140","qc_rfsc","QC-RFSC",FALSE,FALSE,FALSE
2,"ntree=200; coCV=30; Frule=0.8","completed",0.727317871750296,0.7760685980322,0.0975014525638076,80.578,,FALSE,"mtbls79","MTBLS79","SPLIT08","REF_140","qc_rfsc","QC-RFSC",FALSE,FALSE,FALSE
3,"ntree=500; coCV=20; Frule=0.8","completed",0.903095357322342,0.959911698696209,0.113632682747733,95.711,,TRUE,"mtbls79","MTBLS79","SPLIT08","REF_140","qc_rfsc","QC-RFSC",FALSE,FALSE,FALSE
4,"ntree=500; coCV=30; Frule=0.8","completed",0.686621556568846,0.735345278823675,0.0974474445096566,93.231,,FALSE,"mtbls79","MTBLS79","SPLIT08","REF_140","qc_rfsc","QC-RFSC",FALSE,FALSE,FALSE
1,"jitter_eps=0","completed",0.885413695004422,0.977271764199241,0.183716138389638,1754.24,,FALSE,"mtbls79","MTBLS79","SPLIT08","REF_141","serrf","SERRF",FALSE,FALSE,FALSE
2,"jitter_eps=1e-06","completed",0.885413695007172,0.977271764199242,0.18371613838414,1735.716,,FALSE,"mtbls79","MTBLS79","SPLIT08","REF_141","serrf","SERRF",FALSE,FALSE,FALSE
3,"jitter_eps=1e-05","completed",0.885413695031922,0.977271764199251,0.183716138334657,1714.351,,TRUE,"mtbls79","MTBLS79","SPLIT08","REF_141","serrf","SERRF",FALSE,FALSE,FALSE
1,"par_prior=TRUE","completed",0.895478261299874,0.979568104922298,0.168179687244848,3.68,,TRUE,"mtbls79","MTBLS79","SPLIT09","REF_146","combat","ComBat",FALSE,FALSE,FALSE
2,"par_prior=FALSE","completed",0.895095339297081,0.978368913514947,0.166547148435731,200.15,,FALSE,"mtbls79","MTBLS79","SPLIT09","REF_146","combat","ComBat",FALSE,FALSE,FALSE
1,"span=0.3","failed",,,,114.617,"span is too small",FALSE,"mtbls79","MTBLS79","SPLIT09","REF_147","qc_rlsc","QC-RLSC",FALSE,FALSE,FALSE
2,"span=0.5","completed",0.624937959021874,0.977293632807382,0.704711347571015,4894.565,"",FALSE,"mtbls79","MTBLS79","SPLIT09","REF_147","qc_rlsc","QC-RLSC",FALSE,FALSE,FALSE
3,"span=0.7","completed",0.790893450199744,0.982996465647485,0.384206030895482,326.462,"",TRUE,"mtbls79","MTBLS79","SPLIT09","REF_147","qc_rlsc","QC-RLSC",FALSE,FALSE,FALSE
4,"span=0.9","completed",0.233721039144747,0.974603192948475,1.48176430760746,226.134,"",FALSE,"mtbls79","MTBLS79","SPLIT09","REF_147","qc_rlsc","QC-RLSC",FALSE,FALSE,FALSE
1,"ntree=200; coCV=20; Frule=0.8","completed",0.895858260945485,0.953943816911145,0.11617111193132,68.445,,FALSE,"mtbls79","MTBLS79","SPLIT09","REF_148","qc_rfsc","QC-RFSC",FALSE,FALSE,FALSE
2,"ntree=200; coCV=30; Frule=0.8","completed",0.724628527167045,0.773972790366608,0.0986885263991261,69.017,,FALSE,"mtbls79","MTBLS79","SPLIT09","REF_148","qc_rfsc","QC-RFSC",FALSE,FALSE,FALSE
3,"ntree=500; coCV=20; Frule=0.8","completed",0.89610744779051,0.953944985353387,0.115675075125754,83.635,,TRUE,"mtbls79","MTBLS79","SPLIT09","REF_148","qc_rfsc","QC-RFSC",FALSE,FALSE,FALSE
4,"ntree=500; coCV=30; Frule=0.8","completed",0.681388309162589,0.73070073775354,0.0986248571819017,82.19,,FALSE,"mtbls79","MTBLS79","SPLIT09","REF_148","qc_rfsc","QC-RFSC",FALSE,FALSE,FALSE
1,"jitter_eps=0","completed",0.883470808261803,0.975364522273696,0.183787428023786,1483.604,,FALSE,"mtbls79","MTBLS79","SPLIT09","REF_149","serrf","SERRF",FALSE,FALSE,FALSE
2,"jitter_eps=1e-06","completed",0.883470808264532,0.975364522273696,0.183787428018329,1488.77,,FALSE,"mtbls79","MTBLS79","SPLIT09","REF_149","serrf","SERRF",FALSE,FALSE,FALSE
3,"jitter_eps=1e-05","completed",0.883470808289093,0.975364522273699,0.183787427969212,1478.275,,TRUE,"mtbls79","MTBLS79","SPLIT09","REF_149","serrf","SERRF",FALSE,FALSE,FALSE
1,"par_prior=TRUE","completed",0.895475580664346,0.980362067690015,0.169772974051337,2.028,,TRUE,"mtbls79","MTBLS79","SPLIT10","REF_154","combat","ComBat",FALSE,FALSE,FALSE
2,"par_prior=FALSE","completed",0.89539010847512,0.979447571099628,0.168114925249016,145.103,,FALSE,"mtbls79","MTBLS79","SPLIT10","REF_154","combat","ComBat",FALSE,FALSE,FALSE
1,"span=0.3","failed",,,,118.213,"span is too small",FALSE,"mtbls79","MTBLS79","SPLIT10","REF_155","qc_rlsc","QC-RLSC",FALSE,FALSE,FALSE
2,"span=0.5","completed",0.62727763970561,0.980568674630889,0.706582069850557,4753.13,"",FALSE,"mtbls79","MTBLS79","SPLIT10","REF_155","qc_rlsc","QC-RLSC",FALSE,FALSE,FALSE
3,"span=0.7","completed",0.830751435957372,0.985854247811341,0.310205623707939,304.961,"",TRUE,"mtbls79","MTBLS79","SPLIT10","REF_155","qc_rlsc","QC-RLSC",FALSE,FALSE,FALSE
4,"span=0.9","completed",0.227204817239783,0.971625255065455,1.48884087565134,196.796,"",FALSE,"mtbls79","MTBLS79","SPLIT10","REF_155","qc_rlsc","QC-RLSC",FALSE,FALSE,FALSE
1,"ntree=200; coCV=20; Frule=0.8","completed",0.90177792025358,0.959018734487114,0.114481628467066,67.992,,FALSE,"mtbls79","MTBLS79","SPLIT10","REF_156","qc_rfsc","QC-RFSC",FALSE,FALSE,FALSE
2,"ntree=200; coCV=30; Frule=0.8","completed",0.712722046257473,0.761449823440788,0.0974555543666286,68.705,,FALSE,"mtbls79","MTBLS79","SPLIT10","REF_156","qc_rfsc","QC-RFSC",FALSE,FALSE,FALSE
3,"ntree=500; coCV=20; Frule=0.8","completed",0.902045401923564,0.959019656966339,0.113948510085549,84.144,,TRUE,"mtbls79","MTBLS79","SPLIT10","REF_156","qc_rfsc","QC-RFSC",FALSE,FALSE,FALSE
4,"ntree=500; coCV=30; Frule=0.8","completed",0.681060760177286,0.72976488604487,0.0974082517351683,82.941,,FALSE,"mtbls79","MTBLS79","SPLIT10","REF_156","qc_rfsc","QC-RFSC",FALSE,FALSE,FALSE
1,"jitter_eps=0","completed",0.884854832060423,0.976472985200783,0.183236306280721,1458.191,,FALSE,"mtbls79","MTBLS79","SPLIT10","REF_157","serrf","SERRF",FALSE,FALSE,FALSE
2,"jitter_eps=1e-06","completed",0.884854832063144,0.976472985200784,0.183236306275281,1438.608,,FALSE,"mtbls79","MTBLS79","SPLIT10","REF_157","serrf","SERRF",FALSE,FALSE,FALSE
3,"jitter_eps=1e-05","completed",0.884854832087635,0.976472985200793,0.183236306226318,1449.353,,TRUE,"mtbls79","MTBLS79","SPLIT10","REF_157","serrf","SERRF",FALSE,FALSE,FALSE
1,"par_prior=TRUE","completed",0.9108416627552,0.988408869079618,0.155134412648836,2.261,,FALSE,"clinical_fiams","Clinical FIA-MS","SPLIT01","REF_162","combat","ComBat",FALSE,FALSE,FALSE
2,"par_prior=FALSE","completed",0.910858997376029,0.988833420173678,0.155948845595297,79.609,,TRUE,"clinical_fiams","Clinical FIA-MS","SPLIT01","REF_162","combat","ComBat",FALSE,FALSE,FALSE
1,"span=0.3","completed",0.432699525527315,0.967238936170347,1.06907882128606,79.172,,FALSE,"clinical_fiams","Clinical FIA-MS","SPLIT01","REF_163","qc_rlsc","QC-RLSC",FALSE,FALSE,FALSE
2,"span=0.5","completed",0.927050995237387,0.99403620233571,0.133970414196646,17.112,,FALSE,"clinical_fiams","Clinical FIA-MS","SPLIT01","REF_163","qc_rlsc","QC-RLSC",FALSE,FALSE,FALSE
3,"span=0.7","completed",0.939384224970525,0.992860632550155,0.10695281515926,10.288,,TRUE,"clinical_fiams","Clinical FIA-MS","SPLIT01","REF_163","qc_rlsc","QC-RLSC",FALSE,FALSE,FALSE
4,"span=0.9","completed",0.931180809355938,0.991447032925045,0.120532447138212,10.393,,FALSE,"clinical_fiams","Clinical FIA-MS","SPLIT01","REF_163","qc_rlsc","QC-RLSC",FALSE,FALSE,FALSE
1,"ntree=200; coCV=20; Frule=0.8","completed",0.821424784816102,0.861972566718525,0.0810955638048471,77.606,,FALSE,"clinical_fiams","Clinical FIA-MS","SPLIT01","REF_164","qc_rfsc","QC-RFSC",FALSE,FALSE,FALSE
2,"ntree=200; coCV=30; Frule=0.8","completed",-0.0373832619917663,-0.00332414838005875,0.068118227223415,71.924,,FALSE,"clinical_fiams","Clinical FIA-MS","SPLIT01","REF_164","qc_rfsc","QC-RFSC",FALSE,FALSE,FALSE
3,"ntree=500; coCV=20; Frule=0.8","completed",0.821650599890787,0.861931592587381,0.0805619853931873,104.073,,FALSE,"clinical_fiams","Clinical FIA-MS","SPLIT01","REF_164","qc_rfsc","QC-RFSC",FALSE,FALSE,FALSE
4,"ntree=500; coCV=30; Frule=0.8","completed",0.965444848183363,0.99999978885314,0.0691098813395547,98.416,,TRUE,"clinical_fiams","Clinical FIA-MS","SPLIT01","REF_164","qc_rfsc","QC-RFSC",FALSE,FALSE,FALSE
1,"jitter_eps=0","completed",0.942207787547172,0.991577367826774,0.0987391605592037,985.348,,FALSE,"clinical_fiams","Clinical FIA-MS","SPLIT01","REF_165","serrf","SERRF",FALSE,FALSE,FALSE
2,"jitter_eps=1e-06","completed",0.942578166726671,0.991839006855672,0.0985216802580016,993.344,,TRUE,"clinical_fiams","Clinical FIA-MS","SPLIT01","REF_165","serrf","SERRF",FALSE,FALSE,FALSE
3,"jitter_eps=1e-05","completed",0.935221083381653,0.985408670135278,0.100375173507251,991.813,,FALSE,"clinical_fiams","Clinical FIA-MS","SPLIT01","REF_165","serrf","SERRF",FALSE,FALSE,FALSE
1,"par_prior=TRUE","completed",0.909846969122332,0.987814822003182,0.1559357057617,3.209,,FALSE,"clinical_fiams","Clinical FIA-MS","SPLIT02","REF_170","combat","ComBat",FALSE,FALSE,FALSE
2,"par_prior=FALSE","completed",0.909920269660866,0.988273908259865,0.156707277197997,93.082,,TRUE,"clinical_fiams","Clinical FIA-MS","SPLIT02","REF_170","combat","ComBat",FALSE,FALSE,FALSE
1,"span=0.3","completed",0.4323794176762,0.966755279175361,1.06875172299832,73.099,,FALSE,"clinical_fiams","Clinical FIA-MS","SPLIT02","REF_171","qc_rlsc","QC-RLSC",FALSE,FALSE,FALSE
2,"span=0.5","completed",0.928959088682153,0.993967919710814,0.130017662057321,15.322,,FALSE,"clinical_fiams","Clinical FIA-MS","SPLIT02","REF_171","qc_rlsc","QC-RLSC",FALSE,FALSE,FALSE
3,"span=0.7","completed",0.940301629727661,0.992850700731247,0.105098142007172,10.334,,TRUE,"clinical_fiams","Clinical FIA-MS","SPLIT02","REF_171","qc_rlsc","QC-RLSC",FALSE,FALSE,FALSE
4,"span=0.9","completed",0.931409640246107,0.991189949159303,0.119560617826392,10.396,,FALSE,"clinical_fiams","Clinical FIA-MS","SPLIT02","REF_171","qc_rlsc","QC-RLSC",FALSE,FALSE,FALSE
1,"ntree=200; coCV=20; Frule=0.8","completed",0.810704068025013,0.851757574750686,0.0821070134513456,84.727,,FALSE,"clinical_fiams","Clinical FIA-MS","SPLIT02","REF_172","qc_rfsc","QC-RFSC",FALSE,FALSE,FALSE
2,"ntree=200; coCV=30; Frule=0.8","completed",0.965005552135188,0.999999788914807,0.069988473559237,82.549,,FALSE,"clinical_fiams","Clinical FIA-MS","SPLIT02","REF_172","qc_rfsc","QC-RFSC",FALSE,FALSE,FALSE
3,"ntree=500; coCV=20; Frule=0.8","completed",0.810760301528374,0.851621121410275,0.0817216397638027,113.885,,FALSE,"clinical_fiams","Clinical FIA-MS","SPLIT02","REF_172","qc_rfsc","QC-RFSC",FALSE,FALSE,FALSE
4,"ntree=500; coCV=30; Frule=0.8","completed",0.96509292711607,0.999999789807959,0.0698137253837781,114.798,,TRUE,"clinical_fiams","Clinical FIA-MS","SPLIT02","REF_172","qc_rfsc","QC-RFSC",FALSE,FALSE,FALSE
1,"jitter_eps=0","completed",0.942022446004431,0.991562110816702,0.0990793296245417,994.63,,FALSE,"clinical_fiams","Clinical FIA-MS","SPLIT02","REF_173","serrf","SERRF",FALSE,FALSE,FALSE
2,"jitter_eps=1e-06","completed",0.942246848480758,0.991708201282587,0.0989227056036576,1000.725,,TRUE,"clinical_fiams","Clinical FIA-MS","SPLIT02","REF_173","serrf","SERRF",FALSE,FALSE,FALSE
3,"jitter_eps=1e-05","completed",0.930229946369401,0.980961748846005,0.101463604953208,991.018,,FALSE,"clinical_fiams","Clinical FIA-MS","SPLIT02","REF_173","serrf","SERRF",FALSE,FALSE,FALSE
1,"par_prior=TRUE","completed",0.911137967801397,0.988326563982803,0.154377192362811,2.637,,FALSE,"clinical_fiams","Clinical FIA-MS","SPLIT03","REF_178","combat","ComBat",FALSE,FALSE,FALSE
2,"par_prior=FALSE","completed",0.911241222302004,0.988812191180921,0.155141937757834,79.21,,TRUE,"clinical_fiams","Clinical FIA-MS","SPLIT03","REF_178","combat","ComBat",FALSE,FALSE,FALSE
1,"span=0.3","completed",0.434098026754859,0.967699389353516,1.06720272519731,80.676,,FALSE,"clinical_fiams","Clinical FIA-MS","SPLIT03","REF_179","qc_rlsc","QC-RLSC",FALSE,FALSE,FALSE
2,"span=0.5","completed",0.934536478766738,0.993968666397271,0.118864375261066,16.141,,FALSE,"clinical_fiams","Clinical FIA-MS","SPLIT03","REF_179","qc_rlsc","QC-RLSC",FALSE,FALSE,FALSE
3,"span=0.7","completed",0.939787026650309,0.992802499226707,0.106030945152795,10.734,,TRUE,"clinical_fiams","Clinical FIA-MS","SPLIT03","REF_179","qc_rlsc","QC-RLSC",FALSE,FALSE,FALSE
4,"span=0.9","completed",0.932036803712961,0.991609770314366,0.11914593320281,10.79,,FALSE,"clinical_fiams","Clinical FIA-MS","SPLIT03","REF_179","qc_rlsc","QC-RLSC",FALSE,FALSE,FALSE
1,"ntree=200; coCV=20; Frule=0.8","completed",0.81458290555037,0.855641212425256,0.0821166137497715,78.813,,FALSE,"clinical_fiams","Clinical FIA-MS","SPLIT03","REF_180","qc_rfsc","QC-RFSC",FALSE,FALSE,FALSE
2,"ntree=200; coCV=30; Frule=0.8","completed",0.965424312925348,0.999999799575424,0.0691509733001525,77.574,,TRUE,"clinical_fiams","Clinical FIA-MS","SPLIT03","REF_180","qc_rfsc","QC-RFSC",FALSE,FALSE,FALSE
3,"ntree=500; coCV=20; Frule=0.8","completed",0.815007812884028,0.85568984560891,0.0813640654497641,107.59,,FALSE,"clinical_fiams","Clinical FIA-MS","SPLIT03","REF_180","qc_rfsc","QC-RFSC",FALSE,FALSE,FALSE
4,"ntree=500; coCV=30; Frule=0.8","completed",0.956568170708258,0.991411997407115,0.0696876533977137,107.727,,FALSE,"clinical_fiams","Clinical FIA-MS","SPLIT03","REF_180","qc_rfsc","QC-RFSC",FALSE,FALSE,FALSE
1,"jitter_eps=0","completed",0.943821783926327,0.992588611807539,0.0975336557624245,1111.278,,TRUE,"clinical_fiams","Clinical FIA-MS","SPLIT03","REF_181","serrf","SERRF",FALSE,FALSE,FALSE
2,"jitter_eps=1e-06","completed",0.941443869050456,0.990666778007417,0.0984458179139226,1124.132,,FALSE,"clinical_fiams","Clinical FIA-MS","SPLIT03","REF_181","serrf","SERRF",FALSE,FALSE,FALSE
3,"jitter_eps=1e-05","completed",0.943626155377071,0.992453161564062,0.0976540123739831,1130.031,,FALSE,"clinical_fiams","Clinical FIA-MS","SPLIT03","REF_181","serrf","SERRF",FALSE,FALSE,FALSE
1,"par_prior=TRUE","completed",0.910023289238887,0.987672624348767,0.15529867021976,6.921,,FALSE,"clinical_fiams","Clinical FIA-MS","SPLIT04","REF_186","combat","ComBat",FALSE,FALSE,FALSE
2,"par_prior=FALSE","completed",0.910058756806878,0.988124188064756,0.156130862515756,149.308,,TRUE,"clinical_fiams","Clinical FIA-MS","SPLIT04","REF_186","combat","ComBat",FALSE,FALSE,FALSE
1,"span=0.3","completed",0.433400802608158,0.967137115394503,1.06747262557269,129.661,,FALSE,"clinical_fiams","Clinical FIA-MS","SPLIT04","REF_187","qc_rlsc","QC-RLSC",FALSE,FALSE,FALSE
2,"span=0.5","completed",0.933928741384968,0.994046221986688,0.120234961203441,25.173,,FALSE,"clinical_fiams","Clinical FIA-MS","SPLIT04","REF_187","qc_rlsc","QC-RLSC",FALSE,FALSE,FALSE
3,"span=0.7","completed",0.939212177882055,0.992626039944536,0.106827724124961,16.369,,TRUE,"clinical_fiams","Clinical FIA-MS","SPLIT04","REF_187","qc_rlsc","QC-RLSC",FALSE,FALSE,FALSE
4,"span=0.9","completed",0.930522319553406,0.990979734547358,0.120914829987905,16.629,,FALSE,"clinical_fiams","Clinical FIA-MS","SPLIT04","REF_187","qc_rlsc","QC-RLSC",FALSE,FALSE,FALSE
1,"ntree=200; coCV=20; Frule=0.8","completed",0.830259544622392,0.87101100278646,0.0815029163281358,69.032,,FALSE,"clinical_fiams","Clinical FIA-MS","SPLIT04","REF_188","qc_rfsc","QC-RFSC",FALSE,FALSE,FALSE
2,"ntree=200; coCV=30; Frule=0.8","completed",0.965114157537899,0.999999792163985,0.069771269252174,69.35,,FALSE,"clinical_fiams","Clinical FIA-MS","SPLIT04","REF_188","qc_rfsc","QC-RFSC",FALSE,FALSE,FALSE
3,"ntree=500; coCV=20; Frule=0.8","completed",0.830549427754862,0.871041720007985,0.0809845845062458,96.39,,FALSE,"clinical_fiams","Clinical FIA-MS","SPLIT04","REF_188","qc_rfsc","QC-RFSC",FALSE,FALSE,FALSE
4,"ntree=500; coCV=30; Frule=0.8","completed",0.965180396542628,0.999999793143041,0.0696387932008263,96.35,,TRUE,"clinical_fiams","Clinical FIA-MS","SPLIT04","REF_188","qc_rfsc","QC-RFSC",FALSE,FALSE,FALSE
1,"jitter_eps=0","completed",0.941260956475025,0.990818138204414,0.099114363458778,990.342,,FALSE,"clinical_fiams","Clinical FIA-MS","SPLIT04","REF_189","serrf","SERRF",FALSE,FALSE,FALSE
2,"jitter_eps=1e-06","completed",0.942392817990392,0.99163643743669,0.0984872388925955,1024.449,,TRUE,"clinical_fiams","Clinical FIA-MS","SPLIT04","REF_189","serrf","SERRF",FALSE,FALSE,FALSE
3,"jitter_eps=1e-05","completed",0.942335407231977,0.99169454723524,0.0987182800065254,999.983,,FALSE,"clinical_fiams","Clinical FIA-MS","SPLIT04","REF_189","serrf","SERRF",FALSE,FALSE,FALSE
1,"par_prior=TRUE","completed",0.910090544012174,0.987782224022591,0.155383360020833,2.158,,FALSE,"clinical_fiams","Clinical FIA-MS","SPLIT05","REF_194","combat","ComBat",FALSE,FALSE,FALSE
2,"par_prior=FALSE","completed",0.910144568204707,0.988234033740644,0.156178931071874,69.844,,TRUE,"clinical_fiams","Clinical FIA-MS","SPLIT05","REF_194","combat","ComBat",FALSE,FALSE,FALSE
1,"span=0.3","completed",0.432729528851427,0.966840824330016,1.06822259095718,95.889,,FALSE,"clinical_fiams","Clinical FIA-MS","SPLIT05","REF_195","qc_rlsc","QC-RLSC",FALSE,FALSE,FALSE
2,"span=0.5","completed",0.935101631612581,0.993804824936819,0.117406386648474,16.024,,FALSE,"clinical_fiams","Clinical FIA-MS","SPLIT05","REF_195","qc_rlsc","QC-RLSC",FALSE,FALSE,FALSE
3,"span=0.7","completed",0.938472557514267,0.992522982803861,0.108100850579188,11.76,,TRUE,"clinical_fiams","Clinical FIA-MS","SPLIT05","REF_195","qc_rlsc","QC-RLSC",FALSE,FALSE,FALSE
4,"span=0.9","completed",0.930638995796828,0.991180500550923,0.121083009508189,11.958,,FALSE,"clinical_fiams","Clinical FIA-MS","SPLIT05","REF_195","qc_rlsc","QC-RLSC",FALSE,FALSE,FALSE
1,"ntree=200; coCV=20; Frule=0.8","completed",0.81717065476835,0.85803236565033,0.0817234217639601,83.667,,FALSE,"clinical_fiams","Clinical FIA-MS","SPLIT05","REF_196","qc_rfsc","QC-RFSC",FALSE,FALSE,FALSE
2,"ntree=200; coCV=30; Frule=0.8","completed",0.964873030044007,0.999999792037217,0.0702535239864209,82.49,,TRUE,"clinical_fiams","Clinical FIA-MS","SPLIT05","REF_196","qc_rfsc","QC-RFSC",FALSE,FALSE,FALSE
3,"ntree=500; coCV=20; Frule=0.8","completed",0.814095411918875,0.854758700122303,0.0813265764068557,116.065,,FALSE,"clinical_fiams","Clinical FIA-MS","SPLIT05","REF_196","qc_rfsc","QC-RFSC",FALSE,FALSE,FALSE
4,"ntree=500; coCV=30; Frule=0.8","completed",0.940568574076393,0.976064585966725,0.0709920237806629,109.242,,FALSE,"clinical_fiams","Clinical FIA-MS","SPLIT05","REF_196","qc_rfsc","QC-RFSC",FALSE,FALSE,FALSE
1,"jitter_eps=0","completed",0.943813630538772,0.992001334245212,0.0963754074128815,1132.846,,FALSE,"clinical_fiams","Clinical FIA-MS","SPLIT05","REF_197","serrf","SERRF",FALSE,FALSE,FALSE
2,"jitter_eps=1e-06","completed",0.943829039268545,0.992083994339971,0.0965099101428518,1136.254,,FALSE,"clinical_fiams","Clinical FIA-MS","SPLIT05","REF_197","serrf","SERRF",FALSE,FALSE,FALSE
3,"jitter_eps=1e-05","completed",0.943936788766448,0.992076264007048,0.0962789504811998,1168.102,,TRUE,"clinical_fiams","Clinical FIA-MS","SPLIT05","REF_197","serrf","SERRF",FALSE,FALSE,FALSE
1,"par_prior=TRUE","completed",0.912171991077976,0.988881156307552,0.153418330459151,2.799,,TRUE,"clinical_fiams","Clinical FIA-MS","SPLIT06","REF_202","combat","ComBat",FALSE,FALSE,FALSE
2,"par_prior=FALSE","completed",0.91215621755254,0.989284028052572,0.154255621000063,82.83,,FALSE,"clinical_fiams","Clinical FIA-MS","SPLIT06","REF_202","combat","ComBat",FALSE,FALSE,FALSE
1,"span=0.3","completed",0.433122747975895,0.966975818779835,1.06770614160788,82.99,,FALSE,"clinical_fiams","Clinical FIA-MS","SPLIT06","REF_203","qc_rlsc","QC-RLSC",FALSE,FALSE,FALSE
2,"span=0.5","completed",0.930246480833732,0.993648390521041,0.126803819374619,14.506,,FALSE,"clinical_fiams","Clinical FIA-MS","SPLIT06","REF_203","qc_rlsc","QC-RLSC",FALSE,FALSE,FALSE
3,"span=0.7","completed",0.939661708890459,0.993092872393246,0.106862327005575,10.875,,TRUE,"clinical_fiams","Clinical FIA-MS","SPLIT06","REF_203","qc_rlsc","QC-RLSC",FALSE,FALSE,FALSE
4,"span=0.9","completed",0.93210480793593,0.991755882206028,0.119302148540196,10.522,,FALSE,"clinical_fiams","Clinical FIA-MS","SPLIT06","REF_203","qc_rlsc","QC-RLSC",FALSE,FALSE,FALSE
1,"ntree=200; coCV=20; Frule=0.8","completed",0.837621034278124,0.877366779805233,0.0794914910542179,78.444,,FALSE,"clinical_fiams","Clinical FIA-MS","SPLIT06","REF_204","qc_rfsc","QC-RFSC",FALSE,FALSE,FALSE
2,"ntree=200; coCV=30; Frule=0.8","completed",0.94491789186953,0.98031038361666,0.0707849834942584,78.29,,FALSE,"clinical_fiams","Clinical FIA-MS","SPLIT06","REF_204","qc_rfsc","QC-RFSC",FALSE,FALSE,FALSE
3,"ntree=500; coCV=20; Frule=0.8","completed",0.842795123640961,0.881760793710469,0.0779313401390175,110.701,,FALSE,"clinical_fiams","Clinical FIA-MS","SPLIT06","REF_204","qc_rfsc","QC-RFSC",FALSE,FALSE,FALSE
4,"ntree=500; coCV=30; Frule=0.8","completed",0.945839971485971,0.980560682523287,0.0694414220746322,110.425,,TRUE,"clinical_fiams","Clinical FIA-MS","SPLIT06","REF_204","qc_rfsc","QC-RFSC",FALSE,FALSE,FALSE
1,"jitter_eps=0","completed",0.945092528873167,0.992337078104148,0.0944890984619609,943.199,,TRUE,"clinical_fiams","Clinical FIA-MS","SPLIT06","REF_205","serrf","SERRF",FALSE,FALSE,FALSE
2,"jitter_eps=1e-06","completed",0.944893151472242,0.992205025793433,0.0946237486423834,936.965,,FALSE,"clinical_fiams","Clinical FIA-MS","SPLIT06","REF_205","serrf","SERRF",FALSE,FALSE,FALSE
3,"jitter_eps=1e-05","completed",0.944945760668211,0.992269080841596,0.0946466403467708,934.365,,FALSE,"clinical_fiams","Clinical FIA-MS","SPLIT06","REF_205","serrf","SERRF",FALSE,FALSE,FALSE
1,"par_prior=TRUE","completed",0.913614734955173,0.989150199942904,0.151070929975463,2.576,,FALSE,"clinical_fiams","Clinical FIA-MS","SPLIT07","REF_210","combat","ComBat",FALSE,FALSE,FALSE
2,"par_prior=FALSE","completed",0.91389308622553,0.989567415464307,0.151348658477555,77.567,,TRUE,"clinical_fiams","Clinical FIA-MS","SPLIT07","REF_210","combat","ComBat",FALSE,FALSE,FALSE
1,"span=0.3","completed",0.434018861709175,0.967317397395586,1.06659707137282,74.802,,FALSE,"clinical_fiams","Clinical FIA-MS","SPLIT07","REF_211","qc_rlsc","QC-RLSC",FALSE,FALSE,FALSE
2,"span=0.5","completed",0.928182215696664,0.994182675278583,0.132000919163837,15.656,,FALSE,"clinical_fiams","Clinical FIA-MS","SPLIT07","REF_211","qc_rlsc","QC-RLSC",FALSE,FALSE,FALSE
3,"span=0.7","completed",0.939614248475542,0.992670230063939,0.106111963176793,10.377,,TRUE,"clinical_fiams","Clinical FIA-MS","SPLIT07","REF_211","qc_rlsc","QC-RLSC",FALSE,FALSE,FALSE
4,"span=0.9","completed",0.93239672578829,0.99154364969614,0.118293847815699,10.766,,FALSE,"clinical_fiams","Clinical FIA-MS","SPLIT07","REF_211","qc_rlsc","QC-RLSC",FALSE,FALSE,FALSE
1,"ntree=200; coCV=20; Frule=0.8","completed",0.823827912457319,0.863747515362525,0.0798392058104106,80.412,,TRUE,"clinical_fiams","Clinical FIA-MS","SPLIT07","REF_212","qc_rfsc","QC-RFSC",FALSE,FALSE,FALSE
2,"ntree=200; coCV=30; Frule=0.8","completed",-0.0392667431510625,-0.00543709001656073,0.0676593062690034,78.998,,FALSE,"clinical_fiams","Clinical FIA-MS","SPLIT07","REF_212","qc_rfsc","QC-RFSC",FALSE,FALSE,FALSE
3,"ntree=500; coCV=20; Frule=0.8","completed",0.823697234616285,0.863645670871451,0.0798968725103327,109.996,,FALSE,"clinical_fiams","Clinical FIA-MS","SPLIT07","REF_212","qc_rfsc","QC-RFSC",FALSE,FALSE,FALSE
4,"ntree=500; coCV=30; Frule=0.8","completed",-0.0392330345128784,-0.005496766545903,0.0674725359339508,117.727,,FALSE,"clinical_fiams","Clinical FIA-MS","SPLIT07","REF_212","qc_rfsc","QC-RFSC",FALSE,FALSE,FALSE
1,"jitter_eps=0","completed",0.943225853561336,0.992421915029086,0.098392122935499,1079.021,,FALSE,"clinical_fiams","Clinical FIA-MS","SPLIT07","REF_213","serrf","SERRF",FALSE,FALSE,FALSE
2,"jitter_eps=1e-06","completed",0.943226357142285,0.992435418407032,0.0984181225294947,1099.006,,FALSE,"clinical_fiams","Clinical FIA-MS","SPLIT07","REF_213","serrf","SERRF",FALSE,FALSE,FALSE
3,"jitter_eps=1e-05","completed",0.943233349432203,0.992444143955374,0.0984215890463416,1104.607,,TRUE,"clinical_fiams","Clinical FIA-MS","SPLIT07","REF_213","serrf","SERRF",FALSE,FALSE,FALSE
1,"par_prior=TRUE","completed",0.910874211465681,0.988017654306913,0.154286885682463,2.179,,FALSE,"clinical_fiams","Clinical FIA-MS","SPLIT08","REF_218","combat","ComBat",FALSE,FALSE,FALSE
2,"par_prior=FALSE","completed",0.910917407756446,0.988450947253781,0.155067078994671,71.399,,TRUE,"clinical_fiams","Clinical FIA-MS","SPLIT08","REF_218","combat","ComBat",FALSE,FALSE,FALSE
1,"span=0.3","completed",0.432104952672574,0.966620656675504,1.06903140800586,84.319,,FALSE,"clinical_fiams","Clinical FIA-MS","SPLIT08","REF_219","qc_rlsc","QC-RLSC",FALSE,FALSE,FALSE
2,"span=0.5","completed",0.941023460234034,0.994230408645869,0.10641389682367,13.295,,TRUE,"clinical_fiams","Clinical FIA-MS","SPLIT08","REF_219","qc_rlsc","QC-RLSC",FALSE,FALSE,FALSE
3,"span=0.7","completed",0.939194956661114,0.992538819482652,0.106687725643075,10.734,,FALSE,"clinical_fiams","Clinical FIA-MS","SPLIT08","REF_219","qc_rlsc","QC-RLSC",FALSE,FALSE,FALSE
4,"span=0.9","completed",0.931612232432319,0.991237710231019,0.119250955597401,10.78,,FALSE,"clinical_fiams","Clinical FIA-MS","SPLIT08","REF_219","qc_rlsc","QC-RLSC",FALSE,FALSE,FALSE
1,"ntree=200; coCV=20; Frule=0.8","completed",0.813168984721246,0.855123732707542,0.0839094959725912,73.387,,FALSE,"clinical_fiams","Clinical FIA-MS","SPLIT08","REF_220","qc_rfsc","QC-RFSC",FALSE,FALSE,FALSE
2,"ntree=200; coCV=30; Frule=0.8","completed",0.955527397430076,0.991094490139414,0.0711341854186774,73.789,,TRUE,"clinical_fiams","Clinical FIA-MS","SPLIT08","REF_220","qc_rfsc","QC-RFSC",FALSE,FALSE,FALSE
3,"ntree=500; coCV=20; Frule=0.8","completed",0.81343996200512,0.855061169613709,0.0832424152171781,103.815,,FALSE,"clinical_fiams","Clinical FIA-MS","SPLIT08","REF_220","qc_rfsc","QC-RFSC",FALSE,FALSE,FALSE
4,"ntree=500; coCV=30; Frule=0.8","completed",0.941987167449391,0.977943180002402,0.0719120251060213,97.496,,FALSE,"clinical_fiams","Clinical FIA-MS","SPLIT08","REF_220","qc_rfsc","QC-RFSC",FALSE,FALSE,FALSE
1,"jitter_eps=0","completed",0.9438098172333,0.992444731408774,0.097269828350948,1221.862,,TRUE,"clinical_fiams","Clinical FIA-MS","SPLIT08","REF_221","serrf","SERRF",FALSE,FALSE,FALSE
2,"jitter_eps=1e-06","completed",0.943805648243411,0.992466768776624,0.0973222410664257,1239.168,,FALSE,"clinical_fiams","Clinical FIA-MS","SPLIT08","REF_221","serrf","SERRF",FALSE,FALSE,FALSE
3,"jitter_eps=1e-05","completed",0.94376284490097,0.992402397114731,0.097279104427522,1254.529,,FALSE,"clinical_fiams","Clinical FIA-MS","SPLIT08","REF_221","serrf","SERRF",FALSE,FALSE,FALSE
1,"par_prior=TRUE","completed",0.911872858474138,0.98856399028393,0.153382263619583,2.241,,FALSE,"clinical_fiams","Clinical FIA-MS","SPLIT09","REF_226","combat","ComBat",FALSE,FALSE,FALSE
2,"par_prior=FALSE","completed",0.911941164932569,0.989034139031812,0.154185948198486,71.502,,TRUE,"clinical_fiams","Clinical FIA-MS","SPLIT09","REF_226","combat","ComBat",FALSE,FALSE,FALSE
1,"span=0.3","completed",0.433362334626897,0.967148629068106,1.06757258888242,86.003,,FALSE,"clinical_fiams","Clinical FIA-MS","SPLIT09","REF_227","qc_rlsc","QC-RLSC",FALSE,FALSE,FALSE
2,"span=0.5","completed",0.940413105572526,0.993852077169018,0.106877943192984,14.545,,FALSE,"clinical_fiams","Clinical FIA-MS","SPLIT09","REF_227","qc_rlsc","QC-RLSC",FALSE,FALSE,FALSE
3,"span=0.7","completed",0.940451723492269,0.992875178390338,0.104846909796138,10.648,,TRUE,"clinical_fiams","Clinical FIA-MS","SPLIT09","REF_227","qc_rlsc","QC-RLSC",FALSE,FALSE,FALSE
4,"span=0.9","completed",0.932447392216556,0.991643701120182,0.118392617807252,10.801,,FALSE,"clinical_fiams","Clinical FIA-MS","SPLIT09","REF_227","qc_rlsc","QC-RLSC",FALSE,FALSE,FALSE
1,"ntree=200; coCV=20; Frule=0.8","completed",0.83298101586564,0.873144004975935,0.0803259782205899,74.906,,FALSE,"clinical_fiams","Clinical FIA-MS","SPLIT09","REF_228","qc_rfsc","QC-RFSC",FALSE,FALSE,FALSE
2,"ntree=200; coCV=30; Frule=0.8","completed",0.94004068852444,0.975118909933191,0.0701564428175016,73.448,,FALSE,"clinical_fiams","Clinical FIA-MS","SPLIT09","REF_228","qc_rfsc","QC-RFSC",FALSE,FALSE,FALSE
3,"ntree=500; coCV=20; Frule=0.8","completed",0.836624558620216,0.876712514184116,0.0801759111277984,102.695,,FALSE,"clinical_fiams","Clinical FIA-MS","SPLIT09","REF_228","qc_rfsc","QC-RFSC",FALSE,FALSE,FALSE
4,"ntree=500; coCV=30; Frule=0.8","completed",0.944003257221303,0.979373420032151,0.0707403256216976,97.978,,TRUE,"clinical_fiams","Clinical FIA-MS","SPLIT09","REF_228","qc_rfsc","QC-RFSC",FALSE,FALSE,FALSE
1,"jitter_eps=0","completed",0.944705178561249,0.992638727425275,0.0958670977280506,997.012,,FALSE,"clinical_fiams","Clinical FIA-MS","SPLIT09","REF_229","serrf","SERRF",FALSE,FALSE,FALSE
2,"jitter_eps=1e-06","completed",0.944724678230002,0.992635624639018,0.0958218928180325,1003.929,,TRUE,"clinical_fiams","Clinical FIA-MS","SPLIT09","REF_229","serrf","SERRF",FALSE,FALSE,FALSE
3,"jitter_eps=1e-05","completed",0.944701107787861,0.992690153939495,0.0959780923032682,984.531,,FALSE,"clinical_fiams","Clinical FIA-MS","SPLIT09","REF_229","serrf","SERRF",FALSE,FALSE,FALSE
1,"par_prior=TRUE","completed",0.913307190386212,0.989178946243517,0.151743511714611,2.49,,FALSE,"clinical_fiams","Clinical FIA-MS","SPLIT10","REF_234","combat","ComBat",FALSE,FALSE,FALSE
2,"par_prior=FALSE","completed",0.913357066278402,0.989590154421634,0.152466176286465,80.843,,TRUE,"clinical_fiams","Clinical FIA-MS","SPLIT10","REF_234","combat","ComBat",FALSE,FALSE,FALSE
1,"span=0.3","completed",0.43433197438468,0.967699234567311,1.06673452036526,75.337,,FALSE,"clinical_fiams","Clinical FIA-MS","SPLIT10","REF_235","qc_rlsc","QC-RLSC",FALSE,FALSE,FALSE
2,"span=0.5","completed",0.935328760480057,0.994409384131917,0.118161247303719,15.511,,FALSE,"clinical_fiams","Clinical FIA-MS","SPLIT10","REF_235","qc_rlsc","QC-RLSC",FALSE,FALSE,FALSE
3,"span=0.7","completed",0.939471294791968,0.992773918100444,0.106605246616952,10.998,,TRUE,"clinical_fiams","Clinical FIA-MS","SPLIT10","REF_235","qc_rlsc","QC-RLSC",FALSE,FALSE,FALSE
4,"span=0.9","completed",0.931883517270282,0.991670444910295,0.119573855280026,11.259,,FALSE,"clinical_fiams","Clinical FIA-MS","SPLIT10","REF_235","qc_rlsc","QC-RLSC",FALSE,FALSE,FALSE
1,"ntree=200; coCV=20; Frule=0.8","completed",0.827705551954125,0.86888584768708,0.0823605914659101,94.633,,FALSE,"clinical_fiams","Clinical FIA-MS","SPLIT10","REF_236","qc_rfsc","QC-RFSC",FALSE,FALSE,FALSE
2,"ntree=200; coCV=30; Frule=0.8","completed",0.956285596840276,0.991344630393674,0.0701180671067961,91.944,,TRUE,"clinical_fiams","Clinical FIA-MS","SPLIT10","REF_236","qc_rfsc","QC-RFSC",FALSE,FALSE,FALSE
3,"ntree=500; coCV=20; Frule=0.8","completed",0.82772810381011,0.868855702700634,0.0822551977810489,127.388,,FALSE,"clinical_fiams","Clinical FIA-MS","SPLIT10","REF_236","qc_rfsc","QC-RFSC",FALSE,FALSE,FALSE
4,"ntree=500; coCV=30; Frule=0.8","completed",0.942315949076605,0.977793905098932,0.0709559120446544,127.805,,FALSE,"clinical_fiams","Clinical FIA-MS","SPLIT10","REF_236","qc_rfsc","QC-RFSC",FALSE,FALSE,FALSE
1,"jitter_eps=0","completed",0.945165731154501,0.992519530546288,0.0947075987835753,1062.676,,FALSE,"clinical_fiams","Clinical FIA-MS","SPLIT10","REF_237","serrf","SERRF",FALSE,FALSE,FALSE
2,"jitter_eps=1e-06","completed",0.945193598675045,0.992554844825912,0.0947224923017339,1031.935,,TRUE,"clinical_fiams","Clinical FIA-MS","SPLIT10","REF_237","serrf","SERRF",FALSE,FALSE,FALSE
3,"jitter_eps=1e-05","completed",0.94518367059923,0.99253254683882,0.0946977524791787,1047.236,,FALSE,"clinical_fiams","Clinical FIA-MS","SPLIT10","REF_237","serrf","SERRF",FALSE,FALSE,FALSE
1,"par_prior=TRUE","completed",0.804691743800411,0.991050744724342,0.372718001847862,1.835,,TRUE,"batchcorr_set1","BatchCorr Set 1","SPLIT01","REF_242","combat","ComBat",FALSE,FALSE,FALSE
2,"par_prior=FALSE","completed",0.804661656968029,0.991384644591014,0.37344597524597,1.24,,FALSE,"batchcorr_set1","BatchCorr Set 1","SPLIT01","REF_242","combat","ComBat",FALSE,FALSE,FALSE
1,"dataset_specific_fixed; log1p subtractive per-batch LOESS; span=1; degree=1; log-scale batch shift; ID-preserving","completed",0.86756516853183,0.993520057666717,0.251909778269774,1.86,,TRUE,"batchcorr_set1","BatchCorr Set 1","SPLIT01","REF_243","qc_rlsc","QC-RLSC",FALSE,FALSE,FALSE
1,"ntree=200; coCV=20; Frule=0.8","completed",0.594721550849449,0.802097866470284,0.41475263124167,7.533,,FALSE,"batchcorr_set1","BatchCorr Set 1","SPLIT01","REF_244","qc_rfsc","QC-RFSC",FALSE,FALSE,FALSE
2,"ntree=500; coCV=20; Frule=0.8","completed",0.596440612708345,0.801986148449378,0.411091071482066,8.4,,FALSE,"batchcorr_set1","BatchCorr Set 1","SPLIT01","REF_244","qc_rfsc","QC-RFSC",FALSE,FALSE,FALSE
3,"ntree=200; coCV=30; Frule=0.8","completed",0.602872386373246,0.76685684796307,0.327968923179647,6.833,,FALSE,"batchcorr_set1","BatchCorr Set 1","SPLIT01","REF_244","qc_rfsc","QC-RFSC",FALSE,FALSE,FALSE
4,"ntree=500; coCV=30; Frule=0.8","completed",0.603004510815297,0.76685684796353,0.327704674296464,8.748,,TRUE,"batchcorr_set1","BatchCorr Set 1","SPLIT01","REF_244","qc_rfsc","QC-RFSC",FALSE,FALSE,FALSE
1,"jitter_eps=0","completed",0.793435847459925,0.990203071742304,0.393534448564758,149.64,,FALSE,"batchcorr_set1","BatchCorr Set 1","SPLIT01","REF_245","serrf","SERRF",FALSE,FALSE,FALSE
2,"jitter_eps=1e-06","completed",0.793435847459938,0.990203071742304,0.393534448564731,138.87,,FALSE,"batchcorr_set1","BatchCorr Set 1","SPLIT01","REF_245","serrf","SERRF",FALSE,FALSE,FALSE
3,"jitter_eps=1e-05","completed",0.793435847460057,0.990203071742304,0.393534448564494,138.756,,TRUE,"batchcorr_set1","BatchCorr Set 1","SPLIT01","REF_245","serrf","SERRF",FALSE,FALSE,FALSE
1,"par_prior=TRUE","completed",0.788047327666399,0.988972019902464,0.40184938447213,2.141,,FALSE,"batchcorr_set1","BatchCorr Set 1","SPLIT02","REF_250","combat","ComBat",FALSE,FALSE,FALSE
2,"par_prior=FALSE","completed",0.788210567022631,0.989467145726523,0.402513157407783,1.201,,TRUE,"batchcorr_set1","BatchCorr Set 1","SPLIT02","REF_250","combat","ComBat",FALSE,FALSE,FALSE
1,"dataset_specific_fixed; log1p subtractive per-batch LOESS; span=1; degree=1; log-scale batch shift; ID-preserving","completed",0.857105198218191,0.991097728163768,0.267985059891153,1.697,,TRUE,"batchcorr_set1","BatchCorr Set 1","SPLIT02","REF_251","qc_rlsc","QC-RLSC",FALSE,FALSE,FALSE
1,"ntree=200; coCV=20; Frule=0.8","completed",0.626596565226948,0.869357262005161,0.485521393556425,8.164,,TRUE,"batchcorr_set1","BatchCorr Set 1","SPLIT02","REF_252","qc_rfsc","QC-RFSC",FALSE,FALSE,FALSE
2,"ntree=500; coCV=20; Frule=0.8","completed",0.623643426968498,0.869249984169533,0.491213114402071,9.063,,FALSE,"batchcorr_set1","BatchCorr Set 1","SPLIT02","REF_252","qc_rfsc","QC-RFSC",FALSE,FALSE,FALSE
3,"ntree=200; coCV=30; Frule=0.8","completed",0.56332258096006,0.735839639883449,0.345034117846778,7.665,,FALSE,"batchcorr_set1","BatchCorr Set 1","SPLIT02","REF_252","qc_rfsc","QC-RFSC",FALSE,FALSE,FALSE
4,"ntree=500; coCV=30; Frule=0.8","completed",0.561095096070878,0.735735746061627,0.349281299981497,9.647,,FALSE,"batchcorr_set1","BatchCorr Set 1","SPLIT02","REF_252","qc_rfsc","QC-RFSC",FALSE,FALSE,FALSE
1,"jitter_eps=0","completed",0.769611313032302,0.988636288541653,0.438049951018702,120.391,,FALSE,"batchcorr_set1","BatchCorr Set 1","SPLIT02","REF_253","serrf","SERRF",FALSE,FALSE,FALSE
2,"jitter_eps=1e-06","completed",0.769611313032315,0.988636288541653,0.438049951018675,120.74,,FALSE,"batchcorr_set1","BatchCorr Set 1","SPLIT02","REF_253","serrf","SERRF",FALSE,FALSE,FALSE
3,"jitter_eps=1e-05","completed",0.769611313032435,0.988636288541653,0.438049951018436,121.469,,TRUE,"batchcorr_set1","BatchCorr Set 1","SPLIT02","REF_253","serrf","SERRF",FALSE,FALSE,FALSE
1,"par_prior=TRUE","completed",0.810250047815247,0.990298032618691,0.360095969606888,1.881,,FALSE,"batchcorr_set1","BatchCorr Set 1","SPLIT03","REF_258","combat","ComBat",FALSE,FALSE,FALSE
2,"par_prior=FALSE","completed",0.810554572166239,0.990626498908609,0.360143853484739,1.278,,TRUE,"batchcorr_set1","BatchCorr Set 1","SPLIT03","REF_258","combat","ComBat",FALSE,FALSE,FALSE
1,"dataset_specific_fixed; log1p subtractive per-batch LOESS; span=1; degree=1; log-scale batch shift; ID-preserving","completed",0.868752675918562,0.992572428294554,0.247639504751985,2.021,,TRUE,"batchcorr_set1","BatchCorr Set 1","SPLIT03","REF_259","qc_rlsc","QC-RLSC",FALSE,FALSE,FALSE
1,"ntree=200; coCV=20; Frule=0.8","completed",0.670973390959254,0.882639868945965,0.423332955973423,8.379,,TRUE,"batchcorr_set1","BatchCorr Set 1","SPLIT03","REF_260","qc_rfsc","QC-RFSC",FALSE,FALSE,FALSE
2,"ntree=500; coCV=20; Frule=0.8","completed",0.617028242806161,0.828587504762487,0.423118523912653,9.328,,FALSE,"batchcorr_set1","BatchCorr Set 1","SPLIT03","REF_260","qc_rfsc","QC-RFSC",FALSE,FALSE,FALSE
3,"ntree=200; coCV=30; Frule=0.8","completed",0.584054651565168,0.742433302570006,0.316757302009675,7.494,,FALSE,"batchcorr_set1","BatchCorr Set 1","SPLIT03","REF_260","qc_rfsc","QC-RFSC",FALSE,FALSE,FALSE
4,"ntree=500; coCV=30; Frule=0.8","completed",0.584233251916956,0.742433302570009,0.316400101306105,9.787,,FALSE,"batchcorr_set1","BatchCorr Set 1","SPLIT03","REF_260","qc_rfsc","QC-RFSC",FALSE,FALSE,FALSE
1,"jitter_eps=0","completed",0.802151420593734,0.990363575556244,0.37642430992502,118.125,,FALSE,"batchcorr_set1","BatchCorr Set 1","SPLIT03","REF_261","serrf","SERRF",FALSE,FALSE,FALSE
2,"jitter_eps=1e-06","completed",0.802151420593746,0.990363575556244,0.376424309924997,117.936,,FALSE,"batchcorr_set1","BatchCorr Set 1","SPLIT03","REF_261","serrf","SERRF",FALSE,FALSE,FALSE
3,"jitter_eps=1e-05","completed",0.80215142059385,0.990363575556244,0.376424309924789,112.973,,TRUE,"batchcorr_set1","BatchCorr Set 1","SPLIT03","REF_261","serrf","SERRF",FALSE,FALSE,FALSE
1,"par_prior=TRUE","completed",0.79574604634674,0.989475381467884,0.387458670242288,1.884,,TRUE,"batchcorr_set1","BatchCorr Set 1","SPLIT04","REF_266","combat","ComBat",FALSE,FALSE,FALSE
2,"par_prior=FALSE","completed",0.795457624106957,0.989747552486955,0.388579856759996,1.234,,FALSE,"batchcorr_set1","BatchCorr Set 1","SPLIT04","REF_266","combat","ComBat",FALSE,FALSE,FALSE
1,"dataset_specific_fixed; log1p subtractive per-batch LOESS; span=1; degree=1; log-scale batch shift; ID-preserving","completed",0.856499953175683,0.992012185295826,0.271024464240286,1.907,,TRUE,"batchcorr_set1","BatchCorr Set 1","SPLIT04","REF_267","qc_rlsc","QC-RLSC",FALSE,FALSE,FALSE
1,"ntree=200; coCV=20; Frule=0.8","completed",0.637100826022922,0.864108057522806,0.454014462999766,8.421,,FALSE,"batchcorr_set1","BatchCorr Set 1","SPLIT04","REF_268","qc_rfsc","QC-RFSC",FALSE,FALSE,FALSE
2,"ntree=500; coCV=20; Frule=0.8","completed",0.638722491576612,0.864072311126952,0.450699639100681,9.655,,TRUE,"batchcorr_set1","BatchCorr Set 1","SPLIT04","REF_268","qc_rfsc","QC-RFSC",FALSE,FALSE,FALSE
3,"ntree=200; coCV=30; Frule=0.8","completed",0.581592369712011,0.751419566084916,0.339654392745809,7.548,,FALSE,"batchcorr_set1","BatchCorr Set 1","SPLIT04","REF_268","qc_rfsc","QC-RFSC",FALSE,FALSE,FALSE
4,"ntree=500; coCV=30; Frule=0.8","completed",0.581392845386694,0.751342070786277,0.339898450799165,9.36,,FALSE,"batchcorr_set1","BatchCorr Set 1","SPLIT04","REF_268","qc_rfsc","QC-RFSC",FALSE,FALSE,FALSE
1,"jitter_eps=0","completed",0.783506399480682,0.989401995046617,0.411791191131869,112.202,,FALSE,"batchcorr_set1","BatchCorr Set 1","SPLIT04","REF_269","serrf","SERRF",FALSE,FALSE,FALSE
2,"jitter_eps=1e-06","completed",0.783506399480695,0.989401995046617,0.411791191131843,111.884,,FALSE,"batchcorr_set1","BatchCorr Set 1","SPLIT04","REF_269","serrf","SERRF",FALSE,FALSE,FALSE
3,"jitter_eps=1e-05","completed",0.783506399480812,0.989401995046617,0.411791191131609,111.785,,TRUE,"batchcorr_set1","BatchCorr Set 1","SPLIT04","REF_269","serrf","SERRF",FALSE,FALSE,FALSE
1,"par_prior=TRUE","completed",0.80654183076543,0.990462739105534,0.367841816680208,1.769,,FALSE,"batchcorr_set1","BatchCorr Set 1","SPLIT05","REF_274","combat","ComBat",FALSE,FALSE,FALSE
2,"par_prior=FALSE","completed",0.806931257023118,0.990853425562856,0.367844337079476,1.134,,TRUE,"batchcorr_set1","BatchCorr Set 1","SPLIT05","REF_274","combat","ComBat",FALSE,FALSE,FALSE
1,"dataset_specific_fixed; log1p subtractive per-batch LOESS; span=1; degree=1; log-scale batch shift; ID-preserving","completed",0.86400682023203,0.992476513082734,0.256939385701409,1.741,,TRUE,"batchcorr_set1","BatchCorr Set 1","SPLIT05","REF_275","qc_rlsc","QC-RLSC",FALSE,FALSE,FALSE
1,"ntree=200; coCV=20; Frule=0.8","completed",0.607304041282988,0.825155417597708,0.435702752629439,7.694,,FALSE,"batchcorr_set1","BatchCorr Set 1","SPLIT05","REF_276","qc_rfsc","QC-RFSC",FALSE,FALSE,FALSE
2,"ntree=500; coCV=20; Frule=0.8","completed",0.608744775057255,0.825277679751173,0.433065809387837,8.606,,TRUE,"batchcorr_set1","BatchCorr Set 1","SPLIT05","REF_276","qc_rfsc","QC-RFSC",FALSE,FALSE,FALSE
3,"ntree=200; coCV=30; Frule=0.8","completed",0.593086753864625,0.753872963720505,0.321572419711762,7.083,,FALSE,"batchcorr_set1","BatchCorr Set 1","SPLIT05","REF_276","qc_rfsc","QC-RFSC",FALSE,FALSE,FALSE
4,"ntree=500; coCV=30; Frule=0.8","completed",0.590405546625296,0.753827139532658,0.326843185814724,9.24,,FALSE,"batchcorr_set1","BatchCorr Set 1","SPLIT05","REF_276","qc_rfsc","QC-RFSC",FALSE,FALSE,FALSE
1,"jitter_eps=0","completed",0.796370032913865,0.990127215780683,0.387514365733636,127.434,,FALSE,"batchcorr_set1","BatchCorr Set 1","SPLIT05","REF_277","serrf","SERRF",FALSE,FALSE,FALSE
2,"jitter_eps=1e-06","completed",0.796370032913877,0.990127215780683,0.387514365733613,122.498,,FALSE,"batchcorr_set1","BatchCorr Set 1","SPLIT05","REF_277","serrf","SERRF",FALSE,FALSE,FALSE
3,"jitter_eps=1e-05","completed",0.796370032913983,0.990127215780683,0.387514365733401,121.76,,TRUE,"batchcorr_set1","BatchCorr Set 1","SPLIT05","REF_277","serrf","SERRF",FALSE,FALSE,FALSE
1,"par_prior=TRUE","completed",0.797797742868412,0.990680114103951,0.385764742471078,1.55,,TRUE,"batchcorr_set1","BatchCorr Set 1","SPLIT06","REF_282","combat","ComBat",FALSE,FALSE,FALSE
2,"par_prior=FALSE","completed",0.797482487960466,0.990992428476364,0.387019881031796,1.013,,FALSE,"batchcorr_set1","BatchCorr Set 1","SPLIT06","REF_282","combat","ComBat",FALSE,FALSE,FALSE
1,"dataset_specific_fixed; log1p subtractive per-batch LOESS; span=1; degree=1; log-scale batch shift; ID-preserving","completed",0.86790270477562,0.993628480247574,0.251451550943907,1.813,,TRUE,"batchcorr_set1","BatchCorr Set 1","SPLIT06","REF_283","qc_rlsc","QC-RLSC",FALSE,FALSE,FALSE
1,"ntree=200; coCV=20; Frule=0.8","completed",0.568620187336201,0.789652644426284,0.442064914180165,7.775,,FALSE,"batchcorr_set1","BatchCorr Set 1","SPLIT06","REF_284","qc_rfsc","QC-RFSC",FALSE,FALSE,FALSE
2,"ntree=500; coCV=20; Frule=0.8","completed",0.571832663347228,0.789665121097019,0.435664915499583,8.307,,FALSE,"batchcorr_set1","BatchCorr Set 1","SPLIT06","REF_284","qc_rfsc","QC-RFSC",FALSE,FALSE,FALSE
3,"ntree=200; coCV=30; Frule=0.8","completed",0.579840350536536,0.746637397793902,0.33359409451473,7.312,,FALSE,"batchcorr_set1","BatchCorr Set 1","SPLIT06","REF_284","qc_rfsc","QC-RFSC",FALSE,FALSE,FALSE
4,"ntree=500; coCV=30; Frule=0.8","completed",0.581287054335478,0.746661011149086,0.330747913627215,8.509,,TRUE,"batchcorr_set1","BatchCorr Set 1","SPLIT06","REF_284","qc_rfsc","QC-RFSC",FALSE,FALSE,FALSE
1,"jitter_eps=0","completed",0.778608289786675,0.990179545548182,0.423142511523016,115.732,,FALSE,"batchcorr_set1","BatchCorr Set 1","SPLIT06","REF_285","serrf","SERRF",FALSE,FALSE,FALSE
2,"jitter_eps=1e-06","completed",0.778608289786688,0.990179545548183,0.423142511522989,114.14,,FALSE,"batchcorr_set1","BatchCorr Set 1","SPLIT06","REF_285","serrf","SERRF",FALSE,FALSE,FALSE
3,"jitter_eps=1e-05","completed",0.778608289786809,0.990179545548183,0.423142511522747,112.202,,TRUE,"batchcorr_set1","BatchCorr Set 1","SPLIT06","REF_285","serrf","SERRF",FALSE,FALSE,FALSE
1,"par_prior=TRUE","completed",0.82122888390851,0.992255858209266,0.34205394860151,1.678,,FALSE,"batchcorr_set1","BatchCorr Set 1","SPLIT07","REF_290","combat","ComBat",FALSE,FALSE,FALSE
2,"par_prior=FALSE","completed",0.82149423024317,0.992496490530732,0.342004520575124,1.118,,TRUE,"batchcorr_set1","BatchCorr Set 1","SPLIT07","REF_290","combat","ComBat",FALSE,FALSE,FALSE
1,"dataset_specific_fixed; log1p subtractive per-batch LOESS; span=1; degree=1; log-scale batch shift; ID-preserving","completed",0.884249788181006,0.994936639980004,0.221373703597997,1.828,,TRUE,"batchcorr_set1","BatchCorr Set 1","SPLIT07","REF_291","qc_rlsc","QC-RLSC",FALSE,FALSE,FALSE
1,"ntree=200; coCV=20; Frule=0.8","completed",0.602989915820875,0.798913499886647,0.391847168131544,7.795,,FALSE,"batchcorr_set1","BatchCorr Set 1","SPLIT07","REF_292","qc_rfsc","QC-RFSC",FALSE,FALSE,FALSE
2,"ntree=500; coCV=20; Frule=0.8","completed",0.60303746746634,0.79891349988682,0.391752064840961,8.677,,FALSE,"batchcorr_set1","BatchCorr Set 1","SPLIT07","REF_292","qc_rfsc","QC-RFSC",FALSE,FALSE,FALSE
3,"ntree=200; coCV=30; Frule=0.8","completed",0.620128134472688,0.766206534186223,0.292156799427071,7.023,,FALSE,"batchcorr_set1","BatchCorr Set 1","SPLIT07","REF_292","qc_rfsc","QC-RFSC",FALSE,FALSE,FALSE
4,"ntree=500; coCV=30; Frule=0.8","completed",0.620612499098945,0.766325691593367,0.291426384988844,8.753,,TRUE,"batchcorr_set1","BatchCorr Set 1","SPLIT07","REF_292","qc_rfsc","QC-RFSC",FALSE,FALSE,FALSE
1,"jitter_eps=0","completed",0.812549365557367,0.991437187910383,0.357775644706032,118.056,,FALSE,"batchcorr_set1","BatchCorr Set 1","SPLIT07","REF_293","serrf","SERRF",FALSE,FALSE,FALSE
2,"jitter_eps=1e-06","completed",0.812549365557378,0.991437187910383,0.35777564470601,119.569,,FALSE,"batchcorr_set1","BatchCorr Set 1","SPLIT07","REF_293","serrf","SERRF",FALSE,FALSE,FALSE
3,"jitter_eps=1e-05","completed",0.812549365557481,0.991437187910383,0.357775644705805,121.73,,TRUE,"batchcorr_set1","BatchCorr Set 1","SPLIT07","REF_293","serrf","SERRF",FALSE,FALSE,FALSE
1,"par_prior=TRUE","completed",0.788158851664145,0.989120087759821,0.401922472191354,1.841,,TRUE,"batchcorr_set1","BatchCorr Set 1","SPLIT08","REF_298","combat","ComBat",FALSE,FALSE,FALSE
2,"par_prior=FALSE","completed",0.788022808934783,0.98950152185787,0.402957425846174,1.24,,FALSE,"batchcorr_set1","BatchCorr Set 1","SPLIT08","REF_298","combat","ComBat",FALSE,FALSE,FALSE
1,"dataset_specific_fixed; log1p subtractive per-batch LOESS; span=1; degree=1; log-scale batch shift; ID-preserving","completed",0.854403203260254,0.991456845763964,0.274107285007421,2.766,,TRUE,"batchcorr_set1","BatchCorr Set 1","SPLIT08","REF_299","qc_rlsc","QC-RLSC",FALSE,FALSE,FALSE
1,"ntree=200; coCV=20; Frule=0.8","completed",0.613015185351993,0.864718610370221,0.503406850036457,12.508,,FALSE,"batchcorr_set1","BatchCorr Set 1","SPLIT08","REF_300","qc_rfsc","QC-RFSC",FALSE,FALSE,FALSE
2,"ntree=500; coCV=20; Frule=0.8","completed",0.613236977646697,0.864675754252217,0.502877553211041,12.733,,TRUE,"batchcorr_set1","BatchCorr Set 1","SPLIT08","REF_300","qc_rfsc","QC-RFSC",FALSE,FALSE,FALSE
3,"ntree=200; coCV=30; Frule=0.8","completed",0.560298694914268,0.74298081155085,0.365364233273164,10.441,,FALSE,"batchcorr_set1","BatchCorr Set 1","SPLIT08","REF_300","qc_rfsc","QC-RFSC",FALSE,FALSE,FALSE
4,"ntree=500; coCV=30; Frule=0.8","completed",0.560344908455344,0.742980811550969,0.365271806191248,13.298,,FALSE,"batchcorr_set1","BatchCorr Set 1","SPLIT08","REF_300","qc_rfsc","QC-RFSC",FALSE,FALSE,FALSE
1,"jitter_eps=0","completed",0.769572172616452,0.989022221498817,0.43890009776473,108.195,,FALSE,"batchcorr_set1","BatchCorr Set 1","SPLIT08","REF_301","serrf","SERRF",FALSE,FALSE,FALSE
2,"jitter_eps=1e-06","completed",0.769572172616466,0.989022221498817,0.438900097764703,107.545,,FALSE,"batchcorr_set1","BatchCorr Set 1","SPLIT08","REF_301","serrf","SERRF",FALSE,FALSE,FALSE
3,"jitter_eps=1e-05","completed",0.769572172616588,0.989022221498817,0.43890009776446,107.915,,TRUE,"batchcorr_set1","BatchCorr Set 1","SPLIT08","REF_301","serrf","SERRF",FALSE,FALSE,FALSE
1,"par_prior=TRUE","completed",0.806016646070543,0.990987867366316,0.369942442591545,1.579,,TRUE,"batchcorr_set1","BatchCorr Set 1","SPLIT09","REF_306","combat","ComBat",FALSE,FALSE,FALSE
2,"par_prior=FALSE","completed",0.805735820660652,0.991276457554768,0.371081273788232,1.047,,FALSE,"batchcorr_set1","BatchCorr Set 1","SPLIT09","REF_306","combat","ComBat",FALSE,FALSE,FALSE
1,"dataset_specific_fixed; log1p subtractive per-batch LOESS; span=1; degree=1; log-scale batch shift; ID-preserving","completed",0.867756682413027,0.993651975260427,0.251790585694799,1.696,,TRUE,"batchcorr_set1","BatchCorr Set 1","SPLIT09","REF_307","qc_rlsc","QC-RLSC",FALSE,FALSE,FALSE
1,"ntree=200; coCV=20; Frule=0.8","completed",0.594510953171462,0.798651909226681,0.408281912110438,7.295,,FALSE,"batchcorr_set1","BatchCorr Set 1","SPLIT09","REF_308","qc_rfsc","QC-RFSC",FALSE,FALSE,FALSE
2,"ntree=500; coCV=20; Frule=0.8","completed",0.59736109067471,0.799898653316145,0.40507512528287,8.201,,FALSE,"batchcorr_set1","BatchCorr Set 1","SPLIT09","REF_308","qc_rfsc","QC-RFSC",FALSE,FALSE,FALSE
3,"ntree=200; coCV=30; Frule=0.8","completed",0.596602950094507,0.756579227773173,0.319952555357332,6.799,,FALSE,"batchcorr_set1","BatchCorr Set 1","SPLIT09","REF_308","qc_rfsc","QC-RFSC",FALSE,FALSE,FALSE
4,"ntree=500; coCV=30; Frule=0.8","completed",0.598117599862309,0.756602827754909,0.316970455785201,8.684,,TRUE,"batchcorr_set1","BatchCorr Set 1","SPLIT09","REF_308","qc_rfsc","QC-RFSC",FALSE,FALSE,FALSE
1,"jitter_eps=0","completed",0.795364884619606,0.990434934346067,0.390140099452922,110.662,,FALSE,"batchcorr_set1","BatchCorr Set 1","SPLIT09","REF_309","serrf","SERRF",FALSE,FALSE,FALSE
2,"jitter_eps=1e-06","completed",0.795364884619619,0.990434934346067,0.390140099452896,109.35,,FALSE,"batchcorr_set1","BatchCorr Set 1","SPLIT09","REF_309","serrf","SERRF",FALSE,FALSE,FALSE
3,"jitter_eps=1e-05","completed",0.795364884619736,0.990434934346067,0.390140099452662,110.557,,TRUE,"batchcorr_set1","BatchCorr Set 1","SPLIT09","REF_309","serrf","SERRF",FALSE,FALSE,FALSE
1,"par_prior=TRUE","completed",0.811088086967508,0.992085723704894,0.361995273474772,2.181,,TRUE,"batchcorr_set1","BatchCorr Set 1","SPLIT10","REF_314","combat","ComBat",FALSE,FALSE,FALSE
2,"par_prior=FALSE","completed",0.810844889869871,0.992242885154736,0.36279599056973,1.241,,FALSE,"batchcorr_set1","BatchCorr Set 1","SPLIT10","REF_314","combat","ComBat",FALSE,FALSE,FALSE
1,"dataset_specific_fixed; log1p subtractive per-batch LOESS; span=1; degree=1; log-scale batch shift; ID-preserving","completed",0.882066669525435,0.995121309319134,0.226109279587398,1.986,,TRUE,"batchcorr_set1","BatchCorr Set 1","SPLIT10","REF_315","qc_rlsc","QC-RLSC",FALSE,FALSE,FALSE
1,"ntree=200; coCV=20; Frule=0.8","completed",0.575416494897761,0.792175169973928,0.433517350152335,7.616,,FALSE,"batchcorr_set1","BatchCorr Set 1","SPLIT10","REF_316","qc_rfsc","QC-RFSC",FALSE,FALSE,FALSE
2,"ntree=500; coCV=20; Frule=0.8","completed",0.578174729930786,0.793401453336939,0.430453446812306,8.537,,FALSE,"batchcorr_set1","BatchCorr Set 1","SPLIT10","REF_316","qc_rfsc","QC-RFSC",FALSE,FALSE,FALSE
3,"ntree=200; coCV=30; Frule=0.8","completed",0.606571181257124,0.76741493999835,0.321687517482451,7.116,,TRUE,"batchcorr_set1","BatchCorr Set 1","SPLIT10","REF_316","qc_rfsc","QC-RFSC",FALSE,FALSE,FALSE
4,"ntree=500; coCV=30; Frule=0.8","completed",0.605314087898468,0.767393215042255,0.324158254287573,9.246,,FALSE,"batchcorr_set1","BatchCorr Set 1","SPLIT10","REF_316","qc_rfsc","QC-RFSC",FALSE,FALSE,FALSE
1,"jitter_eps=0","completed",0.793169138359416,0.991314191493224,0.396290106267616,113.368,,FALSE,"batchcorr_set1","BatchCorr Set 1","SPLIT10","REF_317","serrf","SERRF",FALSE,FALSE,FALSE
2,"jitter_eps=1e-06","completed",0.793169138359428,0.991314191493224,0.396290106267591,112.89,,FALSE,"batchcorr_set1","BatchCorr Set 1","SPLIT10","REF_317","serrf","SERRF",FALSE,FALSE,FALSE
3,"jitter_eps=1e-05","completed",0.79316913835954,0.991314191493224,0.396290106267369,113.171,,TRUE,"batchcorr_set1","BatchCorr Set 1","SPLIT10","REF_317","serrf","SERRF",FALSE,FALSE,FALSE
1,"par_prior=TRUE (fixed published/default setting)","completed",0.838292841770193,0.989353517471561,0.302121351402736,1.853,,TRUE,"sacurine","Sacurine","SPLIT01","REF_322","combat","ComBat",FALSE,FALSE,FALSE
1,"span=0.3","completed",0.524414788570548,0.982836015536597,0.916842453932099,0.986999999999998,,FALSE,"sacurine","Sacurine","SPLIT01","REF_323","qc_rlsc","QC-RLSC",FALSE,FALSE,FALSE
2,"span=0.5","completed",0.954056843213893,0.999162986778306,0.090212287128825,0.667000000000002,,TRUE,"sacurine","Sacurine","SPLIT01","REF_323","qc_rlsc","QC-RLSC",FALSE,FALSE,FALSE
3,"span=0.7","completed",0.949570195018174,0.99897495534305,0.0988095206497527,0.625,,FALSE,"sacurine","Sacurine","SPLIT01","REF_323","qc_rlsc","QC-RLSC",FALSE,FALSE,FALSE
4,"span=0.9","completed",0.944037173952684,0.998723861424719,0.109373374944071,0.672999999999998,,FALSE,"sacurine","Sacurine","SPLIT01","REF_323","qc_rlsc","QC-RLSC",FALSE,FALSE,FALSE
1,"ntree=200; coCV=20; Frule=0.8","completed",0.838112363195965,0.926451688774093,0.176678651156255,1.741,,FALSE,"sacurine","Sacurine","SPLIT01","REF_324","qc_rfsc","QC-RFSC",FALSE,FALSE,FALSE
2,"ntree=500; coCV=20; Frule=0.8","completed",0.783243170073829,0.870952891284322,0.175419442420987,2.481,,FALSE,"sacurine","Sacurine","SPLIT01","REF_324","qc_rfsc","QC-RFSC",FALSE,FALSE,FALSE
3,"ntree=200; coCV=30; Frule=0.8","completed",0.913378363265284,0.993520240400315,0.160283754270064,1.51,,TRUE,"sacurine","Sacurine","SPLIT01","REF_324","qc_rfsc","QC-RFSC",FALSE,FALSE,FALSE
4,"ntree=500; coCV=30; Frule=0.8","completed",0.913275720323779,0.99352024032522,0.160489040002882,2.046,,FALSE,"sacurine","Sacurine","SPLIT01","REF_324","qc_rfsc","QC-RFSC",FALSE,FALSE,FALSE
1,"jitter_eps=0","completed",0.895137930501084,0.994350741661206,0.198425622320244,15.622,,FALSE,"sacurine","Sacurine","SPLIT01","REF_325","serrf","SERRF",FALSE,FALSE,FALSE
2,"jitter_eps=1e-06","completed",0.895177391221365,0.994383586863554,0.198412391284379,15.18,,TRUE,"sacurine","Sacurine","SPLIT01","REF_325","serrf","SERRF",FALSE,FALSE,FALSE
3,"jitter_eps=1e-05","completed",0.895085172338036,0.994327991420198,0.198485638164323,15.693,,FALSE,"sacurine","Sacurine","SPLIT01","REF_325","serrf","SERRF",FALSE,FALSE,FALSE
1,"par_prior=TRUE (fixed published/default setting)","completed",0.823772445223295,0.990067854034564,0.332590817622538,1.452,,TRUE,"sacurine","Sacurine","SPLIT02","REF_330","combat","ComBat",FALSE,FALSE,FALSE
1,"span=0.3","completed",0.523273257529974,0.981639352808124,0.9167321905563,0.449,,FALSE,"sacurine","Sacurine","SPLIT02","REF_331","qc_rlsc","QC-RLSC",FALSE,FALSE,FALSE
2,"span=0.5","completed",0.949734460096211,0.998873435990826,0.098277951789231,0.209,,TRUE,"sacurine","Sacurine","SPLIT02","REF_331","qc_rlsc","QC-RLSC",FALSE,FALSE,FALSE
3,"span=0.7","completed",0.944572560846627,0.998463924197828,0.107782726702403,0.210999999999999,,FALSE,"sacurine","Sacurine","SPLIT02","REF_331","qc_rlsc","QC-RLSC",FALSE,FALSE,FALSE
4,"span=0.9","completed",0.936636728261388,0.997904351811873,0.122535247100972,0.204000000000001,,FALSE,"sacurine","Sacurine","SPLIT02","REF_331","qc_rlsc","QC-RLSC",FALSE,FALSE,FALSE
1,"ntree=200; coCV=20; Frule=0.8","completed",0.835322947723611,0.925870878692078,0.181095861936936,1.469,,FALSE,"sacurine","Sacurine","SPLIT02","REF_332","qc_rfsc","QC-RFSC",FALSE,FALSE,FALSE
2,"ntree=500; coCV=20; Frule=0.8","completed",0.787410993285734,0.877288528632246,0.179755070693024,2.028,,FALSE,"sacurine","Sacurine","SPLIT02","REF_332","qc_rfsc","QC-RFSC",FALSE,FALSE,FALSE
3,"ntree=200; coCV=30; Frule=0.8","completed",0.911319522721897,0.993562945257585,0.164486845071375,1.261,,TRUE,"sacurine","Sacurine","SPLIT02","REF_332","qc_rfsc","QC-RFSC",FALSE,FALSE,FALSE
4,"ntree=500; coCV=30; Frule=0.8","completed",0.911236812318859,0.993562945332769,0.16465226602782,1.667,,FALSE,"sacurine","Sacurine","SPLIT02","REF_332","qc_rfsc","QC-RFSC",FALSE,FALSE,FALSE
1,"jitter_eps=0","completed",0.896457009575131,0.997201604680279,0.201489190210297,15.318,,FALSE,"sacurine","Sacurine","SPLIT02","REF_333","serrf","SERRF",FALSE,FALSE,FALSE
2,"jitter_eps=1e-06","completed",0.896477448674273,0.99719864448302,0.201442391617494,14.957,,TRUE,"sacurine","Sacurine","SPLIT02","REF_333","serrf","SERRF",FALSE,FALSE,FALSE
3,"jitter_eps=1e-05","completed",0.896443915499166,0.99721378075644,0.201539730514549,15.262,,FALSE,"sacurine","Sacurine","SPLIT02","REF_333","serrf","SERRF",FALSE,FALSE,FALSE
1,"par_prior=TRUE (fixed published/default setting)","completed",0.842167633706716,0.991000463311229,0.297665659209028,1.742,,TRUE,"sacurine","Sacurine","SPLIT03","REF_338","combat","ComBat",FALSE,FALSE,FALSE
1,"span=0.3","completed",0.524342856283802,0.982664957615482,0.916644202663359,0.446,,FALSE,"sacurine","Sacurine","SPLIT03","REF_339","qc_rlsc","QC-RLSC",FALSE,FALSE,FALSE
2,"span=0.5","completed",0.958840641702431,0.999478940533406,0.0812765976619492,0.213,,TRUE,"sacurine","Sacurine","SPLIT03","REF_339","qc_rlsc","QC-RLSC",FALSE,FALSE,FALSE
3,"span=0.7","completed",0.952260663693809,0.99931534022322,0.094109353058822,0.22,,FALSE,"sacurine","Sacurine","SPLIT03","REF_339","qc_rlsc","QC-RLSC",FALSE,FALSE,FALSE
4,"span=0.9","completed",0.945514048994198,0.999073296117037,0.10711849424568,0.202,,FALSE,"sacurine","Sacurine","SPLIT03","REF_339","qc_rlsc","QC-RLSC",FALSE,FALSE,FALSE
1,"ntree=200; coCV=20; Frule=0.8","completed",0.83891150330578,0.928340388734421,0.178857770857282,1.555,,FALSE,"sacurine","Sacurine","SPLIT03","REF_340","qc_rfsc","QC-RFSC",FALSE,FALSE,FALSE
2,"ntree=500; coCV=20; Frule=0.8","completed",0.77997833550034,0.868810483059734,0.177664295118789,2.148,,FALSE,"sacurine","Sacurine","SPLIT03","REF_340","qc_rfsc","QC-RFSC",FALSE,FALSE,FALSE
3,"ntree=200; coCV=30; Frule=0.8","completed",0.911656544179254,0.993503728188249,0.16369436801799,1.351,,TRUE,"sacurine","Sacurine","SPLIT03","REF_340","qc_rfsc","QC-RFSC",FALSE,FALSE,FALSE
4,"ntree=500; coCV=30; Frule=0.8","completed",0.911601391080228,0.993503728267413,0.16380467437437,1.768,,FALSE,"sacurine","Sacurine","SPLIT03","REF_340","qc_rfsc","QC-RFSC",FALSE,FALSE,FALSE
1,"jitter_eps=0","completed",0.894854218585635,0.995562903840637,0.201417370510004,13.803,,FALSE,"sacurine","Sacurine","SPLIT03","REF_341","serrf","SERRF",FALSE,FALSE,FALSE
2,"jitter_eps=1e-06","completed",0.894791010485083,0.995527715082207,0.201473409194249,13.379,,FALSE,"sacurine","Sacurine","SPLIT03","REF_341","serrf","SERRF",FALSE,FALSE,FALSE
3,"jitter_eps=1e-05","completed",0.894861353043099,0.995540349016029,0.201357991945859,13.995,,TRUE,"sacurine","Sacurine","SPLIT03","REF_341","serrf","SERRF",FALSE,FALSE,FALSE
1,"par_prior=TRUE (fixed published/default setting)","completed",0.83341994749004,0.990369594504982,0.313899294029884,1.522,,TRUE,"sacurine","Sacurine","SPLIT04","REF_346","combat","ComBat",FALSE,FALSE,FALSE
1,"span=0.3","completed",0.525395799767892,0.983615515498058,0.916439431460332,0.594999999999999,,FALSE,"sacurine","Sacurine","SPLIT04","REF_347","qc_rlsc","QC-RLSC",FALSE,FALSE,FALSE
2,"span=0.5","completed",0.950868488519627,0.999048486145264,0.0963599952512743,0.348000000000001,,TRUE,"sacurine","Sacurine","SPLIT04","REF_347","qc_rlsc","QC-RLSC",FALSE,FALSE,FALSE
3,"span=0.7","completed",0.943321575556054,0.998592434521362,0.110541717930615,0.335000000000001,,FALSE,"sacurine","Sacurine","SPLIT04","REF_347","qc_rlsc","QC-RLSC",FALSE,FALSE,FALSE
4,"span=0.9","completed",0.937907909945535,0.998370305682025,0.12092479147298,0.325000000000001,,FALSE,"sacurine","Sacurine","SPLIT04","REF_347","qc_rlsc","QC-RLSC",FALSE,FALSE,FALSE
1,"ntree=200; coCV=20; Frule=0.8","completed",0.836450681086197,0.927320159592275,0.181738957012155,2.176,,FALSE,"sacurine","Sacurine","SPLIT04","REF_348","qc_rfsc","QC-RFSC",FALSE,FALSE,FALSE
2,"ntree=500; coCV=20; Frule=0.8","completed",0.784795594709851,0.875095650476554,0.180600111533405,3.87,,FALSE,"sacurine","Sacurine","SPLIT04","REF_348","qc_rfsc","QC-RFSC",FALSE,FALSE,FALSE
3,"ntree=200; coCV=30; Frule=0.8","completed",0.909815393192453,0.993118944023833,0.166607101662761,1.914,,TRUE,"sacurine","Sacurine","SPLIT04","REF_348","qc_rfsc","QC-RFSC",FALSE,FALSE,FALSE
4,"ntree=500; coCV=30; Frule=0.8","completed",0.90970030956078,0.993118943916907,0.166837268712254,2.715,,FALSE,"sacurine","Sacurine","SPLIT04","REF_348","qc_rfsc","QC-RFSC",FALSE,FALSE,FALSE
1,"jitter_eps=0","completed",0.902198118192631,0.996162624429251,0.18792901247324,12.663,,FALSE,"sacurine","Sacurine","SPLIT04","REF_349","serrf","SERRF",FALSE,FALSE,FALSE
2,"jitter_eps=1e-06","completed",0.902217344706166,0.996203048351795,0.187971407291258,12.401,,TRUE,"sacurine","Sacurine","SPLIT04","REF_349","serrf","SERRF",FALSE,FALSE,FALSE
3,"jitter_eps=1e-05","completed",0.902183031356744,0.996166108960208,0.187966155206928,12.615,,FALSE,"sacurine","Sacurine","SPLIT04","REF_349","serrf","SERRF",FALSE,FALSE,FALSE
1,"par_prior=TRUE (fixed published/default setting)","completed",0.834302784287544,0.990254009518936,0.311902450462783,1.808,,TRUE,"sacurine","Sacurine","SPLIT05","REF_354","combat","ComBat",FALSE,FALSE,FALSE
1,"span=0.3","completed",0.524238574406455,0.982793337310179,0.917109525807449,0.466,,FALSE,"sacurine","Sacurine","SPLIT05","REF_355","qc_rlsc","QC-RLSC",FALSE,FALSE,FALSE
2,"span=0.5","completed",0.948970888945822,0.998600200063186,0.099258622234728,0.258,,TRUE,"sacurine","Sacurine","SPLIT05","REF_355","qc_rlsc","QC-RLSC",FALSE,FALSE,FALSE
3,"span=0.7","completed",0.941286785898721,0.9981684254562,0.113763279114958,0.233000000000001,,FALSE,"sacurine","Sacurine","SPLIT05","REF_355","qc_rlsc","QC-RLSC",FALSE,FALSE,FALSE
4,"span=0.9","completed",0.934985156902888,0.997841905055842,0.125713496305909,0.238,,FALSE,"sacurine","Sacurine","SPLIT05","REF_355","qc_rlsc","QC-RLSC",FALSE,FALSE,FALSE
1,"ntree=200; coCV=20; Frule=0.8","completed",0.836294816461688,0.92602612313887,0.179462613354365,1.52,,FALSE,"sacurine","Sacurine","SPLIT05","REF_356","qc_rfsc","QC-RFSC",FALSE,FALSE,FALSE
2,"ntree=500; coCV=20; Frule=0.8","completed",0.781035277352986,0.870308902654899,0.178547250603826,2.157,,FALSE,"sacurine","Sacurine","SPLIT05","REF_356","qc_rfsc","QC-RFSC",FALSE,FALSE,FALSE
3,"ntree=200; coCV=30; Frule=0.8","completed",0.913845528229064,0.995726884611873,0.163762712765618,1.344,,TRUE,"sacurine","Sacurine","SPLIT05","REF_356","qc_rfsc","QC-RFSC",FALSE,FALSE,FALSE
4,"ntree=500; coCV=30; Frule=0.8","completed",0.913691030935616,0.995726884347944,0.164071706824655,1.79,,FALSE,"sacurine","Sacurine","SPLIT05","REF_356","qc_rfsc","QC-RFSC",FALSE,FALSE,FALSE
1,"jitter_eps=0","completed",0.89918810258592,0.996251947990142,0.194127690808445,12.099,,TRUE,"sacurine","Sacurine","SPLIT05","REF_357","serrf","SERRF",FALSE,FALSE,FALSE
2,"jitter_eps=1e-06","completed",0.899170405254406,0.996240311901083,0.194139813293353,11.829,,FALSE,"sacurine","Sacurine","SPLIT05","REF_357","serrf","SERRF",FALSE,FALSE,FALSE
3,"jitter_eps=1e-05","completed",0.899173293202366,0.996248418261328,0.194150250117924,12.065,,FALSE,"sacurine","Sacurine","SPLIT05","REF_357","serrf","SERRF",FALSE,FALSE,FALSE
1,"par_prior=TRUE (fixed published/default setting)","completed",0.820432534683,0.991220083738454,0.341575098110909,1.447,,TRUE,"sacurine","Sacurine","SPLIT06","REF_362","combat","ComBat",FALSE,FALSE,FALSE
1,"span=0.3","completed",0.52145789549001,0.980210924519664,0.917506058059308,0.468,,FALSE,"sacurine","Sacurine","SPLIT06","REF_363","qc_rlsc","QC-RLSC",FALSE,FALSE,FALSE
2,"span=0.5","completed",0.948836078342498,0.998899276320743,0.100126395956491,0.222,,TRUE,"sacurine","Sacurine","SPLIT06","REF_363","qc_rlsc","QC-RLSC",FALSE,FALSE,FALSE
3,"span=0.7","completed",0.944987390411956,0.998723090017495,0.107471399211078,0.204000000000001,,FALSE,"sacurine","Sacurine","SPLIT06","REF_363","qc_rlsc","QC-RLSC",FALSE,FALSE,FALSE
4,"span=0.9","completed",0.936221046328095,0.998124544870212,0.123806997084233,0.201,,FALSE,"sacurine","Sacurine","SPLIT06","REF_363","qc_rlsc","QC-RLSC",FALSE,FALSE,FALSE
1,"ntree=200; coCV=20; Frule=0.8","completed",0.835784385499292,0.925850367884122,0.180131964769659,1.502,,FALSE,"sacurine","Sacurine","SPLIT06","REF_364","qc_rfsc","QC-RFSC",FALSE,FALSE,FALSE
2,"ntree=500; coCV=20; Frule=0.8","completed",0.783351160010123,0.872831300143544,0.178960280266841,2.2,,FALSE,"sacurine","Sacurine","SPLIT06","REF_364","qc_rfsc","QC-RFSC",FALSE,FALSE,FALSE
3,"ntree=200; coCV=30; Frule=0.8","completed",0.910940258636179,0.993711127313567,0.165541737354776,1.324,,FALSE,"sacurine","Sacurine","SPLIT06","REF_364","qc_rfsc","QC-RFSC",FALSE,FALSE,FALSE
4,"ntree=500; coCV=30; Frule=0.8","completed",0.910950722529244,0.993711127419317,0.165520809780145,1.753,,TRUE,"sacurine","Sacurine","SPLIT06","REF_364","qc_rfsc","QC-RFSC",FALSE,FALSE,FALSE
1,"jitter_eps=0","completed",0.88700394785837,0.9943950621301,0.21478222854346,13.779,,TRUE,"sacurine","Sacurine","SPLIT06","REF_365","serrf","SERRF",FALSE,FALSE,FALSE
2,"jitter_eps=1e-06","completed",0.886985662853141,0.994383921272632,0.214796516838983,13.429,,FALSE,"sacurine","Sacurine","SPLIT06","REF_365","serrf","SERRF",FALSE,FALSE,FALSE
3,"jitter_eps=1e-05","completed",0.88691941415202,0.994353388625044,0.214867948946048,13.67,,FALSE,"sacurine","Sacurine","SPLIT06","REF_365","serrf","SERRF",FALSE,FALSE,FALSE
1,"par_prior=TRUE (fixed published/default setting)","completed",0.836306342253957,0.990379232566488,0.308145780625061,2.124,,TRUE,"sacurine","Sacurine","SPLIT07","REF_370","combat","ComBat",FALSE,FALSE,FALSE
1,"span=0.3","completed",0.523466892982661,0.98192981566586,0.916925845366396,0.435,,FALSE,"sacurine","Sacurine","SPLIT07","REF_371","qc_rlsc","QC-RLSC",FALSE,FALSE,FALSE
2,"span=0.5","completed",0.952049273253913,0.999085743256675,0.0940729400055242,0.239999999999999,,TRUE,"sacurine","Sacurine","SPLIT07","REF_371","qc_rlsc","QC-RLSC",FALSE,FALSE,FALSE
3,"span=0.7","completed",0.945055268449499,0.998653778137986,0.107197019376975,0.231000000000001,,FALSE,"sacurine","Sacurine","SPLIT07","REF_371","qc_rlsc","QC-RLSC",FALSE,FALSE,FALSE
4,"span=0.9","completed",0.939284957054783,0.998405208239714,0.118240502369864,0.220999999999999,,FALSE,"sacurine","Sacurine","SPLIT07","REF_371","qc_rlsc","QC-RLSC",FALSE,FALSE,FALSE
1,"ntree=200; coCV=20; Frule=0.8","completed",0.835798774359336,0.92709069176672,0.182583834814768,1.458,,FALSE,"sacurine","Sacurine","SPLIT07","REF_372","qc_rfsc","QC-RFSC",FALSE,FALSE,FALSE
2,"ntree=500; coCV=20; Frule=0.8","completed",0.780773100494396,0.87147031762517,0.181394434261547,2.046,,FALSE,"sacurine","Sacurine","SPLIT07","REF_372","qc_rfsc","QC-RFSC",FALSE,FALSE,FALSE
3,"ntree=200; coCV=30; Frule=0.8","completed",0.911453312207476,0.994845137539627,0.166783650664302,1.272,,TRUE,"sacurine","Sacurine","SPLIT07","REF_372","qc_rfsc","QC-RFSC",FALSE,FALSE,FALSE
4,"ntree=500; coCV=30; Frule=0.8","completed",0.911369197500392,0.994845137333724,0.166951879666664,1.682,,FALSE,"sacurine","Sacurine","SPLIT07","REF_372","qc_rfsc","QC-RFSC",FALSE,FALSE,FALSE
1,"jitter_eps=0","completed",0.90117502830155,0.996433776563688,0.190517496524276,13.188,,FALSE,"sacurine","Sacurine","SPLIT07","REF_373","serrf","SERRF",FALSE,FALSE,FALSE
2,"jitter_eps=1e-06","completed",0.901243060975094,0.996433558125705,0.190380994301221,12.904,,TRUE,"sacurine","Sacurine","SPLIT07","REF_373","serrf","SERRF",FALSE,FALSE,FALSE
3,"jitter_eps=1e-05","completed",0.901237437915815,0.996480997527104,0.190487119222577,13.087,,FALSE,"sacurine","Sacurine","SPLIT07","REF_373","serrf","SERRF",FALSE,FALSE,FALSE
1,"par_prior=TRUE (fixed published/default setting)","completed",0.832790515716092,0.99029847444745,0.315015917462716,1.483,,TRUE,"sacurine","Sacurine","SPLIT08","REF_378","combat","ComBat",FALSE,FALSE,FALSE
1,"span=0.3","completed",0.524355014423654,0.982774011939435,0.916837995031562,0.504,,FALSE,"sacurine","Sacurine","SPLIT08","REF_379","qc_rlsc","QC-RLSC",FALSE,FALSE,FALSE
2,"span=0.5","completed",0.950906363247692,0.998919591420724,0.0960264563460656,0.215,,TRUE,"sacurine","Sacurine","SPLIT08","REF_379","qc_rlsc","QC-RLSC",FALSE,FALSE,FALSE
3,"span=0.7","completed",0.946526486320632,0.998768429338643,0.104483886036023,0.197,,FALSE,"sacurine","Sacurine","SPLIT08","REF_379","qc_rlsc","QC-RLSC",FALSE,FALSE,FALSE
4,"span=0.9","completed",0.939307303562661,0.998447848378435,0.118281089631548,0.197,,FALSE,"sacurine","Sacurine","SPLIT08","REF_379","qc_rlsc","QC-RLSC",FALSE,FALSE,FALSE
1,"ntree=200; coCV=20; Frule=0.8","completed",0.83642416109183,0.927442092767255,0.18203586335085,1.476,,FALSE,"sacurine","Sacurine","SPLIT08","REF_380","qc_rfsc","QC-RFSC",FALSE,FALSE,FALSE
2,"ntree=500; coCV=20; Frule=0.8","completed",0.783188463157979,0.873559154265558,0.180741382215157,2.131,,FALSE,"sacurine","Sacurine","SPLIT08","REF_380","qc_rfsc","QC-RFSC",FALSE,FALSE,FALSE
3,"ntree=200; coCV=30; Frule=0.8","completed",0.912111314224798,0.995330906511416,0.166439184573236,1.295,,TRUE,"sacurine","Sacurine","SPLIT08","REF_380","qc_rfsc","QC-RFSC",FALSE,FALSE,FALSE
4,"ntree=500; coCV=30; Frule=0.8","completed",0.912045639731734,0.995330906326249,0.16657053318903,1.731,,FALSE,"sacurine","Sacurine","SPLIT08","REF_380","qc_rfsc","QC-RFSC",FALSE,FALSE,FALSE
1,"jitter_eps=0","completed",0.902606277471453,0.996972647288184,0.188732739633462,13.99,,FALSE,"sacurine","Sacurine","SPLIT08","REF_381","serrf","SERRF",FALSE,FALSE,FALSE
2,"jitter_eps=1e-06","completed",0.902547418298167,0.996978786045841,0.188862735495349,13.666,,FALSE,"sacurine","Sacurine","SPLIT08","REF_381","serrf","SERRF",FALSE,FALSE,FALSE
3,"jitter_eps=1e-05","completed",0.902615287457096,0.996993117248143,0.188755659582094,13.956,,TRUE,"sacurine","Sacurine","SPLIT08","REF_381","serrf","SERRF",FALSE,FALSE,FALSE
1,"par_prior=TRUE (fixed published/default setting)","completed",0.827588306184954,0.990118809751069,0.32506100713223,1.785,,TRUE,"sacurine","Sacurine","SPLIT09","REF_386","combat","ComBat",FALSE,FALSE,FALSE
1,"span=0.3","completed",0.522387555996122,0.981054163563783,0.917333215135323,0.476999999999999,,FALSE,"sacurine","Sacurine","SPLIT09","REF_387","qc_rlsc","QC-RLSC",FALSE,FALSE,FALSE
2,"span=0.5","completed",0.950942789397195,0.999242738213294,0.096599897632197,0.222,,TRUE,"sacurine","Sacurine","SPLIT09","REF_387","qc_rlsc","QC-RLSC",FALSE,FALSE,FALSE
3,"span=0.7","completed",0.94595421082957,0.998928545778941,0.105948669898741,0.216,,FALSE,"sacurine","Sacurine","SPLIT09","REF_387","qc_rlsc","QC-RLSC",FALSE,FALSE,FALSE
4,"span=0.9","completed",0.936904513677449,0.998349216811113,0.122889406267329,0.215,,FALSE,"sacurine","Sacurine","SPLIT09","REF_387","qc_rlsc","QC-RLSC",FALSE,FALSE,FALSE
1,"ntree=200; coCV=20; Frule=0.8","completed",0.835227944591652,0.925961014470167,0.18146613975703,1.564,,FALSE,"sacurine","Sacurine","SPLIT09","REF_388","qc_rfsc","QC-RFSC",FALSE,FALSE,FALSE
2,"ntree=500; coCV=20; Frule=0.8","completed",0.788176918785316,0.878221398113126,0.180088958655619,2.182,,FALSE,"sacurine","Sacurine","SPLIT09","REF_388","qc_rfsc","QC-RFSC",FALSE,FALSE,FALSE
3,"ntree=200; coCV=30; Frule=0.8","completed",0.910924913339176,0.993789934842878,0.165730043007403,1.383,,FALSE,"sacurine","Sacurine","SPLIT09","REF_388","qc_rfsc","QC-RFSC",FALSE,FALSE,FALSE
4,"ntree=500; coCV=30; Frule=0.8","completed",0.910926624896245,0.993789934899894,0.165726620007298,1.833,,TRUE,"sacurine","Sacurine","SPLIT09","REF_388","qc_rfsc","QC-RFSC",FALSE,FALSE,FALSE
1,"jitter_eps=0","completed",0.899969380254787,0.997255453739204,0.194572146968835,12.15,,TRUE,"sacurine","Sacurine","SPLIT09","REF_389","serrf","SERRF",FALSE,FALSE,FALSE
2,"jitter_eps=1e-06","completed",0.899831382404581,0.997270835094654,0.194878905380146,11.993,,FALSE,"sacurine","Sacurine","SPLIT09","REF_389","serrf","SERRF",FALSE,FALSE,FALSE
3,"jitter_eps=1e-05","completed",0.89986906285384,0.997227440423862,0.194716755140044,12.272,,FALSE,"sacurine","Sacurine","SPLIT09","REF_389","serrf","SERRF",FALSE,FALSE,FALSE
1,"par_prior=TRUE (fixed published/default setting)","completed",0.846114784121291,0.990552574904185,0.288875581565789,1.606,,TRUE,"sacurine","Sacurine","SPLIT10","REF_394","combat","ComBat",FALSE,FALSE,FALSE
1,"span=0.3","completed",0.522834008266635,0.981494317829138,0.917320619125005,0.48,,FALSE,"sacurine","Sacurine","SPLIT10","REF_395","qc_rlsc","QC-RLSC",FALSE,FALSE,FALSE
2,"span=0.5","completed",0.952309178075471,0.999288064497368,0.0939577728437944,0.226,,TRUE,"sacurine","Sacurine","SPLIT10","REF_395","qc_rlsc","QC-RLSC",FALSE,FALSE,FALSE
3,"span=0.7","completed",0.948474894164062,0.999141969275113,0.101334150222101,0.205,,FALSE,"sacurine","Sacurine","SPLIT10","REF_395","qc_rlsc","QC-RLSC",FALSE,FALSE,FALSE
4,"span=0.9","completed",0.940552183488898,0.998744853057708,0.116385339137619,0.202,,FALSE,"sacurine","Sacurine","SPLIT10","REF_395","qc_rlsc","QC-RLSC",FALSE,FALSE,FALSE
1,"ntree=200; coCV=20; Frule=0.8","completed",0.836296678150116,0.926307220096446,0.180021083892661,2.232,,FALSE,"sacurine","Sacurine","SPLIT10","REF_396","qc_rfsc","QC-RFSC",FALSE,FALSE,FALSE
2,"ntree=500; coCV=20; Frule=0.8","completed",0.782208300067268,0.87179600742915,0.179175414723764,4.09,,FALSE,"sacurine","Sacurine","SPLIT10","REF_396","qc_rfsc","QC-RFSC",FALSE,FALSE,FALSE
3,"ntree=200; coCV=30; Frule=0.8","completed",0.910721267802915,0.992916512324289,0.164390489042749,2.022,,TRUE,"sacurine","Sacurine","SPLIT10","REF_396","qc_rfsc","QC-RFSC",FALSE,FALSE,FALSE
4,"ntree=500; coCV=30; Frule=0.8","completed",0.910601784267275,0.992916512138767,0.164629455742985,2.851,,FALSE,"sacurine","Sacurine","SPLIT10","REF_396","qc_rfsc","QC-RFSC",FALSE,FALSE,FALSE
1,"jitter_eps=0","completed",0.889866788886159,0.995652170676214,0.21157076358011,18.914,,FALSE,"sacurine","Sacurine","SPLIT10","REF_397","serrf","SERRF",FALSE,FALSE,FALSE
2,"jitter_eps=1e-06","completed",0.889824366220511,0.995656414441753,0.211664096442483,18.341,,FALSE,"sacurine","Sacurine","SPLIT10","REF_397","serrf","SERRF",FALSE,FALSE,FALSE
3,"jitter_eps=1e-05","completed",0.889898150747246,0.995645629637457,0.211494957780421,19.469,,TRUE,"sacurine","Sacurine","SPLIT10","REF_397","serrf","SERRF",FALSE,FALSE,FALSE
1,"par_prior=TRUE (fixed published/default setting)","completed",0.704605856667188,0.930272632317719,0.451333551301063,8.78,,TRUE,"waveica","WaveICA","SPLIT01","REF_402","combat","ComBat",FALSE,FALSE,FALSE
1,"span=0.3","completed",0.769453560808102,0.96663572372596,0.394364325835715,21.822,,TRUE,"waveica","WaveICA","SPLIT01","REF_403","qc_rlsc","QC-RLSC",FALSE,FALSE,FALSE
2,"span=0.5","completed",0.743450567680915,0.962197350480323,0.437493565598816,20.437,,FALSE,"waveica","WaveICA","SPLIT01","REF_403","qc_rlsc","QC-RLSC",FALSE,FALSE,FALSE
3,"span=0.7","completed",0.735563253270274,0.956635379160924,0.4421442517813,20.116,,FALSE,"waveica","WaveICA","SPLIT01","REF_403","qc_rlsc","QC-RLSC",FALSE,FALSE,FALSE
4,"span=0.9","completed",0.729970981753205,0.952839685558135,0.44573740760986,20.613,,FALSE,"waveica","WaveICA","SPLIT01","REF_403","qc_rlsc","QC-RLSC",FALSE,FALSE,FALSE
1,"ntree=200; coCV=20; Frule=0.8","completed",0.525256362115315,0.665043222264289,0.279573720297948,290.969,,FALSE,"waveica","WaveICA","SPLIT01","REF_404","qc_rfsc","QC-RFSC",FALSE,FALSE,FALSE
2,"ntree=500; coCV=20; Frule=0.8","completed",0.524355644309285,0.663790026055623,0.278868763492675,395.547,,FALSE,"waveica","WaveICA","SPLIT01","REF_404","qc_rfsc","QC-RFSC",FALSE,FALSE,FALSE
3,"ntree=200; coCV=30; Frule=0.8","completed",0.538581040971815,0.634643069399468,0.192124056855306,261.278,,FALSE,"waveica","WaveICA","SPLIT01","REF_404","qc_rfsc","QC-RFSC",FALSE,FALSE,FALSE
4,"ntree=500; coCV=30; Frule=0.8","completed",0.54100986551577,0.636564013055489,0.191108295079438,339.52,,TRUE,"waveica","WaveICA","SPLIT01","REF_404","qc_rfsc","QC-RFSC",FALSE,FALSE,FALSE
1,"jitter_eps=0","completed",-0.0324319144839552,0.130084944438747,0.325033717845404,2143.592,,FALSE,"waveica","WaveICA","SPLIT01","REF_405","serrf","SERRF",FALSE,FALSE,FALSE
2,"jitter_eps=1e-06","completed",-0.028392565199293,0.135188082091288,0.327161294581161,2148.669,,TRUE,"waveica","WaveICA","SPLIT01","REF_405","serrf","SERRF",FALSE,FALSE,FALSE
3,"jitter_eps=1e-05","completed",-0.0309974642853846,0.133654106518198,0.329303141607165,2162.262,,FALSE,"waveica","WaveICA","SPLIT01","REF_405","serrf","SERRF",FALSE,FALSE,FALSE
1,"par_prior=TRUE (fixed published/default setting)","completed",0.709451058196993,0.931510901966194,0.444119687538403,8.808,,TRUE,"waveica","WaveICA","SPLIT02","REF_410","combat","ComBat",FALSE,FALSE,FALSE
1,"span=0.3","completed",0.76865646355228,0.969319728254581,0.401326529404602,21.517,,TRUE,"waveica","WaveICA","SPLIT02","REF_411","qc_rlsc","QC-RLSC",FALSE,FALSE,FALSE
2,"span=0.5","completed",0.748242938104278,0.964671132993346,0.432856389778137,19.85,,FALSE,"waveica","WaveICA","SPLIT02","REF_411","qc_rlsc","QC-RLSC",FALSE,FALSE,FALSE
3,"span=0.7","completed",0.740840656834725,0.960394312906372,0.439107312143294,19.599,,FALSE,"waveica","WaveICA","SPLIT02","REF_411","qc_rlsc","QC-RLSC",FALSE,FALSE,FALSE
4,"span=0.9","completed",0.734973836199689,0.955005693718912,0.440063715038445,19.984,,FALSE,"waveica","WaveICA","SPLIT02","REF_411","qc_rlsc","QC-RLSC",FALSE,FALSE,FALSE
1,"ntree=200; coCV=20; Frule=0.8","completed",0.516398922473267,0.655280880740944,0.277763916535354,268.491,,FALSE,"waveica","WaveICA","SPLIT02","REF_412","qc_rfsc","QC-RFSC",FALSE,FALSE,FALSE
2,"ntree=500; coCV=20; Frule=0.8","completed",0.516119971184916,0.654463813761986,0.276687685154139,379.72,,FALSE,"waveica","WaveICA","SPLIT02","REF_412","qc_rfsc","QC-RFSC",FALSE,FALSE,FALSE
3,"ntree=200; coCV=30; Frule=0.8","completed",0.526012423701099,0.62097200853591,0.189919169669624,277.292,,FALSE,"waveica","WaveICA","SPLIT02","REF_412","qc_rfsc","QC-RFSC",FALSE,FALSE,FALSE
4,"ntree=500; coCV=30; Frule=0.8","completed",0.528911654217321,0.62390317027935,0.189983032124058,370.787,,TRUE,"waveica","WaveICA","SPLIT02","REF_412","qc_rfsc","QC-RFSC",FALSE,FALSE,FALSE
1,"jitter_eps=0","completed",-0.0296286593626979,0.128514654065956,0.316286626857308,1801.956,,FALSE,"waveica","WaveICA","SPLIT02","REF_413","serrf","SERRF",FALSE,FALSE,FALSE
2,"jitter_eps=1e-06","completed",-0.0253126796738162,0.132115146800493,0.314855652948619,1796.801,,TRUE,"waveica","WaveICA","SPLIT02","REF_413","serrf","SERRF",FALSE,FALSE,FALSE
3,"jitter_eps=1e-05","completed",-0.0256586895815083,0.132206788283183,0.315730955729382,1809.586,,FALSE,"waveica","WaveICA","SPLIT02","REF_413","serrf","SERRF",FALSE,FALSE,FALSE
1,"par_prior=TRUE (fixed published/default setting)","completed",0.713665000247348,0.93434811363052,0.441366226766344,5.788,,TRUE,"waveica","WaveICA","SPLIT03","REF_418","combat","ComBat",FALSE,FALSE,FALSE
1,"span=0.3","completed",0.770336430460134,0.967974223284561,0.395275585648854,22.284,,TRUE,"waveica","WaveICA","SPLIT03","REF_419","qc_rlsc","QC-RLSC",FALSE,FALSE,FALSE
2,"span=0.5","completed",0.744178758425718,0.962004275935206,0.435651035018976,20.884,,FALSE,"waveica","WaveICA","SPLIT03","REF_419","qc_rlsc","QC-RLSC",FALSE,FALSE,FALSE
3,"span=0.7","completed",0.736276920023762,0.957557265520208,0.442560690992892,20.56,,FALSE,"waveica","WaveICA","SPLIT03","REF_419","qc_rlsc","QC-RLSC",FALSE,FALSE,FALSE
4,"span=0.9","completed",0.732419621298272,0.955957643108936,0.447076043621329,21.171,,FALSE,"waveica","WaveICA","SPLIT03","REF_419","qc_rlsc","QC-RLSC",FALSE,FALSE,FALSE
1,"ntree=200; coCV=20; Frule=0.8","completed",0.51673597532328,0.655609449801817,0.277746948957073,414.678,,FALSE,"waveica","WaveICA","SPLIT03","REF_420","qc_rfsc","QC-RFSC",FALSE,FALSE,FALSE
2,"ntree=500; coCV=20; Frule=0.8","completed",0.515898536447045,0.654561545019704,0.277326017145318,474.703,,FALSE,"waveica","WaveICA","SPLIT03","REF_420","qc_rfsc","QC-RFSC",FALSE,FALSE,FALSE
3,"ntree=200; coCV=30; Frule=0.8","completed",0.529466956982038,0.624917983785936,0.190902053607796,431.134,,FALSE,"waveica","WaveICA","SPLIT03","REF_420","qc_rfsc","QC-RFSC",FALSE,FALSE,FALSE
4,"ntree=500; coCV=30; Frule=0.8","completed",0.531679700440608,0.627005847187598,0.190652293493979,524.43,,TRUE,"waveica","WaveICA","SPLIT03","REF_420","qc_rfsc","QC-RFSC",FALSE,FALSE,FALSE
1,"jitter_eps=0","completed",-0.0256627513138041,0.135403978644038,0.322133459915684,2203.23,,TRUE,"waveica","WaveICA","SPLIT03","REF_421","serrf","SERRF",FALSE,FALSE,FALSE
2,"jitter_eps=1e-06","completed",-0.039056773795783,0.121152278481912,0.320418104555391,1835.519,,FALSE,"waveica","WaveICA","SPLIT03","REF_421","serrf","SERRF",FALSE,FALSE,FALSE
3,"jitter_eps=1e-05","completed",-0.0383966144777916,0.121030484653852,0.318854198263287,1805.269,,FALSE,"waveica","WaveICA","SPLIT03","REF_421","serrf","SERRF",FALSE,FALSE,FALSE
1,"par_prior=TRUE (fixed published/default setting)","completed",0.705474167737847,0.930765779314256,0.450583223152817,5.724,,TRUE,"waveica","WaveICA","SPLIT04","REF_426","combat","ComBat",FALSE,FALSE,FALSE
1,"span=0.3","completed",0.763354645281606,0.967269728986408,0.407830167409604,20.885,,TRUE,"waveica","WaveICA","SPLIT04","REF_427","qc_rlsc","QC-RLSC",FALSE,FALSE,FALSE
2,"span=0.5","completed",0.740449308382367,0.961964161915002,0.443029707065269,19.651,,FALSE,"waveica","WaveICA","SPLIT04","REF_427","qc_rlsc","QC-RLSC",FALSE,FALSE,FALSE
3,"span=0.7","completed",0.734657892561346,0.958206618403165,0.447097451683638,19.291,,FALSE,"waveica","WaveICA","SPLIT04","REF_427","qc_rlsc","QC-RLSC",FALSE,FALSE,FALSE
4,"span=0.9","completed",0.730683101847965,0.954976130223938,0.448586056751945,19.831,,FALSE,"waveica","WaveICA","SPLIT04","REF_427","qc_rlsc","QC-RLSC",FALSE,FALSE,FALSE
1,"ntree=200; coCV=20; Frule=0.8","completed",0.514858966648931,0.654766017758664,0.279814102219466,278.46,,FALSE,"waveica","WaveICA","SPLIT04","REF_428","qc_rfsc","QC-RFSC",FALSE,FALSE,FALSE
2,"ntree=500; coCV=20; Frule=0.8","completed",0.513001180636282,0.65211750378439,0.278232646296215,385.861,,FALSE,"waveica","WaveICA","SPLIT04","REF_428","qc_rfsc","QC-RFSC",FALSE,FALSE,FALSE
3,"ntree=200; coCV=30; Frule=0.8","completed",0.528713449630012,0.624392120100221,0.191357340940418,266.361,,FALSE,"waveica","WaveICA","SPLIT04","REF_428","qc_rfsc","QC-RFSC",FALSE,FALSE,FALSE
4,"ntree=500; coCV=30; Frule=0.8","completed",0.528796295220234,0.624375434447689,0.191158278454911,372.09,,TRUE,"waveica","WaveICA","SPLIT04","REF_428","qc_rfsc","QC-RFSC",FALSE,FALSE,FALSE
1,"jitter_eps=0","completed",-0.0385717786543296,0.122711997593635,0.32256755249593,2057.309,,TRUE,"waveica","WaveICA","SPLIT04","REF_429","serrf","SERRF",FALSE,FALSE,FALSE
2,"jitter_eps=1e-06","completed",-0.0478353200233177,0.113671234045728,0.323013108138091,1965.084,,FALSE,"waveica","WaveICA","SPLIT04","REF_429","serrf","SERRF",FALSE,FALSE,FALSE
3,"jitter_eps=1e-05","completed",-0.0591785114429916,0.102306470382814,0.32296996365161,1903.022,,FALSE,"waveica","WaveICA","SPLIT04","REF_429","serrf","SERRF",FALSE,FALSE,FALSE
1,"par_prior=TRUE (fixed published/default setting)","completed",0.707681292702661,0.932470405166328,0.449578224927334,5.597,,TRUE,"waveica","WaveICA","SPLIT05","REF_434","combat","ComBat",FALSE,FALSE,FALSE
1,"span=0.3","completed",0.777205037373128,0.971577101343652,0.388744127941048,21.363,,TRUE,"waveica","WaveICA","SPLIT05","REF_435","qc_rlsc","QC-RLSC",FALSE,FALSE,FALSE
2,"span=0.5","completed",0.748542701657338,0.964290093531298,0.431494783747919,19.97,,FALSE,"waveica","WaveICA","SPLIT05","REF_435","qc_rlsc","QC-RLSC",FALSE,FALSE,FALSE
3,"span=0.7","completed",0.738334086008738,0.958710682959589,0.440753193901701,19.623,,FALSE,"waveica","WaveICA","SPLIT05","REF_435","qc_rlsc","QC-RLSC",FALSE,FALSE,FALSE
4,"span=0.9","completed",0.733924501493666,0.955995537693553,0.444142072399774,20.283,,FALSE,"waveica","WaveICA","SPLIT05","REF_435","qc_rlsc","QC-RLSC",FALSE,FALSE,FALSE
1,"ntree=200; coCV=20; Frule=0.8","completed",0.527162974134799,0.666482226219725,0.278638504169851,297.301,,FALSE,"waveica","WaveICA","SPLIT05","REF_436","qc_rfsc","QC-RFSC",FALSE,FALSE,FALSE
2,"ntree=500; coCV=20; Frule=0.8","completed",0.526529669585098,0.665573297523586,0.278087255876976,407.307,,FALSE,"waveica","WaveICA","SPLIT05","REF_436","qc_rfsc","QC-RFSC",FALSE,FALSE,FALSE
3,"ntree=200; coCV=30; Frule=0.8","completed",0.539248499559785,0.634742362601673,0.190987726083776,269.213,,FALSE,"waveica","WaveICA","SPLIT05","REF_436","qc_rfsc","QC-RFSC",FALSE,FALSE,FALSE
4,"ntree=500; coCV=30; Frule=0.8","completed",0.540013463908476,0.635275718707729,0.190524509598505,405.968,,TRUE,"waveica","WaveICA","SPLIT05","REF_436","qc_rfsc","QC-RFSC",FALSE,FALSE,FALSE
1,"jitter_eps=0","completed",-0.0373289321895692,0.123665842781941,0.321989549943021,2205.613,,FALSE,"waveica","WaveICA","SPLIT05","REF_437","serrf","SERRF",FALSE,FALSE,FALSE
2,"jitter_eps=1e-06","completed",-0.0316657471412161,0.128714214707136,0.320759923696705,2233.803,,FALSE,"waveica","WaveICA","SPLIT05","REF_437","serrf","SERRF",FALSE,FALSE,FALSE
3,"jitter_eps=1e-05","completed",-0.0307595352266709,0.129185336640678,0.319889743734698,2242.019,,TRUE,"waveica","WaveICA","SPLIT05","REF_437","serrf","SERRF",FALSE,FALSE,FALSE
1,"par_prior=TRUE (fixed published/default setting)","completed",0.715487200958084,0.93861597305605,0.446257544195933,5.61,,TRUE,"waveica","WaveICA","SPLIT06","REF_442","combat","ComBat",FALSE,FALSE,FALSE
1,"span=0.3","completed",0.766056696392954,0.969546525008958,0.406979657232008,36.675,,TRUE,"waveica","WaveICA","SPLIT06","REF_443","qc_rlsc","QC-RLSC",FALSE,FALSE,FALSE
2,"span=0.5","completed",0.747834991052496,0.966789506985601,0.43790903186621,31.521,,FALSE,"waveica","WaveICA","SPLIT06","REF_443","qc_rlsc","QC-RLSC",FALSE,FALSE,FALSE
3,"span=0.7","completed",0.745522090147829,0.964467166965756,0.437890153635854,30.495,,FALSE,"waveica","WaveICA","SPLIT06","REF_443","qc_rlsc","QC-RLSC",FALSE,FALSE,FALSE
4,"span=0.9","completed",0.74233027333705,0.962991822093546,0.441323097512992,29.971,,FALSE,"waveica","WaveICA","SPLIT06","REF_443","qc_rlsc","QC-RLSC",FALSE,FALSE,FALSE
1,"ntree=200; coCV=20; Frule=0.8","completed",0.515532919391816,0.655199605700004,0.279333372616375,267.932,,FALSE,"waveica","WaveICA","SPLIT06","REF_444","qc_rfsc","QC-RFSC",FALSE,FALSE,FALSE
2,"ntree=500; coCV=20; Frule=0.8","completed",0.512806513067762,0.652235716333379,0.278858406531234,364.263,,FALSE,"waveica","WaveICA","SPLIT06","REF_444","qc_rfsc","QC-RFSC",FALSE,FALSE,FALSE
3,"ntree=200; coCV=30; Frule=0.8","completed",0.525093788206954,0.620266641979739,0.190345707545571,250.601,,FALSE,"waveica","WaveICA","SPLIT06","REF_444","qc_rfsc","QC-RFSC",FALSE,FALSE,FALSE
4,"ntree=500; coCV=30; Frule=0.8","completed",0.525193624680555,0.620413872522501,0.190440495683891,350.909,,TRUE,"waveica","WaveICA","SPLIT06","REF_444","qc_rfsc","QC-RFSC",FALSE,FALSE,FALSE
1,"jitter_eps=0","completed",-0.0395690124696797,0.121190914936546,0.321519854812452,1911.625,,FALSE,"waveica","WaveICA","SPLIT06","REF_445","serrf","SERRF",FALSE,FALSE,FALSE
2,"jitter_eps=1e-06","completed",-0.0357151960118089,0.125202925448317,0.321836242920252,1950.165,,FALSE,"waveica","WaveICA","SPLIT06","REF_445","serrf","SERRF",FALSE,FALSE,FALSE
3,"jitter_eps=1e-05","completed",-0.0335147193460355,0.1273991188405,0.321827676373071,1986.17,,TRUE,"waveica","WaveICA","SPLIT06","REF_445","serrf","SERRF",FALSE,FALSE,FALSE
1,"par_prior=TRUE (fixed published/default setting)","completed",0.707397897587771,0.934421163273294,0.454046531371047,5.527,,TRUE,"waveica","WaveICA","SPLIT07","REF_450","combat","ComBat",FALSE,FALSE,FALSE
1,"span=0.3","completed",0.768395896664915,0.969949408118657,0.403107022907483,23.5,,TRUE,"waveica","WaveICA","SPLIT07","REF_451","qc_rlsc","QC-RLSC",FALSE,FALSE,FALSE
2,"span=0.5","completed",0.743785747765057,0.963604993599349,0.439638491668584,21.72,,FALSE,"waveica","WaveICA","SPLIT07","REF_451","qc_rlsc","QC-RLSC",FALSE,FALSE,FALSE
3,"span=0.7","completed",0.73624700283221,0.959914120517069,0.447334235369718,21.172,,FALSE,"waveica","WaveICA","SPLIT07","REF_451","qc_rlsc","QC-RLSC",FALSE,FALSE,FALSE
4,"span=0.9","completed",0.731803729119986,0.957130023174728,0.450652588109483,21.92,,FALSE,"waveica","WaveICA","SPLIT07","REF_451","qc_rlsc","QC-RLSC",FALSE,FALSE,FALSE
1,"ntree=200; coCV=20; Frule=0.8","completed",0.512043797177165,0.65325831796336,0.282429041572389,287.827,,FALSE,"waveica","WaveICA","SPLIT07","REF_452","qc_rfsc","QC-RFSC",FALSE,FALSE,FALSE
2,"ntree=500; coCV=20; Frule=0.8","completed",0.511007932345132,0.652131708307056,0.282247551923848,398.322,,FALSE,"waveica","WaveICA","SPLIT07","REF_452","qc_rfsc","QC-RFSC",FALSE,FALSE,FALSE
3,"ntree=200; coCV=30; Frule=0.8","completed",0.526446968707165,0.624713584244794,0.196533231075258,249.767,,TRUE,"waveica","WaveICA","SPLIT07","REF_452","qc_rfsc","QC-RFSC",FALSE,FALSE,FALSE
4,"ntree=500; coCV=30; Frule=0.8","completed",0.523873953792591,0.622019168206993,0.196290428828805,335.113,,FALSE,"waveica","WaveICA","SPLIT07","REF_452","qc_rfsc","QC-RFSC",FALSE,FALSE,FALSE
1,"jitter_eps=0","completed",-0.018767954009567,0.141590716605547,0.320717341230228,1916.054,,TRUE,"waveica","WaveICA","SPLIT07","REF_453","serrf","SERRF",FALSE,FALSE,FALSE
2,"jitter_eps=1e-06","completed",-0.0221016852167288,0.139299738513109,0.322802847459676,1896.954,,FALSE,"waveica","WaveICA","SPLIT07","REF_453","serrf","SERRF",FALSE,FALSE,FALSE
3,"jitter_eps=1e-05","completed",-0.0192106896324125,0.142394565345089,0.323210509955004,1898.542,,FALSE,"waveica","WaveICA","SPLIT07","REF_453","serrf","SERRF",FALSE,FALSE,FALSE
1,"par_prior=TRUE (fixed published/default setting)","completed",0.711338326128121,0.933196413549516,0.44371617484279,3.993,,TRUE,"waveica","WaveICA","SPLIT08","REF_458","combat","ComBat",FALSE,FALSE,FALSE
1,"span=0.3","completed",0.77597991720747,0.96641629815263,0.380872761890319,22.259,,TRUE,"waveica","WaveICA","SPLIT08","REF_459","qc_rlsc","QC-RLSC",FALSE,FALSE,FALSE
2,"span=0.5","completed",0.74677913374419,0.959870865796069,0.426183464103759,19.844,,FALSE,"waveica","WaveICA","SPLIT08","REF_459","qc_rlsc","QC-RLSC",FALSE,FALSE,FALSE
3,"span=0.7","completed",0.738563880812512,0.955870383953296,0.434613006281568,20.586,,FALSE,"waveica","WaveICA","SPLIT08","REF_459","qc_rlsc","QC-RLSC",FALSE,FALSE,FALSE
4,"span=0.9","completed",0.734057383220501,0.953348944646439,0.438583122851877,21.849,,FALSE,"waveica","WaveICA","SPLIT08","REF_459","qc_rlsc","QC-RLSC",FALSE,FALSE,FALSE
1,"ntree=200; coCV=20; Frule=0.8","completed",0.525146819992142,0.66401058535978,0.277727530735275,292.51,,FALSE,"waveica","WaveICA","SPLIT08","REF_460","qc_rfsc","QC-RFSC",FALSE,FALSE,FALSE
2,"ntree=500; coCV=20; Frule=0.8","completed",0.523450488416206,0.661877782439569,0.276854588046725,388.155,,FALSE,"waveica","WaveICA","SPLIT08","REF_460","qc_rfsc","QC-RFSC",FALSE,FALSE,FALSE
3,"ntree=200; coCV=30; Frule=0.8","completed",0.535738506445468,0.631537878160073,0.19159874342921,257.71,,FALSE,"waveica","WaveICA","SPLIT08","REF_460","qc_rfsc","QC-RFSC",FALSE,FALSE,FALSE
4,"ntree=500; coCV=30; Frule=0.8","completed",0.538195136127398,0.633262642488864,0.190135012722931,386.91,,TRUE,"waveica","WaveICA","SPLIT08","REF_460","qc_rfsc","QC-RFSC",FALSE,FALSE,FALSE
1,"jitter_eps=0","completed",-0.0273604620691273,0.130977628400898,0.31667618094005,1837.173,,TRUE,"waveica","WaveICA","SPLIT08","REF_461","serrf","SERRF",FALSE,FALSE,FALSE
2,"jitter_eps=1e-06","completed",-0.0391382646785805,0.118801201387914,0.315878932132989,1891.569,,FALSE,"waveica","WaveICA","SPLIT08","REF_461","serrf","SERRF",FALSE,FALSE,FALSE
3,"jitter_eps=1e-05","completed",-0.0392146810821362,0.118774319018112,0.315978000200497,1841.169,,FALSE,"waveica","WaveICA","SPLIT08","REF_461","serrf","SERRF",FALSE,FALSE,FALSE
1,"par_prior=TRUE (fixed published/default setting)","completed",0.712195536909755,0.934138101865246,0.443885129910983,3.982,,TRUE,"waveica","WaveICA","SPLIT09","REF_466","combat","ComBat",FALSE,FALSE,FALSE
1,"span=0.3","completed",0.773357278981335,0.96835787128282,0.39000118460297,22.439,,TRUE,"waveica","WaveICA","SPLIT09","REF_467","qc_rlsc","QC-RLSC",FALSE,FALSE,FALSE
2,"span=0.5","completed",0.749765744061277,0.964750268140842,0.42996904815913,21.158,,FALSE,"waveica","WaveICA","SPLIT09","REF_467","qc_rlsc","QC-RLSC",FALSE,FALSE,FALSE
3,"span=0.7","completed",0.744029904365061,0.961303660769949,0.434547512809776,20.946,,FALSE,"waveica","WaveICA","SPLIT09","REF_467","qc_rlsc","QC-RLSC",FALSE,FALSE,FALSE
4,"span=0.9","completed",0.737563358626133,0.956375438348127,0.437624159443987,21.278,,FALSE,"waveica","WaveICA","SPLIT09","REF_467","qc_rlsc","QC-RLSC",FALSE,FALSE,FALSE
1,"ntree=200; coCV=20; Frule=0.8","completed",0.525543989643219,0.665170180123356,0.279252380960273,308.006,,FALSE,"waveica","WaveICA","SPLIT09","REF_468","qc_rfsc","QC-RFSC",FALSE,FALSE,FALSE
2,"ntree=500; coCV=20; Frule=0.8","completed",0.524784326285863,0.663941009526167,0.278313366480607,424.993,,FALSE,"waveica","WaveICA","SPLIT09","REF_468","qc_rfsc","QC-RFSC",FALSE,FALSE,FALSE
3,"ntree=200; coCV=30; Frule=0.8","completed",0.535749642595244,0.631512574015893,0.191525862841296,288.331,,FALSE,"waveica","WaveICA","SPLIT09","REF_468","qc_rfsc","QC-RFSC",FALSE,FALSE,FALSE
4,"ntree=500; coCV=30; Frule=0.8","completed",0.536129164376466,0.631456819582242,0.190655310411551,424.021,,TRUE,"waveica","WaveICA","SPLIT09","REF_468","qc_rfsc","QC-RFSC",FALSE,FALSE,FALSE
1,"jitter_eps=0","completed",-0.0178619199336015,0.14000694374336,0.315737727353923,1901.397,,TRUE,"waveica","WaveICA","SPLIT09","REF_469","serrf","SERRF",FALSE,FALSE,FALSE
2,"jitter_eps=1e-06","completed",-0.0228558885869545,0.13444073561307,0.314593248400049,1969.042,,FALSE,"waveica","WaveICA","SPLIT09","REF_469","serrf","SERRF",FALSE,FALSE,FALSE
3,"jitter_eps=1e-05","completed",-0.0215723875995171,0.136367832712387,0.315880440623809,2003.985,,FALSE,"waveica","WaveICA","SPLIT09","REF_469","serrf","SERRF",FALSE,FALSE,FALSE
1,"par_prior=TRUE (fixed published/default setting)","completed",0.709360528580059,0.93375725546581,0.448793453771502,3.912,,TRUE,"waveica","WaveICA","SPLIT10","REF_474","combat","ComBat",FALSE,FALSE,FALSE
1,"span=0.3","completed",0.766061382254931,0.965597888321966,0.399073012134068,24.096,,TRUE,"waveica","WaveICA","SPLIT10","REF_475","qc_rlsc","QC-RLSC",FALSE,FALSE,FALSE
2,"span=0.5","completed",0.744051170473519,0.961885724056291,0.435669107165543,22.584,,FALSE,"waveica","WaveICA","SPLIT10","REF_475","qc_rlsc","QC-RLSC",FALSE,FALSE,FALSE
3,"span=0.7","completed",0.738795535554312,0.959180927615417,0.440770784122211,22.1,,FALSE,"waveica","WaveICA","SPLIT10","REF_475","qc_rlsc","QC-RLSC",FALSE,FALSE,FALSE
4,"span=0.9","completed",0.73452686194455,0.956828227325069,0.44460273076104,22.659,,FALSE,"waveica","WaveICA","SPLIT10","REF_475","qc_rlsc","QC-RLSC",FALSE,FALSE,FALSE
1,"ntree=200; coCV=20; Frule=0.8","completed",0.524235580183535,0.664155134537131,0.279839108707191,425.71,,FALSE,"waveica","WaveICA","SPLIT10","REF_476","qc_rfsc","QC-RFSC",FALSE,FALSE,FALSE
2,"ntree=500; coCV=20; Frule=0.8","completed",0.524026253602617,0.663423757485629,0.278795007766025,543.769,,FALSE,"waveica","WaveICA","SPLIT10","REF_476","qc_rfsc","QC-RFSC",FALSE,FALSE,FALSE
3,"ntree=200; coCV=30; Frule=0.8","completed",0.5415045023772,0.637700252537276,0.192391500320153,368.933,,TRUE,"waveica","WaveICA","SPLIT10","REF_476","qc_rfsc","QC-RFSC",FALSE,FALSE,FALSE
4,"ntree=500; coCV=30; Frule=0.8","completed",0.539809450816895,0.635798758543668,0.191978615453544,546.85,,FALSE,"waveica","WaveICA","SPLIT10","REF_476","qc_rfsc","QC-RFSC",FALSE,FALSE,FALSE
1,"jitter_eps=0","completed",-0.0243908206364038,0.13413621386616,0.317054069005127,2443.684,,FALSE,"waveica","WaveICA","SPLIT10","REF_477","serrf","SERRF",FALSE,FALSE,FALSE
2,"jitter_eps=1e-06","completed",-0.0339490935971443,0.124825838645632,0.317549864485553,2144.176,,FALSE,"waveica","WaveICA","SPLIT10","REF_477","serrf","SERRF",FALSE,FALSE,FALSE
3,"jitter_eps=1e-05","completed",-0.0237477093440985,0.135875021181916,0.319245461052029,1934.692,,TRUE,"waveica","WaveICA","SPLIT10","REF_477","serrf","SERRF",FALSE,FALSE,FALSE
