"metric","value","direction","denominator","units","notes","dataset_key","method_id","method","seed_id"
"heldout_qc_cv_mean",44.2100431097472,"lower",1000,"percent","","simulation","C0_RAW","Raw","SIM01"
"heldout_qc_cv_sd",31.0743750702016,"lower",1000,"percent","","simulation","C0_RAW","Raw","SIM01"
"heldout_qc_cv_median",41.8805446465495,"lower",1000,"percent","","simulation","C0_RAW","Raw","SIM01"
"residual_run_order_gam_mean_deviance",0.12764961730634,"lower",5000,"proportion","","simulation","C0_RAW","Raw","SIM01"
"residual_run_order_gam_sd_deviance",0.197313555439377,"lower",5000,"proportion","","simulation","C0_RAW","Raw","SIM01"
"residual_ljung_box_proportion_significant",0.2482,"lower",5000,"proportion","","simulation","C0_RAW","Raw","SIM01"
"batch_weighted_pc_r2_categorical",0.965647338615417,"lower",450,"weighted R-squared","Batch is explicitly categorical.","simulation","C0_RAW","Raw","SIM01"
"retained_features",1000,"higher",1000,"features","","simulation","C0_RAW","Raw","SIM01"
"retained_samples",500,"higher",500,"samples","","simulation","C0_RAW","Raw","SIM01"
"runtime_sec",0,"lower",1,"seconds","","simulation","C0_RAW","Raw","SIM01"
"drift_profiles_corrected",,"descriptive",5000,"profiles","","simulation","C0_RAW","Raw","SIM01"
"drift_features_corrected",,"descriptive",1000,"features","","simulation","C0_RAW","Raw","SIM01"
"batch_features_corrected",,"descriptive",1000,"features","","simulation","C0_RAW","Raw","SIM01"
"truth_metabolite_profile_icc_mean",0.586183758689398,"higher",1000,"ICC(A,1)","","simulation","C0_RAW","Raw","SIM01"
"truth_sample_profile_pearson_mean",0.521842186444926,"higher",450,"correlation","","simulation","C0_RAW","Raw","SIM01"
"truth_log1p_rmse",0.290839531888212,"lower",450000,"log1p intensity","","simulation","C0_RAW","Raw","SIM01"
"heldout_qc_cv_mean",41.2391327242834,"lower",1000,"percent","","simulation","C1_OUTLIER","Outlier","SIM01"
"heldout_qc_cv_sd",26.0274392692478,"lower",1000,"percent","","simulation","C1_OUTLIER","Outlier","SIM01"
"heldout_qc_cv_median",41.419150550022,"lower",1000,"percent","","simulation","C1_OUTLIER","Outlier","SIM01"
"residual_run_order_gam_mean_deviance",0.127784583538385,"lower",5000,"proportion","","simulation","C1_OUTLIER","Outlier","SIM01"
"residual_run_order_gam_sd_deviance",0.198560630343591,"lower",5000,"proportion","","simulation","C1_OUTLIER","Outlier","SIM01"
"residual_ljung_box_proportion_significant",0.2468,"lower",5000,"proportion","","simulation","C1_OUTLIER","Outlier","SIM01"
"batch_weighted_pc_r2_categorical",0.96654180919283,"lower",450,"weighted R-squared","Batch is explicitly categorical.","simulation","C1_OUTLIER","Outlier","SIM01"
"retained_features",1000,"higher",1000,"features","","simulation","C1_OUTLIER","Outlier","SIM01"
"retained_samples",500,"higher",500,"samples","","simulation","C1_OUTLIER","Outlier","SIM01"
"runtime_sec",0.522,"lower",1,"seconds","","simulation","C1_OUTLIER","Outlier","SIM01"
"drift_profiles_corrected",,"descriptive",5000,"profiles","","simulation","C1_OUTLIER","Outlier","SIM01"
"drift_features_corrected",,"descriptive",1000,"features","","simulation","C1_OUTLIER","Outlier","SIM01"
"batch_features_corrected",,"descriptive",1000,"features","","simulation","C1_OUTLIER","Outlier","SIM01"
"truth_metabolite_profile_icc_mean",0.592393835101706,"higher",1000,"ICC(A,1)","","simulation","C1_OUTLIER","Outlier","SIM01"
"truth_sample_profile_pearson_mean",0.545068216956092,"higher",450,"correlation","","simulation","C1_OUTLIER","Outlier","SIM01"
"truth_log1p_rmse",0.255515817894849,"lower",450000,"log1p intensity","","simulation","C1_OUTLIER","Outlier","SIM01"
"heldout_qc_cv_mean",38.2656130040335,"lower",1000,"percent","","simulation","C2_SELECTIVE_DRIFT","+ selective drift","SIM01"
"heldout_qc_cv_sd",26.7176467312114,"lower",1000,"percent","","simulation","C2_SELECTIVE_DRIFT","+ selective drift","SIM01"
"heldout_qc_cv_median",40.0104566982962,"lower",1000,"percent","","simulation","C2_SELECTIVE_DRIFT","+ selective drift","SIM01"
"residual_run_order_gam_mean_deviance",0.020246546682198,"lower",5000,"proportion","","simulation","C2_SELECTIVE_DRIFT","+ selective drift","SIM01"
"residual_run_order_gam_sd_deviance",0.0337595903614039,"lower",5000,"proportion","","simulation","C2_SELECTIVE_DRIFT","+ selective drift","SIM01"
"residual_ljung_box_proportion_significant",0.0078,"lower",5000,"proportion","","simulation","C2_SELECTIVE_DRIFT","+ selective drift","SIM01"
"batch_weighted_pc_r2_categorical",0.988740453759014,"lower",450,"weighted R-squared","Batch is explicitly categorical.","simulation","C2_SELECTIVE_DRIFT","+ selective drift","SIM01"
"retained_features",1000,"higher",1000,"features","","simulation","C2_SELECTIVE_DRIFT","+ selective drift","SIM01"
"retained_samples",500,"higher",500,"samples","","simulation","C2_SELECTIVE_DRIFT","+ selective drift","SIM01"
"runtime_sec",13.201,"lower",1,"seconds","","simulation","C2_SELECTIVE_DRIFT","+ selective drift","SIM01"
"drift_profiles_corrected",1440,"descriptive",5000,"profiles","","simulation","C2_SELECTIVE_DRIFT","+ selective drift","SIM01"
"drift_features_corrected",655,"descriptive",1000,"features","","simulation","C2_SELECTIVE_DRIFT","+ selective drift","SIM01"
"batch_features_corrected",,"descriptive",1000,"features","","simulation","C2_SELECTIVE_DRIFT","+ selective drift","SIM01"
"truth_metabolite_profile_icc_mean",0.625731179450323,"higher",1000,"ICC(A,1)","","simulation","C2_SELECTIVE_DRIFT","+ selective drift","SIM01"
"truth_sample_profile_pearson_mean",0.556054220859967,"higher",450,"correlation","","simulation","C2_SELECTIVE_DRIFT","+ selective drift","SIM01"
"truth_log1p_rmse",0.244131223724653,"lower",450000,"log1p intensity","","simulation","C2_SELECTIVE_DRIFT","+ selective drift","SIM01"
"heldout_qc_cv_mean",8.76629278513728,"lower",1000,"percent","","simulation","C3_SELECTIVE_BATCH","+ selective batch","SIM01"
"heldout_qc_cv_sd",6.24541161559367,"lower",1000,"percent","","simulation","C3_SELECTIVE_BATCH","+ selective batch","SIM01"
"heldout_qc_cv_median",7.76573226958891,"lower",1000,"percent","","simulation","C3_SELECTIVE_BATCH","+ selective batch","SIM01"
"residual_run_order_gam_mean_deviance",0.0202464765939647,"lower",5000,"proportion","","simulation","C3_SELECTIVE_BATCH","+ selective batch","SIM01"
"residual_run_order_gam_sd_deviance",0.0337596289190507,"lower",5000,"proportion","","simulation","C3_SELECTIVE_BATCH","+ selective batch","SIM01"
"residual_ljung_box_proportion_significant",0.0078,"lower",5000,"proportion","","simulation","C3_SELECTIVE_BATCH","+ selective batch","SIM01"
"batch_weighted_pc_r2_categorical",0.00100003444860318,"lower",450,"weighted R-squared","Batch is explicitly categorical.","simulation","C3_SELECTIVE_BATCH","+ selective batch","SIM01"
"retained_features",1000,"higher",1000,"features","","simulation","C3_SELECTIVE_BATCH","+ selective batch","SIM01"
"retained_samples",500,"higher",500,"samples","","simulation","C3_SELECTIVE_BATCH","+ selective batch","SIM01"
"runtime_sec",16.725,"lower",1,"seconds","","simulation","C3_SELECTIVE_BATCH","+ selective batch","SIM01"
"drift_profiles_corrected",1440,"descriptive",5000,"profiles","","simulation","C3_SELECTIVE_BATCH","+ selective batch","SIM01"
"drift_features_corrected",655,"descriptive",1000,"features","","simulation","C3_SELECTIVE_BATCH","+ selective batch","SIM01"
"batch_features_corrected",725,"descriptive",1000,"features","","simulation","C3_SELECTIVE_BATCH","+ selective batch","SIM01"
"truth_metabolite_profile_icc_mean",0.922210881985038,"higher",1000,"ICC(A,1)","","simulation","C3_SELECTIVE_BATCH","+ selective batch","SIM01"
"truth_sample_profile_pearson_mean",0.925722979080725,"higher",450,"correlation","","simulation","C3_SELECTIVE_BATCH","+ selective batch","SIM01"
"truth_log1p_rmse",0.0717287587917801,"lower",450000,"log1p intensity","","simulation","C3_SELECTIVE_BATCH","+ selective batch","SIM01"
"heldout_qc_cv_mean",8.76629278513728,"lower",1000,"percent","","simulation","C4_FULL_FIXED","+ PQN","SIM01"
"heldout_qc_cv_sd",6.24541161559367,"lower",1000,"percent","","simulation","C4_FULL_FIXED","+ PQN","SIM01"
"heldout_qc_cv_median",7.76573226958891,"lower",1000,"percent","","simulation","C4_FULL_FIXED","+ PQN","SIM01"
"residual_run_order_gam_mean_deviance",0.020259360410254,"lower",5000,"proportion","","simulation","C4_FULL_FIXED","+ PQN","SIM01"
"residual_run_order_gam_sd_deviance",0.033790592433155,"lower",5000,"proportion","","simulation","C4_FULL_FIXED","+ PQN","SIM01"
"residual_ljung_box_proportion_significant",0.0078,"lower",5000,"proportion","","simulation","C4_FULL_FIXED","+ PQN","SIM01"
"batch_weighted_pc_r2_categorical",0.000984578035653711,"lower",450,"weighted R-squared","Batch is explicitly categorical.","simulation","C4_FULL_FIXED","+ PQN","SIM01"
"retained_features",1000,"higher",1000,"features","","simulation","C4_FULL_FIXED","+ PQN","SIM01"
"retained_samples",500,"higher",500,"samples","","simulation","C4_FULL_FIXED","+ PQN","SIM01"
"runtime_sec",17.598,"lower",1,"seconds","","simulation","C4_FULL_FIXED","+ PQN","SIM01"
"drift_profiles_corrected",1440,"descriptive",5000,"profiles","","simulation","C4_FULL_FIXED","+ PQN","SIM01"
"drift_features_corrected",655,"descriptive",1000,"features","","simulation","C4_FULL_FIXED","+ PQN","SIM01"
"batch_features_corrected",725,"descriptive",1000,"features","","simulation","C4_FULL_FIXED","+ PQN","SIM01"
"truth_metabolite_profile_icc_mean",0.922101988056287,"higher",1000,"ICC(A,1)","","simulation","C4_FULL_FIXED","+ PQN","SIM01"
"truth_sample_profile_pearson_mean",0.925722367961271,"higher",450,"correlation","","simulation","C4_FULL_FIXED","+ PQN","SIM01"
"truth_log1p_rmse",0.0717656363030658,"lower",450000,"log1p intensity","","simulation","C4_FULL_FIXED","+ PQN","SIM01"
"heldout_qc_cv_mean",8.76629278513728,"lower",1000,"percent","","simulation","G_SS","selective/selective","SIM01"
"heldout_qc_cv_sd",6.24541161559367,"lower",1000,"percent","","simulation","G_SS","selective/selective","SIM01"
"heldout_qc_cv_median",7.76573226958891,"lower",1000,"percent","","simulation","G_SS","selective/selective","SIM01"
"residual_run_order_gam_mean_deviance",0.020259360410254,"lower",5000,"proportion","","simulation","G_SS","selective/selective","SIM01"
"residual_run_order_gam_sd_deviance",0.033790592433155,"lower",5000,"proportion","","simulation","G_SS","selective/selective","SIM01"
"residual_ljung_box_proportion_significant",0.0078,"lower",5000,"proportion","","simulation","G_SS","selective/selective","SIM01"
"batch_weighted_pc_r2_categorical",0.000984578035653711,"lower",450,"weighted R-squared","Batch is explicitly categorical.","simulation","G_SS","selective/selective","SIM01"
"retained_features",1000,"higher",1000,"features","","simulation","G_SS","selective/selective","SIM01"
"retained_samples",500,"higher",500,"samples","","simulation","G_SS","selective/selective","SIM01"
"runtime_sec",17.598,"lower",1,"seconds","","simulation","G_SS","selective/selective","SIM01"
"drift_profiles_corrected",1440,"descriptive",5000,"profiles","","simulation","G_SS","selective/selective","SIM01"
"drift_features_corrected",655,"descriptive",1000,"features","","simulation","G_SS","selective/selective","SIM01"
"batch_features_corrected",725,"descriptive",1000,"features","","simulation","G_SS","selective/selective","SIM01"
"truth_metabolite_profile_icc_mean",0.922101988056287,"higher",1000,"ICC(A,1)","","simulation","G_SS","selective/selective","SIM01"
"truth_sample_profile_pearson_mean",0.925722367961271,"higher",450,"correlation","","simulation","G_SS","selective/selective","SIM01"
"truth_log1p_rmse",0.0717656363030658,"lower",450000,"log1p intensity","","simulation","G_SS","selective/selective","SIM01"
"heldout_qc_cv_mean",10.7950921650205,"lower",1000,"percent","","simulation","G_AS","all/selective","SIM01"
"heldout_qc_cv_sd",5.09851469131674,"lower",1000,"percent","","simulation","G_AS","all/selective","SIM01"
"heldout_qc_cv_median",9.43095014939824,"lower",1000,"percent","","simulation","G_AS","all/selective","SIM01"
"residual_run_order_gam_mean_deviance",0.000773516898207875,"lower",5000,"proportion","","simulation","G_AS","all/selective","SIM01"
"residual_run_order_gam_sd_deviance",0.00295914512847696,"lower",5000,"proportion","","simulation","G_AS","all/selective","SIM01"
"residual_ljung_box_proportion_significant",0.0132,"lower",5000,"proportion","","simulation","G_AS","all/selective","SIM01"
"batch_weighted_pc_r2_categorical",0.000850718286039682,"lower",450,"weighted R-squared","Batch is explicitly categorical.","simulation","G_AS","all/selective","SIM01"
"retained_features",1000,"higher",1000,"features","","simulation","G_AS","all/selective","SIM01"
"retained_samples",500,"higher",500,"samples","","simulation","G_AS","all/selective","SIM01"
"runtime_sec",40.877,"lower",1,"seconds","","simulation","G_AS","all/selective","SIM01"
"drift_profiles_corrected",5000,"descriptive",5000,"profiles","","simulation","G_AS","all/selective","SIM01"
"drift_features_corrected",1000,"descriptive",1000,"features","","simulation","G_AS","all/selective","SIM01"
"batch_features_corrected",728,"descriptive",1000,"features","","simulation","G_AS","all/selective","SIM01"
"truth_metabolite_profile_icc_mean",0.910460210285255,"higher",1000,"ICC(A,1)","","simulation","G_AS","all/selective","SIM01"
"truth_sample_profile_pearson_mean",0.914863811819088,"higher",450,"correlation","","simulation","G_AS","all/selective","SIM01"
"truth_log1p_rmse",0.0755212043596487,"lower",450000,"log1p intensity","","simulation","G_AS","all/selective","SIM01"
"heldout_qc_cv_mean",9.10860426114912,"lower",1000,"percent","","simulation","G_SA","selective/all","SIM01"
"heldout_qc_cv_sd",5.90142525941107,"lower",1000,"percent","","simulation","G_SA","selective/all","SIM01"
"heldout_qc_cv_median",7.85893016567543,"lower",1000,"percent","","simulation","G_SA","selective/all","SIM01"
"residual_run_order_gam_mean_deviance",0.0202504886317659,"lower",5000,"proportion","","simulation","G_SA","selective/all","SIM01"
"residual_run_order_gam_sd_deviance",0.0337660629426647,"lower",5000,"proportion","","simulation","G_SA","selective/all","SIM01"
"residual_ljung_box_proportion_significant",0.0078,"lower",5000,"proportion","","simulation","G_SA","selective/all","SIM01"
"batch_weighted_pc_r2_categorical",9.15272892016977e-05,"lower",450,"weighted R-squared","Batch is explicitly categorical.","simulation","G_SA","selective/all","SIM01"
"retained_features",1000,"higher",1000,"features","","simulation","G_SA","selective/all","SIM01"
"retained_samples",500,"higher",500,"samples","","simulation","G_SA","selective/all","SIM01"
"runtime_sec",17.18,"lower",1,"seconds","","simulation","G_SA","selective/all","SIM01"
"drift_profiles_corrected",1440,"descriptive",5000,"profiles","","simulation","G_SA","selective/all","SIM01"
"drift_features_corrected",655,"descriptive",1000,"features","","simulation","G_SA","selective/all","SIM01"
"batch_features_corrected",1000,"descriptive",1000,"features","","simulation","G_SA","selective/all","SIM01"
"truth_metabolite_profile_icc_mean",0.921230243391027,"higher",1000,"ICC(A,1)","","simulation","G_SA","selective/all","SIM01"
"truth_sample_profile_pearson_mean",0.924797943507282,"higher",450,"correlation","","simulation","G_SA","selective/all","SIM01"
"truth_log1p_rmse",0.0721145524012737,"lower",450000,"log1p intensity","","simulation","G_SA","selective/all","SIM01"
"heldout_qc_cv_mean",10.9169677941253,"lower",1000,"percent","","simulation","G_AA","all/all","SIM01"
"heldout_qc_cv_sd",5.06025497581264,"lower",1000,"percent","","simulation","G_AA","all/all","SIM01"
"heldout_qc_cv_median",9.70138424815032,"lower",1000,"percent","","simulation","G_AA","all/all","SIM01"
"residual_run_order_gam_mean_deviance",0.000773314503840401,"lower",5000,"proportion","","simulation","G_AA","all/all","SIM01"
"residual_run_order_gam_sd_deviance",0.00296620240447871,"lower",5000,"proportion","","simulation","G_AA","all/all","SIM01"
"residual_ljung_box_proportion_significant",0.013,"lower",5000,"proportion","","simulation","G_AA","all/all","SIM01"
"batch_weighted_pc_r2_categorical",0.000105489848278708,"lower",450,"weighted R-squared","Batch is explicitly categorical.","simulation","G_AA","all/all","SIM01"
"retained_features",1000,"higher",1000,"features","","simulation","G_AA","all/all","SIM01"
"retained_samples",500,"higher",500,"samples","","simulation","G_AA","all/all","SIM01"
"runtime_sec",41.493,"lower",1,"seconds","","simulation","G_AA","all/all","SIM01"
"drift_profiles_corrected",5000,"descriptive",5000,"profiles","","simulation","G_AA","all/all","SIM01"
"drift_features_corrected",1000,"descriptive",1000,"features","","simulation","G_AA","all/all","SIM01"
"batch_features_corrected",1000,"descriptive",1000,"features","","simulation","G_AA","all/all","SIM01"
"truth_metabolite_profile_icc_mean",0.909547858318861,"higher",1000,"ICC(A,1)","","simulation","G_AA","all/all","SIM01"
"truth_sample_profile_pearson_mean",0.913957044306018,"higher",450,"correlation","","simulation","G_AA","all/all","SIM01"
"truth_log1p_rmse",0.075859055149693,"lower",450000,"log1p intensity","","simulation","G_AA","all/all","SIM01"
"heldout_qc_cv_mean",46.0458554803273,"lower",1000,"percent","","simulation","C0_RAW","Raw","SIM02"
"heldout_qc_cv_sd",32.1132176274835,"lower",1000,"percent","","simulation","C0_RAW","Raw","SIM02"
"heldout_qc_cv_median",43.7952787488203,"lower",1000,"percent","","simulation","C0_RAW","Raw","SIM02"
"residual_run_order_gam_mean_deviance",0.126608992121227,"lower",5000,"proportion","","simulation","C0_RAW","Raw","SIM02"
"residual_run_order_gam_sd_deviance",0.193054687378834,"lower",5000,"proportion","","simulation","C0_RAW","Raw","SIM02"
"residual_ljung_box_proportion_significant",0.2532,"lower",5000,"proportion","","simulation","C0_RAW","Raw","SIM02"
"batch_weighted_pc_r2_categorical",0.963599564642599,"lower",450,"weighted R-squared","Batch is explicitly categorical.","simulation","C0_RAW","Raw","SIM02"
"retained_features",1000,"higher",1000,"features","","simulation","C0_RAW","Raw","SIM02"
"retained_samples",500,"higher",500,"samples","","simulation","C0_RAW","Raw","SIM02"
"runtime_sec",0,"lower",1,"seconds","","simulation","C0_RAW","Raw","SIM02"
"drift_profiles_corrected",,"descriptive",5000,"profiles","","simulation","C0_RAW","Raw","SIM02"
"drift_features_corrected",,"descriptive",1000,"features","","simulation","C0_RAW","Raw","SIM02"
"batch_features_corrected",,"descriptive",1000,"features","","simulation","C0_RAW","Raw","SIM02"
"truth_metabolite_profile_icc_mean",0.577019055009956,"higher",1000,"ICC(A,1)","","simulation","C0_RAW","Raw","SIM02"
"truth_sample_profile_pearson_mean",0.510193725862697,"higher",450,"correlation","","simulation","C0_RAW","Raw","SIM02"
"truth_log1p_rmse",0.299586966363763,"lower",450000,"log1p intensity","","simulation","C0_RAW","Raw","SIM02"
"heldout_qc_cv_mean",42.5259446012445,"lower",1000,"percent","","simulation","C1_OUTLIER","Outlier","SIM02"
"heldout_qc_cv_sd",26.4286253749545,"lower",1000,"percent","","simulation","C1_OUTLIER","Outlier","SIM02"
"heldout_qc_cv_median",42.7852019762178,"lower",1000,"percent","","simulation","C1_OUTLIER","Outlier","SIM02"
"residual_run_order_gam_mean_deviance",0.126947227485694,"lower",5000,"proportion","","simulation","C1_OUTLIER","Outlier","SIM02"
"residual_run_order_gam_sd_deviance",0.194406005168534,"lower",5000,"proportion","","simulation","C1_OUTLIER","Outlier","SIM02"
"residual_ljung_box_proportion_significant",0.2504,"lower",5000,"proportion","","simulation","C1_OUTLIER","Outlier","SIM02"
"batch_weighted_pc_r2_categorical",0.964670156884374,"lower",450,"weighted R-squared","Batch is explicitly categorical.","simulation","C1_OUTLIER","Outlier","SIM02"
"retained_features",1000,"higher",1000,"features","","simulation","C1_OUTLIER","Outlier","SIM02"
"retained_samples",500,"higher",500,"samples","","simulation","C1_OUTLIER","Outlier","SIM02"
"runtime_sec",0.249,"lower",1,"seconds","","simulation","C1_OUTLIER","Outlier","SIM02"
"drift_profiles_corrected",,"descriptive",5000,"profiles","","simulation","C1_OUTLIER","Outlier","SIM02"
"drift_features_corrected",,"descriptive",1000,"features","","simulation","C1_OUTLIER","Outlier","SIM02"
"batch_features_corrected",,"descriptive",1000,"features","","simulation","C1_OUTLIER","Outlier","SIM02"
"truth_metabolite_profile_icc_mean",0.584982939469291,"higher",1000,"ICC(A,1)","","simulation","C1_OUTLIER","Outlier","SIM02"
"truth_sample_profile_pearson_mean",0.538965406631303,"higher",450,"correlation","","simulation","C1_OUTLIER","Outlier","SIM02"
"truth_log1p_rmse",0.258263532104055,"lower",450000,"log1p intensity","","simulation","C1_OUTLIER","Outlier","SIM02"
"heldout_qc_cv_mean",39.0568484445654,"lower",1000,"percent","","simulation","C2_SELECTIVE_DRIFT","+ selective drift","SIM02"
"heldout_qc_cv_sd",27.2274287997331,"lower",1000,"percent","","simulation","C2_SELECTIVE_DRIFT","+ selective drift","SIM02"
"heldout_qc_cv_median",41.0074027459196,"lower",1000,"percent","","simulation","C2_SELECTIVE_DRIFT","+ selective drift","SIM02"
"residual_run_order_gam_mean_deviance",0.0212481157679079,"lower",5000,"proportion","","simulation","C2_SELECTIVE_DRIFT","+ selective drift","SIM02"
"residual_run_order_gam_sd_deviance",0.0357260252741812,"lower",5000,"proportion","","simulation","C2_SELECTIVE_DRIFT","+ selective drift","SIM02"
"residual_ljung_box_proportion_significant",0.0048,"lower",5000,"proportion","","simulation","C2_SELECTIVE_DRIFT","+ selective drift","SIM02"
"batch_weighted_pc_r2_categorical",0.988710367606587,"lower",450,"weighted R-squared","Batch is explicitly categorical.","simulation","C2_SELECTIVE_DRIFT","+ selective drift","SIM02"
"retained_features",1000,"higher",1000,"features","","simulation","C2_SELECTIVE_DRIFT","+ selective drift","SIM02"
"retained_samples",500,"higher",500,"samples","","simulation","C2_SELECTIVE_DRIFT","+ selective drift","SIM02"
"runtime_sec",5.356,"lower",1,"seconds","","simulation","C2_SELECTIVE_DRIFT","+ selective drift","SIM02"
"drift_profiles_corrected",1459,"descriptive",5000,"profiles","","simulation","C2_SELECTIVE_DRIFT","+ selective drift","SIM02"
"drift_features_corrected",649,"descriptive",1000,"features","","simulation","C2_SELECTIVE_DRIFT","+ selective drift","SIM02"
"batch_features_corrected",,"descriptive",1000,"features","","simulation","C2_SELECTIVE_DRIFT","+ selective drift","SIM02"
"truth_metabolite_profile_icc_mean",0.619926550260899,"higher",1000,"ICC(A,1)","","simulation","C2_SELECTIVE_DRIFT","+ selective drift","SIM02"
"truth_sample_profile_pearson_mean",0.549242242723938,"higher",450,"correlation","","simulation","C2_SELECTIVE_DRIFT","+ selective drift","SIM02"
"truth_log1p_rmse",0.247122359746501,"lower",450000,"log1p intensity","","simulation","C2_SELECTIVE_DRIFT","+ selective drift","SIM02"
"heldout_qc_cv_mean",9.07508252745347,"lower",1000,"percent","","simulation","C3_SELECTIVE_BATCH","+ selective batch","SIM02"
"heldout_qc_cv_sd",6.48452734741862,"lower",1000,"percent","","simulation","C3_SELECTIVE_BATCH","+ selective batch","SIM02"
"heldout_qc_cv_median",7.90456466013854,"lower",1000,"percent","","simulation","C3_SELECTIVE_BATCH","+ selective batch","SIM02"
"residual_run_order_gam_mean_deviance",0.0212481157679079,"lower",5000,"proportion","","simulation","C3_SELECTIVE_BATCH","+ selective batch","SIM02"
"residual_run_order_gam_sd_deviance",0.0357260252741812,"lower",5000,"proportion","","simulation","C3_SELECTIVE_BATCH","+ selective batch","SIM02"
"residual_ljung_box_proportion_significant",0.0048,"lower",5000,"proportion","","simulation","C3_SELECTIVE_BATCH","+ selective batch","SIM02"
"batch_weighted_pc_r2_categorical",0.001197727771555,"lower",450,"weighted R-squared","Batch is explicitly categorical.","simulation","C3_SELECTIVE_BATCH","+ selective batch","SIM02"
"retained_features",1000,"higher",1000,"features","","simulation","C3_SELECTIVE_BATCH","+ selective batch","SIM02"
"retained_samples",500,"higher",500,"samples","","simulation","C3_SELECTIVE_BATCH","+ selective batch","SIM02"
"runtime_sec",6.898,"lower",1,"seconds","","simulation","C3_SELECTIVE_BATCH","+ selective batch","SIM02"
"drift_profiles_corrected",1459,"descriptive",5000,"profiles","","simulation","C3_SELECTIVE_BATCH","+ selective batch","SIM02"
"drift_features_corrected",649,"descriptive",1000,"features","","simulation","C3_SELECTIVE_BATCH","+ selective batch","SIM02"
"batch_features_corrected",705,"descriptive",1000,"features","","simulation","C3_SELECTIVE_BATCH","+ selective batch","SIM02"
"truth_metabolite_profile_icc_mean",0.918354596640287,"higher",1000,"ICC(A,1)","","simulation","C3_SELECTIVE_BATCH","+ selective batch","SIM02"
"truth_sample_profile_pearson_mean",0.919321372489288,"higher",450,"correlation","","simulation","C3_SELECTIVE_BATCH","+ selective batch","SIM02"
"truth_log1p_rmse",0.0742379736378133,"lower",450000,"log1p intensity","","simulation","C3_SELECTIVE_BATCH","+ selective batch","SIM02"
"heldout_qc_cv_mean",9.07845073787309,"lower",1000,"percent","","simulation","C4_FULL_FIXED","+ PQN","SIM02"
"heldout_qc_cv_sd",6.4793982504466,"lower",1000,"percent","","simulation","C4_FULL_FIXED","+ PQN","SIM02"
"heldout_qc_cv_median",7.89900176445446,"lower",1000,"percent","","simulation","C4_FULL_FIXED","+ PQN","SIM02"
"residual_run_order_gam_mean_deviance",0.021266909450256,"lower",5000,"proportion","","simulation","C4_FULL_FIXED","+ PQN","SIM02"
"residual_run_order_gam_sd_deviance",0.0357473049258887,"lower",5000,"proportion","","simulation","C4_FULL_FIXED","+ PQN","SIM02"
"residual_ljung_box_proportion_significant",0.0044,"lower",5000,"proportion","","simulation","C4_FULL_FIXED","+ PQN","SIM02"
"batch_weighted_pc_r2_categorical",0.00120378704130995,"lower",450,"weighted R-squared","Batch is explicitly categorical.","simulation","C4_FULL_FIXED","+ PQN","SIM02"
"retained_features",1000,"higher",1000,"features","","simulation","C4_FULL_FIXED","+ PQN","SIM02"
"retained_samples",500,"higher",500,"samples","","simulation","C4_FULL_FIXED","+ PQN","SIM02"
"runtime_sec",7.471,"lower",1,"seconds","","simulation","C4_FULL_FIXED","+ PQN","SIM02"
"drift_profiles_corrected",1459,"descriptive",5000,"profiles","","simulation","C4_FULL_FIXED","+ PQN","SIM02"
"drift_features_corrected",649,"descriptive",1000,"features","","simulation","C4_FULL_FIXED","+ PQN","SIM02"
"batch_features_corrected",705,"descriptive",1000,"features","","simulation","C4_FULL_FIXED","+ PQN","SIM02"
"truth_metabolite_profile_icc_mean",0.91822667604616,"higher",1000,"ICC(A,1)","","simulation","C4_FULL_FIXED","+ PQN","SIM02"
"truth_sample_profile_pearson_mean",0.919320721321823,"higher",450,"correlation","","simulation","C4_FULL_FIXED","+ PQN","SIM02"
"truth_log1p_rmse",0.0742868926228712,"lower",450000,"log1p intensity","","simulation","C4_FULL_FIXED","+ PQN","SIM02"
"heldout_qc_cv_mean",9.07845073787309,"lower",1000,"percent","","simulation","G_SS","selective/selective","SIM02"
"heldout_qc_cv_sd",6.4793982504466,"lower",1000,"percent","","simulation","G_SS","selective/selective","SIM02"
"heldout_qc_cv_median",7.89900176445446,"lower",1000,"percent","","simulation","G_SS","selective/selective","SIM02"
"residual_run_order_gam_mean_deviance",0.021266909450256,"lower",5000,"proportion","","simulation","G_SS","selective/selective","SIM02"
"residual_run_order_gam_sd_deviance",0.0357473049258887,"lower",5000,"proportion","","simulation","G_SS","selective/selective","SIM02"
"residual_ljung_box_proportion_significant",0.0044,"lower",5000,"proportion","","simulation","G_SS","selective/selective","SIM02"
"batch_weighted_pc_r2_categorical",0.00120378704130995,"lower",450,"weighted R-squared","Batch is explicitly categorical.","simulation","G_SS","selective/selective","SIM02"
"retained_features",1000,"higher",1000,"features","","simulation","G_SS","selective/selective","SIM02"
"retained_samples",500,"higher",500,"samples","","simulation","G_SS","selective/selective","SIM02"
"runtime_sec",7.471,"lower",1,"seconds","","simulation","G_SS","selective/selective","SIM02"
"drift_profiles_corrected",1459,"descriptive",5000,"profiles","","simulation","G_SS","selective/selective","SIM02"
"drift_features_corrected",649,"descriptive",1000,"features","","simulation","G_SS","selective/selective","SIM02"
"batch_features_corrected",705,"descriptive",1000,"features","","simulation","G_SS","selective/selective","SIM02"
"truth_metabolite_profile_icc_mean",0.91822667604616,"higher",1000,"ICC(A,1)","","simulation","G_SS","selective/selective","SIM02"
"truth_sample_profile_pearson_mean",0.919320721321823,"higher",450,"correlation","","simulation","G_SS","selective/selective","SIM02"
"truth_log1p_rmse",0.0742868926228712,"lower",450000,"log1p intensity","","simulation","G_SS","selective/selective","SIM02"
"heldout_qc_cv_mean",11.2116241957924,"lower",1000,"percent","","simulation","G_AS","all/selective","SIM02"
"heldout_qc_cv_sd",5.30415724485007,"lower",1000,"percent","","simulation","G_AS","all/selective","SIM02"
"heldout_qc_cv_median",10.0139258804884,"lower",1000,"percent","","simulation","G_AS","all/selective","SIM02"
"residual_run_order_gam_mean_deviance",0.000796650842314227,"lower",5000,"proportion","","simulation","G_AS","all/selective","SIM02"
"residual_run_order_gam_sd_deviance",0.00320857424567895,"lower",5000,"proportion","","simulation","G_AS","all/selective","SIM02"
"residual_ljung_box_proportion_significant",0.0122,"lower",5000,"proportion","","simulation","G_AS","all/selective","SIM02"
"batch_weighted_pc_r2_categorical",0.000938140453139789,"lower",450,"weighted R-squared","Batch is explicitly categorical.","simulation","G_AS","all/selective","SIM02"
"retained_features",1000,"higher",1000,"features","","simulation","G_AS","all/selective","SIM02"
"retained_samples",500,"higher",500,"samples","","simulation","G_AS","all/selective","SIM02"
"runtime_sec",15.274,"lower",1,"seconds","","simulation","G_AS","all/selective","SIM02"
"drift_profiles_corrected",5000,"descriptive",5000,"profiles","","simulation","G_AS","all/selective","SIM02"
"drift_features_corrected",1000,"descriptive",1000,"features","","simulation","G_AS","all/selective","SIM02"
"batch_features_corrected",707,"descriptive",1000,"features","","simulation","G_AS","all/selective","SIM02"
"truth_metabolite_profile_icc_mean",0.906204605289765,"higher",1000,"ICC(A,1)","","simulation","G_AS","all/selective","SIM02"
"truth_sample_profile_pearson_mean",0.907991036663766,"higher",450,"correlation","","simulation","G_AS","all/selective","SIM02"
"truth_log1p_rmse",0.0780582246323974,"lower",450000,"log1p intensity","","simulation","G_AS","all/selective","SIM02"
"heldout_qc_cv_mean",9.43297457426579,"lower",1000,"percent","","simulation","G_SA","selective/all","SIM02"
"heldout_qc_cv_sd",6.17139425215163,"lower",1000,"percent","","simulation","G_SA","selective/all","SIM02"
"heldout_qc_cv_median",8.02455778757135,"lower",1000,"percent","","simulation","G_SA","selective/all","SIM02"
"residual_run_order_gam_mean_deviance",0.0212577725468103,"lower",5000,"proportion","","simulation","G_SA","selective/all","SIM02"
"residual_run_order_gam_sd_deviance",0.0357384078257813,"lower",5000,"proportion","","simulation","G_SA","selective/all","SIM02"
"residual_ljung_box_proportion_significant",0.0044,"lower",5000,"proportion","","simulation","G_SA","selective/all","SIM02"
"batch_weighted_pc_r2_categorical",0.00018917184049508,"lower",450,"weighted R-squared","Batch is explicitly categorical.","simulation","G_SA","selective/all","SIM02"
"retained_features",1000,"higher",1000,"features","","simulation","G_SA","selective/all","SIM02"
"retained_samples",500,"higher",500,"samples","","simulation","G_SA","selective/all","SIM02"
"runtime_sec",6.97,"lower",1,"seconds","","simulation","G_SA","selective/all","SIM02"
"drift_profiles_corrected",1459,"descriptive",5000,"profiles","","simulation","G_SA","selective/all","SIM02"
"drift_features_corrected",649,"descriptive",1000,"features","","simulation","G_SA","selective/all","SIM02"
"batch_features_corrected",1000,"descriptive",1000,"features","","simulation","G_SA","selective/all","SIM02"
"truth_metabolite_profile_icc_mean",0.917257452150145,"higher",1000,"ICC(A,1)","","simulation","G_SA","selective/all","SIM02"
"truth_sample_profile_pearson_mean",0.918328080798937,"higher",450,"correlation","","simulation","G_SA","selective/all","SIM02"
"truth_log1p_rmse",0.0746723272808705,"lower",450000,"log1p intensity","","simulation","G_SA","selective/all","SIM02"
"heldout_qc_cv_mean",11.3428163532053,"lower",1000,"percent","","simulation","G_AA","all/all","SIM02"
"heldout_qc_cv_sd",5.29154343576131,"lower",1000,"percent","","simulation","G_AA","all/all","SIM02"
"heldout_qc_cv_median",10.3215187837184,"lower",1000,"percent","","simulation","G_AA","all/all","SIM02"
"residual_run_order_gam_mean_deviance",0.000797449033982749,"lower",5000,"proportion","","simulation","G_AA","all/all","SIM02"
"residual_run_order_gam_sd_deviance",0.00320930990044767,"lower",5000,"proportion","","simulation","G_AA","all/all","SIM02"
"residual_ljung_box_proportion_significant",0.0122,"lower",5000,"proportion","","simulation","G_AA","all/all","SIM02"
"batch_weighted_pc_r2_categorical",0.000121105245101806,"lower",450,"weighted R-squared","Batch is explicitly categorical.","simulation","G_AA","all/all","SIM02"
"retained_features",1000,"higher",1000,"features","","simulation","G_AA","all/all","SIM02"
"retained_samples",500,"higher",500,"samples","","simulation","G_AA","all/all","SIM02"
"runtime_sec",15.722,"lower",1,"seconds","","simulation","G_AA","all/all","SIM02"
"drift_profiles_corrected",5000,"descriptive",5000,"profiles","","simulation","G_AA","all/all","SIM02"
"drift_features_corrected",1000,"descriptive",1000,"features","","simulation","G_AA","all/all","SIM02"
"batch_features_corrected",1000,"descriptive",1000,"features","","simulation","G_AA","all/all","SIM02"
"truth_metabolite_profile_icc_mean",0.90524028844811,"higher",1000,"ICC(A,1)","","simulation","G_AA","all/all","SIM02"
"truth_sample_profile_pearson_mean",0.907011343525634,"higher",450,"correlation","","simulation","G_AA","all/all","SIM02"
"truth_log1p_rmse",0.0784032483228111,"lower",450000,"log1p intensity","","simulation","G_AA","all/all","SIM02"
"heldout_qc_cv_mean",45.3978250493888,"lower",1000,"percent","","simulation","C0_RAW","Raw","SIM03"
"heldout_qc_cv_sd",32.4350416307392,"lower",1000,"percent","","simulation","C0_RAW","Raw","SIM03"
"heldout_qc_cv_median",43.8324936074846,"lower",1000,"percent","","simulation","C0_RAW","Raw","SIM03"
"residual_run_order_gam_mean_deviance",0.127101627479104,"lower",5000,"proportion","","simulation","C0_RAW","Raw","SIM03"
"residual_run_order_gam_sd_deviance",0.195972995897499,"lower",5000,"proportion","","simulation","C0_RAW","Raw","SIM03"
"residual_ljung_box_proportion_significant",0.2444,"lower",5000,"proportion","","simulation","C0_RAW","Raw","SIM03"
"batch_weighted_pc_r2_categorical",0.962280227771194,"lower",450,"weighted R-squared","Batch is explicitly categorical.","simulation","C0_RAW","Raw","SIM03"
"retained_features",1000,"higher",1000,"features","","simulation","C0_RAW","Raw","SIM03"
"retained_samples",500,"higher",500,"samples","","simulation","C0_RAW","Raw","SIM03"
"runtime_sec",0,"lower",1,"seconds","","simulation","C0_RAW","Raw","SIM03"
"drift_profiles_corrected",,"descriptive",5000,"profiles","","simulation","C0_RAW","Raw","SIM03"
"drift_features_corrected",,"descriptive",1000,"features","","simulation","C0_RAW","Raw","SIM03"
"batch_features_corrected",,"descriptive",1000,"features","","simulation","C0_RAW","Raw","SIM03"
"truth_metabolite_profile_icc_mean",0.589126836225825,"higher",1000,"ICC(A,1)","","simulation","C0_RAW","Raw","SIM03"
"truth_sample_profile_pearson_mean",0.513319176839328,"higher",450,"correlation","","simulation","C0_RAW","Raw","SIM03"
"truth_log1p_rmse",0.296671614858162,"lower",450000,"log1p intensity","","simulation","C0_RAW","Raw","SIM03"
"heldout_qc_cv_mean",41.8817070140062,"lower",1000,"percent","","simulation","C1_OUTLIER","Outlier","SIM03"
"heldout_qc_cv_sd",26.9233774867271,"lower",1000,"percent","","simulation","C1_OUTLIER","Outlier","SIM03"
"heldout_qc_cv_median",42.9295894554209,"lower",1000,"percent","","simulation","C1_OUTLIER","Outlier","SIM03"
"residual_run_order_gam_mean_deviance",0.127458299379363,"lower",5000,"proportion","","simulation","C1_OUTLIER","Outlier","SIM03"
"residual_run_order_gam_sd_deviance",0.197549614528938,"lower",5000,"proportion","","simulation","C1_OUTLIER","Outlier","SIM03"
"residual_ljung_box_proportion_significant",0.2424,"lower",5000,"proportion","","simulation","C1_OUTLIER","Outlier","SIM03"
"batch_weighted_pc_r2_categorical",0.963277839643851,"lower",450,"weighted R-squared","Batch is explicitly categorical.","simulation","C1_OUTLIER","Outlier","SIM03"
"retained_features",1000,"higher",1000,"features","","simulation","C1_OUTLIER","Outlier","SIM03"
"retained_samples",500,"higher",500,"samples","","simulation","C1_OUTLIER","Outlier","SIM03"
"runtime_sec",0.256,"lower",1,"seconds","","simulation","C1_OUTLIER","Outlier","SIM03"
"drift_profiles_corrected",,"descriptive",5000,"profiles","","simulation","C1_OUTLIER","Outlier","SIM03"
"drift_features_corrected",,"descriptive",1000,"features","","simulation","C1_OUTLIER","Outlier","SIM03"
"batch_features_corrected",,"descriptive",1000,"features","","simulation","C1_OUTLIER","Outlier","SIM03"
"truth_metabolite_profile_icc_mean",0.596680981153466,"higher",1000,"ICC(A,1)","","simulation","C1_OUTLIER","Outlier","SIM03"
"truth_sample_profile_pearson_mean",0.541613506751959,"higher",450,"correlation","","simulation","C1_OUTLIER","Outlier","SIM03"
"truth_log1p_rmse",0.2557228483617,"lower",450000,"log1p intensity","","simulation","C1_OUTLIER","Outlier","SIM03"
"heldout_qc_cv_mean",38.1796996176649,"lower",1000,"percent","","simulation","C2_SELECTIVE_DRIFT","+ selective drift","SIM03"
"heldout_qc_cv_sd",27.7488914193389,"lower",1000,"percent","","simulation","C2_SELECTIVE_DRIFT","+ selective drift","SIM03"
"heldout_qc_cv_median",40.1224675860563,"lower",1000,"percent","","simulation","C2_SELECTIVE_DRIFT","+ selective drift","SIM03"
"residual_run_order_gam_mean_deviance",0.0213022966505099,"lower",5000,"proportion","","simulation","C2_SELECTIVE_DRIFT","+ selective drift","SIM03"
"residual_run_order_gam_sd_deviance",0.0345896286448126,"lower",5000,"proportion","","simulation","C2_SELECTIVE_DRIFT","+ selective drift","SIM03"
"residual_ljung_box_proportion_significant",0.007,"lower",5000,"proportion","","simulation","C2_SELECTIVE_DRIFT","+ selective drift","SIM03"
"batch_weighted_pc_r2_categorical",0.988628280313025,"lower",450,"weighted R-squared","Batch is explicitly categorical.","simulation","C2_SELECTIVE_DRIFT","+ selective drift","SIM03"
"retained_features",1000,"higher",1000,"features","","simulation","C2_SELECTIVE_DRIFT","+ selective drift","SIM03"
"retained_samples",500,"higher",500,"samples","","simulation","C2_SELECTIVE_DRIFT","+ selective drift","SIM03"
"runtime_sec",5.255,"lower",1,"seconds","","simulation","C2_SELECTIVE_DRIFT","+ selective drift","SIM03"
"drift_profiles_corrected",1406,"descriptive",5000,"profiles","","simulation","C2_SELECTIVE_DRIFT","+ selective drift","SIM03"
"drift_features_corrected",641,"descriptive",1000,"features","","simulation","C2_SELECTIVE_DRIFT","+ selective drift","SIM03"
"batch_features_corrected",,"descriptive",1000,"features","","simulation","C2_SELECTIVE_DRIFT","+ selective drift","SIM03"
"truth_metabolite_profile_icc_mean",0.632496052933253,"higher",1000,"ICC(A,1)","","simulation","C2_SELECTIVE_DRIFT","+ selective drift","SIM03"
"truth_sample_profile_pearson_mean",0.552679346958849,"higher",450,"correlation","","simulation","C2_SELECTIVE_DRIFT","+ selective drift","SIM03"
"truth_log1p_rmse",0.244389359267828,"lower",450000,"log1p intensity","","simulation","C2_SELECTIVE_DRIFT","+ selective drift","SIM03"
"heldout_qc_cv_mean",8.74467176482345,"lower",1000,"percent","","simulation","C3_SELECTIVE_BATCH","+ selective batch","SIM03"
"heldout_qc_cv_sd",6.39877497520399,"lower",1000,"percent","","simulation","C3_SELECTIVE_BATCH","+ selective batch","SIM03"
"heldout_qc_cv_median",8.03418621153419,"lower",1000,"percent","","simulation","C3_SELECTIVE_BATCH","+ selective batch","SIM03"
"residual_run_order_gam_mean_deviance",0.0213022966505099,"lower",5000,"proportion","","simulation","C3_SELECTIVE_BATCH","+ selective batch","SIM03"
"residual_run_order_gam_sd_deviance",0.0345896286448126,"lower",5000,"proportion","","simulation","C3_SELECTIVE_BATCH","+ selective batch","SIM03"
"residual_ljung_box_proportion_significant",0.007,"lower",5000,"proportion","","simulation","C3_SELECTIVE_BATCH","+ selective batch","SIM03"
"batch_weighted_pc_r2_categorical",0.000694872302359098,"lower",450,"weighted R-squared","Batch is explicitly categorical.","simulation","C3_SELECTIVE_BATCH","+ selective batch","SIM03"
"retained_features",1000,"higher",1000,"features","","simulation","C3_SELECTIVE_BATCH","+ selective batch","SIM03"
"retained_samples",500,"higher",500,"samples","","simulation","C3_SELECTIVE_BATCH","+ selective batch","SIM03"
"runtime_sec",6.797,"lower",1,"seconds","","simulation","C3_SELECTIVE_BATCH","+ selective batch","SIM03"
"drift_profiles_corrected",1406,"descriptive",5000,"profiles","","simulation","C3_SELECTIVE_BATCH","+ selective batch","SIM03"
"drift_features_corrected",641,"descriptive",1000,"features","","simulation","C3_SELECTIVE_BATCH","+ selective batch","SIM03"
"batch_features_corrected",692,"descriptive",1000,"features","","simulation","C3_SELECTIVE_BATCH","+ selective batch","SIM03"
"truth_metabolite_profile_icc_mean",0.922046752581547,"higher",1000,"ICC(A,1)","","simulation","C3_SELECTIVE_BATCH","+ selective batch","SIM03"
"truth_sample_profile_pearson_mean",0.920878145989864,"higher",450,"correlation","","simulation","C3_SELECTIVE_BATCH","+ selective batch","SIM03"
"truth_log1p_rmse",0.0731292683538744,"lower",450000,"log1p intensity","","simulation","C3_SELECTIVE_BATCH","+ selective batch","SIM03"
"heldout_qc_cv_mean",8.74467176482345,"lower",1000,"percent","","simulation","C4_FULL_FIXED","+ PQN","SIM03"
"heldout_qc_cv_sd",6.39877497520399,"lower",1000,"percent","","simulation","C4_FULL_FIXED","+ PQN","SIM03"
"heldout_qc_cv_median",8.03418621153419,"lower",1000,"percent","","simulation","C4_FULL_FIXED","+ PQN","SIM03"
"residual_run_order_gam_mean_deviance",0.0213438612364564,"lower",5000,"proportion","","simulation","C4_FULL_FIXED","+ PQN","SIM03"
"residual_run_order_gam_sd_deviance",0.0346228532488215,"lower",5000,"proportion","","simulation","C4_FULL_FIXED","+ PQN","SIM03"
"residual_ljung_box_proportion_significant",0.007,"lower",5000,"proportion","","simulation","C4_FULL_FIXED","+ PQN","SIM03"
"batch_weighted_pc_r2_categorical",0.00068104865188373,"lower",450,"weighted R-squared","Batch is explicitly categorical.","simulation","C4_FULL_FIXED","+ PQN","SIM03"
"retained_features",1000,"higher",1000,"features","","simulation","C4_FULL_FIXED","+ PQN","SIM03"
"retained_samples",500,"higher",500,"samples","","simulation","C4_FULL_FIXED","+ PQN","SIM03"
"runtime_sec",7.364,"lower",1,"seconds","","simulation","C4_FULL_FIXED","+ PQN","SIM03"
"drift_profiles_corrected",1406,"descriptive",5000,"profiles","","simulation","C4_FULL_FIXED","+ PQN","SIM03"
"drift_features_corrected",641,"descriptive",1000,"features","","simulation","C4_FULL_FIXED","+ PQN","SIM03"
"batch_features_corrected",692,"descriptive",1000,"features","","simulation","C4_FULL_FIXED","+ PQN","SIM03"
"truth_metabolite_profile_icc_mean",0.92196663424219,"higher",1000,"ICC(A,1)","","simulation","C4_FULL_FIXED","+ PQN","SIM03"
"truth_sample_profile_pearson_mean",0.920878251094504,"higher",450,"correlation","","simulation","C4_FULL_FIXED","+ PQN","SIM03"
"truth_log1p_rmse",0.0731452104192044,"lower",450000,"log1p intensity","","simulation","C4_FULL_FIXED","+ PQN","SIM03"
"heldout_qc_cv_mean",8.74467176482345,"lower",1000,"percent","","simulation","G_SS","selective/selective","SIM03"
"heldout_qc_cv_sd",6.39877497520399,"lower",1000,"percent","","simulation","G_SS","selective/selective","SIM03"
"heldout_qc_cv_median",8.03418621153419,"lower",1000,"percent","","simulation","G_SS","selective/selective","SIM03"
"residual_run_order_gam_mean_deviance",0.0213438612364564,"lower",5000,"proportion","","simulation","G_SS","selective/selective","SIM03"
"residual_run_order_gam_sd_deviance",0.0346228532488215,"lower",5000,"proportion","","simulation","G_SS","selective/selective","SIM03"
"residual_ljung_box_proportion_significant",0.007,"lower",5000,"proportion","","simulation","G_SS","selective/selective","SIM03"
"batch_weighted_pc_r2_categorical",0.00068104865188373,"lower",450,"weighted R-squared","Batch is explicitly categorical.","simulation","G_SS","selective/selective","SIM03"
"retained_features",1000,"higher",1000,"features","","simulation","G_SS","selective/selective","SIM03"
"retained_samples",500,"higher",500,"samples","","simulation","G_SS","selective/selective","SIM03"
"runtime_sec",7.364,"lower",1,"seconds","","simulation","G_SS","selective/selective","SIM03"
"drift_profiles_corrected",1406,"descriptive",5000,"profiles","","simulation","G_SS","selective/selective","SIM03"
"drift_features_corrected",641,"descriptive",1000,"features","","simulation","G_SS","selective/selective","SIM03"
"batch_features_corrected",692,"descriptive",1000,"features","","simulation","G_SS","selective/selective","SIM03"
"truth_metabolite_profile_icc_mean",0.92196663424219,"higher",1000,"ICC(A,1)","","simulation","G_SS","selective/selective","SIM03"
"truth_sample_profile_pearson_mean",0.920878251094504,"higher",450,"correlation","","simulation","G_SS","selective/selective","SIM03"
"truth_log1p_rmse",0.0731452104192044,"lower",450000,"log1p intensity","","simulation","G_SS","selective/selective","SIM03"
"heldout_qc_cv_mean",11.1983730965468,"lower",1000,"percent","","simulation","G_AS","all/selective","SIM03"
"heldout_qc_cv_sd",5.25767374385642,"lower",1000,"percent","","simulation","G_AS","all/selective","SIM03"
"heldout_qc_cv_median",10.1081043807533,"lower",1000,"percent","","simulation","G_AS","all/selective","SIM03"
"residual_run_order_gam_mean_deviance",0.00075861883767736,"lower",5000,"proportion","","simulation","G_AS","all/selective","SIM03"
"residual_run_order_gam_sd_deviance",0.00206299242900785,"lower",5000,"proportion","","simulation","G_AS","all/selective","SIM03"
"residual_ljung_box_proportion_significant",0.0142,"lower",5000,"proportion","","simulation","G_AS","all/selective","SIM03"
"batch_weighted_pc_r2_categorical",0.000950419971564147,"lower",450,"weighted R-squared","Batch is explicitly categorical.","simulation","G_AS","all/selective","SIM03"
"retained_features",1000,"higher",1000,"features","","simulation","G_AS","all/selective","SIM03"
"retained_samples",500,"higher",500,"samples","","simulation","G_AS","all/selective","SIM03"
"runtime_sec",15.397,"lower",1,"seconds","","simulation","G_AS","all/selective","SIM03"
"drift_profiles_corrected",5000,"descriptive",5000,"profiles","","simulation","G_AS","all/selective","SIM03"
"drift_features_corrected",1000,"descriptive",1000,"features","","simulation","G_AS","all/selective","SIM03"
"batch_features_corrected",692,"descriptive",1000,"features","","simulation","G_AS","all/selective","SIM03"
"truth_metabolite_profile_icc_mean",0.909426822232142,"higher",1000,"ICC(A,1)","","simulation","G_AS","all/selective","SIM03"
"truth_sample_profile_pearson_mean",0.909048337411183,"higher",450,"correlation","","simulation","G_AS","all/selective","SIM03"
"truth_log1p_rmse",0.0771751126475367,"lower",450000,"log1p intensity","","simulation","G_AS","all/selective","SIM03"
"heldout_qc_cv_mean",9.14630345837142,"lower",1000,"percent","","simulation","G_SA","selective/all","SIM03"
"heldout_qc_cv_sd",5.96477613856288,"lower",1000,"percent","","simulation","G_SA","selective/all","SIM03"
"heldout_qc_cv_median",8.07640704634819,"lower",1000,"percent","","simulation","G_SA","selective/all","SIM03"
"residual_run_order_gam_mean_deviance",0.021339121756111,"lower",5000,"proportion","","simulation","G_SA","selective/all","SIM03"
"residual_run_order_gam_sd_deviance",0.0346246490073996,"lower",5000,"proportion","","simulation","G_SA","selective/all","SIM03"
"residual_ljung_box_proportion_significant",0.007,"lower",5000,"proportion","","simulation","G_SA","selective/all","SIM03"
"batch_weighted_pc_r2_categorical",4.57133167911249e-05,"lower",450,"weighted R-squared","Batch is explicitly categorical.","simulation","G_SA","selective/all","SIM03"
"retained_features",1000,"higher",1000,"features","","simulation","G_SA","selective/all","SIM03"
"retained_samples",500,"higher",500,"samples","","simulation","G_SA","selective/all","SIM03"
"runtime_sec",6.878,"lower",1,"seconds","","simulation","G_SA","selective/all","SIM03"
"drift_profiles_corrected",1406,"descriptive",5000,"profiles","","simulation","G_SA","selective/all","SIM03"
"drift_features_corrected",641,"descriptive",1000,"features","","simulation","G_SA","selective/all","SIM03"
"batch_features_corrected",1000,"descriptive",1000,"features","","simulation","G_SA","selective/all","SIM03"
"truth_metabolite_profile_icc_mean",0.921024450232845,"higher",1000,"ICC(A,1)","","simulation","G_SA","selective/all","SIM03"
"truth_sample_profile_pearson_mean",0.919906025120044,"higher",450,"correlation","","simulation","G_SA","selective/all","SIM03"
"truth_log1p_rmse",0.073521168496006,"lower",450000,"log1p intensity","","simulation","G_SA","selective/all","SIM03"
"heldout_qc_cv_mean",11.2986634180329,"lower",1000,"percent","","simulation","G_AA","all/all","SIM03"
"heldout_qc_cv_sd",5.19866371678686,"lower",1000,"percent","","simulation","G_AA","all/all","SIM03"
"heldout_qc_cv_median",10.286552859295,"lower",1000,"percent","","simulation","G_AA","all/all","SIM03"
"residual_run_order_gam_mean_deviance",0.000757167471504539,"lower",5000,"proportion","","simulation","G_AA","all/all","SIM03"
"residual_run_order_gam_sd_deviance",0.00206601120345065,"lower",5000,"proportion","","simulation","G_AA","all/all","SIM03"
"residual_ljung_box_proportion_significant",0.0142,"lower",5000,"proportion","","simulation","G_AA","all/all","SIM03"
"batch_weighted_pc_r2_categorical",5.88808133361638e-05,"lower",450,"weighted R-squared","Batch is explicitly categorical.","simulation","G_AA","all/all","SIM03"
"retained_features",1000,"higher",1000,"features","","simulation","G_AA","all/all","SIM03"
"retained_samples",500,"higher",500,"samples","","simulation","G_AA","all/all","SIM03"
"runtime_sec",15.826,"lower",1,"seconds","","simulation","G_AA","all/all","SIM03"
"drift_profiles_corrected",5000,"descriptive",5000,"profiles","","simulation","G_AA","all/all","SIM03"
"drift_features_corrected",1000,"descriptive",1000,"features","","simulation","G_AA","all/all","SIM03"
"batch_features_corrected",1000,"descriptive",1000,"features","","simulation","G_AA","all/all","SIM03"
"truth_metabolite_profile_icc_mean",0.908459052801652,"higher",1000,"ICC(A,1)","","simulation","G_AA","all/all","SIM03"
"truth_sample_profile_pearson_mean",0.908065639714874,"higher",450,"correlation","","simulation","G_AA","all/all","SIM03"
"truth_log1p_rmse",0.0775192833097724,"lower",450000,"log1p intensity","","simulation","G_AA","all/all","SIM03"
"heldout_qc_cv_mean",44.4829301439678,"lower",1000,"percent","","simulation","C0_RAW","Raw","SIM04"
"heldout_qc_cv_sd",30.1981686175231,"lower",1000,"percent","","simulation","C0_RAW","Raw","SIM04"
"heldout_qc_cv_median",43.0178459736734,"lower",1000,"percent","","simulation","C0_RAW","Raw","SIM04"
"residual_run_order_gam_mean_deviance",0.128999212207027,"lower",5000,"proportion","","simulation","C0_RAW","Raw","SIM04"
"residual_run_order_gam_sd_deviance",0.196120206114209,"lower",5000,"proportion","","simulation","C0_RAW","Raw","SIM04"
"residual_ljung_box_proportion_significant",0.2542,"lower",5000,"proportion","","simulation","C0_RAW","Raw","SIM04"
"batch_weighted_pc_r2_categorical",0.963672277422109,"lower",450,"weighted R-squared","Batch is explicitly categorical.","simulation","C0_RAW","Raw","SIM04"
"retained_features",1000,"higher",1000,"features","","simulation","C0_RAW","Raw","SIM04"
"retained_samples",500,"higher",500,"samples","","simulation","C0_RAW","Raw","SIM04"
"runtime_sec",0,"lower",1,"seconds","","simulation","C0_RAW","Raw","SIM04"
"drift_profiles_corrected",,"descriptive",5000,"profiles","","simulation","C0_RAW","Raw","SIM04"
"drift_features_corrected",,"descriptive",1000,"features","","simulation","C0_RAW","Raw","SIM04"
"batch_features_corrected",,"descriptive",1000,"features","","simulation","C0_RAW","Raw","SIM04"
"truth_metabolite_profile_icc_mean",0.583460354029746,"higher",1000,"ICC(A,1)","","simulation","C0_RAW","Raw","SIM04"
"truth_sample_profile_pearson_mean",0.527958759118997,"higher",450,"correlation","","simulation","C0_RAW","Raw","SIM04"
"truth_log1p_rmse",0.28712493486875,"lower",450000,"log1p intensity","","simulation","C0_RAW","Raw","SIM04"
"heldout_qc_cv_mean",41.6432743535276,"lower",1000,"percent","","simulation","C1_OUTLIER","Outlier","SIM04"
"heldout_qc_cv_sd",25.3022466030015,"lower",1000,"percent","","simulation","C1_OUTLIER","Outlier","SIM04"
"heldout_qc_cv_median",42.2172499255813,"lower",1000,"percent","","simulation","C1_OUTLIER","Outlier","SIM04"
"residual_run_order_gam_mean_deviance",0.129392930376925,"lower",5000,"proportion","","simulation","C1_OUTLIER","Outlier","SIM04"
"residual_run_order_gam_sd_deviance",0.197518263111437,"lower",5000,"proportion","","simulation","C1_OUTLIER","Outlier","SIM04"
"residual_ljung_box_proportion_significant",0.251,"lower",5000,"proportion","","simulation","C1_OUTLIER","Outlier","SIM04"
"batch_weighted_pc_r2_categorical",0.964586366202905,"lower",450,"weighted R-squared","Batch is explicitly categorical.","simulation","C1_OUTLIER","Outlier","SIM04"
"retained_features",1000,"higher",1000,"features","","simulation","C1_OUTLIER","Outlier","SIM04"
"retained_samples",500,"higher",500,"samples","","simulation","C1_OUTLIER","Outlier","SIM04"
"runtime_sec",0.226,"lower",1,"seconds","","simulation","C1_OUTLIER","Outlier","SIM04"
"drift_profiles_corrected",,"descriptive",5000,"profiles","","simulation","C1_OUTLIER","Outlier","SIM04"
"drift_features_corrected",,"descriptive",1000,"features","","simulation","C1_OUTLIER","Outlier","SIM04"
"batch_features_corrected",,"descriptive",1000,"features","","simulation","C1_OUTLIER","Outlier","SIM04"
"truth_metabolite_profile_icc_mean",0.589272574579495,"higher",1000,"ICC(A,1)","","simulation","C1_OUTLIER","Outlier","SIM04"
"truth_sample_profile_pearson_mean",0.551512740230193,"higher",450,"correlation","","simulation","C1_OUTLIER","Outlier","SIM04"
"truth_log1p_rmse",0.252013246118387,"lower",450000,"log1p intensity","","simulation","C1_OUTLIER","Outlier","SIM04"
"heldout_qc_cv_mean",38.112285674881,"lower",1000,"percent","","simulation","C2_SELECTIVE_DRIFT","+ selective drift","SIM04"
"heldout_qc_cv_sd",26.3646112462603,"lower",1000,"percent","","simulation","C2_SELECTIVE_DRIFT","+ selective drift","SIM04"
"heldout_qc_cv_median",40.7197546195837,"lower",1000,"percent","","simulation","C2_SELECTIVE_DRIFT","+ selective drift","SIM04"
"residual_run_order_gam_mean_deviance",0.0205446862144894,"lower",5000,"proportion","","simulation","C2_SELECTIVE_DRIFT","+ selective drift","SIM04"
"residual_run_order_gam_sd_deviance",0.0344801567524678,"lower",5000,"proportion","","simulation","C2_SELECTIVE_DRIFT","+ selective drift","SIM04"
"residual_ljung_box_proportion_significant",0.008,"lower",5000,"proportion","","simulation","C2_SELECTIVE_DRIFT","+ selective drift","SIM04"
"batch_weighted_pc_r2_categorical",0.988645069427629,"lower",450,"weighted R-squared","Batch is explicitly categorical.","simulation","C2_SELECTIVE_DRIFT","+ selective drift","SIM04"
"retained_features",1000,"higher",1000,"features","","simulation","C2_SELECTIVE_DRIFT","+ selective drift","SIM04"
"retained_samples",500,"higher",500,"samples","","simulation","C2_SELECTIVE_DRIFT","+ selective drift","SIM04"
"runtime_sec",5.123,"lower",1,"seconds","","simulation","C2_SELECTIVE_DRIFT","+ selective drift","SIM04"
"drift_profiles_corrected",1472,"descriptive",5000,"profiles","","simulation","C2_SELECTIVE_DRIFT","+ selective drift","SIM04"
"drift_features_corrected",665,"descriptive",1000,"features","","simulation","C2_SELECTIVE_DRIFT","+ selective drift","SIM04"
"batch_features_corrected",,"descriptive",1000,"features","","simulation","C2_SELECTIVE_DRIFT","+ selective drift","SIM04"
"truth_metabolite_profile_icc_mean",0.625154637434923,"higher",1000,"ICC(A,1)","","simulation","C2_SELECTIVE_DRIFT","+ selective drift","SIM04"
"truth_sample_profile_pearson_mean",0.563585176129012,"higher",450,"correlation","","simulation","C2_SELECTIVE_DRIFT","+ selective drift","SIM04"
"truth_log1p_rmse",0.240136588685245,"lower",450000,"log1p intensity","","simulation","C2_SELECTIVE_DRIFT","+ selective drift","SIM04"
"heldout_qc_cv_mean",8.66243326850821,"lower",1000,"percent","","simulation","C3_SELECTIVE_BATCH","+ selective batch","SIM04"
"heldout_qc_cv_sd",6.0423678631643,"lower",1000,"percent","","simulation","C3_SELECTIVE_BATCH","+ selective batch","SIM04"
"heldout_qc_cv_median",7.71947677044646,"lower",1000,"percent","","simulation","C3_SELECTIVE_BATCH","+ selective batch","SIM04"
"residual_run_order_gam_mean_deviance",0.0205446862144895,"lower",5000,"proportion","","simulation","C3_SELECTIVE_BATCH","+ selective batch","SIM04"
"residual_run_order_gam_sd_deviance",0.0344801567524678,"lower",5000,"proportion","","simulation","C3_SELECTIVE_BATCH","+ selective batch","SIM04"
"residual_ljung_box_proportion_significant",0.008,"lower",5000,"proportion","","simulation","C3_SELECTIVE_BATCH","+ selective batch","SIM04"
"batch_weighted_pc_r2_categorical",0.000897261273698356,"lower",450,"weighted R-squared","Batch is explicitly categorical.","simulation","C3_SELECTIVE_BATCH","+ selective batch","SIM04"
"retained_features",1000,"higher",1000,"features","","simulation","C3_SELECTIVE_BATCH","+ selective batch","SIM04"
"retained_samples",500,"higher",500,"samples","","simulation","C3_SELECTIVE_BATCH","+ selective batch","SIM04"
"runtime_sec",6.556,"lower",1,"seconds","","simulation","C3_SELECTIVE_BATCH","+ selective batch","SIM04"
"drift_profiles_corrected",1472,"descriptive",5000,"profiles","","simulation","C3_SELECTIVE_BATCH","+ selective batch","SIM04"
"drift_features_corrected",665,"descriptive",1000,"features","","simulation","C3_SELECTIVE_BATCH","+ selective batch","SIM04"
"batch_features_corrected",716,"descriptive",1000,"features","","simulation","C3_SELECTIVE_BATCH","+ selective batch","SIM04"
"truth_metabolite_profile_icc_mean",0.922430914558266,"higher",1000,"ICC(A,1)","","simulation","C3_SELECTIVE_BATCH","+ selective batch","SIM04"
"truth_sample_profile_pearson_mean",0.927334951644991,"higher",450,"correlation","","simulation","C3_SELECTIVE_BATCH","+ selective batch","SIM04"
"truth_log1p_rmse",0.0709449116611078,"lower",450000,"log1p intensity","","simulation","C3_SELECTIVE_BATCH","+ selective batch","SIM04"
"heldout_qc_cv_mean",8.66243326850821,"lower",1000,"percent","","simulation","C4_FULL_FIXED","+ PQN","SIM04"
"heldout_qc_cv_sd",6.0423678631643,"lower",1000,"percent","","simulation","C4_FULL_FIXED","+ PQN","SIM04"
"heldout_qc_cv_median",7.71947677044646,"lower",1000,"percent","","simulation","C4_FULL_FIXED","+ PQN","SIM04"
"residual_run_order_gam_mean_deviance",0.0204872060459964,"lower",5000,"proportion","","simulation","C4_FULL_FIXED","+ PQN","SIM04"
"residual_run_order_gam_sd_deviance",0.0344602154295272,"lower",5000,"proportion","","simulation","C4_FULL_FIXED","+ PQN","SIM04"
"residual_ljung_box_proportion_significant",0.008,"lower",5000,"proportion","","simulation","C4_FULL_FIXED","+ PQN","SIM04"
"batch_weighted_pc_r2_categorical",0.000919023895528327,"lower",450,"weighted R-squared","Batch is explicitly categorical.","simulation","C4_FULL_FIXED","+ PQN","SIM04"
"retained_features",1000,"higher",1000,"features","","simulation","C4_FULL_FIXED","+ PQN","SIM04"
"retained_samples",500,"higher",500,"samples","","simulation","C4_FULL_FIXED","+ PQN","SIM04"
"runtime_sec",7.1,"lower",1,"seconds","","simulation","C4_FULL_FIXED","+ PQN","SIM04"
"drift_profiles_corrected",1472,"descriptive",5000,"profiles","","simulation","C4_FULL_FIXED","+ PQN","SIM04"
"drift_features_corrected",665,"descriptive",1000,"features","","simulation","C4_FULL_FIXED","+ PQN","SIM04"
"batch_features_corrected",716,"descriptive",1000,"features","","simulation","C4_FULL_FIXED","+ PQN","SIM04"
"truth_metabolite_profile_icc_mean",0.922349683552122,"higher",1000,"ICC(A,1)","","simulation","C4_FULL_FIXED","+ PQN","SIM04"
"truth_sample_profile_pearson_mean",0.927334726044255,"higher",450,"correlation","","simulation","C4_FULL_FIXED","+ PQN","SIM04"
"truth_log1p_rmse",0.0709686009455053,"lower",450000,"log1p intensity","","simulation","C4_FULL_FIXED","+ PQN","SIM04"
"heldout_qc_cv_mean",8.66243326850821,"lower",1000,"percent","","simulation","G_SS","selective/selective","SIM04"
"heldout_qc_cv_sd",6.0423678631643,"lower",1000,"percent","","simulation","G_SS","selective/selective","SIM04"
"heldout_qc_cv_median",7.71947677044646,"lower",1000,"percent","","simulation","G_SS","selective/selective","SIM04"
"residual_run_order_gam_mean_deviance",0.0204872060459964,"lower",5000,"proportion","","simulation","G_SS","selective/selective","SIM04"
"residual_run_order_gam_sd_deviance",0.0344602154295272,"lower",5000,"proportion","","simulation","G_SS","selective/selective","SIM04"
"residual_ljung_box_proportion_significant",0.008,"lower",5000,"proportion","","simulation","G_SS","selective/selective","SIM04"
"batch_weighted_pc_r2_categorical",0.000919023895528327,"lower",450,"weighted R-squared","Batch is explicitly categorical.","simulation","G_SS","selective/selective","SIM04"
"retained_features",1000,"higher",1000,"features","","simulation","G_SS","selective/selective","SIM04"
"retained_samples",500,"higher",500,"samples","","simulation","G_SS","selective/selective","SIM04"
"runtime_sec",7.1,"lower",1,"seconds","","simulation","G_SS","selective/selective","SIM04"
"drift_profiles_corrected",1472,"descriptive",5000,"profiles","","simulation","G_SS","selective/selective","SIM04"
"drift_features_corrected",665,"descriptive",1000,"features","","simulation","G_SS","selective/selective","SIM04"
"batch_features_corrected",716,"descriptive",1000,"features","","simulation","G_SS","selective/selective","SIM04"
"truth_metabolite_profile_icc_mean",0.922349683552122,"higher",1000,"ICC(A,1)","","simulation","G_SS","selective/selective","SIM04"
"truth_sample_profile_pearson_mean",0.927334726044255,"higher",450,"correlation","","simulation","G_SS","selective/selective","SIM04"
"truth_log1p_rmse",0.0709686009455053,"lower",450000,"log1p intensity","","simulation","G_SS","selective/selective","SIM04"
"heldout_qc_cv_mean",10.2405484892695,"lower",1000,"percent","","simulation","G_AS","all/selective","SIM04"
"heldout_qc_cv_sd",4.95135242404991,"lower",1000,"percent","","simulation","G_AS","all/selective","SIM04"
"heldout_qc_cv_median",9.05279304223069,"lower",1000,"percent","","simulation","G_AS","all/selective","SIM04"
"residual_run_order_gam_mean_deviance",0.000736547718355962,"lower",5000,"proportion","","simulation","G_AS","all/selective","SIM04"
"residual_run_order_gam_sd_deviance",0.00172223417518509,"lower",5000,"proportion","","simulation","G_AS","all/selective","SIM04"
"residual_ljung_box_proportion_significant",0.0126,"lower",5000,"proportion","","simulation","G_AS","all/selective","SIM04"
"batch_weighted_pc_r2_categorical",0.000895462842144889,"lower",450,"weighted R-squared","Batch is explicitly categorical.","simulation","G_AS","all/selective","SIM04"
"retained_features",1000,"higher",1000,"features","","simulation","G_AS","all/selective","SIM04"
"retained_samples",500,"higher",500,"samples","","simulation","G_AS","all/selective","SIM04"
"runtime_sec",14.472,"lower",1,"seconds","","simulation","G_AS","all/selective","SIM04"
"drift_profiles_corrected",5000,"descriptive",5000,"profiles","","simulation","G_AS","all/selective","SIM04"
"drift_features_corrected",1000,"descriptive",1000,"features","","simulation","G_AS","all/selective","SIM04"
"batch_features_corrected",716,"descriptive",1000,"features","","simulation","G_AS","all/selective","SIM04"
"truth_metabolite_profile_icc_mean",0.910467071750891,"higher",1000,"ICC(A,1)","","simulation","G_AS","all/selective","SIM04"
"truth_sample_profile_pearson_mean",0.916394231672736,"higher",450,"correlation","","simulation","G_AS","all/selective","SIM04"
"truth_log1p_rmse",0.0748886351528768,"lower",450000,"log1p intensity","","simulation","G_AS","all/selective","SIM04"
"heldout_qc_cv_mean",9.00060248957032,"lower",1000,"percent","","simulation","G_SA","selective/all","SIM04"
"heldout_qc_cv_sd",5.70126371512042,"lower",1000,"percent","","simulation","G_SA","selective/all","SIM04"
"heldout_qc_cv_median",7.82654997926656,"lower",1000,"percent","","simulation","G_SA","selective/all","SIM04"
"residual_run_order_gam_mean_deviance",0.0204851638095617,"lower",5000,"proportion","","simulation","G_SA","selective/all","SIM04"
"residual_run_order_gam_sd_deviance",0.0344557769416494,"lower",5000,"proportion","","simulation","G_SA","selective/all","SIM04"
"residual_ljung_box_proportion_significant",0.0082,"lower",5000,"proportion","","simulation","G_SA","selective/all","SIM04"
"batch_weighted_pc_r2_categorical",0.000107826713715381,"lower",450,"weighted R-squared","Batch is explicitly categorical.","simulation","G_SA","selective/all","SIM04"
"retained_features",1000,"higher",1000,"features","","simulation","G_SA","selective/all","SIM04"
"retained_samples",500,"higher",500,"samples","","simulation","G_SA","selective/all","SIM04"
"runtime_sec",6.659,"lower",1,"seconds","","simulation","G_SA","selective/all","SIM04"
"drift_profiles_corrected",1472,"descriptive",5000,"profiles","","simulation","G_SA","selective/all","SIM04"
"drift_features_corrected",665,"descriptive",1000,"features","","simulation","G_SA","selective/all","SIM04"
"batch_features_corrected",1000,"descriptive",1000,"features","","simulation","G_SA","selective/all","SIM04"
"truth_metabolite_profile_icc_mean",0.921411434567429,"higher",1000,"ICC(A,1)","","simulation","G_SA","selective/all","SIM04"
"truth_sample_profile_pearson_mean",0.926371015124546,"higher",450,"correlation","","simulation","G_SA","selective/all","SIM04"
"truth_log1p_rmse",0.0713521544711866,"lower",450000,"log1p intensity","","simulation","G_SA","selective/all","SIM04"
"heldout_qc_cv_mean",10.3516776271671,"lower",1000,"percent","","simulation","G_AA","all/all","SIM04"
"heldout_qc_cv_sd",4.91919479668984,"lower",1000,"percent","","simulation","G_AA","all/all","SIM04"
"heldout_qc_cv_median",9.14677906675037,"lower",1000,"percent","","simulation","G_AA","all/all","SIM04"
"residual_run_order_gam_mean_deviance",0.000737151082492633,"lower",5000,"proportion","","simulation","G_AA","all/all","SIM04"
"residual_run_order_gam_sd_deviance",0.00173452809845638,"lower",5000,"proportion","","simulation","G_AA","all/all","SIM04"
"residual_ljung_box_proportion_significant",0.0126,"lower",5000,"proportion","","simulation","G_AA","all/all","SIM04"
"batch_weighted_pc_r2_categorical",0.000106169076480479,"lower",450,"weighted R-squared","Batch is explicitly categorical.","simulation","G_AA","all/all","SIM04"
"retained_features",1000,"higher",1000,"features","","simulation","G_AA","all/all","SIM04"
"retained_samples",500,"higher",500,"samples","","simulation","G_AA","all/all","SIM04"
"runtime_sec",14.944,"lower",1,"seconds","","simulation","G_AA","all/all","SIM04"
"drift_profiles_corrected",5000,"descriptive",5000,"profiles","","simulation","G_AA","all/all","SIM04"
"drift_features_corrected",1000,"descriptive",1000,"features","","simulation","G_AA","all/all","SIM04"
"batch_features_corrected",1000,"descriptive",1000,"features","","simulation","G_AA","all/all","SIM04"
"truth_metabolite_profile_icc_mean",0.90950533671215,"higher",1000,"ICC(A,1)","","simulation","G_AA","all/all","SIM04"
"truth_sample_profile_pearson_mean",0.915420750845472,"higher",450,"correlation","","simulation","G_AA","all/all","SIM04"
"truth_log1p_rmse",0.0752437839130377,"lower",450000,"log1p intensity","","simulation","G_AA","all/all","SIM04"
"heldout_qc_cv_mean",43.6862535911735,"lower",1000,"percent","","simulation","C0_RAW","Raw","SIM05"
"heldout_qc_cv_sd",31.4713401878222,"lower",1000,"percent","","simulation","C0_RAW","Raw","SIM05"
"heldout_qc_cv_median",40.5278650392218,"lower",1000,"percent","","simulation","C0_RAW","Raw","SIM05"
"residual_run_order_gam_mean_deviance",0.125547724513172,"lower",5000,"proportion","","simulation","C0_RAW","Raw","SIM05"
"residual_run_order_gam_sd_deviance",0.192574174163373,"lower",5000,"proportion","","simulation","C0_RAW","Raw","SIM05"
"residual_ljung_box_proportion_significant",0.2468,"lower",5000,"proportion","","simulation","C0_RAW","Raw","SIM05"
"batch_weighted_pc_r2_categorical",0.962076478387943,"lower",450,"weighted R-squared","Batch is explicitly categorical.","simulation","C0_RAW","Raw","SIM05"
"retained_features",1000,"higher",1000,"features","","simulation","C0_RAW","Raw","SIM05"
"retained_samples",500,"higher",500,"samples","","simulation","C0_RAW","Raw","SIM05"
"runtime_sec",0,"lower",1,"seconds","","simulation","C0_RAW","Raw","SIM05"
"drift_profiles_corrected",,"descriptive",5000,"profiles","","simulation","C0_RAW","Raw","SIM05"
"drift_features_corrected",,"descriptive",1000,"features","","simulation","C0_RAW","Raw","SIM05"
"batch_features_corrected",,"descriptive",1000,"features","","simulation","C0_RAW","Raw","SIM05"
"truth_metabolite_profile_icc_mean",0.591238414674297,"higher",1000,"ICC(A,1)","","simulation","C0_RAW","Raw","SIM05"
"truth_sample_profile_pearson_mean",0.520200802978565,"higher",450,"correlation","","simulation","C0_RAW","Raw","SIM05"
"truth_log1p_rmse",0.290233101916151,"lower",450000,"log1p intensity","","simulation","C0_RAW","Raw","SIM05"
"heldout_qc_cv_mean",40.3438141394109,"lower",1000,"percent","","simulation","C1_OUTLIER","Outlier","SIM05"
"heldout_qc_cv_sd",25.4586342416037,"lower",1000,"percent","","simulation","C1_OUTLIER","Outlier","SIM05"
"heldout_qc_cv_median",40.0652334985461,"lower",1000,"percent","","simulation","C1_OUTLIER","Outlier","SIM05"
"residual_run_order_gam_mean_deviance",0.125317078608971,"lower",5000,"proportion","","simulation","C1_OUTLIER","Outlier","SIM05"
"residual_run_order_gam_sd_deviance",0.193609633807943,"lower",5000,"proportion","","simulation","C1_OUTLIER","Outlier","SIM05"
"residual_ljung_box_proportion_significant",0.2448,"lower",5000,"proportion","","simulation","C1_OUTLIER","Outlier","SIM05"
"batch_weighted_pc_r2_categorical",0.96345595795502,"lower",450,"weighted R-squared","Batch is explicitly categorical.","simulation","C1_OUTLIER","Outlier","SIM05"
"retained_features",1000,"higher",1000,"features","","simulation","C1_OUTLIER","Outlier","SIM05"
"retained_samples",500,"higher",500,"samples","","simulation","C1_OUTLIER","Outlier","SIM05"
"runtime_sec",0.229,"lower",1,"seconds","","simulation","C1_OUTLIER","Outlier","SIM05"
"drift_profiles_corrected",,"descriptive",5000,"profiles","","simulation","C1_OUTLIER","Outlier","SIM05"
"drift_features_corrected",,"descriptive",1000,"features","","simulation","C1_OUTLIER","Outlier","SIM05"
"batch_features_corrected",,"descriptive",1000,"features","","simulation","C1_OUTLIER","Outlier","SIM05"
"truth_metabolite_profile_icc_mean",0.598589282342856,"higher",1000,"ICC(A,1)","","simulation","C1_OUTLIER","Outlier","SIM05"
"truth_sample_profile_pearson_mean",0.548624963640656,"higher",450,"correlation","","simulation","C1_OUTLIER","Outlier","SIM05"
"truth_log1p_rmse",0.251507830396449,"lower",450000,"log1p intensity","","simulation","C1_OUTLIER","Outlier","SIM05"
"heldout_qc_cv_mean",37.2672994479798,"lower",1000,"percent","","simulation","C2_SELECTIVE_DRIFT","+ selective drift","SIM05"
"heldout_qc_cv_sd",26.5012369759692,"lower",1000,"percent","","simulation","C2_SELECTIVE_DRIFT","+ selective drift","SIM05"
"heldout_qc_cv_median",38.3967433118748,"lower",1000,"percent","","simulation","C2_SELECTIVE_DRIFT","+ selective drift","SIM05"
"residual_run_order_gam_mean_deviance",0.021605538743276,"lower",5000,"proportion","","simulation","C2_SELECTIVE_DRIFT","+ selective drift","SIM05"
"residual_run_order_gam_sd_deviance",0.0353241032560539,"lower",5000,"proportion","","simulation","C2_SELECTIVE_DRIFT","+ selective drift","SIM05"
"residual_ljung_box_proportion_significant",0.007,"lower",5000,"proportion","","simulation","C2_SELECTIVE_DRIFT","+ selective drift","SIM05"
"batch_weighted_pc_r2_categorical",0.987815786197479,"lower",450,"weighted R-squared","Batch is explicitly categorical.","simulation","C2_SELECTIVE_DRIFT","+ selective drift","SIM05"
"retained_features",1000,"higher",1000,"features","","simulation","C2_SELECTIVE_DRIFT","+ selective drift","SIM05"
"retained_samples",500,"higher",500,"samples","","simulation","C2_SELECTIVE_DRIFT","+ selective drift","SIM05"
"runtime_sec",5.03,"lower",1,"seconds","","simulation","C2_SELECTIVE_DRIFT","+ selective drift","SIM05"
"drift_profiles_corrected",1427,"descriptive",5000,"profiles","","simulation","C2_SELECTIVE_DRIFT","+ selective drift","SIM05"
"drift_features_corrected",638,"descriptive",1000,"features","","simulation","C2_SELECTIVE_DRIFT","+ selective drift","SIM05"
"batch_features_corrected",,"descriptive",1000,"features","","simulation","C2_SELECTIVE_DRIFT","+ selective drift","SIM05"
"truth_metabolite_profile_icc_mean",0.635560274841045,"higher",1000,"ICC(A,1)","","simulation","C2_SELECTIVE_DRIFT","+ selective drift","SIM05"
"truth_sample_profile_pearson_mean",0.560261011328002,"higher",450,"correlation","","simulation","C2_SELECTIVE_DRIFT","+ selective drift","SIM05"
"truth_log1p_rmse",0.240176557711115,"lower",450000,"log1p intensity","","simulation","C2_SELECTIVE_DRIFT","+ selective drift","SIM05"
"heldout_qc_cv_mean",8.42898920927422,"lower",1000,"percent","","simulation","C3_SELECTIVE_BATCH","+ selective batch","SIM05"
"heldout_qc_cv_sd",5.83850402782076,"lower",1000,"percent","","simulation","C3_SELECTIVE_BATCH","+ selective batch","SIM05"
"heldout_qc_cv_median",7.71111413043609,"lower",1000,"percent","","simulation","C3_SELECTIVE_BATCH","+ selective batch","SIM05"
"residual_run_order_gam_mean_deviance",0.0216056028745686,"lower",5000,"proportion","","simulation","C3_SELECTIVE_BATCH","+ selective batch","SIM05"
"residual_run_order_gam_sd_deviance",0.0353238300355872,"lower",5000,"proportion","","simulation","C3_SELECTIVE_BATCH","+ selective batch","SIM05"
"residual_ljung_box_proportion_significant",0.007,"lower",5000,"proportion","","simulation","C3_SELECTIVE_BATCH","+ selective batch","SIM05"
"batch_weighted_pc_r2_categorical",0.000733474747550475,"lower",450,"weighted R-squared","Batch is explicitly categorical.","simulation","C3_SELECTIVE_BATCH","+ selective batch","SIM05"
"retained_features",1000,"higher",1000,"features","","simulation","C3_SELECTIVE_BATCH","+ selective batch","SIM05"
"retained_samples",500,"higher",500,"samples","","simulation","C3_SELECTIVE_BATCH","+ selective batch","SIM05"
"runtime_sec",6.474,"lower",1,"seconds","","simulation","C3_SELECTIVE_BATCH","+ selective batch","SIM05"
"drift_profiles_corrected",1427,"descriptive",5000,"profiles","","simulation","C3_SELECTIVE_BATCH","+ selective batch","SIM05"
"drift_features_corrected",638,"descriptive",1000,"features","","simulation","C3_SELECTIVE_BATCH","+ selective batch","SIM05"
"batch_features_corrected",698,"descriptive",1000,"features","","simulation","C3_SELECTIVE_BATCH","+ selective batch","SIM05"
"truth_metabolite_profile_icc_mean",0.921285928059329,"higher",1000,"ICC(A,1)","","simulation","C3_SELECTIVE_BATCH","+ selective batch","SIM05"
"truth_sample_profile_pearson_mean",0.920629922116633,"higher",450,"correlation","","simulation","C3_SELECTIVE_BATCH","+ selective batch","SIM05"
"truth_log1p_rmse",0.0733651043343867,"lower",450000,"log1p intensity","","simulation","C3_SELECTIVE_BATCH","+ selective batch","SIM05"
"heldout_qc_cv_mean",8.42898920927422,"lower",1000,"percent","","simulation","C4_FULL_FIXED","+ PQN","SIM05"
"heldout_qc_cv_sd",5.83850402782076,"lower",1000,"percent","","simulation","C4_FULL_FIXED","+ PQN","SIM05"
"heldout_qc_cv_median",7.71111413043609,"lower",1000,"percent","","simulation","C4_FULL_FIXED","+ PQN","SIM05"
"residual_run_order_gam_mean_deviance",0.0216195779295135,"lower",5000,"proportion","","simulation","C4_FULL_FIXED","+ PQN","SIM05"
"residual_run_order_gam_sd_deviance",0.0353376507537231,"lower",5000,"proportion","","simulation","C4_FULL_FIXED","+ PQN","SIM05"
"residual_ljung_box_proportion_significant",0.0068,"lower",5000,"proportion","","simulation","C4_FULL_FIXED","+ PQN","SIM05"
"batch_weighted_pc_r2_categorical",0.000739759376116102,"lower",450,"weighted R-squared","Batch is explicitly categorical.","simulation","C4_FULL_FIXED","+ PQN","SIM05"
"retained_features",1000,"higher",1000,"features","","simulation","C4_FULL_FIXED","+ PQN","SIM05"
"retained_samples",500,"higher",500,"samples","","simulation","C4_FULL_FIXED","+ PQN","SIM05"
"runtime_sec",7.002,"lower",1,"seconds","","simulation","C4_FULL_FIXED","+ PQN","SIM05"
"drift_profiles_corrected",1427,"descriptive",5000,"profiles","","simulation","C4_FULL_FIXED","+ PQN","SIM05"
"drift_features_corrected",638,"descriptive",1000,"features","","simulation","C4_FULL_FIXED","+ PQN","SIM05"
"batch_features_corrected",698,"descriptive",1000,"features","","simulation","C4_FULL_FIXED","+ PQN","SIM05"
"truth_metabolite_profile_icc_mean",0.921185897206306,"higher",1000,"ICC(A,1)","","simulation","C4_FULL_FIXED","+ PQN","SIM05"
"truth_sample_profile_pearson_mean",0.920629899455086,"higher",450,"correlation","","simulation","C4_FULL_FIXED","+ PQN","SIM05"
"truth_log1p_rmse",0.0733976076017738,"lower",450000,"log1p intensity","","simulation","C4_FULL_FIXED","+ PQN","SIM05"
"heldout_qc_cv_mean",8.42898920927422,"lower",1000,"percent","","simulation","G_SS","selective/selective","SIM05"
"heldout_qc_cv_sd",5.83850402782076,"lower",1000,"percent","","simulation","G_SS","selective/selective","SIM05"
"heldout_qc_cv_median",7.71111413043609,"lower",1000,"percent","","simulation","G_SS","selective/selective","SIM05"
"residual_run_order_gam_mean_deviance",0.0216195779295135,"lower",5000,"proportion","","simulation","G_SS","selective/selective","SIM05"
"residual_run_order_gam_sd_deviance",0.0353376507537231,"lower",5000,"proportion","","simulation","G_SS","selective/selective","SIM05"
"residual_ljung_box_proportion_significant",0.0068,"lower",5000,"proportion","","simulation","G_SS","selective/selective","SIM05"
"batch_weighted_pc_r2_categorical",0.000739759376116102,"lower",450,"weighted R-squared","Batch is explicitly categorical.","simulation","G_SS","selective/selective","SIM05"
"retained_features",1000,"higher",1000,"features","","simulation","G_SS","selective/selective","SIM05"
"retained_samples",500,"higher",500,"samples","","simulation","G_SS","selective/selective","SIM05"
"runtime_sec",7.002,"lower",1,"seconds","","simulation","G_SS","selective/selective","SIM05"
"drift_profiles_corrected",1427,"descriptive",5000,"profiles","","simulation","G_SS","selective/selective","SIM05"
"drift_features_corrected",638,"descriptive",1000,"features","","simulation","G_SS","selective/selective","SIM05"
"batch_features_corrected",698,"descriptive",1000,"features","","simulation","G_SS","selective/selective","SIM05"
"truth_metabolite_profile_icc_mean",0.921185897206306,"higher",1000,"ICC(A,1)","","simulation","G_SS","selective/selective","SIM05"
"truth_sample_profile_pearson_mean",0.920629899455086,"higher",450,"correlation","","simulation","G_SS","selective/selective","SIM05"
"truth_log1p_rmse",0.0733976076017738,"lower",450000,"log1p intensity","","simulation","G_SS","selective/selective","SIM05"
"heldout_qc_cv_mean",10.1600638211297,"lower",1000,"percent","","simulation","G_AS","all/selective","SIM05"
"heldout_qc_cv_sd",4.61190154387017,"lower",1000,"percent","","simulation","G_AS","all/selective","SIM05"
"heldout_qc_cv_median",9.07980548628554,"lower",1000,"percent","","simulation","G_AS","all/selective","SIM05"
"residual_run_order_gam_mean_deviance",0.000737209983080708,"lower",5000,"proportion","","simulation","G_AS","all/selective","SIM05"
"residual_run_order_gam_sd_deviance",0.00127643430573004,"lower",5000,"proportion","","simulation","G_AS","all/selective","SIM05"
"residual_ljung_box_proportion_significant",0.0136,"lower",5000,"proportion","","simulation","G_AS","all/selective","SIM05"
"batch_weighted_pc_r2_categorical",0.000707698906219315,"lower",450,"weighted R-squared","Batch is explicitly categorical.","simulation","G_AS","all/selective","SIM05"
"retained_features",1000,"higher",1000,"features","","simulation","G_AS","all/selective","SIM05"
"retained_samples",500,"higher",500,"samples","","simulation","G_AS","all/selective","SIM05"
"runtime_sec",14.526,"lower",1,"seconds","","simulation","G_AS","all/selective","SIM05"
"drift_profiles_corrected",5000,"descriptive",5000,"profiles","","simulation","G_AS","all/selective","SIM05"
"drift_features_corrected",1000,"descriptive",1000,"features","","simulation","G_AS","all/selective","SIM05"
"batch_features_corrected",701,"descriptive",1000,"features","","simulation","G_AS","all/selective","SIM05"
"truth_metabolite_profile_icc_mean",0.909495612025812,"higher",1000,"ICC(A,1)","","simulation","G_AS","all/selective","SIM05"
"truth_sample_profile_pearson_mean",0.909296806767598,"higher",450,"correlation","","simulation","G_AS","all/selective","SIM05"
"truth_log1p_rmse",0.0771289241487446,"lower",450000,"log1p intensity","","simulation","G_AS","all/selective","SIM05"
"heldout_qc_cv_mean",8.79110279307352,"lower",1000,"percent","","simulation","G_SA","selective/all","SIM05"
"heldout_qc_cv_sd",5.49783574052319,"lower",1000,"percent","","simulation","G_SA","selective/all","SIM05"
"heldout_qc_cv_median",7.7666731532272,"lower",1000,"percent","","simulation","G_SA","selective/all","SIM05"
"residual_run_order_gam_mean_deviance",0.021627386687601,"lower",5000,"proportion","","simulation","G_SA","selective/all","SIM05"
"residual_run_order_gam_sd_deviance",0.0353379141815767,"lower",5000,"proportion","","simulation","G_SA","selective/all","SIM05"
"residual_ljung_box_proportion_significant",0.007,"lower",5000,"proportion","","simulation","G_SA","selective/all","SIM05"
"batch_weighted_pc_r2_categorical",6.34853124834882e-05,"lower",450,"weighted R-squared","Batch is explicitly categorical.","simulation","G_SA","selective/all","SIM05"
"retained_features",1000,"higher",1000,"features","","simulation","G_SA","selective/all","SIM05"
"retained_samples",500,"higher",500,"samples","","simulation","G_SA","selective/all","SIM05"
"runtime_sec",6.56,"lower",1,"seconds","","simulation","G_SA","selective/all","SIM05"
"drift_profiles_corrected",1427,"descriptive",5000,"profiles","","simulation","G_SA","selective/all","SIM05"
"drift_features_corrected",638,"descriptive",1000,"features","","simulation","G_SA","selective/all","SIM05"
"batch_features_corrected",1000,"descriptive",1000,"features","","simulation","G_SA","selective/all","SIM05"
"truth_metabolite_profile_icc_mean",0.920261943149621,"higher",1000,"ICC(A,1)","","simulation","G_SA","selective/all","SIM05"
"truth_sample_profile_pearson_mean",0.919655347032044,"higher",450,"correlation","","simulation","G_SA","selective/all","SIM05"
"truth_log1p_rmse",0.0737577944600939,"lower",450000,"log1p intensity","","simulation","G_SA","selective/all","SIM05"
"heldout_qc_cv_mean",10.292258921765,"lower",1000,"percent","","simulation","G_AA","all/all","SIM05"
"heldout_qc_cv_sd",4.55951886966594,"lower",1000,"percent","","simulation","G_AA","all/all","SIM05"
"heldout_qc_cv_median",9.18561181913803,"lower",1000,"percent","","simulation","G_AA","all/all","SIM05"
"residual_run_order_gam_mean_deviance",0.000736687525669132,"lower",5000,"proportion","","simulation","G_AA","all/all","SIM05"
"residual_run_order_gam_sd_deviance",0.00127733906349981,"lower",5000,"proportion","","simulation","G_AA","all/all","SIM05"
"residual_ljung_box_proportion_significant",0.0134,"lower",5000,"proportion","","simulation","G_AA","all/all","SIM05"
"batch_weighted_pc_r2_categorical",5.46892208500888e-05,"lower",450,"weighted R-squared","Batch is explicitly categorical.","simulation","G_AA","all/all","SIM05"
"retained_features",1000,"higher",1000,"features","","simulation","G_AA","all/all","SIM05"
"retained_samples",500,"higher",500,"samples","","simulation","G_AA","all/all","SIM05"
"runtime_sec",15.056,"lower",1,"seconds","","simulation","G_AA","all/all","SIM05"
"drift_profiles_corrected",5000,"descriptive",5000,"profiles","","simulation","G_AA","all/all","SIM05"
"drift_features_corrected",1000,"descriptive",1000,"features","","simulation","G_AA","all/all","SIM05"
"batch_features_corrected",1000,"descriptive",1000,"features","","simulation","G_AA","all/all","SIM05"
"truth_metabolite_profile_icc_mean",0.908542463250937,"higher",1000,"ICC(A,1)","","simulation","G_AA","all/all","SIM05"
"truth_sample_profile_pearson_mean",0.908337724487343,"higher",450,"correlation","","simulation","G_AA","all/all","SIM05"
"truth_log1p_rmse",0.0774700741497001,"lower",450000,"log1p intensity","","simulation","G_AA","all/all","SIM05"
"heldout_qc_cv_mean",45.4455913430314,"lower",1000,"percent","","simulation","C0_RAW","Raw","SIM06"
"heldout_qc_cv_sd",32.0025593716647,"lower",1000,"percent","","simulation","C0_RAW","Raw","SIM06"
"heldout_qc_cv_median",43.557189396155,"lower",1000,"percent","","simulation","C0_RAW","Raw","SIM06"
"residual_run_order_gam_mean_deviance",0.122435574911771,"lower",5000,"proportion","","simulation","C0_RAW","Raw","SIM06"
"residual_run_order_gam_sd_deviance",0.188862465679852,"lower",5000,"proportion","","simulation","C0_RAW","Raw","SIM06"
"residual_ljung_box_proportion_significant",0.2406,"lower",5000,"proportion","","simulation","C0_RAW","Raw","SIM06"
"batch_weighted_pc_r2_categorical",0.963598199950116,"lower",450,"weighted R-squared","Batch is explicitly categorical.","simulation","C0_RAW","Raw","SIM06"
"retained_features",1000,"higher",1000,"features","","simulation","C0_RAW","Raw","SIM06"
"retained_samples",500,"higher",500,"samples","","simulation","C0_RAW","Raw","SIM06"
"runtime_sec",0,"lower",1,"seconds","","simulation","C0_RAW","Raw","SIM06"
"drift_profiles_corrected",,"descriptive",5000,"profiles","","simulation","C0_RAW","Raw","SIM06"
"drift_features_corrected",,"descriptive",1000,"features","","simulation","C0_RAW","Raw","SIM06"
"batch_features_corrected",,"descriptive",1000,"features","","simulation","C0_RAW","Raw","SIM06"
"truth_metabolite_profile_icc_mean",0.58757778276978,"higher",1000,"ICC(A,1)","","simulation","C0_RAW","Raw","SIM06"
"truth_sample_profile_pearson_mean",0.514902405541303,"higher",450,"correlation","","simulation","C0_RAW","Raw","SIM06"
"truth_log1p_rmse",0.295443790010821,"lower",450000,"log1p intensity","","simulation","C0_RAW","Raw","SIM06"
"heldout_qc_cv_mean",42.1748590659734,"lower",1000,"percent","","simulation","C1_OUTLIER","Outlier","SIM06"
"heldout_qc_cv_sd",26.7017911226386,"lower",1000,"percent","","simulation","C1_OUTLIER","Outlier","SIM06"
"heldout_qc_cv_median",42.964071135996,"lower",1000,"percent","","simulation","C1_OUTLIER","Outlier","SIM06"
"residual_run_order_gam_mean_deviance",0.122762894109787,"lower",5000,"proportion","","simulation","C1_OUTLIER","Outlier","SIM06"
"residual_run_order_gam_sd_deviance",0.190544114303127,"lower",5000,"proportion","","simulation","C1_OUTLIER","Outlier","SIM06"
"residual_ljung_box_proportion_significant",0.2386,"lower",5000,"proportion","","simulation","C1_OUTLIER","Outlier","SIM06"
"batch_weighted_pc_r2_categorical",0.964392111560953,"lower",450,"weighted R-squared","Batch is explicitly categorical.","simulation","C1_OUTLIER","Outlier","SIM06"
"retained_features",1000,"higher",1000,"features","","simulation","C1_OUTLIER","Outlier","SIM06"
"retained_samples",500,"higher",500,"samples","","simulation","C1_OUTLIER","Outlier","SIM06"
"runtime_sec",0.238,"lower",1,"seconds","","simulation","C1_OUTLIER","Outlier","SIM06"
"drift_profiles_corrected",,"descriptive",5000,"profiles","","simulation","C1_OUTLIER","Outlier","SIM06"
"drift_features_corrected",,"descriptive",1000,"features","","simulation","C1_OUTLIER","Outlier","SIM06"
"batch_features_corrected",,"descriptive",1000,"features","","simulation","C1_OUTLIER","Outlier","SIM06"
"truth_metabolite_profile_icc_mean",0.594100549534665,"higher",1000,"ICC(A,1)","","simulation","C1_OUTLIER","Outlier","SIM06"
"truth_sample_profile_pearson_mean",0.542636799124338,"higher",450,"correlation","","simulation","C1_OUTLIER","Outlier","SIM06"
"truth_log1p_rmse",0.255792688666177,"lower",450000,"log1p intensity","","simulation","C1_OUTLIER","Outlier","SIM06"
"heldout_qc_cv_mean",38.1887036978857,"lower",1000,"percent","","simulation","C2_SELECTIVE_DRIFT","+ selective drift","SIM06"
"heldout_qc_cv_sd",27.956422212236,"lower",1000,"percent","","simulation","C2_SELECTIVE_DRIFT","+ selective drift","SIM06"
"heldout_qc_cv_median",40.7314899416771,"lower",1000,"percent","","simulation","C2_SELECTIVE_DRIFT","+ selective drift","SIM06"
"residual_run_order_gam_mean_deviance",0.0215424659584473,"lower",5000,"proportion","","simulation","C2_SELECTIVE_DRIFT","+ selective drift","SIM06"
"residual_run_order_gam_sd_deviance",0.0348025326989186,"lower",5000,"proportion","","simulation","C2_SELECTIVE_DRIFT","+ selective drift","SIM06"
"residual_ljung_box_proportion_significant",0.007,"lower",5000,"proportion","","simulation","C2_SELECTIVE_DRIFT","+ selective drift","SIM06"
"batch_weighted_pc_r2_categorical",0.988310721826615,"lower",450,"weighted R-squared","Batch is explicitly categorical.","simulation","C2_SELECTIVE_DRIFT","+ selective drift","SIM06"
"retained_features",1000,"higher",1000,"features","","simulation","C2_SELECTIVE_DRIFT","+ selective drift","SIM06"
"retained_samples",500,"higher",500,"samples","","simulation","C2_SELECTIVE_DRIFT","+ selective drift","SIM06"
"runtime_sec",4.748,"lower",1,"seconds","","simulation","C2_SELECTIVE_DRIFT","+ selective drift","SIM06"
"drift_profiles_corrected",1387,"descriptive",5000,"profiles","","simulation","C2_SELECTIVE_DRIFT","+ selective drift","SIM06"
"drift_features_corrected",655,"descriptive",1000,"features","","simulation","C2_SELECTIVE_DRIFT","+ selective drift","SIM06"
"batch_features_corrected",,"descriptive",1000,"features","","simulation","C2_SELECTIVE_DRIFT","+ selective drift","SIM06"
"truth_metabolite_profile_icc_mean",0.62886492532926,"higher",1000,"ICC(A,1)","","simulation","C2_SELECTIVE_DRIFT","+ selective drift","SIM06"
"truth_sample_profile_pearson_mean",0.552935532124345,"higher",450,"correlation","","simulation","C2_SELECTIVE_DRIFT","+ selective drift","SIM06"
"truth_log1p_rmse",0.245145072285908,"lower",450000,"log1p intensity","","simulation","C2_SELECTIVE_DRIFT","+ selective drift","SIM06"
"heldout_qc_cv_mean",8.61903085584063,"lower",1000,"percent","","simulation","C3_SELECTIVE_BATCH","+ selective batch","SIM06"
"heldout_qc_cv_sd",6.21678563226836,"lower",1000,"percent","","simulation","C3_SELECTIVE_BATCH","+ selective batch","SIM06"
"heldout_qc_cv_median",7.82615094732433,"lower",1000,"percent","","simulation","C3_SELECTIVE_BATCH","+ selective batch","SIM06"
"residual_run_order_gam_mean_deviance",0.0215425352128519,"lower",5000,"proportion","","simulation","C3_SELECTIVE_BATCH","+ selective batch","SIM06"
"residual_run_order_gam_sd_deviance",0.0348025232480395,"lower",5000,"proportion","","simulation","C3_SELECTIVE_BATCH","+ selective batch","SIM06"
"residual_ljung_box_proportion_significant",0.007,"lower",5000,"proportion","","simulation","C3_SELECTIVE_BATCH","+ selective batch","SIM06"
"batch_weighted_pc_r2_categorical",0.000833950645555597,"lower",450,"weighted R-squared","Batch is explicitly categorical.","simulation","C3_SELECTIVE_BATCH","+ selective batch","SIM06"
"retained_features",1000,"higher",1000,"features","","simulation","C3_SELECTIVE_BATCH","+ selective batch","SIM06"
"retained_samples",500,"higher",500,"samples","","simulation","C3_SELECTIVE_BATCH","+ selective batch","SIM06"
"runtime_sec",6.474,"lower",1,"seconds","","simulation","C3_SELECTIVE_BATCH","+ selective batch","SIM06"
"drift_profiles_corrected",1387,"descriptive",5000,"profiles","","simulation","C3_SELECTIVE_BATCH","+ selective batch","SIM06"
"drift_features_corrected",655,"descriptive",1000,"features","","simulation","C3_SELECTIVE_BATCH","+ selective batch","SIM06"
"batch_features_corrected",695,"descriptive",1000,"features","","simulation","C3_SELECTIVE_BATCH","+ selective batch","SIM06"
"truth_metabolite_profile_icc_mean",0.921059950292669,"higher",1000,"ICC(A,1)","","simulation","C3_SELECTIVE_BATCH","+ selective batch","SIM06"
"truth_sample_profile_pearson_mean",0.924847526823702,"higher",450,"correlation","","simulation","C3_SELECTIVE_BATCH","+ selective batch","SIM06"
"truth_log1p_rmse",0.0716839111414008,"lower",450000,"log1p intensity","","simulation","C3_SELECTIVE_BATCH","+ selective batch","SIM06"
"heldout_qc_cv_mean",8.61903085584063,"lower",1000,"percent","","simulation","C4_FULL_FIXED","+ PQN","SIM06"
"heldout_qc_cv_sd",6.21678563226836,"lower",1000,"percent","","simulation","C4_FULL_FIXED","+ PQN","SIM06"
"heldout_qc_cv_median",7.82615094732433,"lower",1000,"percent","","simulation","C4_FULL_FIXED","+ PQN","SIM06"
"residual_run_order_gam_mean_deviance",0.0215326561677557,"lower",5000,"proportion","","simulation","C4_FULL_FIXED","+ PQN","SIM06"
"residual_run_order_gam_sd_deviance",0.0348073112670957,"lower",5000,"proportion","","simulation","C4_FULL_FIXED","+ PQN","SIM06"
"residual_ljung_box_proportion_significant",0.0068,"lower",5000,"proportion","","simulation","C4_FULL_FIXED","+ PQN","SIM06"
"batch_weighted_pc_r2_categorical",0.000822589818943679,"lower",450,"weighted R-squared","Batch is explicitly categorical.","simulation","C4_FULL_FIXED","+ PQN","SIM06"
"retained_features",1000,"higher",1000,"features","","simulation","C4_FULL_FIXED","+ PQN","SIM06"
"retained_samples",500,"higher",500,"samples","","simulation","C4_FULL_FIXED","+ PQN","SIM06"
"runtime_sec",6.585,"lower",1,"seconds","","simulation","C4_FULL_FIXED","+ PQN","SIM06"
"drift_profiles_corrected",1387,"descriptive",5000,"profiles","","simulation","C4_FULL_FIXED","+ PQN","SIM06"
"drift_features_corrected",655,"descriptive",1000,"features","","simulation","C4_FULL_FIXED","+ PQN","SIM06"
"batch_features_corrected",695,"descriptive",1000,"features","","simulation","C4_FULL_FIXED","+ PQN","SIM06"
"truth_metabolite_profile_icc_mean",0.920949468357364,"higher",1000,"ICC(A,1)","","simulation","C4_FULL_FIXED","+ PQN","SIM06"
"truth_sample_profile_pearson_mean",0.924847149755594,"higher",450,"correlation","","simulation","C4_FULL_FIXED","+ PQN","SIM06"
"truth_log1p_rmse",0.0717165867720228,"lower",450000,"log1p intensity","","simulation","C4_FULL_FIXED","+ PQN","SIM06"
"heldout_qc_cv_mean",8.61903085584063,"lower",1000,"percent","","simulation","G_SS","selective/selective","SIM06"
"heldout_qc_cv_sd",6.21678563226836,"lower",1000,"percent","","simulation","G_SS","selective/selective","SIM06"
"heldout_qc_cv_median",7.82615094732433,"lower",1000,"percent","","simulation","G_SS","selective/selective","SIM06"
"residual_run_order_gam_mean_deviance",0.0215326561677557,"lower",5000,"proportion","","simulation","G_SS","selective/selective","SIM06"
"residual_run_order_gam_sd_deviance",0.0348073112670957,"lower",5000,"proportion","","simulation","G_SS","selective/selective","SIM06"
"residual_ljung_box_proportion_significant",0.0068,"lower",5000,"proportion","","simulation","G_SS","selective/selective","SIM06"
"batch_weighted_pc_r2_categorical",0.000822589818943679,"lower",450,"weighted R-squared","Batch is explicitly categorical.","simulation","G_SS","selective/selective","SIM06"
"retained_features",1000,"higher",1000,"features","","simulation","G_SS","selective/selective","SIM06"
"retained_samples",500,"higher",500,"samples","","simulation","G_SS","selective/selective","SIM06"
"runtime_sec",6.585,"lower",1,"seconds","","simulation","G_SS","selective/selective","SIM06"
"drift_profiles_corrected",1387,"descriptive",5000,"profiles","","simulation","G_SS","selective/selective","SIM06"
"drift_features_corrected",655,"descriptive",1000,"features","","simulation","G_SS","selective/selective","SIM06"
"batch_features_corrected",695,"descriptive",1000,"features","","simulation","G_SS","selective/selective","SIM06"
"truth_metabolite_profile_icc_mean",0.920949468357364,"higher",1000,"ICC(A,1)","","simulation","G_SS","selective/selective","SIM06"
"truth_sample_profile_pearson_mean",0.924847149755594,"higher",450,"correlation","","simulation","G_SS","selective/selective","SIM06"
"truth_log1p_rmse",0.0717165867720228,"lower",450000,"log1p intensity","","simulation","G_SS","selective/selective","SIM06"
"heldout_qc_cv_mean",10.2632432040569,"lower",1000,"percent","","simulation","G_AS","all/selective","SIM06"
"heldout_qc_cv_sd",5.00161256911531,"lower",1000,"percent","","simulation","G_AS","all/selective","SIM06"
"heldout_qc_cv_median",9.08725092628073,"lower",1000,"percent","","simulation","G_AS","all/selective","SIM06"
"residual_run_order_gam_mean_deviance",0.000752135686600911,"lower",5000,"proportion","","simulation","G_AS","all/selective","SIM06"
"residual_run_order_gam_sd_deviance",0.00143766478613422,"lower",5000,"proportion","","simulation","G_AS","all/selective","SIM06"
"residual_ljung_box_proportion_significant",0.0134,"lower",5000,"proportion","","simulation","G_AS","all/selective","SIM06"
"batch_weighted_pc_r2_categorical",0.000973737325373608,"lower",450,"weighted R-squared","Batch is explicitly categorical.","simulation","G_AS","all/selective","SIM06"
"retained_features",1000,"higher",1000,"features","","simulation","G_AS","all/selective","SIM06"
"retained_samples",500,"higher",500,"samples","","simulation","G_AS","all/selective","SIM06"
"runtime_sec",13.983,"lower",1,"seconds","","simulation","G_AS","all/selective","SIM06"
"drift_profiles_corrected",5000,"descriptive",5000,"profiles","","simulation","G_AS","all/selective","SIM06"
"drift_features_corrected",1000,"descriptive",1000,"features","","simulation","G_AS","all/selective","SIM06"
"batch_features_corrected",698,"descriptive",1000,"features","","simulation","G_AS","all/selective","SIM06"
"truth_metabolite_profile_icc_mean",0.908398745545504,"higher",1000,"ICC(A,1)","","simulation","G_AS","all/selective","SIM06"
"truth_sample_profile_pearson_mean",0.913312284427582,"higher",450,"correlation","","simulation","G_AS","all/selective","SIM06"
"truth_log1p_rmse",0.0757466154199508,"lower",450000,"log1p intensity","","simulation","G_AS","all/selective","SIM06"
"heldout_qc_cv_mean",9.00306370724973,"lower",1000,"percent","","simulation","G_SA","selective/all","SIM06"
"heldout_qc_cv_sd",5.84044406081643,"lower",1000,"percent","","simulation","G_SA","selective/all","SIM06"
"heldout_qc_cv_median",7.89819249128739,"lower",1000,"percent","","simulation","G_SA","selective/all","SIM06"
"residual_run_order_gam_mean_deviance",0.0215233274356247,"lower",5000,"proportion","","simulation","G_SA","selective/all","SIM06"
"residual_run_order_gam_sd_deviance",0.0347875255482328,"lower",5000,"proportion","","simulation","G_SA","selective/all","SIM06"
"residual_ljung_box_proportion_significant",0.0056,"lower",5000,"proportion","","simulation","G_SA","selective/all","SIM06"
"batch_weighted_pc_r2_categorical",0.000142519794410989,"lower",450,"weighted R-squared","Batch is explicitly categorical.","simulation","G_SA","selective/all","SIM06"
"retained_features",1000,"higher",1000,"features","","simulation","G_SA","selective/all","SIM06"
"retained_samples",500,"higher",500,"samples","","simulation","G_SA","selective/all","SIM06"
"runtime_sec",6.579,"lower",1,"seconds","","simulation","G_SA","selective/all","SIM06"
"drift_profiles_corrected",1387,"descriptive",5000,"profiles","","simulation","G_SA","selective/all","SIM06"
"drift_features_corrected",655,"descriptive",1000,"features","","simulation","G_SA","selective/all","SIM06"
"batch_features_corrected",1000,"descriptive",1000,"features","","simulation","G_SA","selective/all","SIM06"
"truth_metabolite_profile_icc_mean",0.919914555040778,"higher",1000,"ICC(A,1)","","simulation","G_SA","selective/all","SIM06"
"truth_sample_profile_pearson_mean",0.923716969188186,"higher",450,"correlation","","simulation","G_SA","selective/all","SIM06"
"truth_log1p_rmse",0.0721322661460432,"lower",450000,"log1p intensity","","simulation","G_SA","selective/all","SIM06"
"heldout_qc_cv_mean",10.4060410724529,"lower",1000,"percent","","simulation","G_AA","all/all","SIM06"
"heldout_qc_cv_sd",4.93736687622231,"lower",1000,"percent","","simulation","G_AA","all/all","SIM06"
"heldout_qc_cv_median",9.13803153233015,"lower",1000,"percent","","simulation","G_AA","all/all","SIM06"
"residual_run_order_gam_mean_deviance",0.00075255963301213,"lower",5000,"proportion","","simulation","G_AA","all/all","SIM06"
"residual_run_order_gam_sd_deviance",0.00143758841318154,"lower",5000,"proportion","","simulation","G_AA","all/all","SIM06"
"residual_ljung_box_proportion_significant",0.0134,"lower",5000,"proportion","","simulation","G_AA","all/all","SIM06"
"batch_weighted_pc_r2_categorical",0.000112029596872857,"lower",450,"weighted R-squared","Batch is explicitly categorical.","simulation","G_AA","all/all","SIM06"
"retained_features",1000,"higher",1000,"features","","simulation","G_AA","all/all","SIM06"
"retained_samples",500,"higher",500,"samples","","simulation","G_AA","all/all","SIM06"
"runtime_sec",14.027,"lower",1,"seconds","","simulation","G_AA","all/all","SIM06"
"drift_profiles_corrected",5000,"descriptive",5000,"profiles","","simulation","G_AA","all/all","SIM06"
"drift_features_corrected",1000,"descriptive",1000,"features","","simulation","G_AA","all/all","SIM06"
"batch_features_corrected",1000,"descriptive",1000,"features","","simulation","G_AA","all/all","SIM06"
"truth_metabolite_profile_icc_mean",0.907285582972191,"higher",1000,"ICC(A,1)","","simulation","G_AA","all/all","SIM06"
"truth_sample_profile_pearson_mean",0.912195371453686,"higher",450,"correlation","","simulation","G_AA","all/all","SIM06"
"truth_log1p_rmse",0.0761592851977541,"lower",450000,"log1p intensity","","simulation","G_AA","all/all","SIM06"
"heldout_qc_cv_mean",43.3237040927998,"lower",1000,"percent","","simulation","C0_RAW","Raw","SIM07"
"heldout_qc_cv_sd",31.5697347481255,"lower",1000,"percent","","simulation","C0_RAW","Raw","SIM07"
"heldout_qc_cv_median",41.2345903690775,"lower",1000,"percent","","simulation","C0_RAW","Raw","SIM07"
"residual_run_order_gam_mean_deviance",0.12753075161751,"lower",5000,"proportion","","simulation","C0_RAW","Raw","SIM07"
"residual_run_order_gam_sd_deviance",0.193045644124259,"lower",5000,"proportion","","simulation","C0_RAW","Raw","SIM07"
"residual_ljung_box_proportion_significant",0.2558,"lower",5000,"proportion","","simulation","C0_RAW","Raw","SIM07"
"batch_weighted_pc_r2_categorical",0.963286281377159,"lower",450,"weighted R-squared","Batch is explicitly categorical.","simulation","C0_RAW","Raw","SIM07"
"retained_features",1000,"higher",1000,"features","","simulation","C0_RAW","Raw","SIM07"
"retained_samples",500,"higher",500,"samples","","simulation","C0_RAW","Raw","SIM07"
"runtime_sec",0,"lower",1,"seconds","","simulation","C0_RAW","Raw","SIM07"
"drift_profiles_corrected",,"descriptive",5000,"profiles","","simulation","C0_RAW","Raw","SIM07"
"drift_features_corrected",,"descriptive",1000,"features","","simulation","C0_RAW","Raw","SIM07"
"batch_features_corrected",,"descriptive",1000,"features","","simulation","C0_RAW","Raw","SIM07"
"truth_metabolite_profile_icc_mean",0.594809903197333,"higher",1000,"ICC(A,1)","","simulation","C0_RAW","Raw","SIM07"
"truth_sample_profile_pearson_mean",0.525550602568528,"higher",450,"correlation","","simulation","C0_RAW","Raw","SIM07"
"truth_log1p_rmse",0.290083897729829,"lower",450000,"log1p intensity","","simulation","C0_RAW","Raw","SIM07"
"heldout_qc_cv_mean",40.455547422808,"lower",1000,"percent","","simulation","C1_OUTLIER","Outlier","SIM07"
"heldout_qc_cv_sd",26.8055252738913,"lower",1000,"percent","","simulation","C1_OUTLIER","Outlier","SIM07"
"heldout_qc_cv_median",41.0662776628113,"lower",1000,"percent","","simulation","C1_OUTLIER","Outlier","SIM07"
"residual_run_order_gam_mean_deviance",0.1275678044596,"lower",5000,"proportion","","simulation","C1_OUTLIER","Outlier","SIM07"
"residual_run_order_gam_sd_deviance",0.193845755527404,"lower",5000,"proportion","","simulation","C1_OUTLIER","Outlier","SIM07"
"residual_ljung_box_proportion_significant",0.2556,"lower",5000,"proportion","","simulation","C1_OUTLIER","Outlier","SIM07"
"batch_weighted_pc_r2_categorical",0.964369257145388,"lower",450,"weighted R-squared","Batch is explicitly categorical.","simulation","C1_OUTLIER","Outlier","SIM07"
"retained_features",1000,"higher",1000,"features","","simulation","C1_OUTLIER","Outlier","SIM07"
"retained_samples",500,"higher",500,"samples","","simulation","C1_OUTLIER","Outlier","SIM07"
"runtime_sec",0.236,"lower",1,"seconds","","simulation","C1_OUTLIER","Outlier","SIM07"
"drift_profiles_corrected",,"descriptive",5000,"profiles","","simulation","C1_OUTLIER","Outlier","SIM07"
"drift_features_corrected",,"descriptive",1000,"features","","simulation","C1_OUTLIER","Outlier","SIM07"
"batch_features_corrected",,"descriptive",1000,"features","","simulation","C1_OUTLIER","Outlier","SIM07"
"truth_metabolite_profile_icc_mean",0.601326549142451,"higher",1000,"ICC(A,1)","","simulation","C1_OUTLIER","Outlier","SIM07"
"truth_sample_profile_pearson_mean",0.547264547991411,"higher",450,"correlation","","simulation","C1_OUTLIER","Outlier","SIM07"
"truth_log1p_rmse",0.254783342529616,"lower",450000,"log1p intensity","","simulation","C1_OUTLIER","Outlier","SIM07"
"heldout_qc_cv_mean",37.656042361485,"lower",1000,"percent","","simulation","C2_SELECTIVE_DRIFT","+ selective drift","SIM07"
"heldout_qc_cv_sd",27.7247327184142,"lower",1000,"percent","","simulation","C2_SELECTIVE_DRIFT","+ selective drift","SIM07"
"heldout_qc_cv_median",39.6237909498152,"lower",1000,"percent","","simulation","C2_SELECTIVE_DRIFT","+ selective drift","SIM07"
"residual_run_order_gam_mean_deviance",0.0198606421882188,"lower",5000,"proportion","","simulation","C2_SELECTIVE_DRIFT","+ selective drift","SIM07"
"residual_run_order_gam_sd_deviance",0.0329697528985815,"lower",5000,"proportion","","simulation","C2_SELECTIVE_DRIFT","+ selective drift","SIM07"
"residual_ljung_box_proportion_significant",0.0082,"lower",5000,"proportion","","simulation","C2_SELECTIVE_DRIFT","+ selective drift","SIM07"
"batch_weighted_pc_r2_categorical",0.987893392108123,"lower",450,"weighted R-squared","Batch is explicitly categorical.","simulation","C2_SELECTIVE_DRIFT","+ selective drift","SIM07"
"retained_features",1000,"higher",1000,"features","","simulation","C2_SELECTIVE_DRIFT","+ selective drift","SIM07"
"retained_samples",500,"higher",500,"samples","","simulation","C2_SELECTIVE_DRIFT","+ selective drift","SIM07"
"runtime_sec",4.908,"lower",1,"seconds","","simulation","C2_SELECTIVE_DRIFT","+ selective drift","SIM07"
"drift_profiles_corrected",1505,"descriptive",5000,"profiles","","simulation","C2_SELECTIVE_DRIFT","+ selective drift","SIM07"
"drift_features_corrected",671,"descriptive",1000,"features","","simulation","C2_SELECTIVE_DRIFT","+ selective drift","SIM07"
"batch_features_corrected",,"descriptive",1000,"features","","simulation","C2_SELECTIVE_DRIFT","+ selective drift","SIM07"
"truth_metabolite_profile_icc_mean",0.636211239745845,"higher",1000,"ICC(A,1)","","simulation","C2_SELECTIVE_DRIFT","+ selective drift","SIM07"
"truth_sample_profile_pearson_mean",0.55781165298044,"higher",450,"correlation","","simulation","C2_SELECTIVE_DRIFT","+ selective drift","SIM07"
"truth_log1p_rmse",0.243796604012198,"lower",450000,"log1p intensity","","simulation","C2_SELECTIVE_DRIFT","+ selective drift","SIM07"
"heldout_qc_cv_mean",8.66664255416764,"lower",1000,"percent","","simulation","C3_SELECTIVE_BATCH","+ selective batch","SIM07"
"heldout_qc_cv_sd",6.32390202792341,"lower",1000,"percent","","simulation","C3_SELECTIVE_BATCH","+ selective batch","SIM07"
"heldout_qc_cv_median",7.87824104977669,"lower",1000,"percent","","simulation","C3_SELECTIVE_BATCH","+ selective batch","SIM07"
"residual_run_order_gam_mean_deviance",0.0198606421882188,"lower",5000,"proportion","","simulation","C3_SELECTIVE_BATCH","+ selective batch","SIM07"
"residual_run_order_gam_sd_deviance",0.0329697528985815,"lower",5000,"proportion","","simulation","C3_SELECTIVE_BATCH","+ selective batch","SIM07"
"residual_ljung_box_proportion_significant",0.0082,"lower",5000,"proportion","","simulation","C3_SELECTIVE_BATCH","+ selective batch","SIM07"
"batch_weighted_pc_r2_categorical",0.000967082916963991,"lower",450,"weighted R-squared","Batch is explicitly categorical.","simulation","C3_SELECTIVE_BATCH","+ selective batch","SIM07"
"retained_features",1000,"higher",1000,"features","","simulation","C3_SELECTIVE_BATCH","+ selective batch","SIM07"
"retained_samples",500,"higher",500,"samples","","simulation","C3_SELECTIVE_BATCH","+ selective batch","SIM07"
"runtime_sec",6.27,"lower",1,"seconds","","simulation","C3_SELECTIVE_BATCH","+ selective batch","SIM07"
"drift_profiles_corrected",1505,"descriptive",5000,"profiles","","simulation","C3_SELECTIVE_BATCH","+ selective batch","SIM07"
"drift_features_corrected",671,"descriptive",1000,"features","","simulation","C3_SELECTIVE_BATCH","+ selective batch","SIM07"
"batch_features_corrected",694,"descriptive",1000,"features","","simulation","C3_SELECTIVE_BATCH","+ selective batch","SIM07"
"truth_metabolite_profile_icc_mean",0.921489332739476,"higher",1000,"ICC(A,1)","","simulation","C3_SELECTIVE_BATCH","+ selective batch","SIM07"
"truth_sample_profile_pearson_mean",0.924056388553148,"higher",450,"correlation","","simulation","C3_SELECTIVE_BATCH","+ selective batch","SIM07"
"truth_log1p_rmse",0.07240210422546,"lower",450000,"log1p intensity","","simulation","C3_SELECTIVE_BATCH","+ selective batch","SIM07"
"heldout_qc_cv_mean",8.66664255416764,"lower",1000,"percent","","simulation","C4_FULL_FIXED","+ PQN","SIM07"
"heldout_qc_cv_sd",6.32390202792341,"lower",1000,"percent","","simulation","C4_FULL_FIXED","+ PQN","SIM07"
"heldout_qc_cv_median",7.87824104977669,"lower",1000,"percent","","simulation","C4_FULL_FIXED","+ PQN","SIM07"
"residual_run_order_gam_mean_deviance",0.0198640127223974,"lower",5000,"proportion","","simulation","C4_FULL_FIXED","+ PQN","SIM07"
"residual_run_order_gam_sd_deviance",0.0329242646153165,"lower",5000,"proportion","","simulation","C4_FULL_FIXED","+ PQN","SIM07"
"residual_ljung_box_proportion_significant",0.008,"lower",5000,"proportion","","simulation","C4_FULL_FIXED","+ PQN","SIM07"
"batch_weighted_pc_r2_categorical",0.000961872297493601,"lower",450,"weighted R-squared","Batch is explicitly categorical.","simulation","C4_FULL_FIXED","+ PQN","SIM07"
"retained_features",1000,"higher",1000,"features","","simulation","C4_FULL_FIXED","+ PQN","SIM07"
"retained_samples",500,"higher",500,"samples","","simulation","C4_FULL_FIXED","+ PQN","SIM07"
"runtime_sec",6.748,"lower",1,"seconds","","simulation","C4_FULL_FIXED","+ PQN","SIM07"
"drift_profiles_corrected",1505,"descriptive",5000,"profiles","","simulation","C4_FULL_FIXED","+ PQN","SIM07"
"drift_features_corrected",671,"descriptive",1000,"features","","simulation","C4_FULL_FIXED","+ PQN","SIM07"
"batch_features_corrected",694,"descriptive",1000,"features","","simulation","C4_FULL_FIXED","+ PQN","SIM07"
"truth_metabolite_profile_icc_mean",0.921389682845685,"higher",1000,"ICC(A,1)","","simulation","C4_FULL_FIXED","+ PQN","SIM07"
"truth_sample_profile_pearson_mean",0.924055672932798,"higher",450,"correlation","","simulation","C4_FULL_FIXED","+ PQN","SIM07"
"truth_log1p_rmse",0.072438982008187,"lower",450000,"log1p intensity","","simulation","C4_FULL_FIXED","+ PQN","SIM07"
"heldout_qc_cv_mean",8.66664255416764,"lower",1000,"percent","","simulation","G_SS","selective/selective","SIM07"
"heldout_qc_cv_sd",6.32390202792341,"lower",1000,"percent","","simulation","G_SS","selective/selective","SIM07"
"heldout_qc_cv_median",7.87824104977669,"lower",1000,"percent","","simulation","G_SS","selective/selective","SIM07"
"residual_run_order_gam_mean_deviance",0.0198640127223974,"lower",5000,"proportion","","simulation","G_SS","selective/selective","SIM07"
"residual_run_order_gam_sd_deviance",0.0329242646153165,"lower",5000,"proportion","","simulation","G_SS","selective/selective","SIM07"
"residual_ljung_box_proportion_significant",0.008,"lower",5000,"proportion","","simulation","G_SS","selective/selective","SIM07"
"batch_weighted_pc_r2_categorical",0.000961872297493601,"lower",450,"weighted R-squared","Batch is explicitly categorical.","simulation","G_SS","selective/selective","SIM07"
"retained_features",1000,"higher",1000,"features","","simulation","G_SS","selective/selective","SIM07"
"retained_samples",500,"higher",500,"samples","","simulation","G_SS","selective/selective","SIM07"
"runtime_sec",6.748,"lower",1,"seconds","","simulation","G_SS","selective/selective","SIM07"
"drift_profiles_corrected",1505,"descriptive",5000,"profiles","","simulation","G_SS","selective/selective","SIM07"
"drift_features_corrected",671,"descriptive",1000,"features","","simulation","G_SS","selective/selective","SIM07"
"batch_features_corrected",694,"descriptive",1000,"features","","simulation","G_SS","selective/selective","SIM07"
"truth_metabolite_profile_icc_mean",0.921389682845685,"higher",1000,"ICC(A,1)","","simulation","G_SS","selective/selective","SIM07"
"truth_sample_profile_pearson_mean",0.924055672932798,"higher",450,"correlation","","simulation","G_SS","selective/selective","SIM07"
"truth_log1p_rmse",0.072438982008187,"lower",450000,"log1p intensity","","simulation","G_SS","selective/selective","SIM07"
"heldout_qc_cv_mean",10.6846997550075,"lower",1000,"percent","","simulation","G_AS","all/selective","SIM07"
"heldout_qc_cv_sd",5.10064842259097,"lower",1000,"percent","","simulation","G_AS","all/selective","SIM07"
"heldout_qc_cv_median",9.68455998411438,"lower",1000,"percent","","simulation","G_AS","all/selective","SIM07"
"residual_run_order_gam_mean_deviance",0.000746989747722066,"lower",5000,"proportion","","simulation","G_AS","all/selective","SIM07"
"residual_run_order_gam_sd_deviance",0.00124418576399617,"lower",5000,"proportion","","simulation","G_AS","all/selective","SIM07"
"residual_ljung_box_proportion_significant",0.0138,"lower",5000,"proportion","","simulation","G_AS","all/selective","SIM07"
"batch_weighted_pc_r2_categorical",0.000944737188754502,"lower",450,"weighted R-squared","Batch is explicitly categorical.","simulation","G_AS","all/selective","SIM07"
"retained_features",1000,"higher",1000,"features","","simulation","G_AS","all/selective","SIM07"
"retained_samples",500,"higher",500,"samples","","simulation","G_AS","all/selective","SIM07"
"runtime_sec",13.711,"lower",1,"seconds","","simulation","G_AS","all/selective","SIM07"
"drift_profiles_corrected",5000,"descriptive",5000,"profiles","","simulation","G_AS","all/selective","SIM07"
"drift_features_corrected",1000,"descriptive",1000,"features","","simulation","G_AS","all/selective","SIM07"
"batch_features_corrected",697,"descriptive",1000,"features","","simulation","G_AS","all/selective","SIM07"
"truth_metabolite_profile_icc_mean",0.909535077999746,"higher",1000,"ICC(A,1)","","simulation","G_AS","all/selective","SIM07"
"truth_sample_profile_pearson_mean",0.913004083797877,"higher",450,"correlation","","simulation","G_AS","all/selective","SIM07"
"truth_log1p_rmse",0.0762736682889894,"lower",450000,"log1p intensity","","simulation","G_AS","all/selective","SIM07"
"heldout_qc_cv_mean",9.08062239149139,"lower",1000,"percent","","simulation","G_SA","selective/all","SIM07"
"heldout_qc_cv_sd",5.92351028752473,"lower",1000,"percent","","simulation","G_SA","selective/all","SIM07"
"heldout_qc_cv_median",8.15977659671088,"lower",1000,"percent","","simulation","G_SA","selective/all","SIM07"
"residual_run_order_gam_mean_deviance",0.0198625786158757,"lower",5000,"proportion","","simulation","G_SA","selective/all","SIM07"
"residual_run_order_gam_sd_deviance",0.032929313379344,"lower",5000,"proportion","","simulation","G_SA","selective/all","SIM07"
"residual_ljung_box_proportion_significant",0.008,"lower",5000,"proportion","","simulation","G_SA","selective/all","SIM07"
"batch_weighted_pc_r2_categorical",7.66412400893426e-05,"lower",450,"weighted R-squared","Batch is explicitly categorical.","simulation","G_SA","selective/all","SIM07"
"retained_features",1000,"higher",1000,"features","","simulation","G_SA","selective/all","SIM07"
"retained_samples",500,"higher",500,"samples","","simulation","G_SA","selective/all","SIM07"
"runtime_sec",6.355,"lower",1,"seconds","","simulation","G_SA","selective/all","SIM07"
"drift_profiles_corrected",1505,"descriptive",5000,"profiles","","simulation","G_SA","selective/all","SIM07"
"drift_features_corrected",671,"descriptive",1000,"features","","simulation","G_SA","selective/all","SIM07"
"batch_features_corrected",1000,"descriptive",1000,"features","","simulation","G_SA","selective/all","SIM07"
"truth_metabolite_profile_icc_mean",0.920392336027289,"higher",1000,"ICC(A,1)","","simulation","G_SA","selective/all","SIM07"
"truth_sample_profile_pearson_mean",0.92302475603698,"higher",450,"correlation","","simulation","G_SA","selective/all","SIM07"
"truth_log1p_rmse",0.0728436061495395,"lower",450000,"log1p intensity","","simulation","G_SA","selective/all","SIM07"
"heldout_qc_cv_mean",10.8255364380461,"lower",1000,"percent","","simulation","G_AA","all/all","SIM07"
"heldout_qc_cv_sd",5.05897604318744,"lower",1000,"percent","","simulation","G_AA","all/all","SIM07"
"heldout_qc_cv_median",9.78976104343805,"lower",1000,"percent","","simulation","G_AA","all/all","SIM07"
"residual_run_order_gam_mean_deviance",0.000746673423284409,"lower",5000,"proportion","","simulation","G_AA","all/all","SIM07"
"residual_run_order_gam_sd_deviance",0.00124457237350883,"lower",5000,"proportion","","simulation","G_AA","all/all","SIM07"
"residual_ljung_box_proportion_significant",0.0138,"lower",5000,"proportion","","simulation","G_AA","all/all","SIM07"
"batch_weighted_pc_r2_categorical",9.42872124532314e-05,"lower",450,"weighted R-squared","Batch is explicitly categorical.","simulation","G_AA","all/all","SIM07"
"retained_features",1000,"higher",1000,"features","","simulation","G_AA","all/all","SIM07"
"retained_samples",500,"higher",500,"samples","","simulation","G_AA","all/all","SIM07"
"runtime_sec",14.095,"lower",1,"seconds","","simulation","G_AA","all/all","SIM07"
"drift_profiles_corrected",5000,"descriptive",5000,"profiles","","simulation","G_AA","all/all","SIM07"
"drift_features_corrected",1000,"descriptive",1000,"features","","simulation","G_AA","all/all","SIM07"
"batch_features_corrected",1000,"descriptive",1000,"features","","simulation","G_AA","all/all","SIM07"
"truth_metabolite_profile_icc_mean",0.908531449547941,"higher",1000,"ICC(A,1)","","simulation","G_AA","all/all","SIM07"
"truth_sample_profile_pearson_mean",0.911994496738786,"higher",450,"correlation","","simulation","G_AA","all/all","SIM07"
"truth_log1p_rmse",0.0766417319995369,"lower",450000,"log1p intensity","","simulation","G_AA","all/all","SIM07"
"heldout_qc_cv_mean",44.7497650511745,"lower",1000,"percent","","simulation","C0_RAW","Raw","SIM08"
"heldout_qc_cv_sd",31.4745696330304,"lower",1000,"percent","","simulation","C0_RAW","Raw","SIM08"
"heldout_qc_cv_median",43.4600970686433,"lower",1000,"percent","","simulation","C0_RAW","Raw","SIM08"
"residual_run_order_gam_mean_deviance",0.122558664063858,"lower",5000,"proportion","","simulation","C0_RAW","Raw","SIM08"
"residual_run_order_gam_sd_deviance",0.191182561903336,"lower",5000,"proportion","","simulation","C0_RAW","Raw","SIM08"
"residual_ljung_box_proportion_significant",0.2376,"lower",5000,"proportion","","simulation","C0_RAW","Raw","SIM08"
"batch_weighted_pc_r2_categorical",0.965288807097901,"lower",450,"weighted R-squared","Batch is explicitly categorical.","simulation","C0_RAW","Raw","SIM08"
"retained_features",1000,"higher",1000,"features","","simulation","C0_RAW","Raw","SIM08"
"retained_samples",500,"higher",500,"samples","","simulation","C0_RAW","Raw","SIM08"
"runtime_sec",0,"lower",1,"seconds","","simulation","C0_RAW","Raw","SIM08"
"drift_profiles_corrected",,"descriptive",5000,"profiles","","simulation","C0_RAW","Raw","SIM08"
"drift_features_corrected",,"descriptive",1000,"features","","simulation","C0_RAW","Raw","SIM08"
"batch_features_corrected",,"descriptive",1000,"features","","simulation","C0_RAW","Raw","SIM08"
"truth_metabolite_profile_icc_mean",0.582327788968522,"higher",1000,"ICC(A,1)","","simulation","C0_RAW","Raw","SIM08"
"truth_sample_profile_pearson_mean",0.510287226761651,"higher",450,"correlation","","simulation","C0_RAW","Raw","SIM08"
"truth_log1p_rmse",0.299543032234809,"lower",450000,"log1p intensity","","simulation","C0_RAW","Raw","SIM08"
"heldout_qc_cv_mean",41.4269787580475,"lower",1000,"percent","","simulation","C1_OUTLIER","Outlier","SIM08"
"heldout_qc_cv_sd",26.1274010815397,"lower",1000,"percent","","simulation","C1_OUTLIER","Outlier","SIM08"
"heldout_qc_cv_median",42.2917078417629,"lower",1000,"percent","","simulation","C1_OUTLIER","Outlier","SIM08"
"residual_run_order_gam_mean_deviance",0.122811126175699,"lower",5000,"proportion","","simulation","C1_OUTLIER","Outlier","SIM08"
"residual_run_order_gam_sd_deviance",0.192331502046009,"lower",5000,"proportion","","simulation","C1_OUTLIER","Outlier","SIM08"
"residual_ljung_box_proportion_significant",0.238,"lower",5000,"proportion","","simulation","C1_OUTLIER","Outlier","SIM08"
"batch_weighted_pc_r2_categorical",0.966308451718473,"lower",450,"weighted R-squared","Batch is explicitly categorical.","simulation","C1_OUTLIER","Outlier","SIM08"
"retained_features",1000,"higher",1000,"features","","simulation","C1_OUTLIER","Outlier","SIM08"
"retained_samples",500,"higher",500,"samples","","simulation","C1_OUTLIER","Outlier","SIM08"
"runtime_sec",0.247,"lower",1,"seconds","","simulation","C1_OUTLIER","Outlier","SIM08"
"drift_profiles_corrected",,"descriptive",5000,"profiles","","simulation","C1_OUTLIER","Outlier","SIM08"
"drift_features_corrected",,"descriptive",1000,"features","","simulation","C1_OUTLIER","Outlier","SIM08"
"batch_features_corrected",,"descriptive",1000,"features","","simulation","C1_OUTLIER","Outlier","SIM08"
"truth_metabolite_profile_icc_mean",0.58907291658023,"higher",1000,"ICC(A,1)","","simulation","C1_OUTLIER","Outlier","SIM08"
"truth_sample_profile_pearson_mean",0.540318951543228,"higher",450,"correlation","","simulation","C1_OUTLIER","Outlier","SIM08"
"truth_log1p_rmse",0.25796203624318,"lower",450000,"log1p intensity","","simulation","C1_OUTLIER","Outlier","SIM08"
"heldout_qc_cv_mean",38.4269104917744,"lower",1000,"percent","","simulation","C2_SELECTIVE_DRIFT","+ selective drift","SIM08"
"heldout_qc_cv_sd",27.0650098844488,"lower",1000,"percent","","simulation","C2_SELECTIVE_DRIFT","+ selective drift","SIM08"
"heldout_qc_cv_median",41.2920867118227,"lower",1000,"percent","","simulation","C2_SELECTIVE_DRIFT","+ selective drift","SIM08"
"residual_run_order_gam_mean_deviance",0.0215374326219952,"lower",5000,"proportion","","simulation","C2_SELECTIVE_DRIFT","+ selective drift","SIM08"
"residual_run_order_gam_sd_deviance",0.0350250782133911,"lower",5000,"proportion","","simulation","C2_SELECTIVE_DRIFT","+ selective drift","SIM08"
"residual_ljung_box_proportion_significant",0.0106,"lower",5000,"proportion","","simulation","C2_SELECTIVE_DRIFT","+ selective drift","SIM08"
"batch_weighted_pc_r2_categorical",0.988859386868211,"lower",450,"weighted R-squared","Batch is explicitly categorical.","simulation","C2_SELECTIVE_DRIFT","+ selective drift","SIM08"
"retained_features",1000,"higher",1000,"features","","simulation","C2_SELECTIVE_DRIFT","+ selective drift","SIM08"
"retained_samples",500,"higher",500,"samples","","simulation","C2_SELECTIVE_DRIFT","+ selective drift","SIM08"
"runtime_sec",4.937,"lower",1,"seconds","","simulation","C2_SELECTIVE_DRIFT","+ selective drift","SIM08"
"drift_profiles_corrected",1432,"descriptive",5000,"profiles","","simulation","C2_SELECTIVE_DRIFT","+ selective drift","SIM08"
"drift_features_corrected",665,"descriptive",1000,"features","","simulation","C2_SELECTIVE_DRIFT","+ selective drift","SIM08"
"batch_features_corrected",,"descriptive",1000,"features","","simulation","C2_SELECTIVE_DRIFT","+ selective drift","SIM08"
"truth_metabolite_profile_icc_mean",0.621734152992907,"higher",1000,"ICC(A,1)","","simulation","C2_SELECTIVE_DRIFT","+ selective drift","SIM08"
"truth_sample_profile_pearson_mean",0.550552973187299,"higher",450,"correlation","","simulation","C2_SELECTIVE_DRIFT","+ selective drift","SIM08"
"truth_log1p_rmse",0.247182805872874,"lower",450000,"log1p intensity","","simulation","C2_SELECTIVE_DRIFT","+ selective drift","SIM08"
"heldout_qc_cv_mean",8.45071792633157,"lower",1000,"percent","","simulation","C3_SELECTIVE_BATCH","+ selective batch","SIM08"
"heldout_qc_cv_sd",6.15623094535839,"lower",1000,"percent","","simulation","C3_SELECTIVE_BATCH","+ selective batch","SIM08"
"heldout_qc_cv_median",7.67818563752334,"lower",1000,"percent","","simulation","C3_SELECTIVE_BATCH","+ selective batch","SIM08"
"residual_run_order_gam_mean_deviance",0.0215371584347363,"lower",5000,"proportion","","simulation","C3_SELECTIVE_BATCH","+ selective batch","SIM08"
"residual_run_order_gam_sd_deviance",0.0350244175826414,"lower",5000,"proportion","","simulation","C3_SELECTIVE_BATCH","+ selective batch","SIM08"
"residual_ljung_box_proportion_significant",0.0106,"lower",5000,"proportion","","simulation","C3_SELECTIVE_BATCH","+ selective batch","SIM08"
"batch_weighted_pc_r2_categorical",0.00041505885836483,"lower",450,"weighted R-squared","Batch is explicitly categorical.","simulation","C3_SELECTIVE_BATCH","+ selective batch","SIM08"
"retained_features",1000,"higher",1000,"features","","simulation","C3_SELECTIVE_BATCH","+ selective batch","SIM08"
"retained_samples",500,"higher",500,"samples","","simulation","C3_SELECTIVE_BATCH","+ selective batch","SIM08"
"runtime_sec",6.365,"lower",1,"seconds","","simulation","C3_SELECTIVE_BATCH","+ selective batch","SIM08"
"drift_profiles_corrected",1432,"descriptive",5000,"profiles","","simulation","C3_SELECTIVE_BATCH","+ selective batch","SIM08"
"drift_features_corrected",665,"descriptive",1000,"features","","simulation","C3_SELECTIVE_BATCH","+ selective batch","SIM08"
"batch_features_corrected",713,"descriptive",1000,"features","","simulation","C3_SELECTIVE_BATCH","+ selective batch","SIM08"
"truth_metabolite_profile_icc_mean",0.918798544736092,"higher",1000,"ICC(A,1)","","simulation","C3_SELECTIVE_BATCH","+ selective batch","SIM08"
"truth_sample_profile_pearson_mean",0.917921417355399,"higher",450,"correlation","","simulation","C3_SELECTIVE_BATCH","+ selective batch","SIM08"
"truth_log1p_rmse",0.0751819268020099,"lower",450000,"log1p intensity","","simulation","C3_SELECTIVE_BATCH","+ selective batch","SIM08"
"heldout_qc_cv_mean",8.45071792633157,"lower",1000,"percent","","simulation","C4_FULL_FIXED","+ PQN","SIM08"
"heldout_qc_cv_sd",6.15623094535839,"lower",1000,"percent","","simulation","C4_FULL_FIXED","+ PQN","SIM08"
"heldout_qc_cv_median",7.67818563752334,"lower",1000,"percent","","simulation","C4_FULL_FIXED","+ PQN","SIM08"
"residual_run_order_gam_mean_deviance",0.0215088394148954,"lower",5000,"proportion","","simulation","C4_FULL_FIXED","+ PQN","SIM08"
"residual_run_order_gam_sd_deviance",0.0349641297883921,"lower",5000,"proportion","","simulation","C4_FULL_FIXED","+ PQN","SIM08"
"residual_ljung_box_proportion_significant",0.0106,"lower",5000,"proportion","","simulation","C4_FULL_FIXED","+ PQN","SIM08"
"batch_weighted_pc_r2_categorical",0.000452966163941812,"lower",450,"weighted R-squared","Batch is explicitly categorical.","simulation","C4_FULL_FIXED","+ PQN","SIM08"
"retained_features",1000,"higher",1000,"features","","simulation","C4_FULL_FIXED","+ PQN","SIM08"
"retained_samples",500,"higher",500,"samples","","simulation","C4_FULL_FIXED","+ PQN","SIM08"
"runtime_sec",6.883,"lower",1,"seconds","","simulation","C4_FULL_FIXED","+ PQN","SIM08"
"drift_profiles_corrected",1432,"descriptive",5000,"profiles","","simulation","C4_FULL_FIXED","+ PQN","SIM08"
"drift_features_corrected",665,"descriptive",1000,"features","","simulation","C4_FULL_FIXED","+ PQN","SIM08"
"batch_features_corrected",713,"descriptive",1000,"features","","simulation","C4_FULL_FIXED","+ PQN","SIM08"
"truth_metabolite_profile_icc_mean",0.918748087221842,"higher",1000,"ICC(A,1)","","simulation","C4_FULL_FIXED","+ PQN","SIM08"
"truth_sample_profile_pearson_mean",0.917921592834698,"higher",450,"correlation","","simulation","C4_FULL_FIXED","+ PQN","SIM08"
"truth_log1p_rmse",0.0751852130525579,"lower",450000,"log1p intensity","","simulation","C4_FULL_FIXED","+ PQN","SIM08"
"heldout_qc_cv_mean",8.45071792633157,"lower",1000,"percent","","simulation","G_SS","selective/selective","SIM08"
"heldout_qc_cv_sd",6.15623094535839,"lower",1000,"percent","","simulation","G_SS","selective/selective","SIM08"
"heldout_qc_cv_median",7.67818563752334,"lower",1000,"percent","","simulation","G_SS","selective/selective","SIM08"
"residual_run_order_gam_mean_deviance",0.0215088394148954,"lower",5000,"proportion","","simulation","G_SS","selective/selective","SIM08"
"residual_run_order_gam_sd_deviance",0.0349641297883921,"lower",5000,"proportion","","simulation","G_SS","selective/selective","SIM08"
"residual_ljung_box_proportion_significant",0.0106,"lower",5000,"proportion","","simulation","G_SS","selective/selective","SIM08"
"batch_weighted_pc_r2_categorical",0.000452966163941812,"lower",450,"weighted R-squared","Batch is explicitly categorical.","simulation","G_SS","selective/selective","SIM08"
"retained_features",1000,"higher",1000,"features","","simulation","G_SS","selective/selective","SIM08"
"retained_samples",500,"higher",500,"samples","","simulation","G_SS","selective/selective","SIM08"
"runtime_sec",6.883,"lower",1,"seconds","","simulation","G_SS","selective/selective","SIM08"
"drift_profiles_corrected",1432,"descriptive",5000,"profiles","","simulation","G_SS","selective/selective","SIM08"
"drift_features_corrected",665,"descriptive",1000,"features","","simulation","G_SS","selective/selective","SIM08"
"batch_features_corrected",713,"descriptive",1000,"features","","simulation","G_SS","selective/selective","SIM08"
"truth_metabolite_profile_icc_mean",0.918748087221842,"higher",1000,"ICC(A,1)","","simulation","G_SS","selective/selective","SIM08"
"truth_sample_profile_pearson_mean",0.917921592834698,"higher",450,"correlation","","simulation","G_SS","selective/selective","SIM08"
"truth_log1p_rmse",0.0751852130525579,"lower",450000,"log1p intensity","","simulation","G_SS","selective/selective","SIM08"
"heldout_qc_cv_mean",10.1918695030957,"lower",1000,"percent","","simulation","G_AS","all/selective","SIM08"
"heldout_qc_cv_sd",5.16647668778754,"lower",1000,"percent","","simulation","G_AS","all/selective","SIM08"
"heldout_qc_cv_median",9.16941082296771,"lower",1000,"percent","","simulation","G_AS","all/selective","SIM08"
"residual_run_order_gam_mean_deviance",0.000749894319042915,"lower",5000,"proportion","","simulation","G_AS","all/selective","SIM08"
"residual_run_order_gam_sd_deviance",0.00203231654193564,"lower",5000,"proportion","","simulation","G_AS","all/selective","SIM08"
"residual_ljung_box_proportion_significant",0.0176,"lower",5000,"proportion","","simulation","G_AS","all/selective","SIM08"
"batch_weighted_pc_r2_categorical",0.000490215829808959,"lower",450,"weighted R-squared","Batch is explicitly categorical.","simulation","G_AS","all/selective","SIM08"
"retained_features",1000,"higher",1000,"features","","simulation","G_AS","all/selective","SIM08"
"retained_samples",500,"higher",500,"samples","","simulation","G_AS","all/selective","SIM08"
"runtime_sec",14.06,"lower",1,"seconds","","simulation","G_AS","all/selective","SIM08"
"drift_profiles_corrected",5000,"descriptive",5000,"profiles","","simulation","G_AS","all/selective","SIM08"
"drift_features_corrected",1000,"descriptive",1000,"features","","simulation","G_AS","all/selective","SIM08"
"batch_features_corrected",717,"descriptive",1000,"features","","simulation","G_AS","all/selective","SIM08"
"truth_metabolite_profile_icc_mean",0.906781119202924,"higher",1000,"ICC(A,1)","","simulation","G_AS","all/selective","SIM08"
"truth_sample_profile_pearson_mean",0.906274910022216,"higher",450,"correlation","","simulation","G_AS","all/selective","SIM08"
"truth_log1p_rmse",0.0789752193591707,"lower",450000,"log1p intensity","","simulation","G_AS","all/selective","SIM08"
"heldout_qc_cv_mean",8.87092133676178,"lower",1000,"percent","","simulation","G_SA","selective/all","SIM08"
"heldout_qc_cv_sd",5.75700536733547,"lower",1000,"percent","","simulation","G_SA","selective/all","SIM08"
"heldout_qc_cv_median",7.85897685265396,"lower",1000,"percent","","simulation","G_SA","selective/all","SIM08"
"residual_run_order_gam_mean_deviance",0.0215085899646927,"lower",5000,"proportion","","simulation","G_SA","selective/all","SIM08"
"residual_run_order_gam_sd_deviance",0.034952414713132,"lower",5000,"proportion","","simulation","G_SA","selective/all","SIM08"
"residual_ljung_box_proportion_significant",0.0106,"lower",5000,"proportion","","simulation","G_SA","selective/all","SIM08"
"batch_weighted_pc_r2_categorical",0.00011464983195261,"lower",450,"weighted R-squared","Batch is explicitly categorical.","simulation","G_SA","selective/all","SIM08"
"retained_features",1000,"higher",1000,"features","","simulation","G_SA","selective/all","SIM08"
"retained_samples",500,"higher",500,"samples","","simulation","G_SA","selective/all","SIM08"
"runtime_sec",6.472,"lower",1,"seconds","","simulation","G_SA","selective/all","SIM08"
"drift_profiles_corrected",1432,"descriptive",5000,"profiles","","simulation","G_SA","selective/all","SIM08"
"drift_features_corrected",665,"descriptive",1000,"features","","simulation","G_SA","selective/all","SIM08"
"batch_features_corrected",1000,"descriptive",1000,"features","","simulation","G_SA","selective/all","SIM08"
"truth_metabolite_profile_icc_mean",0.917808199154541,"higher",1000,"ICC(A,1)","","simulation","G_SA","selective/all","SIM08"
"truth_sample_profile_pearson_mean",0.916924625715391,"higher",450,"correlation","","simulation","G_SA","selective/all","SIM08"
"truth_log1p_rmse",0.0755542223941886,"lower",450000,"log1p intensity","","simulation","G_SA","selective/all","SIM08"
"heldout_qc_cv_mean",10.3551799157324,"lower",1000,"percent","","simulation","G_AA","all/all","SIM08"
"heldout_qc_cv_sd",5.10834343808436,"lower",1000,"percent","","simulation","G_AA","all/all","SIM08"
"heldout_qc_cv_median",9.33641866384053,"lower",1000,"percent","","simulation","G_AA","all/all","SIM08"
"residual_run_order_gam_mean_deviance",0.000750141418397438,"lower",5000,"proportion","","simulation","G_AA","all/all","SIM08"
"residual_run_order_gam_sd_deviance",0.0020294739586155,"lower",5000,"proportion","","simulation","G_AA","all/all","SIM08"
"residual_ljung_box_proportion_significant",0.0176,"lower",5000,"proportion","","simulation","G_AA","all/all","SIM08"
"batch_weighted_pc_r2_categorical",0.000126001720166697,"lower",450,"weighted R-squared","Batch is explicitly categorical.","simulation","G_AA","all/all","SIM08"
"retained_features",1000,"higher",1000,"features","","simulation","G_AA","all/all","SIM08"
"retained_samples",500,"higher",500,"samples","","simulation","G_AA","all/all","SIM08"
"runtime_sec",14.521,"lower",1,"seconds","","simulation","G_AA","all/all","SIM08"
"drift_profiles_corrected",5000,"descriptive",5000,"profiles","","simulation","G_AA","all/all","SIM08"
"drift_features_corrected",1000,"descriptive",1000,"features","","simulation","G_AA","all/all","SIM08"
"batch_features_corrected",1000,"descriptive",1000,"features","","simulation","G_AA","all/all","SIM08"
"truth_metabolite_profile_icc_mean",0.9058259422135,"higher",1000,"ICC(A,1)","","simulation","G_AA","all/all","SIM08"
"truth_sample_profile_pearson_mean",0.905305287073593,"higher",450,"correlation","","simulation","G_AA","all/all","SIM08"
"truth_log1p_rmse",0.0793171050592308,"lower",450000,"log1p intensity","","simulation","G_AA","all/all","SIM08"
"heldout_qc_cv_mean",44.6627755388353,"lower",1000,"percent","","simulation","C0_RAW","Raw","SIM09"
"heldout_qc_cv_sd",30.239873925063,"lower",1000,"percent","","simulation","C0_RAW","Raw","SIM09"
"heldout_qc_cv_median",42.9286190974532,"lower",1000,"percent","","simulation","C0_RAW","Raw","SIM09"
"residual_run_order_gam_mean_deviance",0.123197409908073,"lower",5000,"proportion","","simulation","C0_RAW","Raw","SIM09"
"residual_run_order_gam_sd_deviance",0.191155956311968,"lower",5000,"proportion","","simulation","C0_RAW","Raw","SIM09"
"residual_ljung_box_proportion_significant",0.2382,"lower",5000,"proportion","","simulation","C0_RAW","Raw","SIM09"
"batch_weighted_pc_r2_categorical",0.963943539811015,"lower",450,"weighted R-squared","Batch is explicitly categorical.","simulation","C0_RAW","Raw","SIM09"
"retained_features",1000,"higher",1000,"features","","simulation","C0_RAW","Raw","SIM09"
"retained_samples",500,"higher",500,"samples","","simulation","C0_RAW","Raw","SIM09"
"runtime_sec",0,"lower",1,"seconds","","simulation","C0_RAW","Raw","SIM09"
"drift_profiles_corrected",,"descriptive",5000,"profiles","","simulation","C0_RAW","Raw","SIM09"
"drift_features_corrected",,"descriptive",1000,"features","","simulation","C0_RAW","Raw","SIM09"
"batch_features_corrected",,"descriptive",1000,"features","","simulation","C0_RAW","Raw","SIM09"
"truth_metabolite_profile_icc_mean",0.587636789919922,"higher",1000,"ICC(A,1)","","simulation","C0_RAW","Raw","SIM09"
"truth_sample_profile_pearson_mean",0.525991495840513,"higher",450,"correlation","","simulation","C0_RAW","Raw","SIM09"
"truth_log1p_rmse",0.286072426961136,"lower",450000,"log1p intensity","","simulation","C0_RAW","Raw","SIM09"
"heldout_qc_cv_mean",41.6202314802651,"lower",1000,"percent","","simulation","C1_OUTLIER","Outlier","SIM09"
"heldout_qc_cv_sd",25.7016664924029,"lower",1000,"percent","","simulation","C1_OUTLIER","Outlier","SIM09"
"heldout_qc_cv_median",42.2702179668268,"lower",1000,"percent","","simulation","C1_OUTLIER","Outlier","SIM09"
"residual_run_order_gam_mean_deviance",0.123128871348599,"lower",5000,"proportion","","simulation","C1_OUTLIER","Outlier","SIM09"
"residual_run_order_gam_sd_deviance",0.192222230556603,"lower",5000,"proportion","","simulation","C1_OUTLIER","Outlier","SIM09"
"residual_ljung_box_proportion_significant",0.236,"lower",5000,"proportion","","simulation","C1_OUTLIER","Outlier","SIM09"
"batch_weighted_pc_r2_categorical",0.964840547154863,"lower",450,"weighted R-squared","Batch is explicitly categorical.","simulation","C1_OUTLIER","Outlier","SIM09"
"retained_features",1000,"higher",1000,"features","","simulation","C1_OUTLIER","Outlier","SIM09"
"retained_samples",500,"higher",500,"samples","","simulation","C1_OUTLIER","Outlier","SIM09"
"runtime_sec",0.231,"lower",1,"seconds","","simulation","C1_OUTLIER","Outlier","SIM09"
"drift_profiles_corrected",,"descriptive",5000,"profiles","","simulation","C1_OUTLIER","Outlier","SIM09"
"drift_features_corrected",,"descriptive",1000,"features","","simulation","C1_OUTLIER","Outlier","SIM09"
"batch_features_corrected",,"descriptive",1000,"features","","simulation","C1_OUTLIER","Outlier","SIM09"
"truth_metabolite_profile_icc_mean",0.593776999922906,"higher",1000,"ICC(A,1)","","simulation","C1_OUTLIER","Outlier","SIM09"
"truth_sample_profile_pearson_mean",0.546598123368967,"higher",450,"correlation","","simulation","C1_OUTLIER","Outlier","SIM09"
"truth_log1p_rmse",0.253613860317677,"lower",450000,"log1p intensity","","simulation","C1_OUTLIER","Outlier","SIM09"
"heldout_qc_cv_mean",38.2123631040891,"lower",1000,"percent","","simulation","C2_SELECTIVE_DRIFT","+ selective drift","SIM09"
"heldout_qc_cv_sd",26.6307311890295,"lower",1000,"percent","","simulation","C2_SELECTIVE_DRIFT","+ selective drift","SIM09"
"heldout_qc_cv_median",38.7662397006272,"lower",1000,"percent","","simulation","C2_SELECTIVE_DRIFT","+ selective drift","SIM09"
"residual_run_order_gam_mean_deviance",0.021766054800848,"lower",5000,"proportion","","simulation","C2_SELECTIVE_DRIFT","+ selective drift","SIM09"
"residual_run_order_gam_sd_deviance",0.0354952227801926,"lower",5000,"proportion","","simulation","C2_SELECTIVE_DRIFT","+ selective drift","SIM09"
"residual_ljung_box_proportion_significant",0.005,"lower",5000,"proportion","","simulation","C2_SELECTIVE_DRIFT","+ selective drift","SIM09"
"batch_weighted_pc_r2_categorical",0.988529853601215,"lower",450,"weighted R-squared","Batch is explicitly categorical.","simulation","C2_SELECTIVE_DRIFT","+ selective drift","SIM09"
"retained_features",1000,"higher",1000,"features","","simulation","C2_SELECTIVE_DRIFT","+ selective drift","SIM09"
"retained_samples",500,"higher",500,"samples","","simulation","C2_SELECTIVE_DRIFT","+ selective drift","SIM09"
"runtime_sec",4.819,"lower",1,"seconds","","simulation","C2_SELECTIVE_DRIFT","+ selective drift","SIM09"
"drift_profiles_corrected",1370,"descriptive",5000,"profiles","","simulation","C2_SELECTIVE_DRIFT","+ selective drift","SIM09"
"drift_features_corrected",640,"descriptive",1000,"features","","simulation","C2_SELECTIVE_DRIFT","+ selective drift","SIM09"
"batch_features_corrected",,"descriptive",1000,"features","","simulation","C2_SELECTIVE_DRIFT","+ selective drift","SIM09"
"truth_metabolite_profile_icc_mean",0.627644169190668,"higher",1000,"ICC(A,1)","","simulation","C2_SELECTIVE_DRIFT","+ selective drift","SIM09"
"truth_sample_profile_pearson_mean",0.557106227019132,"higher",450,"correlation","","simulation","C2_SELECTIVE_DRIFT","+ selective drift","SIM09"
"truth_log1p_rmse",0.242874111222241,"lower",450000,"log1p intensity","","simulation","C2_SELECTIVE_DRIFT","+ selective drift","SIM09"
"heldout_qc_cv_mean",8.92079821189521,"lower",1000,"percent","","simulation","C3_SELECTIVE_BATCH","+ selective batch","SIM09"
"heldout_qc_cv_sd",6.36297917971756,"lower",1000,"percent","","simulation","C3_SELECTIVE_BATCH","+ selective batch","SIM09"
"heldout_qc_cv_median",8.06330676685007,"lower",1000,"percent","","simulation","C3_SELECTIVE_BATCH","+ selective batch","SIM09"
"residual_run_order_gam_mean_deviance",0.0217660408831313,"lower",5000,"proportion","","simulation","C3_SELECTIVE_BATCH","+ selective batch","SIM09"
"residual_run_order_gam_sd_deviance",0.0354952259571096,"lower",5000,"proportion","","simulation","C3_SELECTIVE_BATCH","+ selective batch","SIM09"
"residual_ljung_box_proportion_significant",0.005,"lower",5000,"proportion","","simulation","C3_SELECTIVE_BATCH","+ selective batch","SIM09"
"batch_weighted_pc_r2_categorical",0.000893738844214305,"lower",450,"weighted R-squared","Batch is explicitly categorical.","simulation","C3_SELECTIVE_BATCH","+ selective batch","SIM09"
"retained_features",1000,"higher",1000,"features","","simulation","C3_SELECTIVE_BATCH","+ selective batch","SIM09"
"retained_samples",500,"higher",500,"samples","","simulation","C3_SELECTIVE_BATCH","+ selective batch","SIM09"
"runtime_sec",6.268,"lower",1,"seconds","","simulation","C3_SELECTIVE_BATCH","+ selective batch","SIM09"
"drift_profiles_corrected",1370,"descriptive",5000,"profiles","","simulation","C3_SELECTIVE_BATCH","+ selective batch","SIM09"
"drift_features_corrected",640,"descriptive",1000,"features","","simulation","C3_SELECTIVE_BATCH","+ selective batch","SIM09"
"batch_features_corrected",723,"descriptive",1000,"features","","simulation","C3_SELECTIVE_BATCH","+ selective batch","SIM09"
"truth_metabolite_profile_icc_mean",0.92307822951369,"higher",1000,"ICC(A,1)","","simulation","C3_SELECTIVE_BATCH","+ selective batch","SIM09"
"truth_sample_profile_pearson_mean",0.925861887084216,"higher",450,"correlation","","simulation","C3_SELECTIVE_BATCH","+ selective batch","SIM09"
"truth_log1p_rmse",0.0715358559031403,"lower",450000,"log1p intensity","","simulation","C3_SELECTIVE_BATCH","+ selective batch","SIM09"
"heldout_qc_cv_mean",8.92079821189521,"lower",1000,"percent","","simulation","C4_FULL_FIXED","+ PQN","SIM09"
"heldout_qc_cv_sd",6.36297917971756,"lower",1000,"percent","","simulation","C4_FULL_FIXED","+ PQN","SIM09"
"heldout_qc_cv_median",8.06330676685007,"lower",1000,"percent","","simulation","C4_FULL_FIXED","+ PQN","SIM09"
"residual_run_order_gam_mean_deviance",0.021732341523898,"lower",5000,"proportion","","simulation","C4_FULL_FIXED","+ PQN","SIM09"
"residual_run_order_gam_sd_deviance",0.0354527867222733,"lower",5000,"proportion","","simulation","C4_FULL_FIXED","+ PQN","SIM09"
"residual_ljung_box_proportion_significant",0.0044,"lower",5000,"proportion","","simulation","C4_FULL_FIXED","+ PQN","SIM09"
"batch_weighted_pc_r2_categorical",0.000902407349282164,"lower",450,"weighted R-squared","Batch is explicitly categorical.","simulation","C4_FULL_FIXED","+ PQN","SIM09"
"retained_features",1000,"higher",1000,"features","","simulation","C4_FULL_FIXED","+ PQN","SIM09"
"retained_samples",500,"higher",500,"samples","","simulation","C4_FULL_FIXED","+ PQN","SIM09"
"runtime_sec",6.779,"lower",1,"seconds","","simulation","C4_FULL_FIXED","+ PQN","SIM09"
"drift_profiles_corrected",1370,"descriptive",5000,"profiles","","simulation","C4_FULL_FIXED","+ PQN","SIM09"
"drift_features_corrected",640,"descriptive",1000,"features","","simulation","C4_FULL_FIXED","+ PQN","SIM09"
"batch_features_corrected",723,"descriptive",1000,"features","","simulation","C4_FULL_FIXED","+ PQN","SIM09"
"truth_metabolite_profile_icc_mean",0.922967580857371,"higher",1000,"ICC(A,1)","","simulation","C4_FULL_FIXED","+ PQN","SIM09"
"truth_sample_profile_pearson_mean",0.925861688218806,"higher",450,"correlation","","simulation","C4_FULL_FIXED","+ PQN","SIM09"
"truth_log1p_rmse",0.0715756350379746,"lower",450000,"log1p intensity","","simulation","C4_FULL_FIXED","+ PQN","SIM09"
"heldout_qc_cv_mean",8.92079821189521,"lower",1000,"percent","","simulation","G_SS","selective/selective","SIM09"
"heldout_qc_cv_sd",6.36297917971756,"lower",1000,"percent","","simulation","G_SS","selective/selective","SIM09"
"heldout_qc_cv_median",8.06330676685007,"lower",1000,"percent","","simulation","G_SS","selective/selective","SIM09"
"residual_run_order_gam_mean_deviance",0.021732341523898,"lower",5000,"proportion","","simulation","G_SS","selective/selective","SIM09"
"residual_run_order_gam_sd_deviance",0.0354527867222733,"lower",5000,"proportion","","simulation","G_SS","selective/selective","SIM09"
"residual_ljung_box_proportion_significant",0.0044,"lower",5000,"proportion","","simulation","G_SS","selective/selective","SIM09"
"batch_weighted_pc_r2_categorical",0.000902407349282164,"lower",450,"weighted R-squared","Batch is explicitly categorical.","simulation","G_SS","selective/selective","SIM09"
"retained_features",1000,"higher",1000,"features","","simulation","G_SS","selective/selective","SIM09"
"retained_samples",500,"higher",500,"samples","","simulation","G_SS","selective/selective","SIM09"
"runtime_sec",6.779,"lower",1,"seconds","","simulation","G_SS","selective/selective","SIM09"
"drift_profiles_corrected",1370,"descriptive",5000,"profiles","","simulation","G_SS","selective/selective","SIM09"
"drift_features_corrected",640,"descriptive",1000,"features","","simulation","G_SS","selective/selective","SIM09"
"batch_features_corrected",723,"descriptive",1000,"features","","simulation","G_SS","selective/selective","SIM09"
"truth_metabolite_profile_icc_mean",0.922967580857371,"higher",1000,"ICC(A,1)","","simulation","G_SS","selective/selective","SIM09"
"truth_sample_profile_pearson_mean",0.925861688218806,"higher",450,"correlation","","simulation","G_SS","selective/selective","SIM09"
"truth_log1p_rmse",0.0715756350379746,"lower",450000,"log1p intensity","","simulation","G_SS","selective/selective","SIM09"
"heldout_qc_cv_mean",11.2799233583049,"lower",1000,"percent","","simulation","G_AS","all/selective","SIM09"
"heldout_qc_cv_sd",5.04421314972238,"lower",1000,"percent","","simulation","G_AS","all/selective","SIM09"
"heldout_qc_cv_median",10.2657599803092,"lower",1000,"percent","","simulation","G_AS","all/selective","SIM09"
"residual_run_order_gam_mean_deviance",0.0007278034959982,"lower",5000,"proportion","","simulation","G_AS","all/selective","SIM09"
"residual_run_order_gam_sd_deviance",0.00125909660006437,"lower",5000,"proportion","","simulation","G_AS","all/selective","SIM09"
"residual_ljung_box_proportion_significant",0.008,"lower",5000,"proportion","","simulation","G_AS","all/selective","SIM09"
"batch_weighted_pc_r2_categorical",0.000684593759093656,"lower",450,"weighted R-squared","Batch is explicitly categorical.","simulation","G_AS","all/selective","SIM09"
"retained_features",1000,"higher",1000,"features","","simulation","G_AS","all/selective","SIM09"
"retained_samples",500,"higher",500,"samples","","simulation","G_AS","all/selective","SIM09"
"runtime_sec",14.143,"lower",1,"seconds","","simulation","G_AS","all/selective","SIM09"
"drift_profiles_corrected",5000,"descriptive",5000,"profiles","","simulation","G_AS","all/selective","SIM09"
"drift_features_corrected",1000,"descriptive",1000,"features","","simulation","G_AS","all/selective","SIM09"
"batch_features_corrected",724,"descriptive",1000,"features","","simulation","G_AS","all/selective","SIM09"
"truth_metabolite_profile_icc_mean",0.91106876834368,"higher",1000,"ICC(A,1)","","simulation","G_AS","all/selective","SIM09"
"truth_sample_profile_pearson_mean",0.914725201234201,"higher",450,"correlation","","simulation","G_AS","all/selective","SIM09"
"truth_log1p_rmse",0.0754607219567797,"lower",450000,"log1p intensity","","simulation","G_AS","all/selective","SIM09"
"heldout_qc_cv_mean",9.26402708730811,"lower",1000,"percent","","simulation","G_SA","selective/all","SIM09"
"heldout_qc_cv_sd",6.03890001600341,"lower",1000,"percent","","simulation","G_SA","selective/all","SIM09"
"heldout_qc_cv_median",8.1477775105282,"lower",1000,"percent","","simulation","G_SA","selective/all","SIM09"
"residual_run_order_gam_mean_deviance",0.0217317564322029,"lower",5000,"proportion","","simulation","G_SA","selective/all","SIM09"
"residual_run_order_gam_sd_deviance",0.0354548784048712,"lower",5000,"proportion","","simulation","G_SA","selective/all","SIM09"
"residual_ljung_box_proportion_significant",0.0048,"lower",5000,"proportion","","simulation","G_SA","selective/all","SIM09"
"batch_weighted_pc_r2_categorical",0.000133784862775986,"lower",450,"weighted R-squared","Batch is explicitly categorical.","simulation","G_SA","selective/all","SIM09"
"retained_features",1000,"higher",1000,"features","","simulation","G_SA","selective/all","SIM09"
"retained_samples",500,"higher",500,"samples","","simulation","G_SA","selective/all","SIM09"
"runtime_sec",6.361,"lower",1,"seconds","","simulation","G_SA","selective/all","SIM09"
"drift_profiles_corrected",1370,"descriptive",5000,"profiles","","simulation","G_SA","selective/all","SIM09"
"drift_features_corrected",640,"descriptive",1000,"features","","simulation","G_SA","selective/all","SIM09"
"batch_features_corrected",1000,"descriptive",1000,"features","","simulation","G_SA","selective/all","SIM09"
"truth_metabolite_profile_icc_mean",0.922145447819379,"higher",1000,"ICC(A,1)","","simulation","G_SA","selective/all","SIM09"
"truth_sample_profile_pearson_mean",0.925008051273754,"higher",450,"correlation","","simulation","G_SA","selective/all","SIM09"
"truth_log1p_rmse",0.071910684750944,"lower",450000,"log1p intensity","","simulation","G_SA","selective/all","SIM09"
"heldout_qc_cv_mean",11.3786945563868,"lower",1000,"percent","","simulation","G_AA","all/all","SIM09"
"heldout_qc_cv_sd",5.01956209766415,"lower",1000,"percent","","simulation","G_AA","all/all","SIM09"
"heldout_qc_cv_median",10.423769984464,"lower",1000,"percent","","simulation","G_AA","all/all","SIM09"
"residual_run_order_gam_mean_deviance",0.00072836711614094,"lower",5000,"proportion","","simulation","G_AA","all/all","SIM09"
"residual_run_order_gam_sd_deviance",0.00126199997523115,"lower",5000,"proportion","","simulation","G_AA","all/all","SIM09"
"residual_ljung_box_proportion_significant",0.008,"lower",5000,"proportion","","simulation","G_AA","all/all","SIM09"
"batch_weighted_pc_r2_categorical",0.00014369868753257,"lower",450,"weighted R-squared","Batch is explicitly categorical.","simulation","G_AA","all/all","SIM09"
"retained_features",1000,"higher",1000,"features","","simulation","G_AA","all/all","SIM09"
"retained_samples",500,"higher",500,"samples","","simulation","G_AA","all/all","SIM09"
"runtime_sec",14.561,"lower",1,"seconds","","simulation","G_AA","all/all","SIM09"
"drift_profiles_corrected",5000,"descriptive",5000,"profiles","","simulation","G_AA","all/all","SIM09"
"drift_features_corrected",1000,"descriptive",1000,"features","","simulation","G_AA","all/all","SIM09"
"batch_features_corrected",1000,"descriptive",1000,"features","","simulation","G_AA","all/all","SIM09"
"truth_metabolite_profile_icc_mean",0.910223873876087,"higher",1000,"ICC(A,1)","","simulation","G_AA","all/all","SIM09"
"truth_sample_profile_pearson_mean",0.913875114730822,"higher",450,"correlation","","simulation","G_AA","all/all","SIM09"
"truth_log1p_rmse",0.0757709499640049,"lower",450000,"log1p intensity","","simulation","G_AA","all/all","SIM09"
"heldout_qc_cv_mean",43.4947793580392,"lower",1000,"percent","","simulation","C0_RAW","Raw","SIM10"
"heldout_qc_cv_sd",31.0499954750703,"lower",1000,"percent","","simulation","C0_RAW","Raw","SIM10"
"heldout_qc_cv_median",41.9909299172558,"lower",1000,"percent","","simulation","C0_RAW","Raw","SIM10"
"residual_run_order_gam_mean_deviance",0.118892897268797,"lower",5000,"proportion","","simulation","C0_RAW","Raw","SIM10"
"residual_run_order_gam_sd_deviance",0.189815491293246,"lower",5000,"proportion","","simulation","C0_RAW","Raw","SIM10"
"residual_ljung_box_proportion_significant",0.2252,"lower",5000,"proportion","","simulation","C0_RAW","Raw","SIM10"
"batch_weighted_pc_r2_categorical",0.963536734849481,"lower",450,"weighted R-squared","Batch is explicitly categorical.","simulation","C0_RAW","Raw","SIM10"
"retained_features",1000,"higher",1000,"features","","simulation","C0_RAW","Raw","SIM10"
"retained_samples",500,"higher",500,"samples","","simulation","C0_RAW","Raw","SIM10"
"runtime_sec",0,"lower",1,"seconds","","simulation","C0_RAW","Raw","SIM10"
"drift_profiles_corrected",,"descriptive",5000,"profiles","","simulation","C0_RAW","Raw","SIM10"
"drift_features_corrected",,"descriptive",1000,"features","","simulation","C0_RAW","Raw","SIM10"
"batch_features_corrected",,"descriptive",1000,"features","","simulation","C0_RAW","Raw","SIM10"
"truth_metabolite_profile_icc_mean",0.599639701154964,"higher",1000,"ICC(A,1)","","simulation","C0_RAW","Raw","SIM10"
"truth_sample_profile_pearson_mean",0.518310901203034,"higher",450,"correlation","","simulation","C0_RAW","Raw","SIM10"
"truth_log1p_rmse",0.291738246535687,"lower",450000,"log1p intensity","","simulation","C0_RAW","Raw","SIM10"
"heldout_qc_cv_mean",40.5661852696298,"lower",1000,"percent","","simulation","C1_OUTLIER","Outlier","SIM10"
"heldout_qc_cv_sd",26.5130534890363,"lower",1000,"percent","","simulation","C1_OUTLIER","Outlier","SIM10"
"heldout_qc_cv_median",41.5362146191281,"lower",1000,"percent","","simulation","C1_OUTLIER","Outlier","SIM10"
"residual_run_order_gam_mean_deviance",0.119349406645187,"lower",5000,"proportion","","simulation","C1_OUTLIER","Outlier","SIM10"
"residual_run_order_gam_sd_deviance",0.191120349083533,"lower",5000,"proportion","","simulation","C1_OUTLIER","Outlier","SIM10"
"residual_ljung_box_proportion_significant",0.225,"lower",5000,"proportion","","simulation","C1_OUTLIER","Outlier","SIM10"
"batch_weighted_pc_r2_categorical",0.964594052592559,"lower",450,"weighted R-squared","Batch is explicitly categorical.","simulation","C1_OUTLIER","Outlier","SIM10"
"retained_features",1000,"higher",1000,"features","","simulation","C1_OUTLIER","Outlier","SIM10"
"retained_samples",500,"higher",500,"samples","","simulation","C1_OUTLIER","Outlier","SIM10"
"runtime_sec",0.234999999999999,"lower",1,"seconds","","simulation","C1_OUTLIER","Outlier","SIM10"
"drift_profiles_corrected",,"descriptive",5000,"profiles","","simulation","C1_OUTLIER","Outlier","SIM10"
"drift_features_corrected",,"descriptive",1000,"features","","simulation","C1_OUTLIER","Outlier","SIM10"
"batch_features_corrected",,"descriptive",1000,"features","","simulation","C1_OUTLIER","Outlier","SIM10"
"truth_metabolite_profile_icc_mean",0.6047324600938,"higher",1000,"ICC(A,1)","","simulation","C1_OUTLIER","Outlier","SIM10"
"truth_sample_profile_pearson_mean",0.54591670060372,"higher",450,"correlation","","simulation","C1_OUTLIER","Outlier","SIM10"
"truth_log1p_rmse",0.254747395473562,"lower",450000,"log1p intensity","","simulation","C1_OUTLIER","Outlier","SIM10"
"heldout_qc_cv_mean",36.9469152576732,"lower",1000,"percent","","simulation","C2_SELECTIVE_DRIFT","+ selective drift","SIM10"
"heldout_qc_cv_sd",27.3897616480973,"lower",1000,"percent","","simulation","C2_SELECTIVE_DRIFT","+ selective drift","SIM10"
"heldout_qc_cv_median",38.7872848219184,"lower",1000,"percent","","simulation","C2_SELECTIVE_DRIFT","+ selective drift","SIM10"
"residual_run_order_gam_mean_deviance",0.0211960416307798,"lower",5000,"proportion","","simulation","C2_SELECTIVE_DRIFT","+ selective drift","SIM10"
"residual_run_order_gam_sd_deviance",0.0338396483520835,"lower",5000,"proportion","","simulation","C2_SELECTIVE_DRIFT","+ selective drift","SIM10"
"residual_ljung_box_proportion_significant",0.0064,"lower",5000,"proportion","","simulation","C2_SELECTIVE_DRIFT","+ selective drift","SIM10"
"batch_weighted_pc_r2_categorical",0.987960688197278,"lower",450,"weighted R-squared","Batch is explicitly categorical.","simulation","C2_SELECTIVE_DRIFT","+ selective drift","SIM10"
"retained_features",1000,"higher",1000,"features","","simulation","C2_SELECTIVE_DRIFT","+ selective drift","SIM10"
"retained_samples",500,"higher",500,"samples","","simulation","C2_SELECTIVE_DRIFT","+ selective drift","SIM10"
"runtime_sec",4.816,"lower",1,"seconds","","simulation","C2_SELECTIVE_DRIFT","+ selective drift","SIM10"
"drift_profiles_corrected",1394,"descriptive",5000,"profiles","","simulation","C2_SELECTIVE_DRIFT","+ selective drift","SIM10"
"drift_features_corrected",629,"descriptive",1000,"features","","simulation","C2_SELECTIVE_DRIFT","+ selective drift","SIM10"
"batch_features_corrected",,"descriptive",1000,"features","","simulation","C2_SELECTIVE_DRIFT","+ selective drift","SIM10"
"truth_metabolite_profile_icc_mean",0.637484334266576,"higher",1000,"ICC(A,1)","","simulation","C2_SELECTIVE_DRIFT","+ selective drift","SIM10"
"truth_sample_profile_pearson_mean",0.555950138246546,"higher",450,"correlation","","simulation","C2_SELECTIVE_DRIFT","+ selective drift","SIM10"
"truth_log1p_rmse",0.244290612092231,"lower",450000,"log1p intensity","","simulation","C2_SELECTIVE_DRIFT","+ selective drift","SIM10"
"heldout_qc_cv_mean",8.59818697652455,"lower",1000,"percent","","simulation","C3_SELECTIVE_BATCH","+ selective batch","SIM10"
"heldout_qc_cv_sd",6.65742880018917,"lower",1000,"percent","","simulation","C3_SELECTIVE_BATCH","+ selective batch","SIM10"
"heldout_qc_cv_median",7.72828070707247,"lower",1000,"percent","","simulation","C3_SELECTIVE_BATCH","+ selective batch","SIM10"
"residual_run_order_gam_mean_deviance",0.0211960636130859,"lower",5000,"proportion","","simulation","C3_SELECTIVE_BATCH","+ selective batch","SIM10"
"residual_run_order_gam_sd_deviance",0.0338396443047807,"lower",5000,"proportion","","simulation","C3_SELECTIVE_BATCH","+ selective batch","SIM10"
"residual_ljung_box_proportion_significant",0.0064,"lower",5000,"proportion","","simulation","C3_SELECTIVE_BATCH","+ selective batch","SIM10"
"batch_weighted_pc_r2_categorical",0.000886927158418618,"lower",450,"weighted R-squared","Batch is explicitly categorical.","simulation","C3_SELECTIVE_BATCH","+ selective batch","SIM10"
"retained_features",1000,"higher",1000,"features","","simulation","C3_SELECTIVE_BATCH","+ selective batch","SIM10"
"retained_samples",500,"higher",500,"samples","","simulation","C3_SELECTIVE_BATCH","+ selective batch","SIM10"
"runtime_sec",6.23,"lower",1,"seconds","","simulation","C3_SELECTIVE_BATCH","+ selective batch","SIM10"
"drift_profiles_corrected",1394,"descriptive",5000,"profiles","","simulation","C3_SELECTIVE_BATCH","+ selective batch","SIM10"
"drift_features_corrected",629,"descriptive",1000,"features","","simulation","C3_SELECTIVE_BATCH","+ selective batch","SIM10"
"batch_features_corrected",676,"descriptive",1000,"features","","simulation","C3_SELECTIVE_BATCH","+ selective batch","SIM10"
"truth_metabolite_profile_icc_mean",0.921730424563037,"higher",1000,"ICC(A,1)","","simulation","C3_SELECTIVE_BATCH","+ selective batch","SIM10"
"truth_sample_profile_pearson_mean",0.923249742020061,"higher",450,"correlation","","simulation","C3_SELECTIVE_BATCH","+ selective batch","SIM10"
"truth_log1p_rmse",0.0728713842116241,"lower",450000,"log1p intensity","","simulation","C3_SELECTIVE_BATCH","+ selective batch","SIM10"
"heldout_qc_cv_mean",8.59818697652455,"lower",1000,"percent","","simulation","C4_FULL_FIXED","+ PQN","SIM10"
"heldout_qc_cv_sd",6.65742880018917,"lower",1000,"percent","","simulation","C4_FULL_FIXED","+ PQN","SIM10"
"heldout_qc_cv_median",7.72828070707247,"lower",1000,"percent","","simulation","C4_FULL_FIXED","+ PQN","SIM10"
"residual_run_order_gam_mean_deviance",0.0211804258097233,"lower",5000,"proportion","","simulation","C4_FULL_FIXED","+ PQN","SIM10"
"residual_run_order_gam_sd_deviance",0.0338345612588828,"lower",5000,"proportion","","simulation","C4_FULL_FIXED","+ PQN","SIM10"
"residual_ljung_box_proportion_significant",0.006,"lower",5000,"proportion","","simulation","C4_FULL_FIXED","+ PQN","SIM10"
"batch_weighted_pc_r2_categorical",0.000840388378239783,"lower",450,"weighted R-squared","Batch is explicitly categorical.","simulation","C4_FULL_FIXED","+ PQN","SIM10"
"retained_features",1000,"higher",1000,"features","","simulation","C4_FULL_FIXED","+ PQN","SIM10"
"retained_samples",500,"higher",500,"samples","","simulation","C4_FULL_FIXED","+ PQN","SIM10"
"runtime_sec",6.721,"lower",1,"seconds","","simulation","C4_FULL_FIXED","+ PQN","SIM10"
"drift_profiles_corrected",1394,"descriptive",5000,"profiles","","simulation","C4_FULL_FIXED","+ PQN","SIM10"
"drift_features_corrected",629,"descriptive",1000,"features","","simulation","C4_FULL_FIXED","+ PQN","SIM10"
"batch_features_corrected",676,"descriptive",1000,"features","","simulation","C4_FULL_FIXED","+ PQN","SIM10"
"truth_metabolite_profile_icc_mean",0.921576184032884,"higher",1000,"ICC(A,1)","","simulation","C4_FULL_FIXED","+ PQN","SIM10"
"truth_sample_profile_pearson_mean",0.923249576387873,"higher",450,"correlation","","simulation","C4_FULL_FIXED","+ PQN","SIM10"
"truth_log1p_rmse",0.0729406718379146,"lower",450000,"log1p intensity","","simulation","C4_FULL_FIXED","+ PQN","SIM10"
"heldout_qc_cv_mean",8.59818697652455,"lower",1000,"percent","","simulation","G_SS","selective/selective","SIM10"
"heldout_qc_cv_sd",6.65742880018917,"lower",1000,"percent","","simulation","G_SS","selective/selective","SIM10"
"heldout_qc_cv_median",7.72828070707247,"lower",1000,"percent","","simulation","G_SS","selective/selective","SIM10"
"residual_run_order_gam_mean_deviance",0.0211804258097233,"lower",5000,"proportion","","simulation","G_SS","selective/selective","SIM10"
"residual_run_order_gam_sd_deviance",0.0338345612588828,"lower",5000,"proportion","","simulation","G_SS","selective/selective","SIM10"
"residual_ljung_box_proportion_significant",0.006,"lower",5000,"proportion","","simulation","G_SS","selective/selective","SIM10"
"batch_weighted_pc_r2_categorical",0.000840388378239783,"lower",450,"weighted R-squared","Batch is explicitly categorical.","simulation","G_SS","selective/selective","SIM10"
"retained_features",1000,"higher",1000,"features","","simulation","G_SS","selective/selective","SIM10"
"retained_samples",500,"higher",500,"samples","","simulation","G_SS","selective/selective","SIM10"
"runtime_sec",6.721,"lower",1,"seconds","","simulation","G_SS","selective/selective","SIM10"
"drift_profiles_corrected",1394,"descriptive",5000,"profiles","","simulation","G_SS","selective/selective","SIM10"
"drift_features_corrected",629,"descriptive",1000,"features","","simulation","G_SS","selective/selective","SIM10"
"batch_features_corrected",676,"descriptive",1000,"features","","simulation","G_SS","selective/selective","SIM10"
"truth_metabolite_profile_icc_mean",0.921576184032884,"higher",1000,"ICC(A,1)","","simulation","G_SS","selective/selective","SIM10"
"truth_sample_profile_pearson_mean",0.923249576387873,"higher",450,"correlation","","simulation","G_SS","selective/selective","SIM10"
"truth_log1p_rmse",0.0729406718379146,"lower",450000,"log1p intensity","","simulation","G_SS","selective/selective","SIM10"
"heldout_qc_cv_mean",11.2489237104912,"lower",1000,"percent","","simulation","G_AS","all/selective","SIM10"
"heldout_qc_cv_sd",5.28422683178516,"lower",1000,"percent","","simulation","G_AS","all/selective","SIM10"
"heldout_qc_cv_median",10.2404816114373,"lower",1000,"percent","","simulation","G_AS","all/selective","SIM10"
"residual_run_order_gam_mean_deviance",0.000769485800291065,"lower",5000,"proportion","","simulation","G_AS","all/selective","SIM10"
"residual_run_order_gam_sd_deviance",0.00248241722927681,"lower",5000,"proportion","","simulation","G_AS","all/selective","SIM10"
"residual_ljung_box_proportion_significant",0.0152,"lower",5000,"proportion","","simulation","G_AS","all/selective","SIM10"
"batch_weighted_pc_r2_categorical",0.00107432849368408,"lower",450,"weighted R-squared","Batch is explicitly categorical.","simulation","G_AS","all/selective","SIM10"
"retained_features",1000,"higher",1000,"features","","simulation","G_AS","all/selective","SIM10"
"retained_samples",500,"higher",500,"samples","","simulation","G_AS","all/selective","SIM10"
"runtime_sec",13.933,"lower",1,"seconds","","simulation","G_AS","all/selective","SIM10"
"drift_profiles_corrected",5000,"descriptive",5000,"profiles","","simulation","G_AS","all/selective","SIM10"
"drift_features_corrected",1000,"descriptive",1000,"features","","simulation","G_AS","all/selective","SIM10"
"batch_features_corrected",678,"descriptive",1000,"features","","simulation","G_AS","all/selective","SIM10"
"truth_metabolite_profile_icc_mean",0.908781868853263,"higher",1000,"ICC(A,1)","","simulation","G_AS","all/selective","SIM10"
"truth_sample_profile_pearson_mean",0.911064422729557,"higher",450,"correlation","","simulation","G_AS","all/selective","SIM10"
"truth_log1p_rmse",0.0771175492127305,"lower",450000,"log1p intensity","","simulation","G_AS","all/selective","SIM10"
"heldout_qc_cv_mean",9.04232819084605,"lower",1000,"percent","","simulation","G_SA","selective/all","SIM10"
"heldout_qc_cv_sd",6.25345352448984,"lower",1000,"percent","","simulation","G_SA","selective/all","SIM10"
"heldout_qc_cv_median",7.829099643551,"lower",1000,"percent","","simulation","G_SA","selective/all","SIM10"
"residual_run_order_gam_mean_deviance",0.0211889801275324,"lower",5000,"proportion","","simulation","G_SA","selective/all","SIM10"
"residual_run_order_gam_sd_deviance",0.0338399863381217,"lower",5000,"proportion","","simulation","G_SA","selective/all","SIM10"
"residual_ljung_box_proportion_significant",0.006,"lower",5000,"proportion","","simulation","G_SA","selective/all","SIM10"
"batch_weighted_pc_r2_categorical",6.45397269178965e-05,"lower",450,"weighted R-squared","Batch is explicitly categorical.","simulation","G_SA","selective/all","SIM10"
"retained_features",1000,"higher",1000,"features","","simulation","G_SA","selective/all","SIM10"
"retained_samples",500,"higher",500,"samples","","simulation","G_SA","selective/all","SIM10"
"runtime_sec",6.333,"lower",1,"seconds","","simulation","G_SA","selective/all","SIM10"
"drift_profiles_corrected",1394,"descriptive",5000,"profiles","","simulation","G_SA","selective/all","SIM10"
"drift_features_corrected",629,"descriptive",1000,"features","","simulation","G_SA","selective/all","SIM10"
"batch_features_corrected",1000,"descriptive",1000,"features","","simulation","G_SA","selective/all","SIM10"
"truth_metabolite_profile_icc_mean",0.920524610930381,"higher",1000,"ICC(A,1)","","simulation","G_SA","selective/all","SIM10"
"truth_sample_profile_pearson_mean",0.922152861870565,"higher",450,"correlation","","simulation","G_SA","selective/all","SIM10"
"truth_log1p_rmse",0.073361523752962,"lower",450000,"log1p intensity","","simulation","G_SA","selective/all","SIM10"
"heldout_qc_cv_mean",11.3957767779238,"lower",1000,"percent","","simulation","G_AA","all/all","SIM10"
"heldout_qc_cv_sd",5.24028091858897,"lower",1000,"percent","","simulation","G_AA","all/all","SIM10"
"heldout_qc_cv_median",10.3402746048272,"lower",1000,"percent","","simulation","G_AA","all/all","SIM10"
"residual_run_order_gam_mean_deviance",0.000769566795781081,"lower",5000,"proportion","","simulation","G_AA","all/all","SIM10"
"residual_run_order_gam_sd_deviance",0.00248184897072822,"lower",5000,"proportion","","simulation","G_AA","all/all","SIM10"
"residual_ljung_box_proportion_significant",0.0152,"lower",5000,"proportion","","simulation","G_AA","all/all","SIM10"
"batch_weighted_pc_r2_categorical",4.67216985141852e-05,"lower",450,"weighted R-squared","Batch is explicitly categorical.","simulation","G_AA","all/all","SIM10"
"retained_features",1000,"higher",1000,"features","","simulation","G_AA","all/all","SIM10"
"retained_samples",500,"higher",500,"samples","","simulation","G_AA","all/all","SIM10"
"runtime_sec",14.358,"lower",1,"seconds","","simulation","G_AA","all/all","SIM10"
"drift_profiles_corrected",5000,"descriptive",5000,"profiles","","simulation","G_AA","all/all","SIM10"
"drift_features_corrected",1000,"descriptive",1000,"features","","simulation","G_AA","all/all","SIM10"
"batch_features_corrected",1000,"descriptive",1000,"features","","simulation","G_AA","all/all","SIM10"
"truth_metabolite_profile_icc_mean",0.907718001000013,"higher",1000,"ICC(A,1)","","simulation","G_AA","all/all","SIM10"
"truth_sample_profile_pearson_mean",0.909972983065193,"higher",450,"correlation","","simulation","G_AA","all/all","SIM10"
"truth_log1p_rmse",0.077496616814031,"lower",450000,"log1p intensity","","simulation","G_AA","all/all","SIM10"
