"metric","value","direction","denominator","units","notes","dataset_key","method_id","method","seed_id"
"heldout_qc_cv_mean",44.2100431097472,"lower",1000,"percent","","simulation","raw","Raw","SIM01"
"heldout_qc_cv_sd",31.0743750702016,"lower",1000,"percent","","simulation","raw","Raw","SIM01"
"heldout_qc_cv_median",41.8805446465495,"lower",1000,"percent","","simulation","raw","Raw","SIM01"
"residual_run_order_gam_mean_deviance",0.12764961730634,"lower",5000,"proportion","","simulation","raw","Raw","SIM01"
"residual_run_order_gam_sd_deviance",0.197313555439377,"lower",5000,"proportion","","simulation","raw","Raw","SIM01"
"residual_ljung_box_proportion_significant",0.2482,"lower",5000,"proportion","","simulation","raw","Raw","SIM01"
"batch_weighted_pc_r2_categorical",0.965647338615417,"lower",450,"weighted R-squared","Batch is explicitly categorical.","simulation","raw","Raw","SIM01"
"retained_features",1000,"higher",1000,"features","","simulation","raw","Raw","SIM01"
"retained_samples",500,"higher",500,"samples","","simulation","raw","Raw","SIM01"
"runtime_sec",0,"lower",1,"seconds","no correction","simulation","raw","Raw","SIM01"
"drift_profiles_corrected",,"descriptive",5000,"profiles","","simulation","raw","Raw","SIM01"
"drift_features_corrected",,"descriptive",1000,"features","","simulation","raw","Raw","SIM01"
"batch_features_corrected",,"descriptive",1000,"features","","simulation","raw","Raw","SIM01"
"truth_metabolite_profile_icc_mean",0.586183758689398,"higher",1000,"ICC(A,1)","","simulation","raw","Raw","SIM01"
"truth_sample_profile_pearson_mean",0.521842186444926,"higher",450,"correlation","","simulation","raw","Raw","SIM01"
"truth_log1p_rmse",0.290839531888212,"lower",450000,"log1p intensity","","simulation","raw","Raw","SIM01"
"heldout_qc_cv_mean",12.404955532938,"lower",1000,"percent","","simulation","combat","ComBat","SIM01"
"heldout_qc_cv_sd",9.39337549034977,"lower",1000,"percent","","simulation","combat","ComBat","SIM01"
"heldout_qc_cv_median",10.9407293509127,"lower",1000,"percent","","simulation","combat","ComBat","SIM01"
"residual_run_order_gam_mean_deviance",0.127649520286793,"lower",5000,"proportion","","simulation","combat","ComBat","SIM01"
"residual_run_order_gam_sd_deviance",0.197313916613525,"lower",5000,"proportion","","simulation","combat","ComBat","SIM01"
"residual_ljung_box_proportion_significant",0.2482,"lower",5000,"proportion","","simulation","combat","ComBat","SIM01"
"batch_weighted_pc_r2_categorical",0.000103519147488483,"lower",450,"weighted R-squared","Batch is explicitly categorical.","simulation","combat","ComBat","SIM01"
"retained_features",1000,"higher",1000,"features","","simulation","combat","ComBat","SIM01"
"retained_samples",500,"higher",500,"samples","","simulation","combat","ComBat","SIM01"
"runtime_sec",,"lower",1,"seconds","not remeasured; cache retrieval time excluded","simulation","combat","ComBat","SIM01"
"drift_profiles_corrected",,"descriptive",5000,"profiles","","simulation","combat","ComBat","SIM01"
"drift_features_corrected",,"descriptive",1000,"features","","simulation","combat","ComBat","SIM01"
"batch_features_corrected",,"descriptive",1000,"features","","simulation","combat","ComBat","SIM01"
"truth_metabolite_profile_icc_mean",0.879386831580911,"higher",1000,"ICC(A,1)","","simulation","combat","ComBat","SIM01"
"truth_sample_profile_pearson_mean",0.881066706839948,"higher",450,"correlation","","simulation","combat","ComBat","SIM01"
"truth_log1p_rmse",0.103140426488342,"lower",450000,"log1p intensity","","simulation","combat","ComBat","SIM01"
"heldout_qc_cv_mean",11.3390164195857,"lower",1000,"percent","","simulation","qc_rlsc","QC-RLSC","SIM01"
"heldout_qc_cv_sd",8.59342587605704,"lower",1000,"percent","","simulation","qc_rlsc","QC-RLSC","SIM01"
"heldout_qc_cv_median",8.9016310663309,"lower",1000,"percent","","simulation","qc_rlsc","QC-RLSC","SIM01"
"residual_run_order_gam_mean_deviance",0.0533851989108539,"lower",5000,"proportion","","simulation","qc_rlsc","QC-RLSC","SIM01"
"residual_run_order_gam_sd_deviance",0.0936286567526875,"lower",5000,"proportion","","simulation","qc_rlsc","QC-RLSC","SIM01"
"residual_ljung_box_proportion_significant",0.0674,"lower",5000,"proportion","","simulation","qc_rlsc","QC-RLSC","SIM01"
"batch_weighted_pc_r2_categorical",9.55201604490419e-05,"lower",450,"weighted R-squared","Batch is explicitly categorical.","simulation","qc_rlsc","QC-RLSC","SIM01"
"retained_features",1000,"higher",1000,"features","","simulation","qc_rlsc","QC-RLSC","SIM01"
"retained_samples",500,"higher",500,"samples","","simulation","qc_rlsc","QC-RLSC","SIM01"
"runtime_sec",,"lower",1,"seconds","not remeasured; cache retrieval time excluded","simulation","qc_rlsc","QC-RLSC","SIM01"
"drift_profiles_corrected",,"descriptive",5000,"profiles","","simulation","qc_rlsc","QC-RLSC","SIM01"
"drift_features_corrected",,"descriptive",1000,"features","","simulation","qc_rlsc","QC-RLSC","SIM01"
"batch_features_corrected",,"descriptive",1000,"features","","simulation","qc_rlsc","QC-RLSC","SIM01"
"truth_metabolite_profile_icc_mean",0.905483269655236,"higher",1000,"ICC(A,1)","","simulation","qc_rlsc","QC-RLSC","SIM01"
"truth_sample_profile_pearson_mean",0.907128419117509,"higher",450,"correlation","","simulation","qc_rlsc","QC-RLSC","SIM01"
"truth_log1p_rmse",0.0889256275915072,"lower",450000,"log1p intensity","","simulation","qc_rlsc","QC-RLSC","SIM01"
"heldout_qc_cv_mean",14.7280131359941,"lower",1000,"percent","","simulation","qc_rfsc","QC-RFSC","SIM01"
"heldout_qc_cv_sd",9.97640419493849,"lower",1000,"percent","","simulation","qc_rfsc","QC-RFSC","SIM01"
"heldout_qc_cv_median",13.6739926774638,"lower",1000,"percent","","simulation","qc_rfsc","QC-RFSC","SIM01"
"residual_run_order_gam_mean_deviance",0.131085396618962,"lower",5000,"proportion","","simulation","qc_rfsc","QC-RFSC","SIM01"
"residual_run_order_gam_sd_deviance",0.152511823326062,"lower",5000,"proportion","","simulation","qc_rfsc","QC-RFSC","SIM01"
"residual_ljung_box_proportion_significant",0.2126,"lower",5000,"proportion","","simulation","qc_rfsc","QC-RFSC","SIM01"
"batch_weighted_pc_r2_categorical",0.144040149745443,"lower",450,"weighted R-squared","Batch is explicitly categorical.","simulation","qc_rfsc","QC-RFSC","SIM01"
"retained_features",1000,"higher",1000,"features","","simulation","qc_rfsc","QC-RFSC","SIM01"
"retained_samples",500,"higher",500,"samples","","simulation","qc_rfsc","QC-RFSC","SIM01"
"runtime_sec",,"lower",1,"seconds","not remeasured; cache retrieval time excluded","simulation","qc_rfsc","QC-RFSC","SIM01"
"drift_profiles_corrected",,"descriptive",5000,"profiles","","simulation","qc_rfsc","QC-RFSC","SIM01"
"drift_features_corrected",,"descriptive",1000,"features","","simulation","qc_rfsc","QC-RFSC","SIM01"
"batch_features_corrected",,"descriptive",1000,"features","","simulation","qc_rfsc","QC-RFSC","SIM01"
"truth_metabolite_profile_icc_mean",0.697701425617728,"higher",1000,"ICC(A,1)","","simulation","qc_rfsc","QC-RFSC","SIM01"
"truth_sample_profile_pearson_mean",0.682481784426063,"higher",450,"correlation","","simulation","qc_rfsc","QC-RFSC","SIM01"
"truth_log1p_rmse",0.194483540578911,"lower",450000,"log1p intensity","","simulation","qc_rfsc","QC-RFSC","SIM01"
"heldout_qc_cv_mean",9.77944159674684,"lower",1000,"percent","","simulation","tiger","TIGER","SIM01"
"heldout_qc_cv_sd",9.90718223814511,"lower",1000,"percent","","simulation","tiger","TIGER","SIM01"
"heldout_qc_cv_median",8.67455373664609,"lower",1000,"percent","","simulation","tiger","TIGER","SIM01"
"residual_run_order_gam_mean_deviance",0.085253052918361,"lower",5000,"proportion","","simulation","tiger","TIGER","SIM01"
"residual_run_order_gam_sd_deviance",0.129592057363962,"lower",5000,"proportion","","simulation","tiger","TIGER","SIM01"
"residual_ljung_box_proportion_significant",0.1752,"lower",5000,"proportion","","simulation","tiger","TIGER","SIM01"
"batch_weighted_pc_r2_categorical",0.0860395046780319,"lower",450,"weighted R-squared","Batch is explicitly categorical.","simulation","tiger","TIGER","SIM01"
"retained_features",1000,"higher",1000,"features","","simulation","tiger","TIGER","SIM01"
"retained_samples",500,"higher",500,"samples","","simulation","tiger","TIGER","SIM01"
"runtime_sec",1607.777,"lower",1,"seconds","measured method execution in frozen release","simulation","tiger","TIGER","SIM01"
"drift_profiles_corrected",,"descriptive",5000,"profiles","","simulation","tiger","TIGER","SIM01"
"drift_features_corrected",,"descriptive",1000,"features","","simulation","tiger","TIGER","SIM01"
"batch_features_corrected",,"descriptive",1000,"features","","simulation","tiger","TIGER","SIM01"
"truth_metabolite_profile_icc_mean",0.873270482820115,"higher",1000,"ICC(A,1)","","simulation","tiger","TIGER","SIM01"
"truth_sample_profile_pearson_mean",0.856296262457087,"higher",450,"correlation","","simulation","tiger","TIGER","SIM01"
"truth_log1p_rmse",0.110960348256366,"lower",450000,"log1p intensity","","simulation","tiger","TIGER","SIM01"
"heldout_qc_cv_mean",12.495344300561,"lower",1000,"percent","","simulation","serrf","SERRF","SIM01"
"heldout_qc_cv_sd",9.58874295720924,"lower",1000,"percent","","simulation","serrf","SERRF","SIM01"
"heldout_qc_cv_median",10.524897988776,"lower",1000,"percent","","simulation","serrf","SERRF","SIM01"
"residual_run_order_gam_mean_deviance",0.0997710875953133,"lower",5000,"proportion","","simulation","serrf","SERRF","SIM01"
"residual_run_order_gam_sd_deviance",0.156531324905062,"lower",5000,"proportion","","simulation","serrf","SERRF","SIM01"
"residual_ljung_box_proportion_significant",0.2006,"lower",5000,"proportion","","simulation","serrf","SERRF","SIM01"
"batch_weighted_pc_r2_categorical",0.000686301131247359,"lower",450,"weighted R-squared","Batch is explicitly categorical.","simulation","serrf","SERRF","SIM01"
"retained_features",1000,"higher",1000,"features","","simulation","serrf","SERRF","SIM01"
"retained_samples",500,"higher",500,"samples","","simulation","serrf","SERRF","SIM01"
"runtime_sec",,"lower",1,"seconds","not remeasured; cache retrieval time excluded","simulation","serrf","SERRF","SIM01"
"drift_profiles_corrected",,"descriptive",5000,"profiles","","simulation","serrf","SERRF","SIM01"
"drift_features_corrected",,"descriptive",1000,"features","","simulation","serrf","SERRF","SIM01"
"batch_features_corrected",,"descriptive",1000,"features","","simulation","serrf","SERRF","SIM01"
"truth_metabolite_profile_icc_mean",0.887607914457796,"higher",1000,"ICC(A,1)","","simulation","serrf","SERRF","SIM01"
"truth_sample_profile_pearson_mean",0.879622363348465,"higher",450,"correlation","","simulation","serrf","SERRF","SIM01"
"truth_log1p_rmse",0.0953567821019156,"lower",450000,"log1p intensity","","simulation","serrf","SERRF","SIM01"
"heldout_qc_cv_mean",8.78288536211856,"lower",1000,"percent","","simulation","winn_auto_qc","WiNN auto (QC)","SIM01"
"heldout_qc_cv_sd",6.25266545924884,"lower",1000,"percent","","simulation","winn_auto_qc","WiNN auto (QC)","SIM01"
"heldout_qc_cv_median",7.73686643153703,"lower",1000,"percent","","simulation","winn_auto_qc","WiNN auto (QC)","SIM01"
"residual_run_order_gam_mean_deviance",0.0190598805330619,"lower",5000,"proportion","","simulation","winn_auto_qc","WiNN auto (QC)","SIM01"
"residual_run_order_gam_sd_deviance",0.0319713597474127,"lower",5000,"proportion","","simulation","winn_auto_qc","WiNN auto (QC)","SIM01"
"residual_ljung_box_proportion_significant",0.0086,"lower",5000,"proportion","","simulation","winn_auto_qc","WiNN auto (QC)","SIM01"
"batch_weighted_pc_r2_categorical",0.00100135976133962,"lower",450,"weighted R-squared","Batch is explicitly categorical.","simulation","winn_auto_qc","WiNN auto (QC)","SIM01"
"retained_features",1000,"higher",1000,"features","","simulation","winn_auto_qc","WiNN auto (QC)","SIM01"
"retained_samples",500,"higher",500,"samples","","simulation","winn_auto_qc","WiNN auto (QC)","SIM01"
"runtime_sec",18.746,"lower",1,"seconds","measured method execution in frozen release","simulation","winn_auto_qc","WiNN auto (QC)","SIM01"
"drift_profiles_corrected",1566,"descriptive",5000,"profiles","","simulation","winn_auto_qc","WiNN auto (QC)","SIM01"
"drift_features_corrected",696,"descriptive",1000,"features","","simulation","winn_auto_qc","WiNN auto (QC)","SIM01"
"batch_features_corrected",721,"descriptive",1000,"features","","simulation","winn_auto_qc","WiNN auto (QC)","SIM01"
"truth_metabolite_profile_icc_mean",0.922321659529502,"higher",1000,"ICC(A,1)","","simulation","winn_auto_qc","WiNN auto (QC)","SIM01"
"truth_sample_profile_pearson_mean",0.925989767122605,"higher",450,"correlation","","simulation","winn_auto_qc","WiNN auto (QC)","SIM01"
"truth_log1p_rmse",0.071593517780699,"lower",450000,"log1p intensity","","simulation","winn_auto_qc","WiNN auto (QC)","SIM01"
"heldout_qc_cv_mean",16.3142944058656,"lower",1000,"percent","","simulation","winn_auto_batch_qc","WiNN auto-batch (QC)","SIM01"
"heldout_qc_cv_sd",10.6230798483238,"lower",1000,"percent","","simulation","winn_auto_batch_qc","WiNN auto-batch (QC)","SIM01"
"heldout_qc_cv_median",15.1128846355237,"lower",1000,"percent","","simulation","winn_auto_batch_qc","WiNN auto-batch (QC)","SIM01"
"residual_run_order_gam_mean_deviance",0.138876443356538,"lower",5000,"proportion","","simulation","winn_auto_batch_qc","WiNN auto-batch (QC)","SIM01"
"residual_run_order_gam_sd_deviance",0.17987673081442,"lower",5000,"proportion","","simulation","winn_auto_batch_qc","WiNN auto-batch (QC)","SIM01"
"residual_ljung_box_proportion_significant",0.231,"lower",5000,"proportion","","simulation","winn_auto_batch_qc","WiNN auto-batch (QC)","SIM01"
"batch_weighted_pc_r2_categorical",0.190350299562417,"lower",450,"weighted R-squared","Batch is explicitly categorical.","simulation","winn_auto_batch_qc","WiNN auto-batch (QC)","SIM01"
"retained_features",1000,"higher",1000,"features","","simulation","winn_auto_batch_qc","WiNN auto-batch (QC)","SIM01"
"retained_samples",500,"higher",500,"samples","","simulation","winn_auto_batch_qc","WiNN auto-batch (QC)","SIM01"
"runtime_sec",21.22,"lower",1,"seconds","measured method execution in frozen release","simulation","winn_auto_batch_qc","WiNN auto-batch (QC)","SIM01"
"drift_profiles_corrected",1647,"descriptive",5000,"profiles","","simulation","winn_auto_batch_qc","WiNN auto-batch (QC)","SIM01"
"drift_features_corrected",884,"descriptive",1000,"features","","simulation","winn_auto_batch_qc","WiNN auto-batch (QC)","SIM01"
"batch_features_corrected",703,"descriptive",1000,"features","","simulation","winn_auto_batch_qc","WiNN auto-batch (QC)","SIM01"
"truth_metabolite_profile_icc_mean",0.858213013478024,"higher",1000,"ICC(A,1)","","simulation","winn_auto_batch_qc","WiNN auto-batch (QC)","SIM01"
"truth_sample_profile_pearson_mean",0.868555221284607,"higher",450,"correlation","","simulation","winn_auto_batch_qc","WiNN auto-batch (QC)","SIM01"
"truth_log1p_rmse",0.102737640679052,"lower",450000,"log1p intensity","","simulation","winn_auto_batch_qc","WiNN auto-batch (QC)","SIM01"
"heldout_qc_cv_mean",8.76629278513728,"lower",1000,"percent","","simulation","winn_fixed_no_qc","WiNN fixed default (no QC)","SIM01"
"heldout_qc_cv_sd",6.24541161559367,"lower",1000,"percent","","simulation","winn_fixed_no_qc","WiNN fixed default (no QC)","SIM01"
"heldout_qc_cv_median",7.76573226958891,"lower",1000,"percent","","simulation","winn_fixed_no_qc","WiNN fixed default (no QC)","SIM01"
"residual_run_order_gam_mean_deviance",0.020259360410254,"lower",5000,"proportion","","simulation","winn_fixed_no_qc","WiNN fixed default (no QC)","SIM01"
"residual_run_order_gam_sd_deviance",0.033790592433155,"lower",5000,"proportion","","simulation","winn_fixed_no_qc","WiNN fixed default (no QC)","SIM01"
"residual_ljung_box_proportion_significant",0.0078,"lower",5000,"proportion","","simulation","winn_fixed_no_qc","WiNN fixed default (no QC)","SIM01"
"batch_weighted_pc_r2_categorical",0.000984578035653711,"lower",450,"weighted R-squared","Batch is explicitly categorical.","simulation","winn_fixed_no_qc","WiNN fixed default (no QC)","SIM01"
"retained_features",1000,"higher",1000,"features","","simulation","winn_fixed_no_qc","WiNN fixed default (no QC)","SIM01"
"retained_samples",500,"higher",500,"samples","","simulation","winn_fixed_no_qc","WiNN fixed default (no QC)","SIM01"
"runtime_sec",7.013,"lower",1,"seconds","measured method execution in frozen release","simulation","winn_fixed_no_qc","WiNN fixed default (no QC)","SIM01"
"drift_profiles_corrected",1440,"descriptive",5000,"profiles","","simulation","winn_fixed_no_qc","WiNN fixed default (no QC)","SIM01"
"drift_features_corrected",655,"descriptive",1000,"features","","simulation","winn_fixed_no_qc","WiNN fixed default (no QC)","SIM01"
"batch_features_corrected",725,"descriptive",1000,"features","","simulation","winn_fixed_no_qc","WiNN fixed default (no QC)","SIM01"
"truth_metabolite_profile_icc_mean",0.922101988056287,"higher",1000,"ICC(A,1)","","simulation","winn_fixed_no_qc","WiNN fixed default (no QC)","SIM01"
"truth_sample_profile_pearson_mean",0.925722367961271,"higher",450,"correlation","","simulation","winn_fixed_no_qc","WiNN fixed default (no QC)","SIM01"
"truth_log1p_rmse",0.0717656363030658,"lower",450000,"log1p intensity","","simulation","winn_fixed_no_qc","WiNN fixed default (no QC)","SIM01"
"heldout_qc_cv_mean",46.0458554803273,"lower",1000,"percent","","simulation","raw","Raw","SIM02"
"heldout_qc_cv_sd",32.1132176274835,"lower",1000,"percent","","simulation","raw","Raw","SIM02"
"heldout_qc_cv_median",43.7952787488203,"lower",1000,"percent","","simulation","raw","Raw","SIM02"
"residual_run_order_gam_mean_deviance",0.126608992121227,"lower",5000,"proportion","","simulation","raw","Raw","SIM02"
"residual_run_order_gam_sd_deviance",0.193054687378834,"lower",5000,"proportion","","simulation","raw","Raw","SIM02"
"residual_ljung_box_proportion_significant",0.2532,"lower",5000,"proportion","","simulation","raw","Raw","SIM02"
"batch_weighted_pc_r2_categorical",0.963599564642599,"lower",450,"weighted R-squared","Batch is explicitly categorical.","simulation","raw","Raw","SIM02"
"retained_features",1000,"higher",1000,"features","","simulation","raw","Raw","SIM02"
"retained_samples",500,"higher",500,"samples","","simulation","raw","Raw","SIM02"
"runtime_sec",0,"lower",1,"seconds","no correction","simulation","raw","Raw","SIM02"
"drift_profiles_corrected",,"descriptive",5000,"profiles","","simulation","raw","Raw","SIM02"
"drift_features_corrected",,"descriptive",1000,"features","","simulation","raw","Raw","SIM02"
"batch_features_corrected",,"descriptive",1000,"features","","simulation","raw","Raw","SIM02"
"truth_metabolite_profile_icc_mean",0.577019055009956,"higher",1000,"ICC(A,1)","","simulation","raw","Raw","SIM02"
"truth_sample_profile_pearson_mean",0.510193725862697,"higher",450,"correlation","","simulation","raw","Raw","SIM02"
"truth_log1p_rmse",0.299586966363763,"lower",450000,"log1p intensity","","simulation","raw","Raw","SIM02"
"heldout_qc_cv_mean",12.8587769260744,"lower",1000,"percent","","simulation","combat","ComBat","SIM02"
"heldout_qc_cv_sd",10.3892617850308,"lower",1000,"percent","","simulation","combat","ComBat","SIM02"
"heldout_qc_cv_median",10.7162006780421,"lower",1000,"percent","","simulation","combat","ComBat","SIM02"
"residual_run_order_gam_mean_deviance",0.126608734434934,"lower",5000,"proportion","","simulation","combat","ComBat","SIM02"
"residual_run_order_gam_sd_deviance",0.193054839487326,"lower",5000,"proportion","","simulation","combat","ComBat","SIM02"
"residual_ljung_box_proportion_significant",0.2532,"lower",5000,"proportion","","simulation","combat","ComBat","SIM02"
"batch_weighted_pc_r2_categorical",0.000114063053212148,"lower",450,"weighted R-squared","Batch is explicitly categorical.","simulation","combat","ComBat","SIM02"
"retained_features",1000,"higher",1000,"features","","simulation","combat","ComBat","SIM02"
"retained_samples",500,"higher",500,"samples","","simulation","combat","ComBat","SIM02"
"runtime_sec",,"lower",1,"seconds","not remeasured; cache retrieval time excluded","simulation","combat","ComBat","SIM02"
"drift_profiles_corrected",,"descriptive",5000,"profiles","","simulation","combat","ComBat","SIM02"
"drift_features_corrected",,"descriptive",1000,"features","","simulation","combat","ComBat","SIM02"
"batch_features_corrected",,"descriptive",1000,"features","","simulation","combat","ComBat","SIM02"
"truth_metabolite_profile_icc_mean",0.877058464265466,"higher",1000,"ICC(A,1)","","simulation","combat","ComBat","SIM02"
"truth_sample_profile_pearson_mean",0.879360851214528,"higher",450,"correlation","","simulation","combat","ComBat","SIM02"
"truth_log1p_rmse",0.104041863757707,"lower",450000,"log1p intensity","","simulation","combat","ComBat","SIM02"
"heldout_qc_cv_mean",12.7286285306739,"lower",1000,"percent","","simulation","qc_rlsc","QC-RLSC","SIM02"
"heldout_qc_cv_sd",10.5924015579469,"lower",1000,"percent","","simulation","qc_rlsc","QC-RLSC","SIM02"
"heldout_qc_cv_median",9.51910313283741,"lower",1000,"percent","","simulation","qc_rlsc","QC-RLSC","SIM02"
"residual_run_order_gam_mean_deviance",0.0534438666496551,"lower",5000,"proportion","","simulation","qc_rlsc","QC-RLSC","SIM02"
"residual_run_order_gam_sd_deviance",0.0906726275068555,"lower",5000,"proportion","","simulation","qc_rlsc","QC-RLSC","SIM02"
"residual_ljung_box_proportion_significant",0.0646,"lower",5000,"proportion","","simulation","qc_rlsc","QC-RLSC","SIM02"
"batch_weighted_pc_r2_categorical",0.000272197986484185,"lower",450,"weighted R-squared","Batch is explicitly categorical.","simulation","qc_rlsc","QC-RLSC","SIM02"
"retained_features",1000,"higher",1000,"features","","simulation","qc_rlsc","QC-RLSC","SIM02"
"retained_samples",500,"higher",500,"samples","","simulation","qc_rlsc","QC-RLSC","SIM02"
"runtime_sec",,"lower",1,"seconds","not remeasured; cache retrieval time excluded","simulation","qc_rlsc","QC-RLSC","SIM02"
"drift_profiles_corrected",,"descriptive",5000,"profiles","","simulation","qc_rlsc","QC-RLSC","SIM02"
"drift_features_corrected",,"descriptive",1000,"features","","simulation","qc_rlsc","QC-RLSC","SIM02"
"batch_features_corrected",,"descriptive",1000,"features","","simulation","qc_rlsc","QC-RLSC","SIM02"
"truth_metabolite_profile_icc_mean",0.903059192263792,"higher",1000,"ICC(A,1)","","simulation","qc_rlsc","QC-RLSC","SIM02"
"truth_sample_profile_pearson_mean",0.904311620664417,"higher",450,"correlation","","simulation","qc_rlsc","QC-RLSC","SIM02"
"truth_log1p_rmse",0.0905198314245843,"lower",450000,"log1p intensity","","simulation","qc_rlsc","QC-RLSC","SIM02"
"heldout_qc_cv_mean",32.0168289753813,"lower",1000,"percent","","simulation","qc_rfsc","QC-RFSC","SIM02"
"heldout_qc_cv_sd",27.9376451981716,"lower",1000,"percent","","simulation","qc_rfsc","QC-RFSC","SIM02"
"heldout_qc_cv_median",25.7857994006264,"lower",1000,"percent","","simulation","qc_rfsc","QC-RFSC","SIM02"
"residual_run_order_gam_mean_deviance",0.11906457193557,"lower",5000,"proportion","","simulation","qc_rfsc","QC-RFSC","SIM02"
"residual_run_order_gam_sd_deviance",0.138184327355045,"lower",5000,"proportion","","simulation","qc_rfsc","QC-RFSC","SIM02"
"residual_ljung_box_proportion_significant",0.179,"lower",5000,"proportion","","simulation","qc_rfsc","QC-RFSC","SIM02"
"batch_weighted_pc_r2_categorical",0.117154334724755,"lower",450,"weighted R-squared","Batch is explicitly categorical.","simulation","qc_rfsc","QC-RFSC","SIM02"
"retained_features",1000,"higher",1000,"features","","simulation","qc_rfsc","QC-RFSC","SIM02"
"retained_samples",500,"higher",500,"samples","","simulation","qc_rfsc","QC-RFSC","SIM02"
"runtime_sec",,"lower",1,"seconds","not remeasured; cache retrieval time excluded","simulation","qc_rfsc","QC-RFSC","SIM02"
"drift_profiles_corrected",,"descriptive",5000,"profiles","","simulation","qc_rfsc","QC-RFSC","SIM02"
"drift_features_corrected",,"descriptive",1000,"features","","simulation","qc_rfsc","QC-RFSC","SIM02"
"batch_features_corrected",,"descriptive",1000,"features","","simulation","qc_rfsc","QC-RFSC","SIM02"
"truth_metabolite_profile_icc_mean",0.690082110890424,"higher",1000,"ICC(A,1)","","simulation","qc_rfsc","QC-RFSC","SIM02"
"truth_sample_profile_pearson_mean",0.665091411489081,"higher",450,"correlation","","simulation","qc_rfsc","QC-RFSC","SIM02"
"truth_log1p_rmse",0.19843260213262,"lower",450000,"log1p intensity","","simulation","qc_rfsc","QC-RFSC","SIM02"
"heldout_qc_cv_mean",10.397952597894,"lower",1000,"percent","","simulation","tiger","TIGER","SIM02"
"heldout_qc_cv_sd",10.9434438255824,"lower",1000,"percent","","simulation","tiger","TIGER","SIM02"
"heldout_qc_cv_median",8.29447198403595,"lower",1000,"percent","","simulation","tiger","TIGER","SIM02"
"residual_run_order_gam_mean_deviance",0.0838704973491164,"lower",5000,"proportion","","simulation","tiger","TIGER","SIM02"
"residual_run_order_gam_sd_deviance",0.126572666842011,"lower",5000,"proportion","","simulation","tiger","TIGER","SIM02"
"residual_ljung_box_proportion_significant",0.1652,"lower",5000,"proportion","","simulation","tiger","TIGER","SIM02"
"batch_weighted_pc_r2_categorical",0.0320282374516539,"lower",450,"weighted R-squared","Batch is explicitly categorical.","simulation","tiger","TIGER","SIM02"
"retained_features",1000,"higher",1000,"features","","simulation","tiger","TIGER","SIM02"
"retained_samples",500,"higher",500,"samples","","simulation","tiger","TIGER","SIM02"
"runtime_sec",1562.059,"lower",1,"seconds","measured method execution in frozen release","simulation","tiger","TIGER","SIM02"
"drift_profiles_corrected",,"descriptive",5000,"profiles","","simulation","tiger","TIGER","SIM02"
"drift_features_corrected",,"descriptive",1000,"features","","simulation","tiger","TIGER","SIM02"
"batch_features_corrected",,"descriptive",1000,"features","","simulation","tiger","TIGER","SIM02"
"truth_metabolite_profile_icc_mean",0.869391193728504,"higher",1000,"ICC(A,1)","","simulation","tiger","TIGER","SIM02"
"truth_sample_profile_pearson_mean",0.84996526577812,"higher",450,"correlation","","simulation","tiger","TIGER","SIM02"
"truth_log1p_rmse",0.112838168927485,"lower",450000,"log1p intensity","","simulation","tiger","TIGER","SIM02"
"heldout_qc_cv_mean",13.0409237364573,"lower",1000,"percent","","simulation","serrf","SERRF","SIM02"
"heldout_qc_cv_sd",10.3018648994601,"lower",1000,"percent","","simulation","serrf","SERRF","SIM02"
"heldout_qc_cv_median",10.6125871592932,"lower",1000,"percent","","simulation","serrf","SERRF","SIM02"
"residual_run_order_gam_mean_deviance",0.0991270543958985,"lower",5000,"proportion","","simulation","serrf","SERRF","SIM02"
"residual_run_order_gam_sd_deviance",0.154567189305716,"lower",5000,"proportion","","simulation","serrf","SERRF","SIM02"
"residual_ljung_box_proportion_significant",0.1966,"lower",5000,"proportion","","simulation","serrf","SERRF","SIM02"
"batch_weighted_pc_r2_categorical",0.000579019480337715,"lower",450,"weighted R-squared","Batch is explicitly categorical.","simulation","serrf","SERRF","SIM02"
"retained_features",1000,"higher",1000,"features","","simulation","serrf","SERRF","SIM02"
"retained_samples",500,"higher",500,"samples","","simulation","serrf","SERRF","SIM02"
"runtime_sec",,"lower",1,"seconds","not remeasured; cache retrieval time excluded","simulation","serrf","SERRF","SIM02"
"drift_profiles_corrected",,"descriptive",5000,"profiles","","simulation","serrf","SERRF","SIM02"
"drift_features_corrected",,"descriptive",1000,"features","","simulation","serrf","SERRF","SIM02"
"batch_features_corrected",,"descriptive",1000,"features","","simulation","serrf","SERRF","SIM02"
"truth_metabolite_profile_icc_mean",0.883285843419585,"higher",1000,"ICC(A,1)","","simulation","serrf","SERRF","SIM02"
"truth_sample_profile_pearson_mean",0.872192101154371,"higher",450,"correlation","","simulation","serrf","SERRF","SIM02"
"truth_log1p_rmse",0.0983462447772914,"lower",450000,"log1p intensity","","simulation","serrf","SERRF","SIM02"
"heldout_qc_cv_mean",9.14086434833699,"lower",1000,"percent","","simulation","winn_auto_qc","WiNN auto (QC)","SIM02"
"heldout_qc_cv_sd",6.37230685625792,"lower",1000,"percent","","simulation","winn_auto_qc","WiNN auto (QC)","SIM02"
"heldout_qc_cv_median",7.94668704330416,"lower",1000,"percent","","simulation","winn_auto_qc","WiNN auto (QC)","SIM02"
"residual_run_order_gam_mean_deviance",0.0198100624082451,"lower",5000,"proportion","","simulation","winn_auto_qc","WiNN auto (QC)","SIM02"
"residual_run_order_gam_sd_deviance",0.03381268651305,"lower",5000,"proportion","","simulation","winn_auto_qc","WiNN auto (QC)","SIM02"
"residual_ljung_box_proportion_significant",0.0064,"lower",5000,"proportion","","simulation","winn_auto_qc","WiNN auto (QC)","SIM02"
"batch_weighted_pc_r2_categorical",0.00140103151190936,"lower",450,"weighted R-squared","Batch is explicitly categorical.","simulation","winn_auto_qc","WiNN auto (QC)","SIM02"
"retained_features",1000,"higher",1000,"features","","simulation","winn_auto_qc","WiNN auto (QC)","SIM02"
"retained_samples",500,"higher",500,"samples","","simulation","winn_auto_qc","WiNN auto (QC)","SIM02"
"runtime_sec",16.488,"lower",1,"seconds","measured method execution in frozen release","simulation","winn_auto_qc","WiNN auto (QC)","SIM02"
"drift_profiles_corrected",1603,"descriptive",5000,"profiles","","simulation","winn_auto_qc","WiNN auto (QC)","SIM02"
"drift_features_corrected",691,"descriptive",1000,"features","","simulation","winn_auto_qc","WiNN auto (QC)","SIM02"
"batch_features_corrected",695,"descriptive",1000,"features","","simulation","winn_auto_qc","WiNN auto (QC)","SIM02"
"truth_metabolite_profile_icc_mean",0.91818842884011,"higher",1000,"ICC(A,1)","","simulation","winn_auto_qc","WiNN auto (QC)","SIM02"
"truth_sample_profile_pearson_mean",0.919486482099721,"higher",450,"correlation","","simulation","winn_auto_qc","WiNN auto (QC)","SIM02"
"truth_log1p_rmse",0.0742443314002486,"lower",450000,"log1p intensity","","simulation","winn_auto_qc","WiNN auto (QC)","SIM02"
"heldout_qc_cv_mean",15.1748981974371,"lower",1000,"percent","","simulation","winn_auto_batch_qc","WiNN auto-batch (QC)","SIM02"
"heldout_qc_cv_sd",10.0272573507667,"lower",1000,"percent","","simulation","winn_auto_batch_qc","WiNN auto-batch (QC)","SIM02"
"heldout_qc_cv_median",13.740370134354,"lower",1000,"percent","","simulation","winn_auto_batch_qc","WiNN auto-batch (QC)","SIM02"
"residual_run_order_gam_mean_deviance",0.120738536884556,"lower",5000,"proportion","","simulation","winn_auto_batch_qc","WiNN auto-batch (QC)","SIM02"
"residual_run_order_gam_sd_deviance",0.169606379729767,"lower",5000,"proportion","","simulation","winn_auto_batch_qc","WiNN auto-batch (QC)","SIM02"
"residual_ljung_box_proportion_significant",0.1932,"lower",5000,"proportion","","simulation","winn_auto_batch_qc","WiNN auto-batch (QC)","SIM02"
"batch_weighted_pc_r2_categorical",0.188450217275425,"lower",450,"weighted R-squared","Batch is explicitly categorical.","simulation","winn_auto_batch_qc","WiNN auto-batch (QC)","SIM02"
"retained_features",1000,"higher",1000,"features","","simulation","winn_auto_batch_qc","WiNN auto-batch (QC)","SIM02"
"retained_samples",500,"higher",500,"samples","","simulation","winn_auto_batch_qc","WiNN auto-batch (QC)","SIM02"
"runtime_sec",18.788,"lower",1,"seconds","measured method execution in frozen release","simulation","winn_auto_batch_qc","WiNN auto-batch (QC)","SIM02"
"drift_profiles_corrected",1662,"descriptive",5000,"profiles","","simulation","winn_auto_batch_qc","WiNN auto-batch (QC)","SIM02"
"drift_features_corrected",910,"descriptive",1000,"features","","simulation","winn_auto_batch_qc","WiNN auto-batch (QC)","SIM02"
"batch_features_corrected",655,"descriptive",1000,"features","","simulation","winn_auto_batch_qc","WiNN auto-batch (QC)","SIM02"
"truth_metabolite_profile_icc_mean",0.858949022841333,"higher",1000,"ICC(A,1)","","simulation","winn_auto_batch_qc","WiNN auto-batch (QC)","SIM02"
"truth_sample_profile_pearson_mean",0.869243775025059,"higher",450,"correlation","","simulation","winn_auto_batch_qc","WiNN auto-batch (QC)","SIM02"
"truth_log1p_rmse",0.102672901031266,"lower",450000,"log1p intensity","","simulation","winn_auto_batch_qc","WiNN auto-batch (QC)","SIM02"
"heldout_qc_cv_mean",9.07845073787309,"lower",1000,"percent","","simulation","winn_fixed_no_qc","WiNN fixed default (no QC)","SIM02"
"heldout_qc_cv_sd",6.4793982504466,"lower",1000,"percent","","simulation","winn_fixed_no_qc","WiNN fixed default (no QC)","SIM02"
"heldout_qc_cv_median",7.89900176445446,"lower",1000,"percent","","simulation","winn_fixed_no_qc","WiNN fixed default (no QC)","SIM02"
"residual_run_order_gam_mean_deviance",0.021266909450256,"lower",5000,"proportion","","simulation","winn_fixed_no_qc","WiNN fixed default (no QC)","SIM02"
"residual_run_order_gam_sd_deviance",0.0357473049258887,"lower",5000,"proportion","","simulation","winn_fixed_no_qc","WiNN fixed default (no QC)","SIM02"
"residual_ljung_box_proportion_significant",0.0044,"lower",5000,"proportion","","simulation","winn_fixed_no_qc","WiNN fixed default (no QC)","SIM02"
"batch_weighted_pc_r2_categorical",0.00120378704130995,"lower",450,"weighted R-squared","Batch is explicitly categorical.","simulation","winn_fixed_no_qc","WiNN fixed default (no QC)","SIM02"
"retained_features",1000,"higher",1000,"features","","simulation","winn_fixed_no_qc","WiNN fixed default (no QC)","SIM02"
"retained_samples",500,"higher",500,"samples","","simulation","winn_fixed_no_qc","WiNN fixed default (no QC)","SIM02"
"runtime_sec",6.798,"lower",1,"seconds","measured method execution in frozen release","simulation","winn_fixed_no_qc","WiNN fixed default (no QC)","SIM02"
"drift_profiles_corrected",1459,"descriptive",5000,"profiles","","simulation","winn_fixed_no_qc","WiNN fixed default (no QC)","SIM02"
"drift_features_corrected",649,"descriptive",1000,"features","","simulation","winn_fixed_no_qc","WiNN fixed default (no QC)","SIM02"
"batch_features_corrected",705,"descriptive",1000,"features","","simulation","winn_fixed_no_qc","WiNN fixed default (no QC)","SIM02"
"truth_metabolite_profile_icc_mean",0.91822667604616,"higher",1000,"ICC(A,1)","","simulation","winn_fixed_no_qc","WiNN fixed default (no QC)","SIM02"
"truth_sample_profile_pearson_mean",0.919320721321823,"higher",450,"correlation","","simulation","winn_fixed_no_qc","WiNN fixed default (no QC)","SIM02"
"truth_log1p_rmse",0.0742868926228712,"lower",450000,"log1p intensity","","simulation","winn_fixed_no_qc","WiNN fixed default (no QC)","SIM02"
"heldout_qc_cv_mean",45.3978250493888,"lower",1000,"percent","","simulation","raw","Raw","SIM03"
"heldout_qc_cv_sd",32.4350416307392,"lower",1000,"percent","","simulation","raw","Raw","SIM03"
"heldout_qc_cv_median",43.8324936074846,"lower",1000,"percent","","simulation","raw","Raw","SIM03"
"residual_run_order_gam_mean_deviance",0.127101627479104,"lower",5000,"proportion","","simulation","raw","Raw","SIM03"
"residual_run_order_gam_sd_deviance",0.195972995897499,"lower",5000,"proportion","","simulation","raw","Raw","SIM03"
"residual_ljung_box_proportion_significant",0.2444,"lower",5000,"proportion","","simulation","raw","Raw","SIM03"
"batch_weighted_pc_r2_categorical",0.962280227771194,"lower",450,"weighted R-squared","Batch is explicitly categorical.","simulation","raw","Raw","SIM03"
"retained_features",1000,"higher",1000,"features","","simulation","raw","Raw","SIM03"
"retained_samples",500,"higher",500,"samples","","simulation","raw","Raw","SIM03"
"runtime_sec",0,"lower",1,"seconds","no correction","simulation","raw","Raw","SIM03"
"drift_profiles_corrected",,"descriptive",5000,"profiles","","simulation","raw","Raw","SIM03"
"drift_features_corrected",,"descriptive",1000,"features","","simulation","raw","Raw","SIM03"
"batch_features_corrected",,"descriptive",1000,"features","","simulation","raw","Raw","SIM03"
"truth_metabolite_profile_icc_mean",0.589126836225825,"higher",1000,"ICC(A,1)","","simulation","raw","Raw","SIM03"
"truth_sample_profile_pearson_mean",0.513319176839328,"higher",450,"correlation","","simulation","raw","Raw","SIM03"
"truth_log1p_rmse",0.296671614858162,"lower",450000,"log1p intensity","","simulation","raw","Raw","SIM03"
"heldout_qc_cv_mean",13.0099848734501,"lower",1000,"percent","","simulation","combat","ComBat","SIM03"
"heldout_qc_cv_sd",10.4578790642632,"lower",1000,"percent","","simulation","combat","ComBat","SIM03"
"heldout_qc_cv_median",10.9740281657626,"lower",1000,"percent","","simulation","combat","ComBat","SIM03"
"residual_run_order_gam_mean_deviance",0.127101469265802,"lower",5000,"proportion","","simulation","combat","ComBat","SIM03"
"residual_run_order_gam_sd_deviance",0.195973109537214,"lower",5000,"proportion","","simulation","combat","ComBat","SIM03"
"residual_ljung_box_proportion_significant",0.2444,"lower",5000,"proportion","","simulation","combat","ComBat","SIM03"
"batch_weighted_pc_r2_categorical",0.000122495485361499,"lower",450,"weighted R-squared","Batch is explicitly categorical.","simulation","combat","ComBat","SIM03"
"retained_features",1000,"higher",1000,"features","","simulation","combat","ComBat","SIM03"
"retained_samples",500,"higher",500,"samples","","simulation","combat","ComBat","SIM03"
"runtime_sec",,"lower",1,"seconds","not remeasured; cache retrieval time excluded","simulation","combat","ComBat","SIM03"
"drift_profiles_corrected",,"descriptive",5000,"profiles","","simulation","combat","ComBat","SIM03"
"drift_features_corrected",,"descriptive",1000,"features","","simulation","combat","ComBat","SIM03"
"batch_features_corrected",,"descriptive",1000,"features","","simulation","combat","ComBat","SIM03"
"truth_metabolite_profile_icc_mean",0.878934543844973,"higher",1000,"ICC(A,1)","","simulation","combat","ComBat","SIM03"
"truth_sample_profile_pearson_mean",0.877091043230342,"higher",450,"correlation","","simulation","combat","ComBat","SIM03"
"truth_log1p_rmse",0.104715439921577,"lower",450000,"log1p intensity","","simulation","combat","ComBat","SIM03"
"heldout_qc_cv_mean",10.8854662369357,"lower",1000,"percent","","simulation","qc_rlsc","QC-RLSC","SIM03"
"heldout_qc_cv_sd",8.3381158940688,"lower",1000,"percent","","simulation","qc_rlsc","QC-RLSC","SIM03"
"heldout_qc_cv_median",8.96318395808572,"lower",1000,"percent","","simulation","qc_rlsc","QC-RLSC","SIM03"
"residual_run_order_gam_mean_deviance",0.0519252821411731,"lower",5000,"proportion","","simulation","qc_rlsc","QC-RLSC","SIM03"
"residual_run_order_gam_sd_deviance",0.0880534221239186,"lower",5000,"proportion","","simulation","qc_rlsc","QC-RLSC","SIM03"
"residual_ljung_box_proportion_significant",0.059,"lower",5000,"proportion","","simulation","qc_rlsc","QC-RLSC","SIM03"
"batch_weighted_pc_r2_categorical",0.000119785430971585,"lower",450,"weighted R-squared","Batch is explicitly categorical.","simulation","qc_rlsc","QC-RLSC","SIM03"
"retained_features",1000,"higher",1000,"features","","simulation","qc_rlsc","QC-RLSC","SIM03"
"retained_samples",500,"higher",500,"samples","","simulation","qc_rlsc","QC-RLSC","SIM03"
"runtime_sec",,"lower",1,"seconds","not remeasured; cache retrieval time excluded","simulation","qc_rlsc","QC-RLSC","SIM03"
"drift_profiles_corrected",,"descriptive",5000,"profiles","","simulation","qc_rlsc","QC-RLSC","SIM03"
"drift_features_corrected",,"descriptive",1000,"features","","simulation","qc_rlsc","QC-RLSC","SIM03"
"batch_features_corrected",,"descriptive",1000,"features","","simulation","qc_rlsc","QC-RLSC","SIM03"
"truth_metabolite_profile_icc_mean",0.907704470695441,"higher",1000,"ICC(A,1)","","simulation","qc_rlsc","QC-RLSC","SIM03"
"truth_sample_profile_pearson_mean",0.903876374562536,"higher",450,"correlation","","simulation","qc_rlsc","QC-RLSC","SIM03"
"truth_log1p_rmse",0.0901299375636216,"lower",450000,"log1p intensity","","simulation","qc_rlsc","QC-RLSC","SIM03"
"heldout_qc_cv_mean",19.0850132446883,"lower",1000,"percent","","simulation","qc_rfsc","QC-RFSC","SIM03"
"heldout_qc_cv_sd",14.985613906324,"lower",1000,"percent","","simulation","qc_rfsc","QC-RFSC","SIM03"
"heldout_qc_cv_median",18.6526574231165,"lower",1000,"percent","","simulation","qc_rfsc","QC-RFSC","SIM03"
"residual_run_order_gam_mean_deviance",0.104724087368954,"lower",5000,"proportion","","simulation","qc_rfsc","QC-RFSC","SIM03"
"residual_run_order_gam_sd_deviance",0.125480733218435,"lower",5000,"proportion","","simulation","qc_rfsc","QC-RFSC","SIM03"
"residual_ljung_box_proportion_significant",0.1422,"lower",5000,"proportion","","simulation","qc_rfsc","QC-RFSC","SIM03"
"batch_weighted_pc_r2_categorical",0.13164922833928,"lower",450,"weighted R-squared","Batch is explicitly categorical.","simulation","qc_rfsc","QC-RFSC","SIM03"
"retained_features",1000,"higher",1000,"features","","simulation","qc_rfsc","QC-RFSC","SIM03"
"retained_samples",500,"higher",500,"samples","","simulation","qc_rfsc","QC-RFSC","SIM03"
"runtime_sec",,"lower",1,"seconds","not remeasured; cache retrieval time excluded","simulation","qc_rfsc","QC-RFSC","SIM03"
"drift_profiles_corrected",,"descriptive",5000,"profiles","","simulation","qc_rfsc","QC-RFSC","SIM03"
"drift_features_corrected",,"descriptive",1000,"features","","simulation","qc_rfsc","QC-RFSC","SIM03"
"batch_features_corrected",,"descriptive",1000,"features","","simulation","qc_rfsc","QC-RFSC","SIM03"
"truth_metabolite_profile_icc_mean",0.706850122462393,"higher",1000,"ICC(A,1)","","simulation","qc_rfsc","QC-RFSC","SIM03"
"truth_sample_profile_pearson_mean",0.660496559115649,"higher",450,"correlation","","simulation","qc_rfsc","QC-RFSC","SIM03"
"truth_log1p_rmse",0.201587598124551,"lower",450000,"log1p intensity","","simulation","qc_rfsc","QC-RFSC","SIM03"
"heldout_qc_cv_mean",9.59791108356221,"lower",1000,"percent","","simulation","tiger","TIGER","SIM03"
"heldout_qc_cv_sd",9.83677904078981,"lower",1000,"percent","","simulation","tiger","TIGER","SIM03"
"heldout_qc_cv_median",8.72011607891265,"lower",1000,"percent","","simulation","tiger","TIGER","SIM03"
"residual_run_order_gam_mean_deviance",0.0836438425797742,"lower",5000,"proportion","","simulation","tiger","TIGER","SIM03"
"residual_run_order_gam_sd_deviance",0.126299232789906,"lower",5000,"proportion","","simulation","tiger","TIGER","SIM03"
"residual_ljung_box_proportion_significant",0.1692,"lower",5000,"proportion","","simulation","tiger","TIGER","SIM03"
"batch_weighted_pc_r2_categorical",0.0530585566018515,"lower",450,"weighted R-squared","Batch is explicitly categorical.","simulation","tiger","TIGER","SIM03"
"retained_features",1000,"higher",1000,"features","","simulation","tiger","TIGER","SIM03"
"retained_samples",500,"higher",500,"samples","","simulation","tiger","TIGER","SIM03"
"runtime_sec",1689.704,"lower",1,"seconds","measured method execution in frozen release","simulation","tiger","TIGER","SIM03"
"drift_profiles_corrected",,"descriptive",5000,"profiles","","simulation","tiger","TIGER","SIM03"
"drift_features_corrected",,"descriptive",1000,"features","","simulation","tiger","TIGER","SIM03"
"batch_features_corrected",,"descriptive",1000,"features","","simulation","tiger","TIGER","SIM03"
"truth_metabolite_profile_icc_mean",0.872344618229197,"higher",1000,"ICC(A,1)","","simulation","tiger","TIGER","SIM03"
"truth_sample_profile_pearson_mean",0.84338668335107,"higher",450,"correlation","","simulation","tiger","TIGER","SIM03"
"truth_log1p_rmse",0.115493632360381,"lower",450000,"log1p intensity","","simulation","tiger","TIGER","SIM03"
"heldout_qc_cv_mean",13.0404393713486,"lower",1000,"percent","","simulation","serrf","SERRF","SIM03"
"heldout_qc_cv_sd",10.3697490694455,"lower",1000,"percent","","simulation","serrf","SERRF","SIM03"
"heldout_qc_cv_median",10.5691645805605,"lower",1000,"percent","","simulation","serrf","SERRF","SIM03"
"residual_run_order_gam_mean_deviance",0.0970790204480711,"lower",5000,"proportion","","simulation","serrf","SERRF","SIM03"
"residual_run_order_gam_sd_deviance",0.15134619830806,"lower",5000,"proportion","","simulation","serrf","SERRF","SIM03"
"residual_ljung_box_proportion_significant",0.1934,"lower",5000,"proportion","","simulation","serrf","SERRF","SIM03"
"batch_weighted_pc_r2_categorical",0.00110050071585592,"lower",450,"weighted R-squared","Batch is explicitly categorical.","simulation","serrf","SERRF","SIM03"
"retained_features",1000,"higher",1000,"features","","simulation","serrf","SERRF","SIM03"
"retained_samples",500,"higher",500,"samples","","simulation","serrf","SERRF","SIM03"
"runtime_sec",,"lower",1,"seconds","not remeasured; cache retrieval time excluded","simulation","serrf","SERRF","SIM03"
"drift_profiles_corrected",,"descriptive",5000,"profiles","","simulation","serrf","SERRF","SIM03"
"drift_features_corrected",,"descriptive",1000,"features","","simulation","serrf","SERRF","SIM03"
"batch_features_corrected",,"descriptive",1000,"features","","simulation","serrf","SERRF","SIM03"
"truth_metabolite_profile_icc_mean",0.888996141256717,"higher",1000,"ICC(A,1)","","simulation","serrf","SERRF","SIM03"
"truth_sample_profile_pearson_mean",0.873326781093461,"higher",450,"correlation","","simulation","serrf","SERRF","SIM03"
"truth_log1p_rmse",0.0973782389760755,"lower",450000,"log1p intensity","","simulation","serrf","SERRF","SIM03"
"heldout_qc_cv_mean",8.74885537311953,"lower",1000,"percent","","simulation","winn_auto_qc","WiNN auto (QC)","SIM03"
"heldout_qc_cv_sd",6.35289206856529,"lower",1000,"percent","","simulation","winn_auto_qc","WiNN auto (QC)","SIM03"
"heldout_qc_cv_median",8.14119970771157,"lower",1000,"percent","","simulation","winn_auto_qc","WiNN auto (QC)","SIM03"
"residual_run_order_gam_mean_deviance",0.019537301278022,"lower",5000,"proportion","","simulation","winn_auto_qc","WiNN auto (QC)","SIM03"
"residual_run_order_gam_sd_deviance",0.0318943490801681,"lower",5000,"proportion","","simulation","winn_auto_qc","WiNN auto (QC)","SIM03"
"residual_ljung_box_proportion_significant",0.0064,"lower",5000,"proportion","","simulation","winn_auto_qc","WiNN auto (QC)","SIM03"
"batch_weighted_pc_r2_categorical",0.000929755156199981,"lower",450,"weighted R-squared","Batch is explicitly categorical.","simulation","winn_auto_qc","WiNN auto (QC)","SIM03"
"retained_features",1000,"higher",1000,"features","","simulation","winn_auto_qc","WiNN auto (QC)","SIM03"
"retained_samples",500,"higher",500,"samples","","simulation","winn_auto_qc","WiNN auto (QC)","SIM03"
"runtime_sec",17.523,"lower",1,"seconds","measured method execution in frozen release","simulation","winn_auto_qc","WiNN auto (QC)","SIM03"
"drift_profiles_corrected",1564,"descriptive",5000,"profiles","","simulation","winn_auto_qc","WiNN auto (QC)","SIM03"
"drift_features_corrected",684,"descriptive",1000,"features","","simulation","winn_auto_qc","WiNN auto (QC)","SIM03"
"batch_features_corrected",685,"descriptive",1000,"features","","simulation","winn_auto_qc","WiNN auto (QC)","SIM03"
"truth_metabolite_profile_icc_mean",0.922199812074577,"higher",1000,"ICC(A,1)","","simulation","winn_auto_qc","WiNN auto (QC)","SIM03"
"truth_sample_profile_pearson_mean",0.921192414346395,"higher",450,"correlation","","simulation","winn_auto_qc","WiNN auto (QC)","SIM03"
"truth_log1p_rmse",0.0729669458287764,"lower",450000,"log1p intensity","","simulation","winn_auto_qc","WiNN auto (QC)","SIM03"
"heldout_qc_cv_mean",15.6281047197911,"lower",1000,"percent","","simulation","winn_auto_batch_qc","WiNN auto-batch (QC)","SIM03"
"heldout_qc_cv_sd",11.0314290811942,"lower",1000,"percent","","simulation","winn_auto_batch_qc","WiNN auto-batch (QC)","SIM03"
"heldout_qc_cv_median",14.2197157454944,"lower",1000,"percent","","simulation","winn_auto_batch_qc","WiNN auto-batch (QC)","SIM03"
"residual_run_order_gam_mean_deviance",0.115783534285059,"lower",5000,"proportion","","simulation","winn_auto_batch_qc","WiNN auto-batch (QC)","SIM03"
"residual_run_order_gam_sd_deviance",0.16895962153724,"lower",5000,"proportion","","simulation","winn_auto_batch_qc","WiNN auto-batch (QC)","SIM03"
"residual_ljung_box_proportion_significant",0.1828,"lower",5000,"proportion","","simulation","winn_auto_batch_qc","WiNN auto-batch (QC)","SIM03"
"batch_weighted_pc_r2_categorical",0.194995976319088,"lower",450,"weighted R-squared","Batch is explicitly categorical.","simulation","winn_auto_batch_qc","WiNN auto-batch (QC)","SIM03"
"retained_features",1000,"higher",1000,"features","","simulation","winn_auto_batch_qc","WiNN auto-batch (QC)","SIM03"
"retained_samples",500,"higher",500,"samples","","simulation","winn_auto_batch_qc","WiNN auto-batch (QC)","SIM03"
"runtime_sec",19.4,"lower",1,"seconds","measured method execution in frozen release","simulation","winn_auto_batch_qc","WiNN auto-batch (QC)","SIM03"
"drift_profiles_corrected",1627,"descriptive",5000,"profiles","","simulation","winn_auto_batch_qc","WiNN auto-batch (QC)","SIM03"
"drift_features_corrected",891,"descriptive",1000,"features","","simulation","winn_auto_batch_qc","WiNN auto-batch (QC)","SIM03"
"batch_features_corrected",629,"descriptive",1000,"features","","simulation","winn_auto_batch_qc","WiNN auto-batch (QC)","SIM03"
"truth_metabolite_profile_icc_mean",0.867146871122525,"higher",1000,"ICC(A,1)","","simulation","winn_auto_batch_qc","WiNN auto-batch (QC)","SIM03"
"truth_sample_profile_pearson_mean",0.874002310303774,"higher",450,"correlation","","simulation","winn_auto_batch_qc","WiNN auto-batch (QC)","SIM03"
"truth_log1p_rmse",0.099640557720622,"lower",450000,"log1p intensity","","simulation","winn_auto_batch_qc","WiNN auto-batch (QC)","SIM03"
"heldout_qc_cv_mean",8.74467176482345,"lower",1000,"percent","","simulation","winn_fixed_no_qc","WiNN fixed default (no QC)","SIM03"
"heldout_qc_cv_sd",6.39877497520399,"lower",1000,"percent","","simulation","winn_fixed_no_qc","WiNN fixed default (no QC)","SIM03"
"heldout_qc_cv_median",8.03418621153419,"lower",1000,"percent","","simulation","winn_fixed_no_qc","WiNN fixed default (no QC)","SIM03"
"residual_run_order_gam_mean_deviance",0.0213438612364564,"lower",5000,"proportion","","simulation","winn_fixed_no_qc","WiNN fixed default (no QC)","SIM03"
"residual_run_order_gam_sd_deviance",0.0346228532488215,"lower",5000,"proportion","","simulation","winn_fixed_no_qc","WiNN fixed default (no QC)","SIM03"
"residual_ljung_box_proportion_significant",0.007,"lower",5000,"proportion","","simulation","winn_fixed_no_qc","WiNN fixed default (no QC)","SIM03"
"batch_weighted_pc_r2_categorical",0.00068104865188373,"lower",450,"weighted R-squared","Batch is explicitly categorical.","simulation","winn_fixed_no_qc","WiNN fixed default (no QC)","SIM03"
"retained_features",1000,"higher",1000,"features","","simulation","winn_fixed_no_qc","WiNN fixed default (no QC)","SIM03"
"retained_samples",500,"higher",500,"samples","","simulation","winn_fixed_no_qc","WiNN fixed default (no QC)","SIM03"
"runtime_sec",6.542,"lower",1,"seconds","measured method execution in frozen release","simulation","winn_fixed_no_qc","WiNN fixed default (no QC)","SIM03"
"drift_profiles_corrected",1406,"descriptive",5000,"profiles","","simulation","winn_fixed_no_qc","WiNN fixed default (no QC)","SIM03"
"drift_features_corrected",641,"descriptive",1000,"features","","simulation","winn_fixed_no_qc","WiNN fixed default (no QC)","SIM03"
"batch_features_corrected",692,"descriptive",1000,"features","","simulation","winn_fixed_no_qc","WiNN fixed default (no QC)","SIM03"
"truth_metabolite_profile_icc_mean",0.92196663424219,"higher",1000,"ICC(A,1)","","simulation","winn_fixed_no_qc","WiNN fixed default (no QC)","SIM03"
"truth_sample_profile_pearson_mean",0.920878251094504,"higher",450,"correlation","","simulation","winn_fixed_no_qc","WiNN fixed default (no QC)","SIM03"
"truth_log1p_rmse",0.0731452104192044,"lower",450000,"log1p intensity","","simulation","winn_fixed_no_qc","WiNN fixed default (no QC)","SIM03"
"heldout_qc_cv_mean",44.4829301439678,"lower",1000,"percent","","simulation","raw","Raw","SIM04"
"heldout_qc_cv_sd",30.1981686175231,"lower",1000,"percent","","simulation","raw","Raw","SIM04"
"heldout_qc_cv_median",43.0178459736734,"lower",1000,"percent","","simulation","raw","Raw","SIM04"
"residual_run_order_gam_mean_deviance",0.128999212207027,"lower",5000,"proportion","","simulation","raw","Raw","SIM04"
"residual_run_order_gam_sd_deviance",0.196120206114209,"lower",5000,"proportion","","simulation","raw","Raw","SIM04"
"residual_ljung_box_proportion_significant",0.2542,"lower",5000,"proportion","","simulation","raw","Raw","SIM04"
"batch_weighted_pc_r2_categorical",0.963672277422109,"lower",450,"weighted R-squared","Batch is explicitly categorical.","simulation","raw","Raw","SIM04"
"retained_features",1000,"higher",1000,"features","","simulation","raw","Raw","SIM04"
"retained_samples",500,"higher",500,"samples","","simulation","raw","Raw","SIM04"
"runtime_sec",0,"lower",1,"seconds","no correction","simulation","raw","Raw","SIM04"
"drift_profiles_corrected",,"descriptive",5000,"profiles","","simulation","raw","Raw","SIM04"
"drift_features_corrected",,"descriptive",1000,"features","","simulation","raw","Raw","SIM04"
"batch_features_corrected",,"descriptive",1000,"features","","simulation","raw","Raw","SIM04"
"truth_metabolite_profile_icc_mean",0.583460354029746,"higher",1000,"ICC(A,1)","","simulation","raw","Raw","SIM04"
"truth_sample_profile_pearson_mean",0.527958759118997,"higher",450,"correlation","","simulation","raw","Raw","SIM04"
"truth_log1p_rmse",0.28712493486875,"lower",450000,"log1p intensity","","simulation","raw","Raw","SIM04"
"heldout_qc_cv_mean",12.9916709746876,"lower",1000,"percent","","simulation","combat","ComBat","SIM04"
"heldout_qc_cv_sd",9.80613574824562,"lower",1000,"percent","","simulation","combat","ComBat","SIM04"
"heldout_qc_cv_median",11.3635268197522,"lower",1000,"percent","","simulation","combat","ComBat","SIM04"
"residual_run_order_gam_mean_deviance",0.128998990277918,"lower",5000,"proportion","","simulation","combat","ComBat","SIM04"
"residual_run_order_gam_sd_deviance",0.196120337380902,"lower",5000,"proportion","","simulation","combat","ComBat","SIM04"
"residual_ljung_box_proportion_significant",0.2542,"lower",5000,"proportion","","simulation","combat","ComBat","SIM04"
"batch_weighted_pc_r2_categorical",0.000113800341226412,"lower",450,"weighted R-squared","Batch is explicitly categorical.","simulation","combat","ComBat","SIM04"
"retained_features",1000,"higher",1000,"features","","simulation","combat","ComBat","SIM04"
"retained_samples",500,"higher",500,"samples","","simulation","combat","ComBat","SIM04"
"runtime_sec",,"lower",1,"seconds","not remeasured; cache retrieval time excluded","simulation","combat","ComBat","SIM04"
"drift_profiles_corrected",,"descriptive",5000,"profiles","","simulation","combat","ComBat","SIM04"
"drift_features_corrected",,"descriptive",1000,"features","","simulation","combat","ComBat","SIM04"
"batch_features_corrected",,"descriptive",1000,"features","","simulation","combat","ComBat","SIM04"
"truth_metabolite_profile_icc_mean",0.879023797490488,"higher",1000,"ICC(A,1)","","simulation","combat","ComBat","SIM04"
"truth_sample_profile_pearson_mean",0.880814016368057,"higher",450,"correlation","","simulation","combat","ComBat","SIM04"
"truth_log1p_rmse",0.102961375054937,"lower",450000,"log1p intensity","","simulation","combat","ComBat","SIM04"
"heldout_qc_cv_mean",11.6809968854423,"lower",1000,"percent","","simulation","qc_rlsc","QC-RLSC","SIM04"
"heldout_qc_cv_sd",9.01531184637818,"lower",1000,"percent","","simulation","qc_rlsc","QC-RLSC","SIM04"
"heldout_qc_cv_median",9.47982774986902,"lower",1000,"percent","","simulation","qc_rlsc","QC-RLSC","SIM04"
"residual_run_order_gam_mean_deviance",0.057243273417772,"lower",5000,"proportion","","simulation","qc_rlsc","QC-RLSC","SIM04"
"residual_run_order_gam_sd_deviance",0.103476460992726,"lower",5000,"proportion","","simulation","qc_rlsc","QC-RLSC","SIM04"
"residual_ljung_box_proportion_significant",0.0766,"lower",5000,"proportion","","simulation","qc_rlsc","QC-RLSC","SIM04"
"batch_weighted_pc_r2_categorical",9.3504666372733e-05,"lower",450,"weighted R-squared","Batch is explicitly categorical.","simulation","qc_rlsc","QC-RLSC","SIM04"
"retained_features",1000,"higher",1000,"features","","simulation","qc_rlsc","QC-RLSC","SIM04"
"retained_samples",500,"higher",500,"samples","","simulation","qc_rlsc","QC-RLSC","SIM04"
"runtime_sec",,"lower",1,"seconds","not remeasured; cache retrieval time excluded","simulation","qc_rlsc","QC-RLSC","SIM04"
"drift_profiles_corrected",,"descriptive",5000,"profiles","","simulation","qc_rlsc","QC-RLSC","SIM04"
"drift_features_corrected",,"descriptive",1000,"features","","simulation","qc_rlsc","QC-RLSC","SIM04"
"batch_features_corrected",,"descriptive",1000,"features","","simulation","qc_rlsc","QC-RLSC","SIM04"
"truth_metabolite_profile_icc_mean",0.90162453868772,"higher",1000,"ICC(A,1)","","simulation","qc_rlsc","QC-RLSC","SIM04"
"truth_sample_profile_pearson_mean",0.903253006610525,"higher",450,"correlation","","simulation","qc_rlsc","QC-RLSC","SIM04"
"truth_log1p_rmse",0.0908515850120854,"lower",450000,"log1p intensity","","simulation","qc_rlsc","QC-RLSC","SIM04"
"heldout_qc_cv_mean",13.2173359565027,"lower",1000,"percent","","simulation","qc_rfsc","QC-RFSC","SIM04"
"heldout_qc_cv_sd",12.5203002645748,"lower",1000,"percent","","simulation","qc_rfsc","QC-RFSC","SIM04"
"heldout_qc_cv_median",11.6064251805185,"lower",1000,"percent","","simulation","qc_rfsc","QC-RFSC","SIM04"
"residual_run_order_gam_mean_deviance",0.121979154492797,"lower",5000,"proportion","","simulation","qc_rfsc","QC-RFSC","SIM04"
"residual_run_order_gam_sd_deviance",0.138894590372012,"lower",5000,"proportion","","simulation","qc_rfsc","QC-RFSC","SIM04"
"residual_ljung_box_proportion_significant",0.1888,"lower",5000,"proportion","","simulation","qc_rfsc","QC-RFSC","SIM04"
"batch_weighted_pc_r2_categorical",0.173127057682881,"lower",450,"weighted R-squared","Batch is explicitly categorical.","simulation","qc_rfsc","QC-RFSC","SIM04"
"retained_features",1000,"higher",1000,"features","","simulation","qc_rfsc","QC-RFSC","SIM04"
"retained_samples",500,"higher",500,"samples","","simulation","qc_rfsc","QC-RFSC","SIM04"
"runtime_sec",,"lower",1,"seconds","not remeasured; cache retrieval time excluded","simulation","qc_rfsc","QC-RFSC","SIM04"
"drift_profiles_corrected",,"descriptive",5000,"profiles","","simulation","qc_rfsc","QC-RFSC","SIM04"
"drift_features_corrected",,"descriptive",1000,"features","","simulation","qc_rfsc","QC-RFSC","SIM04"
"batch_features_corrected",,"descriptive",1000,"features","","simulation","qc_rfsc","QC-RFSC","SIM04"
"truth_metabolite_profile_icc_mean",0.695467307117741,"higher",1000,"ICC(A,1)","","simulation","qc_rfsc","QC-RFSC","SIM04"
"truth_sample_profile_pearson_mean",0.657669653065991,"higher",450,"correlation","","simulation","qc_rfsc","QC-RFSC","SIM04"
"truth_log1p_rmse",0.202347615436554,"lower",450000,"log1p intensity","","simulation","qc_rfsc","QC-RFSC","SIM04"
"heldout_qc_cv_mean",10.0031343596027,"lower",1000,"percent","","simulation","tiger","TIGER","SIM04"
"heldout_qc_cv_sd",10.1378832692919,"lower",1000,"percent","","simulation","tiger","TIGER","SIM04"
"heldout_qc_cv_median",8.62899367934028,"lower",1000,"percent","","simulation","tiger","TIGER","SIM04"
"residual_run_order_gam_mean_deviance",0.0862983398148193,"lower",5000,"proportion","","simulation","tiger","TIGER","SIM04"
"residual_run_order_gam_sd_deviance",0.129207823984129,"lower",5000,"proportion","","simulation","tiger","TIGER","SIM04"
"residual_ljung_box_proportion_significant",0.176,"lower",5000,"proportion","","simulation","tiger","TIGER","SIM04"
"batch_weighted_pc_r2_categorical",0.0905309788961231,"lower",450,"weighted R-squared","Batch is explicitly categorical.","simulation","tiger","TIGER","SIM04"
"retained_features",1000,"higher",1000,"features","","simulation","tiger","TIGER","SIM04"
"retained_samples",500,"higher",500,"samples","","simulation","tiger","TIGER","SIM04"
"runtime_sec",2187.481,"lower",1,"seconds","measured method execution in frozen release","simulation","tiger","TIGER","SIM04"
"drift_profiles_corrected",,"descriptive",5000,"profiles","","simulation","tiger","TIGER","SIM04"
"drift_features_corrected",,"descriptive",1000,"features","","simulation","tiger","TIGER","SIM04"
"batch_features_corrected",,"descriptive",1000,"features","","simulation","tiger","TIGER","SIM04"
"truth_metabolite_profile_icc_mean",0.869664552415098,"higher",1000,"ICC(A,1)","","simulation","tiger","TIGER","SIM04"
"truth_sample_profile_pearson_mean",0.862064514475573,"higher",450,"correlation","","simulation","tiger","TIGER","SIM04"
"truth_log1p_rmse",0.109498030245738,"lower",450000,"log1p intensity","","simulation","tiger","TIGER","SIM04"
"heldout_qc_cv_mean",12.7087527186891,"lower",1000,"percent","","simulation","serrf","SERRF","SIM04"
"heldout_qc_cv_sd",9.55425889375948,"lower",1000,"percent","","simulation","serrf","SERRF","SIM04"
"heldout_qc_cv_median",10.5657579101627,"lower",1000,"percent","","simulation","serrf","SERRF","SIM04"
"residual_run_order_gam_mean_deviance",0.0992751574708193,"lower",5000,"proportion","","simulation","serrf","SERRF","SIM04"
"residual_run_order_gam_sd_deviance",0.154148044904444,"lower",5000,"proportion","","simulation","serrf","SERRF","SIM04"
"residual_ljung_box_proportion_significant",0.1996,"lower",5000,"proportion","","simulation","serrf","SERRF","SIM04"
"batch_weighted_pc_r2_categorical",0.00124248111273319,"lower",450,"weighted R-squared","Batch is explicitly categorical.","simulation","serrf","SERRF","SIM04"
"retained_features",1000,"higher",1000,"features","","simulation","serrf","SERRF","SIM04"
"retained_samples",500,"higher",500,"samples","","simulation","serrf","SERRF","SIM04"
"runtime_sec",,"lower",1,"seconds","not remeasured; cache retrieval time excluded","simulation","serrf","SERRF","SIM04"
"drift_profiles_corrected",,"descriptive",5000,"profiles","","simulation","serrf","SERRF","SIM04"
"drift_features_corrected",,"descriptive",1000,"features","","simulation","serrf","SERRF","SIM04"
"batch_features_corrected",,"descriptive",1000,"features","","simulation","serrf","SERRF","SIM04"
"truth_metabolite_profile_icc_mean",0.885195106629632,"higher",1000,"ICC(A,1)","","simulation","serrf","SERRF","SIM04"
"truth_sample_profile_pearson_mean",0.87946756871461,"higher",450,"correlation","","simulation","serrf","SERRF","SIM04"
"truth_log1p_rmse",0.0955984547039546,"lower",450000,"log1p intensity","","simulation","serrf","SERRF","SIM04"
"heldout_qc_cv_mean",8.65609893620397,"lower",1000,"percent","","simulation","winn_auto_qc","WiNN auto (QC)","SIM04"
"heldout_qc_cv_sd",6.02054478111165,"lower",1000,"percent","","simulation","winn_auto_qc","WiNN auto (QC)","SIM04"
"heldout_qc_cv_median",7.72996534720562,"lower",1000,"percent","","simulation","winn_auto_qc","WiNN auto (QC)","SIM04"
"residual_run_order_gam_mean_deviance",0.0187366631649198,"lower",5000,"proportion","","simulation","winn_auto_qc","WiNN auto (QC)","SIM04"
"residual_run_order_gam_sd_deviance",0.0317345147202895,"lower",5000,"proportion","","simulation","winn_auto_qc","WiNN auto (QC)","SIM04"
"residual_ljung_box_proportion_significant",0.008,"lower",5000,"proportion","","simulation","winn_auto_qc","WiNN auto (QC)","SIM04"
"batch_weighted_pc_r2_categorical",0.00122085510077192,"lower",450,"weighted R-squared","Batch is explicitly categorical.","simulation","winn_auto_qc","WiNN auto (QC)","SIM04"
"retained_features",1000,"higher",1000,"features","","simulation","winn_auto_qc","WiNN auto (QC)","SIM04"
"retained_samples",500,"higher",500,"samples","","simulation","winn_auto_qc","WiNN auto (QC)","SIM04"
"runtime_sec",19.278,"lower",1,"seconds","measured method execution in frozen release","simulation","winn_auto_qc","WiNN auto (QC)","SIM04"
"drift_profiles_corrected",1607,"descriptive",5000,"profiles","","simulation","winn_auto_qc","WiNN auto (QC)","SIM04"
"drift_features_corrected",708,"descriptive",1000,"features","","simulation","winn_auto_qc","WiNN auto (QC)","SIM04"
"batch_features_corrected",703,"descriptive",1000,"features","","simulation","winn_auto_qc","WiNN auto (QC)","SIM04"
"truth_metabolite_profile_icc_mean",0.922316152245494,"higher",1000,"ICC(A,1)","","simulation","winn_auto_qc","WiNN auto (QC)","SIM04"
"truth_sample_profile_pearson_mean",0.927522225420304,"higher",450,"correlation","","simulation","winn_auto_qc","WiNN auto (QC)","SIM04"
"truth_log1p_rmse",0.07093144153758,"lower",450000,"log1p intensity","","simulation","winn_auto_qc","WiNN auto (QC)","SIM04"
"heldout_qc_cv_mean",13.0206805665538,"lower",1000,"percent","","simulation","winn_auto_batch_qc","WiNN auto-batch (QC)","SIM04"
"heldout_qc_cv_sd",7.42446374173251,"lower",1000,"percent","","simulation","winn_auto_batch_qc","WiNN auto-batch (QC)","SIM04"
"heldout_qc_cv_median",12.5827661744348,"lower",1000,"percent","","simulation","winn_auto_batch_qc","WiNN auto-batch (QC)","SIM04"
"residual_run_order_gam_mean_deviance",0.137751735762044,"lower",5000,"proportion","","simulation","winn_auto_batch_qc","WiNN auto-batch (QC)","SIM04"
"residual_run_order_gam_sd_deviance",0.176825679569941,"lower",5000,"proportion","","simulation","winn_auto_batch_qc","WiNN auto-batch (QC)","SIM04"
"residual_ljung_box_proportion_significant",0.2308,"lower",5000,"proportion","","simulation","winn_auto_batch_qc","WiNN auto-batch (QC)","SIM04"
"batch_weighted_pc_r2_categorical",0.189764427527771,"lower",450,"weighted R-squared","Batch is explicitly categorical.","simulation","winn_auto_batch_qc","WiNN auto-batch (QC)","SIM04"
"retained_features",1000,"higher",1000,"features","","simulation","winn_auto_batch_qc","WiNN auto-batch (QC)","SIM04"
"retained_samples",500,"higher",500,"samples","","simulation","winn_auto_batch_qc","WiNN auto-batch (QC)","SIM04"
"runtime_sec",19.764,"lower",1,"seconds","measured method execution in frozen release","simulation","winn_auto_batch_qc","WiNN auto-batch (QC)","SIM04"
"drift_profiles_corrected",1677,"descriptive",5000,"profiles","","simulation","winn_auto_batch_qc","WiNN auto-batch (QC)","SIM04"
"drift_features_corrected",899,"descriptive",1000,"features","","simulation","winn_auto_batch_qc","WiNN auto-batch (QC)","SIM04"
"batch_features_corrected",702,"descriptive",1000,"features","","simulation","winn_auto_batch_qc","WiNN auto-batch (QC)","SIM04"
"truth_metabolite_profile_icc_mean",0.857737831912597,"higher",1000,"ICC(A,1)","","simulation","winn_auto_batch_qc","WiNN auto-batch (QC)","SIM04"
"truth_sample_profile_pearson_mean",0.86946584052613,"higher",450,"correlation","","simulation","winn_auto_batch_qc","WiNN auto-batch (QC)","SIM04"
"truth_log1p_rmse",0.102455441202128,"lower",450000,"log1p intensity","","simulation","winn_auto_batch_qc","WiNN auto-batch (QC)","SIM04"
"heldout_qc_cv_mean",8.66243326850821,"lower",1000,"percent","","simulation","winn_fixed_no_qc","WiNN fixed default (no QC)","SIM04"
"heldout_qc_cv_sd",6.0423678631643,"lower",1000,"percent","","simulation","winn_fixed_no_qc","WiNN fixed default (no QC)","SIM04"
"heldout_qc_cv_median",7.71947677044646,"lower",1000,"percent","","simulation","winn_fixed_no_qc","WiNN fixed default (no QC)","SIM04"
"residual_run_order_gam_mean_deviance",0.0204872060459964,"lower",5000,"proportion","","simulation","winn_fixed_no_qc","WiNN fixed default (no QC)","SIM04"
"residual_run_order_gam_sd_deviance",0.0344602154295272,"lower",5000,"proportion","","simulation","winn_fixed_no_qc","WiNN fixed default (no QC)","SIM04"
"residual_ljung_box_proportion_significant",0.008,"lower",5000,"proportion","","simulation","winn_fixed_no_qc","WiNN fixed default (no QC)","SIM04"
"batch_weighted_pc_r2_categorical",0.000919023895528327,"lower",450,"weighted R-squared","Batch is explicitly categorical.","simulation","winn_fixed_no_qc","WiNN fixed default (no QC)","SIM04"
"retained_features",1000,"higher",1000,"features","","simulation","winn_fixed_no_qc","WiNN fixed default (no QC)","SIM04"
"retained_samples",500,"higher",500,"samples","","simulation","winn_fixed_no_qc","WiNN fixed default (no QC)","SIM04"
"runtime_sec",7.293,"lower",1,"seconds","measured method execution in frozen release","simulation","winn_fixed_no_qc","WiNN fixed default (no QC)","SIM04"
"drift_profiles_corrected",1472,"descriptive",5000,"profiles","","simulation","winn_fixed_no_qc","WiNN fixed default (no QC)","SIM04"
"drift_features_corrected",665,"descriptive",1000,"features","","simulation","winn_fixed_no_qc","WiNN fixed default (no QC)","SIM04"
"batch_features_corrected",716,"descriptive",1000,"features","","simulation","winn_fixed_no_qc","WiNN fixed default (no QC)","SIM04"
"truth_metabolite_profile_icc_mean",0.922349683552122,"higher",1000,"ICC(A,1)","","simulation","winn_fixed_no_qc","WiNN fixed default (no QC)","SIM04"
"truth_sample_profile_pearson_mean",0.927334726044255,"higher",450,"correlation","","simulation","winn_fixed_no_qc","WiNN fixed default (no QC)","SIM04"
"truth_log1p_rmse",0.0709686009455053,"lower",450000,"log1p intensity","","simulation","winn_fixed_no_qc","WiNN fixed default (no QC)","SIM04"
"heldout_qc_cv_mean",43.6862535911735,"lower",1000,"percent","","simulation","raw","Raw","SIM05"
"heldout_qc_cv_sd",31.4713401878222,"lower",1000,"percent","","simulation","raw","Raw","SIM05"
"heldout_qc_cv_median",40.5278650392218,"lower",1000,"percent","","simulation","raw","Raw","SIM05"
"residual_run_order_gam_mean_deviance",0.125547724513172,"lower",5000,"proportion","","simulation","raw","Raw","SIM05"
"residual_run_order_gam_sd_deviance",0.192574174163373,"lower",5000,"proportion","","simulation","raw","Raw","SIM05"
"residual_ljung_box_proportion_significant",0.2468,"lower",5000,"proportion","","simulation","raw","Raw","SIM05"
"batch_weighted_pc_r2_categorical",0.962076478387943,"lower",450,"weighted R-squared","Batch is explicitly categorical.","simulation","raw","Raw","SIM05"
"retained_features",1000,"higher",1000,"features","","simulation","raw","Raw","SIM05"
"retained_samples",500,"higher",500,"samples","","simulation","raw","Raw","SIM05"
"runtime_sec",0,"lower",1,"seconds","no correction","simulation","raw","Raw","SIM05"
"drift_profiles_corrected",,"descriptive",5000,"profiles","","simulation","raw","Raw","SIM05"
"drift_features_corrected",,"descriptive",1000,"features","","simulation","raw","Raw","SIM05"
"batch_features_corrected",,"descriptive",1000,"features","","simulation","raw","Raw","SIM05"
"truth_metabolite_profile_icc_mean",0.591238414674297,"higher",1000,"ICC(A,1)","","simulation","raw","Raw","SIM05"
"truth_sample_profile_pearson_mean",0.520200802978565,"higher",450,"correlation","","simulation","raw","Raw","SIM05"
"truth_log1p_rmse",0.290233101916151,"lower",450000,"log1p intensity","","simulation","raw","Raw","SIM05"
"heldout_qc_cv_mean",11.92085090388,"lower",1000,"percent","","simulation","combat","ComBat","SIM05"
"heldout_qc_cv_sd",9.2711048557685,"lower",1000,"percent","","simulation","combat","ComBat","SIM05"
"heldout_qc_cv_median",9.84627667824282,"lower",1000,"percent","","simulation","combat","ComBat","SIM05"
"residual_run_order_gam_mean_deviance",0.125547483311369,"lower",5000,"proportion","","simulation","combat","ComBat","SIM05"
"residual_run_order_gam_sd_deviance",0.192574335293744,"lower",5000,"proportion","","simulation","combat","ComBat","SIM05"
"residual_ljung_box_proportion_significant",0.2468,"lower",5000,"proportion","","simulation","combat","ComBat","SIM05"
"batch_weighted_pc_r2_categorical",0.000118029037619728,"lower",450,"weighted R-squared","Batch is explicitly categorical.","simulation","combat","ComBat","SIM05"
"retained_features",1000,"higher",1000,"features","","simulation","combat","ComBat","SIM05"
"retained_samples",500,"higher",500,"samples","","simulation","combat","ComBat","SIM05"
"runtime_sec",,"lower",1,"seconds","not remeasured; cache retrieval time excluded","simulation","combat","ComBat","SIM05"
"drift_profiles_corrected",,"descriptive",5000,"profiles","","simulation","combat","ComBat","SIM05"
"drift_features_corrected",,"descriptive",1000,"features","","simulation","combat","ComBat","SIM05"
"batch_features_corrected",,"descriptive",1000,"features","","simulation","combat","ComBat","SIM05"
"truth_metabolite_profile_icc_mean",0.880095264232266,"higher",1000,"ICC(A,1)","","simulation","combat","ComBat","SIM05"
"truth_sample_profile_pearson_mean",0.878273532849374,"higher",450,"correlation","","simulation","combat","ComBat","SIM05"
"truth_log1p_rmse",0.103735612774752,"lower",450000,"log1p intensity","","simulation","combat","ComBat","SIM05"
"heldout_qc_cv_mean",10.6716288444473,"lower",1000,"percent","","simulation","qc_rlsc","QC-RLSC","SIM05"
"heldout_qc_cv_sd",7.87615973890102,"lower",1000,"percent","","simulation","qc_rlsc","QC-RLSC","SIM05"
"heldout_qc_cv_median",8.83297165003,"lower",1000,"percent","","simulation","qc_rlsc","QC-RLSC","SIM05"
"residual_run_order_gam_mean_deviance",0.0528026880027563,"lower",5000,"proportion","","simulation","qc_rlsc","QC-RLSC","SIM05"
"residual_run_order_gam_sd_deviance",0.0887148144633622,"lower",5000,"proportion","","simulation","qc_rlsc","QC-RLSC","SIM05"
"residual_ljung_box_proportion_significant",0.066,"lower",5000,"proportion","","simulation","qc_rlsc","QC-RLSC","SIM05"
"batch_weighted_pc_r2_categorical",8.43365224038597e-05,"lower",450,"weighted R-squared","Batch is explicitly categorical.","simulation","qc_rlsc","QC-RLSC","SIM05"
"retained_features",1000,"higher",1000,"features","","simulation","qc_rlsc","QC-RLSC","SIM05"
"retained_samples",500,"higher",500,"samples","","simulation","qc_rlsc","QC-RLSC","SIM05"
"runtime_sec",,"lower",1,"seconds","not remeasured; cache retrieval time excluded","simulation","qc_rlsc","QC-RLSC","SIM05"
"drift_profiles_corrected",,"descriptive",5000,"profiles","","simulation","qc_rlsc","QC-RLSC","SIM05"
"drift_features_corrected",,"descriptive",1000,"features","","simulation","qc_rlsc","QC-RLSC","SIM05"
"batch_features_corrected",,"descriptive",1000,"features","","simulation","qc_rlsc","QC-RLSC","SIM05"
"truth_metabolite_profile_icc_mean",0.906612360710656,"higher",1000,"ICC(A,1)","","simulation","qc_rlsc","QC-RLSC","SIM05"
"truth_sample_profile_pearson_mean",0.904564348274904,"higher",450,"correlation","","simulation","qc_rlsc","QC-RLSC","SIM05"
"truth_log1p_rmse",0.0894309444757946,"lower",450000,"log1p intensity","","simulation","qc_rlsc","QC-RLSC","SIM05"
"heldout_qc_cv_mean",10.2234590360892,"lower",1000,"percent","","simulation","qc_rfsc","QC-RFSC","SIM05"
"heldout_qc_cv_sd",13.9800778294288,"lower",1000,"percent","","simulation","qc_rfsc","QC-RFSC","SIM05"
"heldout_qc_cv_median",7.86025268456171,"lower",1000,"percent","","simulation","qc_rfsc","QC-RFSC","SIM05"
"residual_run_order_gam_mean_deviance",0.115136275892583,"lower",5000,"proportion","","simulation","qc_rfsc","QC-RFSC","SIM05"
"residual_run_order_gam_sd_deviance",0.133975527507109,"lower",5000,"proportion","","simulation","qc_rfsc","QC-RFSC","SIM05"
"residual_ljung_box_proportion_significant",0.1708,"lower",5000,"proportion","","simulation","qc_rfsc","QC-RFSC","SIM05"
"batch_weighted_pc_r2_categorical",0.155429071237549,"lower",450,"weighted R-squared","Batch is explicitly categorical.","simulation","qc_rfsc","QC-RFSC","SIM05"
"retained_features",1000,"higher",1000,"features","","simulation","qc_rfsc","QC-RFSC","SIM05"
"retained_samples",500,"higher",500,"samples","","simulation","qc_rfsc","QC-RFSC","SIM05"
"runtime_sec",,"lower",1,"seconds","not remeasured; cache retrieval time excluded","simulation","qc_rfsc","QC-RFSC","SIM05"
"drift_profiles_corrected",,"descriptive",5000,"profiles","","simulation","qc_rfsc","QC-RFSC","SIM05"
"drift_features_corrected",,"descriptive",1000,"features","","simulation","qc_rfsc","QC-RFSC","SIM05"
"batch_features_corrected",,"descriptive",1000,"features","","simulation","qc_rfsc","QC-RFSC","SIM05"
"truth_metabolite_profile_icc_mean",0.696713902302012,"higher",1000,"ICC(A,1)","","simulation","qc_rfsc","QC-RFSC","SIM05"
"truth_sample_profile_pearson_mean",0.65034566742373,"higher",450,"correlation","","simulation","qc_rfsc","QC-RFSC","SIM05"
"truth_log1p_rmse",0.207486449579094,"lower",450000,"log1p intensity","","simulation","qc_rfsc","QC-RFSC","SIM05"
"heldout_qc_cv_mean",8.87914165112623,"lower",1000,"percent","","simulation","tiger","TIGER","SIM05"
"heldout_qc_cv_sd",9.27671436783415,"lower",1000,"percent","","simulation","tiger","TIGER","SIM05"
"heldout_qc_cv_median",7.62248424758095,"lower",1000,"percent","","simulation","tiger","TIGER","SIM05"
"residual_run_order_gam_mean_deviance",0.0815209568003766,"lower",5000,"proportion","","simulation","tiger","TIGER","SIM05"
"residual_run_order_gam_sd_deviance",0.122894158209696,"lower",5000,"proportion","","simulation","tiger","TIGER","SIM05"
"residual_ljung_box_proportion_significant",0.1558,"lower",5000,"proportion","","simulation","tiger","TIGER","SIM05"
"batch_weighted_pc_r2_categorical",0.0732520809687819,"lower",450,"weighted R-squared","Batch is explicitly categorical.","simulation","tiger","TIGER","SIM05"
"retained_features",1000,"higher",1000,"features","","simulation","tiger","TIGER","SIM05"
"retained_samples",500,"higher",500,"samples","","simulation","tiger","TIGER","SIM05"
"runtime_sec",1727.267,"lower",1,"seconds","measured method execution in frozen release","simulation","tiger","TIGER","SIM05"
"drift_profiles_corrected",,"descriptive",5000,"profiles","","simulation","tiger","TIGER","SIM05"
"drift_features_corrected",,"descriptive",1000,"features","","simulation","tiger","TIGER","SIM05"
"batch_features_corrected",,"descriptive",1000,"features","","simulation","tiger","TIGER","SIM05"
"truth_metabolite_profile_icc_mean",0.872007876515218,"higher",1000,"ICC(A,1)","","simulation","tiger","TIGER","SIM05"
"truth_sample_profile_pearson_mean",0.849464233461453,"higher",450,"correlation","","simulation","tiger","TIGER","SIM05"
"truth_log1p_rmse",0.113289738497088,"lower",450000,"log1p intensity","","simulation","tiger","TIGER","SIM05"
"heldout_qc_cv_mean",11.8581349303357,"lower",1000,"percent","","simulation","serrf","SERRF","SIM05"
"heldout_qc_cv_sd",9.31312730949179,"lower",1000,"percent","","simulation","serrf","SERRF","SIM05"
"heldout_qc_cv_median",9.32163349244966,"lower",1000,"percent","","simulation","serrf","SERRF","SIM05"
"residual_run_order_gam_mean_deviance",0.0975983711525286,"lower",5000,"proportion","","simulation","serrf","SERRF","SIM05"
"residual_run_order_gam_sd_deviance",0.152682782845443,"lower",5000,"proportion","","simulation","serrf","SERRF","SIM05"
"residual_ljung_box_proportion_significant",0.1918,"lower",5000,"proportion","","simulation","serrf","SERRF","SIM05"
"batch_weighted_pc_r2_categorical",0.00061371337540241,"lower",450,"weighted R-squared","Batch is explicitly categorical.","simulation","serrf","SERRF","SIM05"
"retained_features",1000,"higher",1000,"features","","simulation","serrf","SERRF","SIM05"
"retained_samples",500,"higher",500,"samples","","simulation","serrf","SERRF","SIM05"
"runtime_sec",,"lower",1,"seconds","not remeasured; cache retrieval time excluded","simulation","serrf","SERRF","SIM05"
"drift_profiles_corrected",,"descriptive",5000,"profiles","","simulation","serrf","SERRF","SIM05"
"drift_features_corrected",,"descriptive",1000,"features","","simulation","serrf","SERRF","SIM05"
"batch_features_corrected",,"descriptive",1000,"features","","simulation","serrf","SERRF","SIM05"
"truth_metabolite_profile_icc_mean",0.886915587861869,"higher",1000,"ICC(A,1)","","simulation","serrf","SERRF","SIM05"
"truth_sample_profile_pearson_mean",0.873797100727145,"higher",450,"correlation","","simulation","serrf","SERRF","SIM05"
"truth_log1p_rmse",0.0974893139381562,"lower",450000,"log1p intensity","","simulation","serrf","SERRF","SIM05"
"heldout_qc_cv_mean",8.43746935826601,"lower",1000,"percent","","simulation","winn_auto_qc","WiNN auto (QC)","SIM05"
"heldout_qc_cv_sd",5.73421148471736,"lower",1000,"percent","","simulation","winn_auto_qc","WiNN auto (QC)","SIM05"
"heldout_qc_cv_median",7.60028199449162,"lower",1000,"percent","","simulation","winn_auto_qc","WiNN auto (QC)","SIM05"
"residual_run_order_gam_mean_deviance",0.0198448314689079,"lower",5000,"proportion","","simulation","winn_auto_qc","WiNN auto (QC)","SIM05"
"residual_run_order_gam_sd_deviance",0.0325601352537922,"lower",5000,"proportion","","simulation","winn_auto_qc","WiNN auto (QC)","SIM05"
"residual_ljung_box_proportion_significant",0.0086,"lower",5000,"proportion","","simulation","winn_auto_qc","WiNN auto (QC)","SIM05"
"batch_weighted_pc_r2_categorical",0.000712594893891655,"lower",450,"weighted R-squared","Batch is explicitly categorical.","simulation","winn_auto_qc","WiNN auto (QC)","SIM05"
"retained_features",1000,"higher",1000,"features","","simulation","winn_auto_qc","WiNN auto (QC)","SIM05"
"retained_samples",500,"higher",500,"samples","","simulation","winn_auto_qc","WiNN auto (QC)","SIM05"
"runtime_sec",17.542,"lower",1,"seconds","measured method execution in frozen release","simulation","winn_auto_qc","WiNN auto (QC)","SIM05"
"drift_profiles_corrected",1564,"descriptive",5000,"profiles","","simulation","winn_auto_qc","WiNN auto (QC)","SIM05"
"drift_features_corrected",686,"descriptive",1000,"features","","simulation","winn_auto_qc","WiNN auto (QC)","SIM05"
"batch_features_corrected",688,"descriptive",1000,"features","","simulation","winn_auto_qc","WiNN auto (QC)","SIM05"
"truth_metabolite_profile_icc_mean",0.921370095234413,"higher",1000,"ICC(A,1)","","simulation","winn_auto_qc","WiNN auto (QC)","SIM05"
"truth_sample_profile_pearson_mean",0.920859090416902,"higher",450,"correlation","","simulation","winn_auto_qc","WiNN auto (QC)","SIM05"
"truth_log1p_rmse",0.0732706220371966,"lower",450000,"log1p intensity","","simulation","winn_auto_qc","WiNN auto (QC)","SIM05"
"heldout_qc_cv_mean",10.5219993591051,"lower",1000,"percent","","simulation","winn_auto_batch_qc","WiNN auto-batch (QC)","SIM05"
"heldout_qc_cv_sd",5.76481621181103,"lower",1000,"percent","","simulation","winn_auto_batch_qc","WiNN auto-batch (QC)","SIM05"
"heldout_qc_cv_median",10.0037623597111,"lower",1000,"percent","","simulation","winn_auto_batch_qc","WiNN auto-batch (QC)","SIM05"
"residual_run_order_gam_mean_deviance",0.0750793863837347,"lower",5000,"proportion","","simulation","winn_auto_batch_qc","WiNN auto-batch (QC)","SIM05"
"residual_run_order_gam_sd_deviance",0.12974128297221,"lower",5000,"proportion","","simulation","winn_auto_batch_qc","WiNN auto-batch (QC)","SIM05"
"residual_ljung_box_proportion_significant",0.0728,"lower",5000,"proportion","","simulation","winn_auto_batch_qc","WiNN auto-batch (QC)","SIM05"
"batch_weighted_pc_r2_categorical",0.114588952709036,"lower",450,"weighted R-squared","Batch is explicitly categorical.","simulation","winn_auto_batch_qc","WiNN auto-batch (QC)","SIM05"
"retained_features",1000,"higher",1000,"features","","simulation","winn_auto_batch_qc","WiNN auto-batch (QC)","SIM05"
"retained_samples",500,"higher",500,"samples","","simulation","winn_auto_batch_qc","WiNN auto-batch (QC)","SIM05"
"runtime_sec",25.677,"lower",1,"seconds","measured method execution in frozen release","simulation","winn_auto_batch_qc","WiNN auto-batch (QC)","SIM05"
"drift_profiles_corrected",2753,"descriptive",5000,"profiles","","simulation","winn_auto_batch_qc","WiNN auto-batch (QC)","SIM05"
"drift_features_corrected",922,"descriptive",1000,"features","","simulation","winn_auto_batch_qc","WiNN auto-batch (QC)","SIM05"
"batch_features_corrected",801,"descriptive",1000,"features","","simulation","winn_auto_batch_qc","WiNN auto-batch (QC)","SIM05"
"truth_metabolite_profile_icc_mean",0.882292442908406,"higher",1000,"ICC(A,1)","","simulation","winn_auto_batch_qc","WiNN auto-batch (QC)","SIM05"
"truth_sample_profile_pearson_mean",0.886809585223004,"higher",450,"correlation","","simulation","winn_auto_batch_qc","WiNN auto-batch (QC)","SIM05"
"truth_log1p_rmse",0.0908059767371582,"lower",450000,"log1p intensity","","simulation","winn_auto_batch_qc","WiNN auto-batch (QC)","SIM05"
"heldout_qc_cv_mean",8.42898920927422,"lower",1000,"percent","","simulation","winn_fixed_no_qc","WiNN fixed default (no QC)","SIM05"
"heldout_qc_cv_sd",5.83850402782076,"lower",1000,"percent","","simulation","winn_fixed_no_qc","WiNN fixed default (no QC)","SIM05"
"heldout_qc_cv_median",7.71111413043609,"lower",1000,"percent","","simulation","winn_fixed_no_qc","WiNN fixed default (no QC)","SIM05"
"residual_run_order_gam_mean_deviance",0.0216195779295135,"lower",5000,"proportion","","simulation","winn_fixed_no_qc","WiNN fixed default (no QC)","SIM05"
"residual_run_order_gam_sd_deviance",0.0353376507537231,"lower",5000,"proportion","","simulation","winn_fixed_no_qc","WiNN fixed default (no QC)","SIM05"
"residual_ljung_box_proportion_significant",0.0068,"lower",5000,"proportion","","simulation","winn_fixed_no_qc","WiNN fixed default (no QC)","SIM05"
"batch_weighted_pc_r2_categorical",0.000739759376116102,"lower",450,"weighted R-squared","Batch is explicitly categorical.","simulation","winn_fixed_no_qc","WiNN fixed default (no QC)","SIM05"
"retained_features",1000,"higher",1000,"features","","simulation","winn_fixed_no_qc","WiNN fixed default (no QC)","SIM05"
"retained_samples",500,"higher",500,"samples","","simulation","winn_fixed_no_qc","WiNN fixed default (no QC)","SIM05"
"runtime_sec",7.437,"lower",1,"seconds","measured method execution in frozen release","simulation","winn_fixed_no_qc","WiNN fixed default (no QC)","SIM05"
"drift_profiles_corrected",1427,"descriptive",5000,"profiles","","simulation","winn_fixed_no_qc","WiNN fixed default (no QC)","SIM05"
"drift_features_corrected",638,"descriptive",1000,"features","","simulation","winn_fixed_no_qc","WiNN fixed default (no QC)","SIM05"
"batch_features_corrected",698,"descriptive",1000,"features","","simulation","winn_fixed_no_qc","WiNN fixed default (no QC)","SIM05"
"truth_metabolite_profile_icc_mean",0.921185897206306,"higher",1000,"ICC(A,1)","","simulation","winn_fixed_no_qc","WiNN fixed default (no QC)","SIM05"
"truth_sample_profile_pearson_mean",0.920629899455086,"higher",450,"correlation","","simulation","winn_fixed_no_qc","WiNN fixed default (no QC)","SIM05"
"truth_log1p_rmse",0.0733976076017738,"lower",450000,"log1p intensity","","simulation","winn_fixed_no_qc","WiNN fixed default (no QC)","SIM05"
"heldout_qc_cv_mean",45.4455913430314,"lower",1000,"percent","","simulation","raw","Raw","SIM06"
"heldout_qc_cv_sd",32.0025593716647,"lower",1000,"percent","","simulation","raw","Raw","SIM06"
"heldout_qc_cv_median",43.557189396155,"lower",1000,"percent","","simulation","raw","Raw","SIM06"
"residual_run_order_gam_mean_deviance",0.122435574911771,"lower",5000,"proportion","","simulation","raw","Raw","SIM06"
"residual_run_order_gam_sd_deviance",0.188862465679852,"lower",5000,"proportion","","simulation","raw","Raw","SIM06"
"residual_ljung_box_proportion_significant",0.2406,"lower",5000,"proportion","","simulation","raw","Raw","SIM06"
"batch_weighted_pc_r2_categorical",0.963598199950116,"lower",450,"weighted R-squared","Batch is explicitly categorical.","simulation","raw","Raw","SIM06"
"retained_features",1000,"higher",1000,"features","","simulation","raw","Raw","SIM06"
"retained_samples",500,"higher",500,"samples","","simulation","raw","Raw","SIM06"
"runtime_sec",0,"lower",1,"seconds","no correction","simulation","raw","Raw","SIM06"
"drift_profiles_corrected",,"descriptive",5000,"profiles","","simulation","raw","Raw","SIM06"
"drift_features_corrected",,"descriptive",1000,"features","","simulation","raw","Raw","SIM06"
"batch_features_corrected",,"descriptive",1000,"features","","simulation","raw","Raw","SIM06"
"truth_metabolite_profile_icc_mean",0.58757778276978,"higher",1000,"ICC(A,1)","","simulation","raw","Raw","SIM06"
"truth_sample_profile_pearson_mean",0.514902405541303,"higher",450,"correlation","","simulation","raw","Raw","SIM06"
"truth_log1p_rmse",0.295443790010821,"lower",450000,"log1p intensity","","simulation","raw","Raw","SIM06"
"heldout_qc_cv_mean",12.8952172294557,"lower",1000,"percent","","simulation","combat","ComBat","SIM06"
"heldout_qc_cv_sd",10.0750287900451,"lower",1000,"percent","","simulation","combat","ComBat","SIM06"
"heldout_qc_cv_median",10.7086979780307,"lower",1000,"percent","","simulation","combat","ComBat","SIM06"
"residual_run_order_gam_mean_deviance",0.122435403277821,"lower",5000,"proportion","","simulation","combat","ComBat","SIM06"
"residual_run_order_gam_sd_deviance",0.188862574714099,"lower",5000,"proportion","","simulation","combat","ComBat","SIM06"
"residual_ljung_box_proportion_significant",0.2406,"lower",5000,"proportion","","simulation","combat","ComBat","SIM06"
"batch_weighted_pc_r2_categorical",6.1496482718574e-05,"lower",450,"weighted R-squared","Batch is explicitly categorical.","simulation","combat","ComBat","SIM06"
"retained_features",1000,"higher",1000,"features","","simulation","combat","ComBat","SIM06"
"retained_samples",500,"higher",500,"samples","","simulation","combat","ComBat","SIM06"
"runtime_sec",,"lower",1,"seconds","not remeasured; cache retrieval time excluded","simulation","combat","ComBat","SIM06"
"drift_profiles_corrected",,"descriptive",5000,"profiles","","simulation","combat","ComBat","SIM06"
"drift_features_corrected",,"descriptive",1000,"features","","simulation","combat","ComBat","SIM06"
"batch_features_corrected",,"descriptive",1000,"features","","simulation","combat","ComBat","SIM06"
"truth_metabolite_profile_icc_mean",0.880668905070386,"higher",1000,"ICC(A,1)","","simulation","combat","ComBat","SIM06"
"truth_sample_profile_pearson_mean",0.882324939337378,"higher",450,"correlation","","simulation","combat","ComBat","SIM06"
"truth_log1p_rmse",0.102261037577514,"lower",450000,"log1p intensity","","simulation","combat","ComBat","SIM06"
"heldout_qc_cv_mean",10.8726259102405,"lower",1000,"percent","","simulation","qc_rlsc","QC-RLSC","SIM06"
"heldout_qc_cv_sd",8.20433118672179,"lower",1000,"percent","","simulation","qc_rlsc","QC-RLSC","SIM06"
"heldout_qc_cv_median",8.70630184047774,"lower",1000,"percent","","simulation","qc_rlsc","QC-RLSC","SIM06"
"residual_run_order_gam_mean_deviance",0.0520776804248783,"lower",5000,"proportion","","simulation","qc_rlsc","QC-RLSC","SIM06"
"residual_run_order_gam_sd_deviance",0.0899688441356178,"lower",5000,"proportion","","simulation","qc_rlsc","QC-RLSC","SIM06"
"residual_ljung_box_proportion_significant",0.0632,"lower",5000,"proportion","","simulation","qc_rlsc","QC-RLSC","SIM06"
"batch_weighted_pc_r2_categorical",0.000148464056438104,"lower",450,"weighted R-squared","Batch is explicitly categorical.","simulation","qc_rlsc","QC-RLSC","SIM06"
"retained_features",1000,"higher",1000,"features","","simulation","qc_rlsc","QC-RLSC","SIM06"
"retained_samples",500,"higher",500,"samples","","simulation","qc_rlsc","QC-RLSC","SIM06"
"runtime_sec",,"lower",1,"seconds","not remeasured; cache retrieval time excluded","simulation","qc_rlsc","QC-RLSC","SIM06"
"drift_profiles_corrected",,"descriptive",5000,"profiles","","simulation","qc_rlsc","QC-RLSC","SIM06"
"drift_features_corrected",,"descriptive",1000,"features","","simulation","qc_rlsc","QC-RLSC","SIM06"
"batch_features_corrected",,"descriptive",1000,"features","","simulation","qc_rlsc","QC-RLSC","SIM06"
"truth_metabolite_profile_icc_mean",0.904378345355295,"higher",1000,"ICC(A,1)","","simulation","qc_rlsc","QC-RLSC","SIM06"
"truth_sample_profile_pearson_mean",0.905236339522557,"higher",450,"correlation","","simulation","qc_rlsc","QC-RLSC","SIM06"
"truth_log1p_rmse",0.0899877288122817,"lower",450000,"log1p intensity","","simulation","qc_rlsc","QC-RLSC","SIM06"
"heldout_qc_cv_mean",13.2096444309348,"lower",1000,"percent","","simulation","qc_rfsc","QC-RFSC","SIM06"
"heldout_qc_cv_sd",8.89517432800423,"lower",1000,"percent","","simulation","qc_rfsc","QC-RFSC","SIM06"
"heldout_qc_cv_median",12.4931773084152,"lower",1000,"percent","","simulation","qc_rfsc","QC-RFSC","SIM06"
"residual_run_order_gam_mean_deviance",0.13208767932442,"lower",5000,"proportion","","simulation","qc_rfsc","QC-RFSC","SIM06"
"residual_run_order_gam_sd_deviance",0.155681868412352,"lower",5000,"proportion","","simulation","qc_rfsc","QC-RFSC","SIM06"
"residual_ljung_box_proportion_significant",0.2184,"lower",5000,"proportion","","simulation","qc_rfsc","QC-RFSC","SIM06"
"batch_weighted_pc_r2_categorical",0.152345252240769,"lower",450,"weighted R-squared","Batch is explicitly categorical.","simulation","qc_rfsc","QC-RFSC","SIM06"
"retained_features",1000,"higher",1000,"features","","simulation","qc_rfsc","QC-RFSC","SIM06"
"retained_samples",500,"higher",500,"samples","","simulation","qc_rfsc","QC-RFSC","SIM06"
"runtime_sec",,"lower",1,"seconds","not remeasured; cache retrieval time excluded","simulation","qc_rfsc","QC-RFSC","SIM06"
"drift_profiles_corrected",,"descriptive",5000,"profiles","","simulation","qc_rfsc","QC-RFSC","SIM06"
"drift_features_corrected",,"descriptive",1000,"features","","simulation","qc_rfsc","QC-RFSC","SIM06"
"batch_features_corrected",,"descriptive",1000,"features","","simulation","qc_rfsc","QC-RFSC","SIM06"
"truth_metabolite_profile_icc_mean",0.689351034717308,"higher",1000,"ICC(A,1)","","simulation","qc_rfsc","QC-RFSC","SIM06"
"truth_sample_profile_pearson_mean",0.674771068934823,"higher",450,"correlation","","simulation","qc_rfsc","QC-RFSC","SIM06"
"truth_log1p_rmse",0.198064310607219,"lower",450000,"log1p intensity","","simulation","qc_rfsc","QC-RFSC","SIM06"
"heldout_qc_cv_mean",9.12950458948082,"lower",1000,"percent","","simulation","tiger","TIGER","SIM06"
"heldout_qc_cv_sd",9.44602200151534,"lower",1000,"percent","","simulation","tiger","TIGER","SIM06"
"heldout_qc_cv_median",7.40770697377514,"lower",1000,"percent","","simulation","tiger","TIGER","SIM06"
"residual_run_order_gam_mean_deviance",0.0813616544518397,"lower",5000,"proportion","","simulation","tiger","TIGER","SIM06"
"residual_run_order_gam_sd_deviance",0.122927594182319,"lower",5000,"proportion","","simulation","tiger","TIGER","SIM06"
"residual_ljung_box_proportion_significant",0.1584,"lower",5000,"proportion","","simulation","tiger","TIGER","SIM06"
"batch_weighted_pc_r2_categorical",0.0556315294552679,"lower",450,"weighted R-squared","Batch is explicitly categorical.","simulation","tiger","TIGER","SIM06"
"retained_features",1000,"higher",1000,"features","","simulation","tiger","TIGER","SIM06"
"retained_samples",500,"higher",500,"samples","","simulation","tiger","TIGER","SIM06"
"runtime_sec",1726.931,"lower",1,"seconds","measured method execution in frozen release","simulation","tiger","TIGER","SIM06"
"drift_profiles_corrected",,"descriptive",5000,"profiles","","simulation","tiger","TIGER","SIM06"
"drift_features_corrected",,"descriptive",1000,"features","","simulation","tiger","TIGER","SIM06"
"batch_features_corrected",,"descriptive",1000,"features","","simulation","tiger","TIGER","SIM06"
"truth_metabolite_profile_icc_mean",0.870567009116608,"higher",1000,"ICC(A,1)","","simulation","tiger","TIGER","SIM06"
"truth_sample_profile_pearson_mean",0.835092959168192,"higher",450,"correlation","","simulation","tiger","TIGER","SIM06"
"truth_log1p_rmse",0.120731799348592,"lower",450000,"log1p intensity","","simulation","tiger","TIGER","SIM06"
"heldout_qc_cv_mean",12.8488710941019,"lower",1000,"percent","","simulation","serrf","SERRF","SIM06"
"heldout_qc_cv_sd",9.97856453188782,"lower",1000,"percent","","simulation","serrf","SERRF","SIM06"
"heldout_qc_cv_median",9.93059007506864,"lower",1000,"percent","","simulation","serrf","SERRF","SIM06"
"residual_run_order_gam_mean_deviance",0.0956868256521402,"lower",5000,"proportion","","simulation","serrf","SERRF","SIM06"
"residual_run_order_gam_sd_deviance",0.151180743150319,"lower",5000,"proportion","","simulation","serrf","SERRF","SIM06"
"residual_ljung_box_proportion_significant",0.1874,"lower",5000,"proportion","","simulation","serrf","SERRF","SIM06"
"batch_weighted_pc_r2_categorical",0.0016272780666388,"lower",450,"weighted R-squared","Batch is explicitly categorical.","simulation","serrf","SERRF","SIM06"
"retained_features",1000,"higher",1000,"features","","simulation","serrf","SERRF","SIM06"
"retained_samples",500,"higher",500,"samples","","simulation","serrf","SERRF","SIM06"
"runtime_sec",,"lower",1,"seconds","not remeasured; cache retrieval time excluded","simulation","serrf","SERRF","SIM06"
"drift_profiles_corrected",,"descriptive",5000,"profiles","","simulation","serrf","SERRF","SIM06"
"drift_features_corrected",,"descriptive",1000,"features","","simulation","serrf","SERRF","SIM06"
"batch_features_corrected",,"descriptive",1000,"features","","simulation","serrf","SERRF","SIM06"
"truth_metabolite_profile_icc_mean",0.888353359988811,"higher",1000,"ICC(A,1)","","simulation","serrf","SERRF","SIM06"
"truth_sample_profile_pearson_mean",0.874974367074674,"higher",450,"correlation","","simulation","serrf","SERRF","SIM06"
"truth_log1p_rmse",0.0967878235868101,"lower",450000,"log1p intensity","","simulation","serrf","SERRF","SIM06"
"heldout_qc_cv_mean",8.61620851250192,"lower",1000,"percent","","simulation","winn_auto_qc","WiNN auto (QC)","SIM06"
"heldout_qc_cv_sd",6.21831220608042,"lower",1000,"percent","","simulation","winn_auto_qc","WiNN auto (QC)","SIM06"
"heldout_qc_cv_median",7.83156161293093,"lower",1000,"percent","","simulation","winn_auto_qc","WiNN auto (QC)","SIM06"
"residual_run_order_gam_mean_deviance",0.0215438905538847,"lower",5000,"proportion","","simulation","winn_auto_qc","WiNN auto (QC)","SIM06"
"residual_run_order_gam_sd_deviance",0.0347719255939188,"lower",5000,"proportion","","simulation","winn_auto_qc","WiNN auto (QC)","SIM06"
"residual_ljung_box_proportion_significant",0.0066,"lower",5000,"proportion","","simulation","winn_auto_qc","WiNN auto (QC)","SIM06"
"batch_weighted_pc_r2_categorical",0.000792824502032142,"lower",450,"weighted R-squared","Batch is explicitly categorical.","simulation","winn_auto_qc","WiNN auto (QC)","SIM06"
"retained_features",1000,"higher",1000,"features","","simulation","winn_auto_qc","WiNN auto (QC)","SIM06"
"retained_samples",500,"higher",500,"samples","","simulation","winn_auto_qc","WiNN auto (QC)","SIM06"
"runtime_sec",18.448,"lower",1,"seconds","measured method execution in frozen release","simulation","winn_auto_qc","WiNN auto (QC)","SIM06"
"drift_profiles_corrected",1387,"descriptive",5000,"profiles","","simulation","winn_auto_qc","WiNN auto (QC)","SIM06"
"drift_features_corrected",655,"descriptive",1000,"features","","simulation","winn_auto_qc","WiNN auto (QC)","SIM06"
"batch_features_corrected",689,"descriptive",1000,"features","","simulation","winn_auto_qc","WiNN auto (QC)","SIM06"
"truth_metabolite_profile_icc_mean",0.92112518666074,"higher",1000,"ICC(A,1)","","simulation","winn_auto_qc","WiNN auto (QC)","SIM06"
"truth_sample_profile_pearson_mean",0.924906539158782,"higher",450,"correlation","","simulation","winn_auto_qc","WiNN auto (QC)","SIM06"
"truth_log1p_rmse",0.0716271596510863,"lower",450000,"log1p intensity","","simulation","winn_auto_qc","WiNN auto (QC)","SIM06"
"heldout_qc_cv_mean",18.4475738781864,"lower",1000,"percent","","simulation","winn_auto_batch_qc","WiNN auto-batch (QC)","SIM06"
"heldout_qc_cv_sd",10.9268376189252,"lower",1000,"percent","","simulation","winn_auto_batch_qc","WiNN auto-batch (QC)","SIM06"
"heldout_qc_cv_median",18.1703163418628,"lower",1000,"percent","","simulation","winn_auto_batch_qc","WiNN auto-batch (QC)","SIM06"
"residual_run_order_gam_mean_deviance",0.144731443345892,"lower",5000,"proportion","","simulation","winn_auto_batch_qc","WiNN auto-batch (QC)","SIM06"
"residual_run_order_gam_sd_deviance",0.190695802021327,"lower",5000,"proportion","","simulation","winn_auto_batch_qc","WiNN auto-batch (QC)","SIM06"
"residual_ljung_box_proportion_significant",0.2744,"lower",5000,"proportion","","simulation","winn_auto_batch_qc","WiNN auto-batch (QC)","SIM06"
"batch_weighted_pc_r2_categorical",0.302506088513641,"lower",450,"weighted R-squared","Batch is explicitly categorical.","simulation","winn_auto_batch_qc","WiNN auto-batch (QC)","SIM06"
"retained_features",1000,"higher",1000,"features","","simulation","winn_auto_batch_qc","WiNN auto-batch (QC)","SIM06"
"retained_samples",500,"higher",500,"samples","","simulation","winn_auto_batch_qc","WiNN auto-batch (QC)","SIM06"
"runtime_sec",18.291,"lower",1,"seconds","measured method execution in frozen release","simulation","winn_auto_batch_qc","WiNN auto-batch (QC)","SIM06"
"drift_profiles_corrected",1153,"descriptive",5000,"profiles","","simulation","winn_auto_batch_qc","WiNN auto-batch (QC)","SIM06"
"drift_features_corrected",898,"descriptive",1000,"features","","simulation","winn_auto_batch_qc","WiNN auto-batch (QC)","SIM06"
"batch_features_corrected",636,"descriptive",1000,"features","","simulation","winn_auto_batch_qc","WiNN auto-batch (QC)","SIM06"
"truth_metabolite_profile_icc_mean",0.843635907342313,"higher",1000,"ICC(A,1)","","simulation","winn_auto_batch_qc","WiNN auto-batch (QC)","SIM06"
"truth_sample_profile_pearson_mean",0.853341027048573,"higher",450,"correlation","","simulation","winn_auto_batch_qc","WiNN auto-batch (QC)","SIM06"
"truth_log1p_rmse",0.109209822607132,"lower",450000,"log1p intensity","","simulation","winn_auto_batch_qc","WiNN auto-batch (QC)","SIM06"
"heldout_qc_cv_mean",8.61903085584063,"lower",1000,"percent","","simulation","winn_fixed_no_qc","WiNN fixed default (no QC)","SIM06"
"heldout_qc_cv_sd",6.21678563226836,"lower",1000,"percent","","simulation","winn_fixed_no_qc","WiNN fixed default (no QC)","SIM06"
"heldout_qc_cv_median",7.82615094732433,"lower",1000,"percent","","simulation","winn_fixed_no_qc","WiNN fixed default (no QC)","SIM06"
"residual_run_order_gam_mean_deviance",0.0215326561677557,"lower",5000,"proportion","","simulation","winn_fixed_no_qc","WiNN fixed default (no QC)","SIM06"
"residual_run_order_gam_sd_deviance",0.0348073112670957,"lower",5000,"proportion","","simulation","winn_fixed_no_qc","WiNN fixed default (no QC)","SIM06"
"residual_ljung_box_proportion_significant",0.0068,"lower",5000,"proportion","","simulation","winn_fixed_no_qc","WiNN fixed default (no QC)","SIM06"
"batch_weighted_pc_r2_categorical",0.000822589818943679,"lower",450,"weighted R-squared","Batch is explicitly categorical.","simulation","winn_fixed_no_qc","WiNN fixed default (no QC)","SIM06"
"retained_features",1000,"higher",1000,"features","","simulation","winn_fixed_no_qc","WiNN fixed default (no QC)","SIM06"
"retained_samples",500,"higher",500,"samples","","simulation","winn_fixed_no_qc","WiNN fixed default (no QC)","SIM06"
"runtime_sec",7.502,"lower",1,"seconds","measured method execution in frozen release","simulation","winn_fixed_no_qc","WiNN fixed default (no QC)","SIM06"
"drift_profiles_corrected",1387,"descriptive",5000,"profiles","","simulation","winn_fixed_no_qc","WiNN fixed default (no QC)","SIM06"
"drift_features_corrected",655,"descriptive",1000,"features","","simulation","winn_fixed_no_qc","WiNN fixed default (no QC)","SIM06"
"batch_features_corrected",695,"descriptive",1000,"features","","simulation","winn_fixed_no_qc","WiNN fixed default (no QC)","SIM06"
"truth_metabolite_profile_icc_mean",0.920949468357364,"higher",1000,"ICC(A,1)","","simulation","winn_fixed_no_qc","WiNN fixed default (no QC)","SIM06"
"truth_sample_profile_pearson_mean",0.924847149755594,"higher",450,"correlation","","simulation","winn_fixed_no_qc","WiNN fixed default (no QC)","SIM06"
"truth_log1p_rmse",0.0717165867720228,"lower",450000,"log1p intensity","","simulation","winn_fixed_no_qc","WiNN fixed default (no QC)","SIM06"
"heldout_qc_cv_mean",43.3237040927998,"lower",1000,"percent","","simulation","raw","Raw","SIM07"
"heldout_qc_cv_sd",31.5697347481255,"lower",1000,"percent","","simulation","raw","Raw","SIM07"
"heldout_qc_cv_median",41.2345903690775,"lower",1000,"percent","","simulation","raw","Raw","SIM07"
"residual_run_order_gam_mean_deviance",0.12753075161751,"lower",5000,"proportion","","simulation","raw","Raw","SIM07"
"residual_run_order_gam_sd_deviance",0.193045644124259,"lower",5000,"proportion","","simulation","raw","Raw","SIM07"
"residual_ljung_box_proportion_significant",0.2558,"lower",5000,"proportion","","simulation","raw","Raw","SIM07"
"batch_weighted_pc_r2_categorical",0.963286281377159,"lower",450,"weighted R-squared","Batch is explicitly categorical.","simulation","raw","Raw","SIM07"
"retained_features",1000,"higher",1000,"features","","simulation","raw","Raw","SIM07"
"retained_samples",500,"higher",500,"samples","","simulation","raw","Raw","SIM07"
"runtime_sec",0,"lower",1,"seconds","no correction","simulation","raw","Raw","SIM07"
"drift_profiles_corrected",,"descriptive",5000,"profiles","","simulation","raw","Raw","SIM07"
"drift_features_corrected",,"descriptive",1000,"features","","simulation","raw","Raw","SIM07"
"batch_features_corrected",,"descriptive",1000,"features","","simulation","raw","Raw","SIM07"
"truth_metabolite_profile_icc_mean",0.594809903197333,"higher",1000,"ICC(A,1)","","simulation","raw","Raw","SIM07"
"truth_sample_profile_pearson_mean",0.525550602568528,"higher",450,"correlation","","simulation","raw","Raw","SIM07"
"truth_log1p_rmse",0.290083897729829,"lower",450000,"log1p intensity","","simulation","raw","Raw","SIM07"
"heldout_qc_cv_mean",11.7840832213615,"lower",1000,"percent","","simulation","combat","ComBat","SIM07"
"heldout_qc_cv_sd",9.24470158864761,"lower",1000,"percent","","simulation","combat","ComBat","SIM07"
"heldout_qc_cv_median",9.65155002587295,"lower",1000,"percent","","simulation","combat","ComBat","SIM07"
"residual_run_order_gam_mean_deviance",0.12753052657011,"lower",5000,"proportion","","simulation","combat","ComBat","SIM07"
"residual_run_order_gam_sd_deviance",0.193045773678268,"lower",5000,"proportion","","simulation","combat","ComBat","SIM07"
"residual_ljung_box_proportion_significant",0.2558,"lower",5000,"proportion","","simulation","combat","ComBat","SIM07"
"batch_weighted_pc_r2_categorical",9.22906124156833e-05,"lower",450,"weighted R-squared","Batch is explicitly categorical.","simulation","combat","ComBat","SIM07"
"retained_features",1000,"higher",1000,"features","","simulation","combat","ComBat","SIM07"
"retained_samples",500,"higher",500,"samples","","simulation","combat","ComBat","SIM07"
"runtime_sec",,"lower",1,"seconds","not remeasured; cache retrieval time excluded","simulation","combat","ComBat","SIM07"
"drift_profiles_corrected",,"descriptive",5000,"profiles","","simulation","combat","ComBat","SIM07"
"drift_features_corrected",,"descriptive",1000,"features","","simulation","combat","ComBat","SIM07"
"batch_features_corrected",,"descriptive",1000,"features","","simulation","combat","ComBat","SIM07"
"truth_metabolite_profile_icc_mean",0.879095622469906,"higher",1000,"ICC(A,1)","","simulation","combat","ComBat","SIM07"
"truth_sample_profile_pearson_mean",0.880227717225042,"higher",450,"correlation","","simulation","combat","ComBat","SIM07"
"truth_log1p_rmse",0.103139304764973,"lower",450000,"log1p intensity","","simulation","combat","ComBat","SIM07"
"heldout_qc_cv_mean",11.2190861584307,"lower",1000,"percent","","simulation","qc_rlsc","QC-RLSC","SIM07"
"heldout_qc_cv_sd",8.73533270638576,"lower",1000,"percent","","simulation","qc_rlsc","QC-RLSC","SIM07"
"heldout_qc_cv_median",8.9693683070747,"lower",1000,"percent","","simulation","qc_rlsc","QC-RLSC","SIM07"
"residual_run_order_gam_mean_deviance",0.0501568697699568,"lower",5000,"proportion","","simulation","qc_rlsc","QC-RLSC","SIM07"
"residual_run_order_gam_sd_deviance",0.0826121241738686,"lower",5000,"proportion","","simulation","qc_rlsc","QC-RLSC","SIM07"
"residual_ljung_box_proportion_significant",0.0604,"lower",5000,"proportion","","simulation","qc_rlsc","QC-RLSC","SIM07"
"batch_weighted_pc_r2_categorical",0.000111108250799471,"lower",450,"weighted R-squared","Batch is explicitly categorical.","simulation","qc_rlsc","QC-RLSC","SIM07"
"retained_features",1000,"higher",1000,"features","","simulation","qc_rlsc","QC-RLSC","SIM07"
"retained_samples",500,"higher",500,"samples","","simulation","qc_rlsc","QC-RLSC","SIM07"
"runtime_sec",,"lower",1,"seconds","not remeasured; cache retrieval time excluded","simulation","qc_rlsc","QC-RLSC","SIM07"
"drift_profiles_corrected",,"descriptive",5000,"profiles","","simulation","qc_rlsc","QC-RLSC","SIM07"
"drift_features_corrected",,"descriptive",1000,"features","","simulation","qc_rlsc","QC-RLSC","SIM07"
"batch_features_corrected",,"descriptive",1000,"features","","simulation","qc_rlsc","QC-RLSC","SIM07"
"truth_metabolite_profile_icc_mean",0.909181014014572,"higher",1000,"ICC(A,1)","","simulation","qc_rlsc","QC-RLSC","SIM07"
"truth_sample_profile_pearson_mean",0.908689376087198,"higher",450,"correlation","","simulation","qc_rlsc","QC-RLSC","SIM07"
"truth_log1p_rmse",0.0876127231721568,"lower",450000,"log1p intensity","","simulation","qc_rlsc","QC-RLSC","SIM07"
"heldout_qc_cv_mean",17.6021780056693,"lower",1000,"percent","","simulation","qc_rfsc","QC-RFSC","SIM07"
"heldout_qc_cv_sd",15.2694089965348,"lower",1000,"percent","","simulation","qc_rfsc","QC-RFSC","SIM07"
"heldout_qc_cv_median",15.9382165344268,"lower",1000,"percent","","simulation","qc_rfsc","QC-RFSC","SIM07"
"residual_run_order_gam_mean_deviance",0.10484306001721,"lower",5000,"proportion","","simulation","qc_rfsc","QC-RFSC","SIM07"
"residual_run_order_gam_sd_deviance",0.128332254461884,"lower",5000,"proportion","","simulation","qc_rfsc","QC-RFSC","SIM07"
"residual_ljung_box_proportion_significant",0.1496,"lower",5000,"proportion","","simulation","qc_rfsc","QC-RFSC","SIM07"
"batch_weighted_pc_r2_categorical",0.13347840482396,"lower",450,"weighted R-squared","Batch is explicitly categorical.","simulation","qc_rfsc","QC-RFSC","SIM07"
"retained_features",1000,"higher",1000,"features","","simulation","qc_rfsc","QC-RFSC","SIM07"
"retained_samples",500,"higher",500,"samples","","simulation","qc_rfsc","QC-RFSC","SIM07"
"runtime_sec",,"lower",1,"seconds","not remeasured; cache retrieval time excluded","simulation","qc_rfsc","QC-RFSC","SIM07"
"drift_profiles_corrected",,"descriptive",5000,"profiles","","simulation","qc_rfsc","QC-RFSC","SIM07"
"drift_features_corrected",,"descriptive",1000,"features","","simulation","qc_rfsc","QC-RFSC","SIM07"
"batch_features_corrected",,"descriptive",1000,"features","","simulation","qc_rfsc","QC-RFSC","SIM07"
"truth_metabolite_profile_icc_mean",0.703716953755978,"higher",1000,"ICC(A,1)","","simulation","qc_rfsc","QC-RFSC","SIM07"
"truth_sample_profile_pearson_mean",0.658360622710135,"higher",450,"correlation","","simulation","qc_rfsc","QC-RFSC","SIM07"
"truth_log1p_rmse",0.202531914416231,"lower",450000,"log1p intensity","","simulation","qc_rfsc","QC-RFSC","SIM07"
"heldout_qc_cv_mean",9.49457510683067,"lower",1000,"percent","","simulation","tiger","TIGER","SIM07"
"heldout_qc_cv_sd",10.0172088671636,"lower",1000,"percent","","simulation","tiger","TIGER","SIM07"
"heldout_qc_cv_median",7.7791616152243,"lower",1000,"percent","","simulation","tiger","TIGER","SIM07"
"residual_run_order_gam_mean_deviance",0.0834912544078682,"lower",5000,"proportion","","simulation","tiger","TIGER","SIM07"
"residual_run_order_gam_sd_deviance",0.125142551422985,"lower",5000,"proportion","","simulation","tiger","TIGER","SIM07"
"residual_ljung_box_proportion_significant",0.1672,"lower",5000,"proportion","","simulation","tiger","TIGER","SIM07"
"batch_weighted_pc_r2_categorical",0.0574833236929965,"lower",450,"weighted R-squared","Batch is explicitly categorical.","simulation","tiger","TIGER","SIM07"
"retained_features",1000,"higher",1000,"features","","simulation","tiger","TIGER","SIM07"
"retained_samples",500,"higher",500,"samples","","simulation","tiger","TIGER","SIM07"
"runtime_sec",1938.948,"lower",1,"seconds","measured method execution in frozen release","simulation","tiger","TIGER","SIM07"
"drift_profiles_corrected",,"descriptive",5000,"profiles","","simulation","tiger","TIGER","SIM07"
"drift_features_corrected",,"descriptive",1000,"features","","simulation","tiger","TIGER","SIM07"
"batch_features_corrected",,"descriptive",1000,"features","","simulation","tiger","TIGER","SIM07"
"truth_metabolite_profile_icc_mean",0.873146281000175,"higher",1000,"ICC(A,1)","","simulation","tiger","TIGER","SIM07"
"truth_sample_profile_pearson_mean",0.856232801739753,"higher",450,"correlation","","simulation","tiger","TIGER","SIM07"
"truth_log1p_rmse",0.11103200958276,"lower",450000,"log1p intensity","","simulation","tiger","TIGER","SIM07"
"heldout_qc_cv_mean",12.1704309539012,"lower",1000,"percent","","simulation","serrf","SERRF","SIM07"
"heldout_qc_cv_sd",9.71421806142607,"lower",1000,"percent","","simulation","serrf","SERRF","SIM07"
"heldout_qc_cv_median",9.80094971916746,"lower",1000,"percent","","simulation","serrf","SERRF","SIM07"
"residual_run_order_gam_mean_deviance",0.0953415987991869,"lower",5000,"proportion","","simulation","serrf","SERRF","SIM07"
"residual_run_order_gam_sd_deviance",0.149074268782167,"lower",5000,"proportion","","simulation","serrf","SERRF","SIM07"
"residual_ljung_box_proportion_significant",0.1924,"lower",5000,"proportion","","simulation","serrf","SERRF","SIM07"
"batch_weighted_pc_r2_categorical",0.000421112422799785,"lower",450,"weighted R-squared","Batch is explicitly categorical.","simulation","serrf","SERRF","SIM07"
"retained_features",1000,"higher",1000,"features","","simulation","serrf","SERRF","SIM07"
"retained_samples",500,"higher",500,"samples","","simulation","serrf","SERRF","SIM07"
"runtime_sec",,"lower",1,"seconds","not remeasured; cache retrieval time excluded","simulation","serrf","SERRF","SIM07"
"drift_profiles_corrected",,"descriptive",5000,"profiles","","simulation","serrf","SERRF","SIM07"
"drift_features_corrected",,"descriptive",1000,"features","","simulation","serrf","SERRF","SIM07"
"batch_features_corrected",,"descriptive",1000,"features","","simulation","serrf","SERRF","SIM07"
"truth_metabolite_profile_icc_mean",0.891311847720648,"higher",1000,"ICC(A,1)","","simulation","serrf","SERRF","SIM07"
"truth_sample_profile_pearson_mean",0.884754600162773,"higher",450,"correlation","","simulation","serrf","SERRF","SIM07"
"truth_log1p_rmse",0.0930059089482615,"lower",450000,"log1p intensity","","simulation","serrf","SERRF","SIM07"
"heldout_qc_cv_mean",8.63544421594716,"lower",1000,"percent","","simulation","winn_auto_qc","WiNN auto (QC)","SIM07"
"heldout_qc_cv_sd",6.33458895232579,"lower",1000,"percent","","simulation","winn_auto_qc","WiNN auto (QC)","SIM07"
"heldout_qc_cv_median",7.87824104977669,"lower",1000,"percent","","simulation","winn_auto_qc","WiNN auto (QC)","SIM07"
"residual_run_order_gam_mean_deviance",0.019845027997588,"lower",5000,"proportion","","simulation","winn_auto_qc","WiNN auto (QC)","SIM07"
"residual_run_order_gam_sd_deviance",0.0329083205172328,"lower",5000,"proportion","","simulation","winn_auto_qc","WiNN auto (QC)","SIM07"
"residual_ljung_box_proportion_significant",0.008,"lower",5000,"proportion","","simulation","winn_auto_qc","WiNN auto (QC)","SIM07"
"batch_weighted_pc_r2_categorical",0.000913292802269072,"lower",450,"weighted R-squared","Batch is explicitly categorical.","simulation","winn_auto_qc","WiNN auto (QC)","SIM07"
"retained_features",1000,"higher",1000,"features","","simulation","winn_auto_qc","WiNN auto (QC)","SIM07"
"retained_samples",500,"higher",500,"samples","","simulation","winn_auto_qc","WiNN auto (QC)","SIM07"
"runtime_sec",30.044,"lower",1,"seconds","measured method execution in frozen release","simulation","winn_auto_qc","WiNN auto (QC)","SIM07"
"drift_profiles_corrected",1505,"descriptive",5000,"profiles","","simulation","winn_auto_qc","WiNN auto (QC)","SIM07"
"drift_features_corrected",671,"descriptive",1000,"features","","simulation","winn_auto_qc","WiNN auto (QC)","SIM07"
"batch_features_corrected",685,"descriptive",1000,"features","","simulation","winn_auto_qc","WiNN auto (QC)","SIM07"
"truth_metabolite_profile_icc_mean",0.921430009715198,"higher",1000,"ICC(A,1)","","simulation","winn_auto_qc","WiNN auto (QC)","SIM07"
"truth_sample_profile_pearson_mean",0.924146738481641,"higher",450,"correlation","","simulation","winn_auto_qc","WiNN auto (QC)","SIM07"
"truth_log1p_rmse",0.0724257571990961,"lower",450000,"log1p intensity","","simulation","winn_auto_qc","WiNN auto (QC)","SIM07"
"heldout_qc_cv_mean",13.2153131993845,"lower",1000,"percent","","simulation","winn_auto_batch_qc","WiNN auto-batch (QC)","SIM07"
"heldout_qc_cv_sd",9.11973328785956,"lower",1000,"percent","","simulation","winn_auto_batch_qc","WiNN auto-batch (QC)","SIM07"
"heldout_qc_cv_median",11.9056262332256,"lower",1000,"percent","","simulation","winn_auto_batch_qc","WiNN auto-batch (QC)","SIM07"
"residual_run_order_gam_mean_deviance",0.0875166528881137,"lower",5000,"proportion","","simulation","winn_auto_batch_qc","WiNN auto-batch (QC)","SIM07"
"residual_run_order_gam_sd_deviance",0.148223706962189,"lower",5000,"proportion","","simulation","winn_auto_batch_qc","WiNN auto-batch (QC)","SIM07"
"residual_ljung_box_proportion_significant",0.1192,"lower",5000,"proportion","","simulation","winn_auto_batch_qc","WiNN auto-batch (QC)","SIM07"
"batch_weighted_pc_r2_categorical",0.1391796799333,"lower",450,"weighted R-squared","Batch is explicitly categorical.","simulation","winn_auto_batch_qc","WiNN auto-batch (QC)","SIM07"
"retained_features",1000,"higher",1000,"features","","simulation","winn_auto_batch_qc","WiNN auto-batch (QC)","SIM07"
"retained_samples",500,"higher",500,"samples","","simulation","winn_auto_batch_qc","WiNN auto-batch (QC)","SIM07"
"runtime_sec",19.633,"lower",1,"seconds","measured method execution in frozen release","simulation","winn_auto_batch_qc","WiNN auto-batch (QC)","SIM07"
"drift_profiles_corrected",1964,"descriptive",5000,"profiles","","simulation","winn_auto_batch_qc","WiNN auto-batch (QC)","SIM07"
"drift_features_corrected",907,"descriptive",1000,"features","","simulation","winn_auto_batch_qc","WiNN auto-batch (QC)","SIM07"
"batch_features_corrected",681,"descriptive",1000,"features","","simulation","winn_auto_batch_qc","WiNN auto-batch (QC)","SIM07"
"truth_metabolite_profile_icc_mean",0.883657789605854,"higher",1000,"ICC(A,1)","","simulation","winn_auto_batch_qc","WiNN auto-batch (QC)","SIM07"
"truth_sample_profile_pearson_mean",0.891871048095595,"higher",450,"correlation","","simulation","winn_auto_batch_qc","WiNN auto-batch (QC)","SIM07"
"truth_log1p_rmse",0.0912860770670152,"lower",450000,"log1p intensity","","simulation","winn_auto_batch_qc","WiNN auto-batch (QC)","SIM07"
"heldout_qc_cv_mean",8.66664255416764,"lower",1000,"percent","","simulation","winn_fixed_no_qc","WiNN fixed default (no QC)","SIM07"
"heldout_qc_cv_sd",6.32390202792341,"lower",1000,"percent","","simulation","winn_fixed_no_qc","WiNN fixed default (no QC)","SIM07"
"heldout_qc_cv_median",7.87824104977669,"lower",1000,"percent","","simulation","winn_fixed_no_qc","WiNN fixed default (no QC)","SIM07"
"residual_run_order_gam_mean_deviance",0.0198640127223974,"lower",5000,"proportion","","simulation","winn_fixed_no_qc","WiNN fixed default (no QC)","SIM07"
"residual_run_order_gam_sd_deviance",0.0329242646153165,"lower",5000,"proportion","","simulation","winn_fixed_no_qc","WiNN fixed default (no QC)","SIM07"
"residual_ljung_box_proportion_significant",0.008,"lower",5000,"proportion","","simulation","winn_fixed_no_qc","WiNN fixed default (no QC)","SIM07"
"batch_weighted_pc_r2_categorical",0.000961872297493601,"lower",450,"weighted R-squared","Batch is explicitly categorical.","simulation","winn_fixed_no_qc","WiNN fixed default (no QC)","SIM07"
"retained_features",1000,"higher",1000,"features","","simulation","winn_fixed_no_qc","WiNN fixed default (no QC)","SIM07"
"retained_samples",500,"higher",500,"samples","","simulation","winn_fixed_no_qc","WiNN fixed default (no QC)","SIM07"
"runtime_sec",6.663,"lower",1,"seconds","measured method execution in frozen release","simulation","winn_fixed_no_qc","WiNN fixed default (no QC)","SIM07"
"drift_profiles_corrected",1505,"descriptive",5000,"profiles","","simulation","winn_fixed_no_qc","WiNN fixed default (no QC)","SIM07"
"drift_features_corrected",671,"descriptive",1000,"features","","simulation","winn_fixed_no_qc","WiNN fixed default (no QC)","SIM07"
"batch_features_corrected",694,"descriptive",1000,"features","","simulation","winn_fixed_no_qc","WiNN fixed default (no QC)","SIM07"
"truth_metabolite_profile_icc_mean",0.921389682845685,"higher",1000,"ICC(A,1)","","simulation","winn_fixed_no_qc","WiNN fixed default (no QC)","SIM07"
"truth_sample_profile_pearson_mean",0.924055672932798,"higher",450,"correlation","","simulation","winn_fixed_no_qc","WiNN fixed default (no QC)","SIM07"
"truth_log1p_rmse",0.072438982008187,"lower",450000,"log1p intensity","","simulation","winn_fixed_no_qc","WiNN fixed default (no QC)","SIM07"
"heldout_qc_cv_mean",44.7497650511745,"lower",1000,"percent","","simulation","raw","Raw","SIM08"
"heldout_qc_cv_sd",31.4745696330304,"lower",1000,"percent","","simulation","raw","Raw","SIM08"
"heldout_qc_cv_median",43.4600970686433,"lower",1000,"percent","","simulation","raw","Raw","SIM08"
"residual_run_order_gam_mean_deviance",0.122558664063858,"lower",5000,"proportion","","simulation","raw","Raw","SIM08"
"residual_run_order_gam_sd_deviance",0.191182561903336,"lower",5000,"proportion","","simulation","raw","Raw","SIM08"
"residual_ljung_box_proportion_significant",0.2376,"lower",5000,"proportion","","simulation","raw","Raw","SIM08"
"batch_weighted_pc_r2_categorical",0.965288807097901,"lower",450,"weighted R-squared","Batch is explicitly categorical.","simulation","raw","Raw","SIM08"
"retained_features",1000,"higher",1000,"features","","simulation","raw","Raw","SIM08"
"retained_samples",500,"higher",500,"samples","","simulation","raw","Raw","SIM08"
"runtime_sec",0,"lower",1,"seconds","no correction","simulation","raw","Raw","SIM08"
"drift_profiles_corrected",,"descriptive",5000,"profiles","","simulation","raw","Raw","SIM08"
"drift_features_corrected",,"descriptive",1000,"features","","simulation","raw","Raw","SIM08"
"batch_features_corrected",,"descriptive",1000,"features","","simulation","raw","Raw","SIM08"
"truth_metabolite_profile_icc_mean",0.582327788968522,"higher",1000,"ICC(A,1)","","simulation","raw","Raw","SIM08"
"truth_sample_profile_pearson_mean",0.510287226761651,"higher",450,"correlation","","simulation","raw","Raw","SIM08"
"truth_log1p_rmse",0.299543032234809,"lower",450000,"log1p intensity","","simulation","raw","Raw","SIM08"
"heldout_qc_cv_mean",11.9061588656452,"lower",1000,"percent","","simulation","combat","ComBat","SIM08"
"heldout_qc_cv_sd",9.08855388598876,"lower",1000,"percent","","simulation","combat","ComBat","SIM08"
"heldout_qc_cv_median",10.0654910922967,"lower",1000,"percent","","simulation","combat","ComBat","SIM08"
"residual_run_order_gam_mean_deviance",0.122558418840297,"lower",5000,"proportion","","simulation","combat","ComBat","SIM08"
"residual_run_order_gam_sd_deviance",0.191182688219854,"lower",5000,"proportion","","simulation","combat","ComBat","SIM08"
"residual_ljung_box_proportion_significant",0.2376,"lower",5000,"proportion","","simulation","combat","ComBat","SIM08"
"batch_weighted_pc_r2_categorical",0.000121092254877588,"lower",450,"weighted R-squared","Batch is explicitly categorical.","simulation","combat","ComBat","SIM08"
"retained_features",1000,"higher",1000,"features","","simulation","combat","ComBat","SIM08"
"retained_samples",500,"higher",500,"samples","","simulation","combat","ComBat","SIM08"
"runtime_sec",,"lower",1,"seconds","not remeasured; cache retrieval time excluded","simulation","combat","ComBat","SIM08"
"drift_profiles_corrected",,"descriptive",5000,"profiles","","simulation","combat","ComBat","SIM08"
"drift_features_corrected",,"descriptive",1000,"features","","simulation","combat","ComBat","SIM08"
"batch_features_corrected",,"descriptive",1000,"features","","simulation","combat","ComBat","SIM08"
"truth_metabolite_profile_icc_mean",0.881217595578923,"higher",1000,"ICC(A,1)","","simulation","combat","ComBat","SIM08"
"truth_sample_profile_pearson_mean",0.879583777336532,"higher",450,"correlation","","simulation","combat","ComBat","SIM08"
"truth_log1p_rmse",0.104057097947677,"lower",450000,"log1p intensity","","simulation","combat","ComBat","SIM08"
"heldout_qc_cv_mean",10.4999131624941,"lower",1000,"percent","","simulation","qc_rlsc","QC-RLSC","SIM08"
"heldout_qc_cv_sd",8.04502132163284,"lower",1000,"percent","","simulation","qc_rlsc","QC-RLSC","SIM08"
"heldout_qc_cv_median",8.49898442728294,"lower",1000,"percent","","simulation","qc_rlsc","QC-RLSC","SIM08"
"residual_run_order_gam_mean_deviance",0.0487972916733427,"lower",5000,"proportion","","simulation","qc_rlsc","QC-RLSC","SIM08"
"residual_run_order_gam_sd_deviance",0.0822642386420011,"lower",5000,"proportion","","simulation","qc_rlsc","QC-RLSC","SIM08"
"residual_ljung_box_proportion_significant",0.0532,"lower",5000,"proportion","","simulation","qc_rlsc","QC-RLSC","SIM08"
"batch_weighted_pc_r2_categorical",7.49716785129518e-05,"lower",450,"weighted R-squared","Batch is explicitly categorical.","simulation","qc_rlsc","QC-RLSC","SIM08"
"retained_features",1000,"higher",1000,"features","","simulation","qc_rlsc","QC-RLSC","SIM08"
"retained_samples",500,"higher",500,"samples","","simulation","qc_rlsc","QC-RLSC","SIM08"
"runtime_sec",,"lower",1,"seconds","not remeasured; cache retrieval time excluded","simulation","qc_rlsc","QC-RLSC","SIM08"
"drift_profiles_corrected",,"descriptive",5000,"profiles","","simulation","qc_rlsc","QC-RLSC","SIM08"
"drift_features_corrected",,"descriptive",1000,"features","","simulation","qc_rlsc","QC-RLSC","SIM08"
"batch_features_corrected",,"descriptive",1000,"features","","simulation","qc_rlsc","QC-RLSC","SIM08"
"truth_metabolite_profile_icc_mean",0.907738386098248,"higher",1000,"ICC(A,1)","","simulation","qc_rlsc","QC-RLSC","SIM08"
"truth_sample_profile_pearson_mean",0.90420157652284,"higher",450,"correlation","","simulation","qc_rlsc","QC-RLSC","SIM08"
"truth_log1p_rmse",0.0903805652843296,"lower",450000,"log1p intensity","","simulation","qc_rlsc","QC-RLSC","SIM08"
"heldout_qc_cv_mean",10.9401985050664,"lower",1000,"percent","","simulation","qc_rfsc","QC-RFSC","SIM08"
"heldout_qc_cv_sd",12.1682159344467,"lower",1000,"percent","","simulation","qc_rfsc","QC-RFSC","SIM08"
"heldout_qc_cv_median",9.11136904809059,"lower",1000,"percent","","simulation","qc_rfsc","QC-RFSC","SIM08"
"residual_run_order_gam_mean_deviance",0.116782400325852,"lower",5000,"proportion","","simulation","qc_rfsc","QC-RFSC","SIM08"
"residual_run_order_gam_sd_deviance",0.136059003485631,"lower",5000,"proportion","","simulation","qc_rfsc","QC-RFSC","SIM08"
"residual_ljung_box_proportion_significant",0.1696,"lower",5000,"proportion","","simulation","qc_rfsc","QC-RFSC","SIM08"
"batch_weighted_pc_r2_categorical",0.142300292919002,"lower",450,"weighted R-squared","Batch is explicitly categorical.","simulation","qc_rfsc","QC-RFSC","SIM08"
"retained_features",1000,"higher",1000,"features","","simulation","qc_rfsc","QC-RFSC","SIM08"
"retained_samples",500,"higher",500,"samples","","simulation","qc_rfsc","QC-RFSC","SIM08"
"runtime_sec",,"lower",1,"seconds","not remeasured; cache retrieval time excluded","simulation","qc_rfsc","QC-RFSC","SIM08"
"drift_profiles_corrected",,"descriptive",5000,"profiles","","simulation","qc_rfsc","QC-RFSC","SIM08"
"drift_features_corrected",,"descriptive",1000,"features","","simulation","qc_rfsc","QC-RFSC","SIM08"
"batch_features_corrected",,"descriptive",1000,"features","","simulation","qc_rfsc","QC-RFSC","SIM08"
"truth_metabolite_profile_icc_mean",0.694782525079178,"higher",1000,"ICC(A,1)","","simulation","qc_rfsc","QC-RFSC","SIM08"
"truth_sample_profile_pearson_mean",0.643051864418511,"higher",450,"correlation","","simulation","qc_rfsc","QC-RFSC","SIM08"
"truth_log1p_rmse",0.212593356473589,"lower",450000,"log1p intensity","","simulation","qc_rfsc","QC-RFSC","SIM08"
"heldout_qc_cv_mean",8.3970204233217,"lower",1000,"percent","","simulation","tiger","TIGER","SIM08"
"heldout_qc_cv_sd",8.93334685421498,"lower",1000,"percent","","simulation","tiger","TIGER","SIM08"
"heldout_qc_cv_median",6.88349716087468,"lower",1000,"percent","","simulation","tiger","TIGER","SIM08"
"residual_run_order_gam_mean_deviance",0.0804314254434211,"lower",5000,"proportion","","simulation","tiger","TIGER","SIM08"
"residual_run_order_gam_sd_deviance",0.123757090052715,"lower",5000,"proportion","","simulation","tiger","TIGER","SIM08"
"residual_ljung_box_proportion_significant",0.1558,"lower",5000,"proportion","","simulation","tiger","TIGER","SIM08"
"batch_weighted_pc_r2_categorical",0.0430497724260917,"lower",450,"weighted R-squared","Batch is explicitly categorical.","simulation","tiger","TIGER","SIM08"
"retained_features",1000,"higher",1000,"features","","simulation","tiger","TIGER","SIM08"
"retained_samples",500,"higher",500,"samples","","simulation","tiger","TIGER","SIM08"
"runtime_sec",1690.505,"lower",1,"seconds","measured method execution in frozen release","simulation","tiger","TIGER","SIM08"
"drift_profiles_corrected",,"descriptive",5000,"profiles","","simulation","tiger","TIGER","SIM08"
"drift_features_corrected",,"descriptive",1000,"features","","simulation","tiger","TIGER","SIM08"
"batch_features_corrected",,"descriptive",1000,"features","","simulation","tiger","TIGER","SIM08"
"truth_metabolite_profile_icc_mean",0.868670992138546,"higher",1000,"ICC(A,1)","","simulation","tiger","TIGER","SIM08"
"truth_sample_profile_pearson_mean",0.841643786590709,"higher",450,"correlation","","simulation","tiger","TIGER","SIM08"
"truth_log1p_rmse",0.118021099222866,"lower",450000,"log1p intensity","","simulation","tiger","TIGER","SIM08"
"heldout_qc_cv_mean",11.6664082856115,"lower",1000,"percent","","simulation","serrf","SERRF","SIM08"
"heldout_qc_cv_sd",8.97944191846397,"lower",1000,"percent","","simulation","serrf","SERRF","SIM08"
"heldout_qc_cv_median",9.25463575512876,"lower",1000,"percent","","simulation","serrf","SERRF","SIM08"
"residual_run_order_gam_mean_deviance",0.0935685227450155,"lower",5000,"proportion","","simulation","serrf","SERRF","SIM08"
"residual_run_order_gam_sd_deviance",0.149338276670951,"lower",5000,"proportion","","simulation","serrf","SERRF","SIM08"
"residual_ljung_box_proportion_significant",0.1838,"lower",5000,"proportion","","simulation","serrf","SERRF","SIM08"
"batch_weighted_pc_r2_categorical",0.0015747619783158,"lower",450,"weighted R-squared","Batch is explicitly categorical.","simulation","serrf","SERRF","SIM08"
"retained_features",1000,"higher",1000,"features","","simulation","serrf","SERRF","SIM08"
"retained_samples",500,"higher",500,"samples","","simulation","serrf","SERRF","SIM08"
"runtime_sec",,"lower",1,"seconds","not remeasured; cache retrieval time excluded","simulation","serrf","SERRF","SIM08"
"drift_profiles_corrected",,"descriptive",5000,"profiles","","simulation","serrf","SERRF","SIM08"
"drift_features_corrected",,"descriptive",1000,"features","","simulation","serrf","SERRF","SIM08"
"batch_features_corrected",,"descriptive",1000,"features","","simulation","serrf","SERRF","SIM08"
"truth_metabolite_profile_icc_mean",0.889242879756884,"higher",1000,"ICC(A,1)","","simulation","serrf","SERRF","SIM08"
"truth_sample_profile_pearson_mean",0.870958829380632,"higher",450,"correlation","","simulation","serrf","SERRF","SIM08"
"truth_log1p_rmse",0.0993038121640298,"lower",450000,"log1p intensity","","simulation","serrf","SERRF","SIM08"
"heldout_qc_cv_mean",8.44113294756831,"lower",1000,"percent","","simulation","winn_auto_qc","WiNN auto (QC)","SIM08"
"heldout_qc_cv_sd",6.16615929279049,"lower",1000,"percent","","simulation","winn_auto_qc","WiNN auto (QC)","SIM08"
"heldout_qc_cv_median",7.67087988847492,"lower",1000,"percent","","simulation","winn_auto_qc","WiNN auto (QC)","SIM08"
"residual_run_order_gam_mean_deviance",0.0214892892019901,"lower",5000,"proportion","","simulation","winn_auto_qc","WiNN auto (QC)","SIM08"
"residual_run_order_gam_sd_deviance",0.0349558688354728,"lower",5000,"proportion","","simulation","winn_auto_qc","WiNN auto (QC)","SIM08"
"residual_ljung_box_proportion_significant",0.0104,"lower",5000,"proportion","","simulation","winn_auto_qc","WiNN auto (QC)","SIM08"
"batch_weighted_pc_r2_categorical",0.000453735537363147,"lower",450,"weighted R-squared","Batch is explicitly categorical.","simulation","winn_auto_qc","WiNN auto (QC)","SIM08"
"retained_features",1000,"higher",1000,"features","","simulation","winn_auto_qc","WiNN auto (QC)","SIM08"
"retained_samples",500,"higher",500,"samples","","simulation","winn_auto_qc","WiNN auto (QC)","SIM08"
"runtime_sec",17.77,"lower",1,"seconds","measured method execution in frozen release","simulation","winn_auto_qc","WiNN auto (QC)","SIM08"
"drift_profiles_corrected",1432,"descriptive",5000,"profiles","","simulation","winn_auto_qc","WiNN auto (QC)","SIM08"
"drift_features_corrected",665,"descriptive",1000,"features","","simulation","winn_auto_qc","WiNN auto (QC)","SIM08"
"batch_features_corrected",704,"descriptive",1000,"features","","simulation","winn_auto_qc","WiNN auto (QC)","SIM08"
"truth_metabolite_profile_icc_mean",0.918979359467449,"higher",1000,"ICC(A,1)","","simulation","winn_auto_qc","WiNN auto (QC)","SIM08"
"truth_sample_profile_pearson_mean",0.918015120426214,"higher",450,"correlation","","simulation","winn_auto_qc","WiNN auto (QC)","SIM08"
"truth_log1p_rmse",0.0750559472841526,"lower",450000,"log1p intensity","","simulation","winn_auto_qc","WiNN auto (QC)","SIM08"
"heldout_qc_cv_mean",14.3383469483331,"lower",1000,"percent","","simulation","winn_auto_batch_qc","WiNN auto-batch (QC)","SIM08"
"heldout_qc_cv_sd",9.67832311397042,"lower",1000,"percent","","simulation","winn_auto_batch_qc","WiNN auto-batch (QC)","SIM08"
"heldout_qc_cv_median",13.4489360451169,"lower",1000,"percent","","simulation","winn_auto_batch_qc","WiNN auto-batch (QC)","SIM08"
"residual_run_order_gam_mean_deviance",0.153985313916287,"lower",5000,"proportion","","simulation","winn_auto_batch_qc","WiNN auto-batch (QC)","SIM08"
"residual_run_order_gam_sd_deviance",0.193001634586252,"lower",5000,"proportion","","simulation","winn_auto_batch_qc","WiNN auto-batch (QC)","SIM08"
"residual_ljung_box_proportion_significant",0.2802,"lower",5000,"proportion","","simulation","winn_auto_batch_qc","WiNN auto-batch (QC)","SIM08"
"batch_weighted_pc_r2_categorical",0.297280363037024,"lower",450,"weighted R-squared","Batch is explicitly categorical.","simulation","winn_auto_batch_qc","WiNN auto-batch (QC)","SIM08"
"retained_features",1000,"higher",1000,"features","","simulation","winn_auto_batch_qc","WiNN auto-batch (QC)","SIM08"
"retained_samples",500,"higher",500,"samples","","simulation","winn_auto_batch_qc","WiNN auto-batch (QC)","SIM08"
"runtime_sec",17.655,"lower",1,"seconds","measured method execution in frozen release","simulation","winn_auto_batch_qc","WiNN auto-batch (QC)","SIM08"
"drift_profiles_corrected",1097,"descriptive",5000,"profiles","","simulation","winn_auto_batch_qc","WiNN auto-batch (QC)","SIM08"
"drift_features_corrected",883,"descriptive",1000,"features","","simulation","winn_auto_batch_qc","WiNN auto-batch (QC)","SIM08"
"batch_features_corrected",648,"descriptive",1000,"features","","simulation","winn_auto_batch_qc","WiNN auto-batch (QC)","SIM08"
"truth_metabolite_profile_icc_mean",0.833830028893692,"higher",1000,"ICC(A,1)","","simulation","winn_auto_batch_qc","WiNN auto-batch (QC)","SIM08"
"truth_sample_profile_pearson_mean",0.843807290418934,"higher",450,"correlation","","simulation","winn_auto_batch_qc","WiNN auto-batch (QC)","SIM08"
"truth_log1p_rmse",0.116367915602853,"lower",450000,"log1p intensity","","simulation","winn_auto_batch_qc","WiNN auto-batch (QC)","SIM08"
"heldout_qc_cv_mean",8.45071792633157,"lower",1000,"percent","","simulation","winn_fixed_no_qc","WiNN fixed default (no QC)","SIM08"
"heldout_qc_cv_sd",6.15623094535839,"lower",1000,"percent","","simulation","winn_fixed_no_qc","WiNN fixed default (no QC)","SIM08"
"heldout_qc_cv_median",7.67818563752334,"lower",1000,"percent","","simulation","winn_fixed_no_qc","WiNN fixed default (no QC)","SIM08"
"residual_run_order_gam_mean_deviance",0.0215088394148954,"lower",5000,"proportion","","simulation","winn_fixed_no_qc","WiNN fixed default (no QC)","SIM08"
"residual_run_order_gam_sd_deviance",0.0349641297883921,"lower",5000,"proportion","","simulation","winn_fixed_no_qc","WiNN fixed default (no QC)","SIM08"
"residual_ljung_box_proportion_significant",0.0106,"lower",5000,"proportion","","simulation","winn_fixed_no_qc","WiNN fixed default (no QC)","SIM08"
"batch_weighted_pc_r2_categorical",0.000452966163941812,"lower",450,"weighted R-squared","Batch is explicitly categorical.","simulation","winn_fixed_no_qc","WiNN fixed default (no QC)","SIM08"
"retained_features",1000,"higher",1000,"features","","simulation","winn_fixed_no_qc","WiNN fixed default (no QC)","SIM08"
"retained_samples",500,"higher",500,"samples","","simulation","winn_fixed_no_qc","WiNN fixed default (no QC)","SIM08"
"runtime_sec",7.16,"lower",1,"seconds","measured method execution in frozen release","simulation","winn_fixed_no_qc","WiNN fixed default (no QC)","SIM08"
"drift_profiles_corrected",1432,"descriptive",5000,"profiles","","simulation","winn_fixed_no_qc","WiNN fixed default (no QC)","SIM08"
"drift_features_corrected",665,"descriptive",1000,"features","","simulation","winn_fixed_no_qc","WiNN fixed default (no QC)","SIM08"
"batch_features_corrected",713,"descriptive",1000,"features","","simulation","winn_fixed_no_qc","WiNN fixed default (no QC)","SIM08"
"truth_metabolite_profile_icc_mean",0.918748087221842,"higher",1000,"ICC(A,1)","","simulation","winn_fixed_no_qc","WiNN fixed default (no QC)","SIM08"
"truth_sample_profile_pearson_mean",0.917921592834698,"higher",450,"correlation","","simulation","winn_fixed_no_qc","WiNN fixed default (no QC)","SIM08"
"truth_log1p_rmse",0.0751852130525579,"lower",450000,"log1p intensity","","simulation","winn_fixed_no_qc","WiNN fixed default (no QC)","SIM08"
"heldout_qc_cv_mean",44.6627755388353,"lower",1000,"percent","","simulation","raw","Raw","SIM09"
"heldout_qc_cv_sd",30.239873925063,"lower",1000,"percent","","simulation","raw","Raw","SIM09"
"heldout_qc_cv_median",42.9286190974532,"lower",1000,"percent","","simulation","raw","Raw","SIM09"
"residual_run_order_gam_mean_deviance",0.123197409908073,"lower",5000,"proportion","","simulation","raw","Raw","SIM09"
"residual_run_order_gam_sd_deviance",0.191155956311968,"lower",5000,"proportion","","simulation","raw","Raw","SIM09"
"residual_ljung_box_proportion_significant",0.2382,"lower",5000,"proportion","","simulation","raw","Raw","SIM09"
"batch_weighted_pc_r2_categorical",0.963943539811015,"lower",450,"weighted R-squared","Batch is explicitly categorical.","simulation","raw","Raw","SIM09"
"retained_features",1000,"higher",1000,"features","","simulation","raw","Raw","SIM09"
"retained_samples",500,"higher",500,"samples","","simulation","raw","Raw","SIM09"
"runtime_sec",0,"lower",1,"seconds","no correction","simulation","raw","Raw","SIM09"
"drift_profiles_corrected",,"descriptive",5000,"profiles","","simulation","raw","Raw","SIM09"
"drift_features_corrected",,"descriptive",1000,"features","","simulation","raw","Raw","SIM09"
"batch_features_corrected",,"descriptive",1000,"features","","simulation","raw","Raw","SIM09"
"truth_metabolite_profile_icc_mean",0.587636789919922,"higher",1000,"ICC(A,1)","","simulation","raw","Raw","SIM09"
"truth_sample_profile_pearson_mean",0.525991495840513,"higher",450,"correlation","","simulation","raw","Raw","SIM09"
"truth_log1p_rmse",0.286072426961136,"lower",450000,"log1p intensity","","simulation","raw","Raw","SIM09"
"heldout_qc_cv_mean",12.8033174849817,"lower",1000,"percent","","simulation","combat","ComBat","SIM09"
"heldout_qc_cv_sd",9.9491032969179,"lower",1000,"percent","","simulation","combat","ComBat","SIM09"
"heldout_qc_cv_median",10.684624191476,"lower",1000,"percent","","simulation","combat","ComBat","SIM09"
"residual_run_order_gam_mean_deviance",0.123197196298025,"lower",5000,"proportion","","simulation","combat","ComBat","SIM09"
"residual_run_order_gam_sd_deviance",0.191156091047205,"lower",5000,"proportion","","simulation","combat","ComBat","SIM09"
"residual_ljung_box_proportion_significant",0.2382,"lower",5000,"proportion","","simulation","combat","ComBat","SIM09"
"batch_weighted_pc_r2_categorical",5.50431403365288e-05,"lower",450,"weighted R-squared","Batch is explicitly categorical.","simulation","combat","ComBat","SIM09"
"retained_features",1000,"higher",1000,"features","","simulation","combat","ComBat","SIM09"
"retained_samples",500,"higher",500,"samples","","simulation","combat","ComBat","SIM09"
"runtime_sec",,"lower",1,"seconds","not remeasured; cache retrieval time excluded","simulation","combat","ComBat","SIM09"
"drift_profiles_corrected",,"descriptive",5000,"profiles","","simulation","combat","ComBat","SIM09"
"drift_features_corrected",,"descriptive",1000,"features","","simulation","combat","ComBat","SIM09"
"batch_features_corrected",,"descriptive",1000,"features","","simulation","combat","ComBat","SIM09"
"truth_metabolite_profile_icc_mean",0.883556686935463,"higher",1000,"ICC(A,1)","","simulation","combat","ComBat","SIM09"
"truth_sample_profile_pearson_mean",0.885111168890785,"higher",450,"correlation","","simulation","combat","ComBat","SIM09"
"truth_log1p_rmse",0.100722739664892,"lower",450000,"log1p intensity","","simulation","combat","ComBat","SIM09"
"heldout_qc_cv_mean",11.3741576870574,"lower",1000,"percent","","simulation","qc_rlsc","QC-RLSC","SIM09"
"heldout_qc_cv_sd",8.8537910317522,"lower",1000,"percent","","simulation","qc_rlsc","QC-RLSC","SIM09"
"heldout_qc_cv_median",8.9069956847014,"lower",1000,"percent","","simulation","qc_rlsc","QC-RLSC","SIM09"
"residual_run_order_gam_mean_deviance",0.0519647828252762,"lower",5000,"proportion","","simulation","qc_rlsc","QC-RLSC","SIM09"
"residual_run_order_gam_sd_deviance",0.0875895045008383,"lower",5000,"proportion","","simulation","qc_rlsc","QC-RLSC","SIM09"
"residual_ljung_box_proportion_significant",0.0586,"lower",5000,"proportion","","simulation","qc_rlsc","QC-RLSC","SIM09"
"batch_weighted_pc_r2_categorical",0.000105970293533285,"lower",450,"weighted R-squared","Batch is explicitly categorical.","simulation","qc_rlsc","QC-RLSC","SIM09"
"retained_features",1000,"higher",1000,"features","","simulation","qc_rlsc","QC-RLSC","SIM09"
"retained_samples",500,"higher",500,"samples","","simulation","qc_rlsc","QC-RLSC","SIM09"
"runtime_sec",,"lower",1,"seconds","not remeasured; cache retrieval time excluded","simulation","qc_rlsc","QC-RLSC","SIM09"
"drift_profiles_corrected",,"descriptive",5000,"profiles","","simulation","qc_rlsc","QC-RLSC","SIM09"
"drift_features_corrected",,"descriptive",1000,"features","","simulation","qc_rlsc","QC-RLSC","SIM09"
"batch_features_corrected",,"descriptive",1000,"features","","simulation","qc_rlsc","QC-RLSC","SIM09"
"truth_metabolite_profile_icc_mean",0.908843660915559,"higher",1000,"ICC(A,1)","","simulation","qc_rlsc","QC-RLSC","SIM09"
"truth_sample_profile_pearson_mean",0.909375377160721,"higher",450,"correlation","","simulation","qc_rlsc","QC-RLSC","SIM09"
"truth_log1p_rmse",0.0873857158225286,"lower",450000,"log1p intensity","","simulation","qc_rlsc","QC-RLSC","SIM09"
"heldout_qc_cv_mean",13.7477848350727,"lower",1000,"percent","","simulation","qc_rfsc","QC-RFSC","SIM09"
"heldout_qc_cv_sd",11.7538464868227,"lower",1000,"percent","","simulation","qc_rfsc","QC-RFSC","SIM09"
"heldout_qc_cv_median",12.7390822730703,"lower",1000,"percent","","simulation","qc_rfsc","QC-RFSC","SIM09"
"residual_run_order_gam_mean_deviance",0.116846235550947,"lower",5000,"proportion","","simulation","qc_rfsc","QC-RFSC","SIM09"
"residual_run_order_gam_sd_deviance",0.136512467746479,"lower",5000,"proportion","","simulation","qc_rfsc","QC-RFSC","SIM09"
"residual_ljung_box_proportion_significant",0.168,"lower",5000,"proportion","","simulation","qc_rfsc","QC-RFSC","SIM09"
"batch_weighted_pc_r2_categorical",0.154638709439848,"lower",450,"weighted R-squared","Batch is explicitly categorical.","simulation","qc_rfsc","QC-RFSC","SIM09"
"retained_features",1000,"higher",1000,"features","","simulation","qc_rfsc","QC-RFSC","SIM09"
"retained_samples",500,"higher",500,"samples","","simulation","qc_rfsc","QC-RFSC","SIM09"
"runtime_sec",,"lower",1,"seconds","not remeasured; cache retrieval time excluded","simulation","qc_rfsc","QC-RFSC","SIM09"
"drift_profiles_corrected",,"descriptive",5000,"profiles","","simulation","qc_rfsc","QC-RFSC","SIM09"
"drift_features_corrected",,"descriptive",1000,"features","","simulation","qc_rfsc","QC-RFSC","SIM09"
"batch_features_corrected",,"descriptive",1000,"features","","simulation","qc_rfsc","QC-RFSC","SIM09"
"truth_metabolite_profile_icc_mean",0.697053028476662,"higher",1000,"ICC(A,1)","","simulation","qc_rfsc","QC-RFSC","SIM09"
"truth_sample_profile_pearson_mean",0.658086244650495,"higher",450,"correlation","","simulation","qc_rfsc","QC-RFSC","SIM09"
"truth_log1p_rmse",0.203252375990086,"lower",450000,"log1p intensity","","simulation","qc_rfsc","QC-RFSC","SIM09"
"heldout_qc_cv_mean",9.6832002731165,"lower",1000,"percent","","simulation","tiger","TIGER","SIM09"
"heldout_qc_cv_sd",9.93754277318518,"lower",1000,"percent","","simulation","tiger","TIGER","SIM09"
"heldout_qc_cv_median",8.74350929208722,"lower",1000,"percent","","simulation","tiger","TIGER","SIM09"
"residual_run_order_gam_mean_deviance",0.0828678015267214,"lower",5000,"proportion","","simulation","tiger","TIGER","SIM09"
"residual_run_order_gam_sd_deviance",0.125504961388298,"lower",5000,"proportion","","simulation","tiger","TIGER","SIM09"
"residual_ljung_box_proportion_significant",0.1644,"lower",5000,"proportion","","simulation","tiger","TIGER","SIM09"
"batch_weighted_pc_r2_categorical",0.0656788498520708,"lower",450,"weighted R-squared","Batch is explicitly categorical.","simulation","tiger","TIGER","SIM09"
"retained_features",1000,"higher",1000,"features","","simulation","tiger","TIGER","SIM09"
"retained_samples",500,"higher",500,"samples","","simulation","tiger","TIGER","SIM09"
"runtime_sec",1610.328,"lower",1,"seconds","measured method execution in frozen release","simulation","tiger","TIGER","SIM09"
"drift_profiles_corrected",,"descriptive",5000,"profiles","","simulation","tiger","TIGER","SIM09"
"drift_features_corrected",,"descriptive",1000,"features","","simulation","tiger","TIGER","SIM09"
"batch_features_corrected",,"descriptive",1000,"features","","simulation","tiger","TIGER","SIM09"
"truth_metabolite_profile_icc_mean",0.874766776080147,"higher",1000,"ICC(A,1)","","simulation","tiger","TIGER","SIM09"
"truth_sample_profile_pearson_mean",0.852305535627995,"higher",450,"correlation","","simulation","tiger","TIGER","SIM09"
"truth_log1p_rmse",0.112680767574634,"lower",450000,"log1p intensity","","simulation","tiger","TIGER","SIM09"
"heldout_qc_cv_mean",13.1099223455663,"lower",1000,"percent","","simulation","serrf","SERRF","SIM09"
"heldout_qc_cv_sd",10.2526491204924,"lower",1000,"percent","","simulation","serrf","SERRF","SIM09"
"heldout_qc_cv_median",10.910866052033,"lower",1000,"percent","","simulation","serrf","SERRF","SIM09"
"residual_run_order_gam_mean_deviance",0.0936605586391257,"lower",5000,"proportion","","simulation","serrf","SERRF","SIM09"
"residual_run_order_gam_sd_deviance",0.149811889687064,"lower",5000,"proportion","","simulation","serrf","SERRF","SIM09"
"residual_ljung_box_proportion_significant",0.178,"lower",5000,"proportion","","simulation","serrf","SERRF","SIM09"
"batch_weighted_pc_r2_categorical",0.000730911832172699,"lower",450,"weighted R-squared","Batch is explicitly categorical.","simulation","serrf","SERRF","SIM09"
"retained_features",1000,"higher",1000,"features","","simulation","serrf","SERRF","SIM09"
"retained_samples",500,"higher",500,"samples","","simulation","serrf","SERRF","SIM09"
"runtime_sec",,"lower",1,"seconds","not remeasured; cache retrieval time excluded","simulation","serrf","SERRF","SIM09"
"drift_profiles_corrected",,"descriptive",5000,"profiles","","simulation","serrf","SERRF","SIM09"
"drift_features_corrected",,"descriptive",1000,"features","","simulation","serrf","SERRF","SIM09"
"batch_features_corrected",,"descriptive",1000,"features","","simulation","serrf","SERRF","SIM09"
"truth_metabolite_profile_icc_mean",0.892957159404076,"higher",1000,"ICC(A,1)","","simulation","serrf","SERRF","SIM09"
"truth_sample_profile_pearson_mean",0.883839958239146,"higher",450,"correlation","","simulation","serrf","SERRF","SIM09"
"truth_log1p_rmse",0.0932453035439334,"lower",450000,"log1p intensity","","simulation","serrf","SERRF","SIM09"
"heldout_qc_cv_mean",8.92798835945485,"lower",1000,"percent","","simulation","winn_auto_qc","WiNN auto (QC)","SIM09"
"heldout_qc_cv_sd",6.32320719684989,"lower",1000,"percent","","simulation","winn_auto_qc","WiNN auto (QC)","SIM09"
"heldout_qc_cv_median",8.0284157308182,"lower",1000,"percent","","simulation","winn_auto_qc","WiNN auto (QC)","SIM09"
"residual_run_order_gam_mean_deviance",0.0203113998884968,"lower",5000,"proportion","","simulation","winn_auto_qc","WiNN auto (QC)","SIM09"
"residual_run_order_gam_sd_deviance",0.0333124478170454,"lower",5000,"proportion","","simulation","winn_auto_qc","WiNN auto (QC)","SIM09"
"residual_ljung_box_proportion_significant",0.005,"lower",5000,"proportion","","simulation","winn_auto_qc","WiNN auto (QC)","SIM09"
"batch_weighted_pc_r2_categorical",0.00101411888738062,"lower",450,"weighted R-squared","Batch is explicitly categorical.","simulation","winn_auto_qc","WiNN auto (QC)","SIM09"
"retained_features",1000,"higher",1000,"features","","simulation","winn_auto_qc","WiNN auto (QC)","SIM09"
"retained_samples",500,"higher",500,"samples","","simulation","winn_auto_qc","WiNN auto (QC)","SIM09"
"runtime_sec",20.815,"lower",1,"seconds","measured method execution in frozen release","simulation","winn_auto_qc","WiNN auto (QC)","SIM09"
"drift_profiles_corrected",1509,"descriptive",5000,"profiles","","simulation","winn_auto_qc","WiNN auto (QC)","SIM09"
"drift_features_corrected",689,"descriptive",1000,"features","","simulation","winn_auto_qc","WiNN auto (QC)","SIM09"
"batch_features_corrected",714,"descriptive",1000,"features","","simulation","winn_auto_qc","WiNN auto (QC)","SIM09"
"truth_metabolite_profile_icc_mean",0.923034048187937,"higher",1000,"ICC(A,1)","","simulation","winn_auto_qc","WiNN auto (QC)","SIM09"
"truth_sample_profile_pearson_mean",0.926032456275927,"higher",450,"correlation","","simulation","winn_auto_qc","WiNN auto (QC)","SIM09"
"truth_log1p_rmse",0.0714839197628033,"lower",450000,"log1p intensity","","simulation","winn_auto_qc","WiNN auto (QC)","SIM09"
"heldout_qc_cv_mean",16.6086388897525,"lower",1000,"percent","","simulation","winn_auto_batch_qc","WiNN auto-batch (QC)","SIM09"
"heldout_qc_cv_sd",11.2311765365546,"lower",1000,"percent","","simulation","winn_auto_batch_qc","WiNN auto-batch (QC)","SIM09"
"heldout_qc_cv_median",15.2700144217018,"lower",1000,"percent","","simulation","winn_auto_batch_qc","WiNN auto-batch (QC)","SIM09"
"residual_run_order_gam_mean_deviance",0.141350014305478,"lower",5000,"proportion","","simulation","winn_auto_batch_qc","WiNN auto-batch (QC)","SIM09"
"residual_run_order_gam_sd_deviance",0.182024537030284,"lower",5000,"proportion","","simulation","winn_auto_batch_qc","WiNN auto-batch (QC)","SIM09"
"residual_ljung_box_proportion_significant",0.2378,"lower",5000,"proportion","","simulation","winn_auto_batch_qc","WiNN auto-batch (QC)","SIM09"
"batch_weighted_pc_r2_categorical",0.239558402511951,"lower",450,"weighted R-squared","Batch is explicitly categorical.","simulation","winn_auto_batch_qc","WiNN auto-batch (QC)","SIM09"
"retained_features",1000,"higher",1000,"features","","simulation","winn_auto_batch_qc","WiNN auto-batch (QC)","SIM09"
"retained_samples",500,"higher",500,"samples","","simulation","winn_auto_batch_qc","WiNN auto-batch (QC)","SIM09"
"runtime_sec",19.447,"lower",1,"seconds","measured method execution in frozen release","simulation","winn_auto_batch_qc","WiNN auto-batch (QC)","SIM09"
"drift_profiles_corrected",1627,"descriptive",5000,"profiles","","simulation","winn_auto_batch_qc","WiNN auto-batch (QC)","SIM09"
"drift_features_corrected",904,"descriptive",1000,"features","","simulation","winn_auto_batch_qc","WiNN auto-batch (QC)","SIM09"
"batch_features_corrected",703,"descriptive",1000,"features","","simulation","winn_auto_batch_qc","WiNN auto-batch (QC)","SIM09"
"truth_metabolite_profile_icc_mean",0.851418245918802,"higher",1000,"ICC(A,1)","","simulation","winn_auto_batch_qc","WiNN auto-batch (QC)","SIM09"
"truth_sample_profile_pearson_mean",0.861635792310892,"higher",450,"correlation","","simulation","winn_auto_batch_qc","WiNN auto-batch (QC)","SIM09"
"truth_log1p_rmse",0.106283846556372,"lower",450000,"log1p intensity","","simulation","winn_auto_batch_qc","WiNN auto-batch (QC)","SIM09"
"heldout_qc_cv_mean",8.92079821189521,"lower",1000,"percent","","simulation","winn_fixed_no_qc","WiNN fixed default (no QC)","SIM09"
"heldout_qc_cv_sd",6.36297917971756,"lower",1000,"percent","","simulation","winn_fixed_no_qc","WiNN fixed default (no QC)","SIM09"
"heldout_qc_cv_median",8.06330676685007,"lower",1000,"percent","","simulation","winn_fixed_no_qc","WiNN fixed default (no QC)","SIM09"
"residual_run_order_gam_mean_deviance",0.021732341523898,"lower",5000,"proportion","","simulation","winn_fixed_no_qc","WiNN fixed default (no QC)","SIM09"
"residual_run_order_gam_sd_deviance",0.0354527867222733,"lower",5000,"proportion","","simulation","winn_fixed_no_qc","WiNN fixed default (no QC)","SIM09"
"residual_ljung_box_proportion_significant",0.0044,"lower",5000,"proportion","","simulation","winn_fixed_no_qc","WiNN fixed default (no QC)","SIM09"
"batch_weighted_pc_r2_categorical",0.000902407349282164,"lower",450,"weighted R-squared","Batch is explicitly categorical.","simulation","winn_fixed_no_qc","WiNN fixed default (no QC)","SIM09"
"retained_features",1000,"higher",1000,"features","","simulation","winn_fixed_no_qc","WiNN fixed default (no QC)","SIM09"
"retained_samples",500,"higher",500,"samples","","simulation","winn_fixed_no_qc","WiNN fixed default (no QC)","SIM09"
"runtime_sec",6.837,"lower",1,"seconds","measured method execution in frozen release","simulation","winn_fixed_no_qc","WiNN fixed default (no QC)","SIM09"
"drift_profiles_corrected",1370,"descriptive",5000,"profiles","","simulation","winn_fixed_no_qc","WiNN fixed default (no QC)","SIM09"
"drift_features_corrected",640,"descriptive",1000,"features","","simulation","winn_fixed_no_qc","WiNN fixed default (no QC)","SIM09"
"batch_features_corrected",723,"descriptive",1000,"features","","simulation","winn_fixed_no_qc","WiNN fixed default (no QC)","SIM09"
"truth_metabolite_profile_icc_mean",0.922967580857371,"higher",1000,"ICC(A,1)","","simulation","winn_fixed_no_qc","WiNN fixed default (no QC)","SIM09"
"truth_sample_profile_pearson_mean",0.925861688218806,"higher",450,"correlation","","simulation","winn_fixed_no_qc","WiNN fixed default (no QC)","SIM09"
"truth_log1p_rmse",0.0715756350379746,"lower",450000,"log1p intensity","","simulation","winn_fixed_no_qc","WiNN fixed default (no QC)","SIM09"
"heldout_qc_cv_mean",43.4947793580392,"lower",1000,"percent","","simulation","raw","Raw","SIM10"
"heldout_qc_cv_sd",31.0499954750703,"lower",1000,"percent","","simulation","raw","Raw","SIM10"
"heldout_qc_cv_median",41.9909299172558,"lower",1000,"percent","","simulation","raw","Raw","SIM10"
"residual_run_order_gam_mean_deviance",0.118892897268797,"lower",5000,"proportion","","simulation","raw","Raw","SIM10"
"residual_run_order_gam_sd_deviance",0.189815491293246,"lower",5000,"proportion","","simulation","raw","Raw","SIM10"
"residual_ljung_box_proportion_significant",0.2252,"lower",5000,"proportion","","simulation","raw","Raw","SIM10"
"batch_weighted_pc_r2_categorical",0.963536734849481,"lower",450,"weighted R-squared","Batch is explicitly categorical.","simulation","raw","Raw","SIM10"
"retained_features",1000,"higher",1000,"features","","simulation","raw","Raw","SIM10"
"retained_samples",500,"higher",500,"samples","","simulation","raw","Raw","SIM10"
"runtime_sec",0,"lower",1,"seconds","no correction","simulation","raw","Raw","SIM10"
"drift_profiles_corrected",,"descriptive",5000,"profiles","","simulation","raw","Raw","SIM10"
"drift_features_corrected",,"descriptive",1000,"features","","simulation","raw","Raw","SIM10"
"batch_features_corrected",,"descriptive",1000,"features","","simulation","raw","Raw","SIM10"
"truth_metabolite_profile_icc_mean",0.599639701154964,"higher",1000,"ICC(A,1)","","simulation","raw","Raw","SIM10"
"truth_sample_profile_pearson_mean",0.518310901203034,"higher",450,"correlation","","simulation","raw","Raw","SIM10"
"truth_log1p_rmse",0.291738246535687,"lower",450000,"log1p intensity","","simulation","raw","Raw","SIM10"
"heldout_qc_cv_mean",12.9477012640458,"lower",1000,"percent","","simulation","combat","ComBat","SIM10"
"heldout_qc_cv_sd",10.6293989882952,"lower",1000,"percent","","simulation","combat","ComBat","SIM10"
"heldout_qc_cv_median",10.3005717810797,"lower",1000,"percent","","simulation","combat","ComBat","SIM10"
"residual_run_order_gam_mean_deviance",0.118898984586409,"lower",5000,"proportion","","simulation","combat","ComBat","SIM10"
"residual_run_order_gam_sd_deviance",0.189812891729614,"lower",5000,"proportion","","simulation","combat","ComBat","SIM10"
"residual_ljung_box_proportion_significant",0.2252,"lower",5000,"proportion","","simulation","combat","ComBat","SIM10"
"batch_weighted_pc_r2_categorical",0.000103383405300053,"lower",450,"weighted R-squared","Batch is explicitly categorical.","simulation","combat","ComBat","SIM10"
"retained_features",1000,"higher",1000,"features","","simulation","combat","ComBat","SIM10"
"retained_samples",500,"higher",500,"samples","","simulation","combat","ComBat","SIM10"
"runtime_sec",,"lower",1,"seconds","not remeasured; cache retrieval time excluded","simulation","combat","ComBat","SIM10"
"drift_profiles_corrected",,"descriptive",5000,"profiles","","simulation","combat","ComBat","SIM10"
"drift_features_corrected",,"descriptive",1000,"features","","simulation","combat","ComBat","SIM10"
"batch_features_corrected",,"descriptive",1000,"features","","simulation","combat","ComBat","SIM10"
"truth_metabolite_profile_icc_mean",0.884428349022765,"higher",1000,"ICC(A,1)","","simulation","combat","ComBat","SIM10"
"truth_sample_profile_pearson_mean",0.882221072755117,"higher",450,"correlation","","simulation","combat","ComBat","SIM10"
"truth_log1p_rmse",0.101960001840717,"lower",450000,"log1p intensity","","simulation","combat","ComBat","SIM10"
"heldout_qc_cv_mean",11.2314052547463,"lower",1000,"percent","","simulation","qc_rlsc","QC-RLSC","SIM10"
"heldout_qc_cv_sd",9.25887365641522,"lower",1000,"percent","","simulation","qc_rlsc","QC-RLSC","SIM10"
"heldout_qc_cv_median",8.5624081679972,"lower",1000,"percent","","simulation","qc_rlsc","QC-RLSC","SIM10"
"residual_run_order_gam_mean_deviance",0.0544108260161873,"lower",5000,"proportion","","simulation","qc_rlsc","QC-RLSC","SIM10"
"residual_run_order_gam_sd_deviance",0.0949862290468799,"lower",5000,"proportion","","simulation","qc_rlsc","QC-RLSC","SIM10"
"residual_ljung_box_proportion_significant",0.0626,"lower",5000,"proportion","","simulation","qc_rlsc","QC-RLSC","SIM10"
"batch_weighted_pc_r2_categorical",0.000171399812960715,"lower",450,"weighted R-squared","Batch is explicitly categorical.","simulation","qc_rlsc","QC-RLSC","SIM10"
"retained_features",1000,"higher",1000,"features","","simulation","qc_rlsc","QC-RLSC","SIM10"
"retained_samples",500,"higher",500,"samples","","simulation","qc_rlsc","QC-RLSC","SIM10"
"runtime_sec",,"lower",1,"seconds","not remeasured; cache retrieval time excluded","simulation","qc_rlsc","QC-RLSC","SIM10"
"drift_profiles_corrected",,"descriptive",5000,"profiles","","simulation","qc_rlsc","QC-RLSC","SIM10"
"drift_features_corrected",,"descriptive",1000,"features","","simulation","qc_rlsc","QC-RLSC","SIM10"
"batch_features_corrected",,"descriptive",1000,"features","","simulation","qc_rlsc","QC-RLSC","SIM10"
"truth_metabolite_profile_icc_mean",0.905351352238728,"higher",1000,"ICC(A,1)","","simulation","qc_rlsc","QC-RLSC","SIM10"
"truth_sample_profile_pearson_mean",0.902054567146382,"higher",450,"correlation","","simulation","qc_rlsc","QC-RLSC","SIM10"
"truth_log1p_rmse",0.0910270485124611,"lower",450000,"log1p intensity","","simulation","qc_rlsc","QC-RLSC","SIM10"
"heldout_qc_cv_mean",14.3914721086863,"lower",1000,"percent","","simulation","qc_rfsc","QC-RFSC","SIM10"
"heldout_qc_cv_sd",11.4966594533255,"lower",1000,"percent","","simulation","qc_rfsc","QC-RFSC","SIM10"
"heldout_qc_cv_median",13.4622485008722,"lower",1000,"percent","","simulation","qc_rfsc","QC-RFSC","SIM10"
"residual_run_order_gam_mean_deviance",0.126466638376322,"lower",5000,"proportion","","simulation","qc_rfsc","QC-RFSC","SIM10"
"residual_run_order_gam_sd_deviance",0.148537804336764,"lower",5000,"proportion","","simulation","qc_rfsc","QC-RFSC","SIM10"
"residual_ljung_box_proportion_significant",0.1914,"lower",5000,"proportion","","simulation","qc_rfsc","QC-RFSC","SIM10"
"batch_weighted_pc_r2_categorical",0.141897383555201,"lower",450,"weighted R-squared","Batch is explicitly categorical.","simulation","qc_rfsc","QC-RFSC","SIM10"
"retained_features",1000,"higher",1000,"features","","simulation","qc_rfsc","QC-RFSC","SIM10"
"retained_samples",500,"higher",500,"samples","","simulation","qc_rfsc","QC-RFSC","SIM10"
"runtime_sec",,"lower",1,"seconds","not remeasured; cache retrieval time excluded","simulation","qc_rfsc","QC-RFSC","SIM10"
"drift_profiles_corrected",,"descriptive",5000,"profiles","","simulation","qc_rfsc","QC-RFSC","SIM10"
"drift_features_corrected",,"descriptive",1000,"features","","simulation","qc_rfsc","QC-RFSC","SIM10"
"batch_features_corrected",,"descriptive",1000,"features","","simulation","qc_rfsc","QC-RFSC","SIM10"
"truth_metabolite_profile_icc_mean",0.683710451851543,"higher",1000,"ICC(A,1)","","simulation","qc_rfsc","QC-RFSC","SIM10"
"truth_sample_profile_pearson_mean",0.655220644525526,"higher",450,"correlation","","simulation","qc_rfsc","QC-RFSC","SIM10"
"truth_log1p_rmse",0.204888951439997,"lower",450000,"log1p intensity","","simulation","qc_rfsc","QC-RFSC","SIM10"
"heldout_qc_cv_mean",9.89338916040737,"lower",1000,"percent","","simulation","tiger","TIGER","SIM10"
"heldout_qc_cv_sd",10.3308344391864,"lower",1000,"percent","","simulation","tiger","TIGER","SIM10"
"heldout_qc_cv_median",8.38795381291357,"lower",1000,"percent","","simulation","tiger","TIGER","SIM10"
"residual_run_order_gam_mean_deviance",0.0816057715702357,"lower",5000,"proportion","","simulation","tiger","TIGER","SIM10"
"residual_run_order_gam_sd_deviance",0.125982460136404,"lower",5000,"proportion","","simulation","tiger","TIGER","SIM10"
"residual_ljung_box_proportion_significant",0.1618,"lower",5000,"proportion","","simulation","tiger","TIGER","SIM10"
"batch_weighted_pc_r2_categorical",0.0768837008796373,"lower",450,"weighted R-squared","Batch is explicitly categorical.","simulation","tiger","TIGER","SIM10"
"retained_features",1000,"higher",1000,"features","","simulation","tiger","TIGER","SIM10"
"retained_samples",500,"higher",500,"samples","","simulation","tiger","TIGER","SIM10"
"runtime_sec",1625.305,"lower",1,"seconds","measured method execution in frozen release","simulation","tiger","TIGER","SIM10"
"drift_profiles_corrected",,"descriptive",5000,"profiles","","simulation","tiger","TIGER","SIM10"
"drift_features_corrected",,"descriptive",1000,"features","","simulation","tiger","TIGER","SIM10"
"batch_features_corrected",,"descriptive",1000,"features","","simulation","tiger","TIGER","SIM10"
"truth_metabolite_profile_icc_mean",0.871283304882971,"higher",1000,"ICC(A,1)","","simulation","tiger","TIGER","SIM10"
"truth_sample_profile_pearson_mean",0.84524250694956,"higher",450,"correlation","","simulation","tiger","TIGER","SIM10"
"truth_log1p_rmse",0.118239582434131,"lower",450000,"log1p intensity","","simulation","tiger","TIGER","SIM10"
"heldout_qc_cv_mean",13.159246754266,"lower",1000,"percent","","simulation","serrf","SERRF","SIM10"
"heldout_qc_cv_sd",10.8107199033389,"lower",1000,"percent","","simulation","serrf","SERRF","SIM10"
"heldout_qc_cv_median",9.89746131981984,"lower",1000,"percent","","simulation","serrf","SERRF","SIM10"
"residual_run_order_gam_mean_deviance",0.0944429041905023,"lower",5000,"proportion","","simulation","serrf","SERRF","SIM10"
"residual_run_order_gam_sd_deviance",0.152731197953879,"lower",5000,"proportion","","simulation","serrf","SERRF","SIM10"
"residual_ljung_box_proportion_significant",0.1836,"lower",5000,"proportion","","simulation","serrf","SERRF","SIM10"
"batch_weighted_pc_r2_categorical",0.0014073645621769,"lower",450,"weighted R-squared","Batch is explicitly categorical.","simulation","serrf","SERRF","SIM10"
"retained_features",1000,"higher",1000,"features","","simulation","serrf","SERRF","SIM10"
"retained_samples",500,"higher",500,"samples","","simulation","serrf","SERRF","SIM10"
"runtime_sec",,"lower",1,"seconds","not remeasured; cache retrieval time excluded","simulation","serrf","SERRF","SIM10"
"drift_profiles_corrected",,"descriptive",5000,"profiles","","simulation","serrf","SERRF","SIM10"
"drift_features_corrected",,"descriptive",1000,"features","","simulation","serrf","SERRF","SIM10"
"batch_features_corrected",,"descriptive",1000,"features","","simulation","serrf","SERRF","SIM10"
"truth_metabolite_profile_icc_mean",0.88760256014335,"higher",1000,"ICC(A,1)","","simulation","serrf","SERRF","SIM10"
"truth_sample_profile_pearson_mean",0.871615854957594,"higher",450,"correlation","","simulation","serrf","SERRF","SIM10"
"truth_log1p_rmse",0.0988855053593208,"lower",450000,"log1p intensity","","simulation","serrf","SERRF","SIM10"
"heldout_qc_cv_mean",8.58690999549585,"lower",1000,"percent","","simulation","winn_auto_qc","WiNN auto (QC)","SIM10"
"heldout_qc_cv_sd",6.65768183886876,"lower",1000,"percent","","simulation","winn_auto_qc","WiNN auto (QC)","SIM10"
"heldout_qc_cv_median",7.72828070707247,"lower",1000,"percent","","simulation","winn_auto_qc","WiNN auto (QC)","SIM10"
"residual_run_order_gam_mean_deviance",0.0211965920544952,"lower",5000,"proportion","","simulation","winn_auto_qc","WiNN auto (QC)","SIM10"
"residual_run_order_gam_sd_deviance",0.0338421959196364,"lower",5000,"proportion","","simulation","winn_auto_qc","WiNN auto (QC)","SIM10"
"residual_ljung_box_proportion_significant",0.0056,"lower",5000,"proportion","","simulation","winn_auto_qc","WiNN auto (QC)","SIM10"
"batch_weighted_pc_r2_categorical",0.000995718819299806,"lower",450,"weighted R-squared","Batch is explicitly categorical.","simulation","winn_auto_qc","WiNN auto (QC)","SIM10"
"retained_features",1000,"higher",1000,"features","","simulation","winn_auto_qc","WiNN auto (QC)","SIM10"
"retained_samples",500,"higher",500,"samples","","simulation","winn_auto_qc","WiNN auto (QC)","SIM10"
"runtime_sec",16.945,"lower",1,"seconds","measured method execution in frozen release","simulation","winn_auto_qc","WiNN auto (QC)","SIM10"
"drift_profiles_corrected",1394,"descriptive",5000,"profiles","","simulation","winn_auto_qc","WiNN auto (QC)","SIM10"
"drift_features_corrected",629,"descriptive",1000,"features","","simulation","winn_auto_qc","WiNN auto (QC)","SIM10"
"batch_features_corrected",667,"descriptive",1000,"features","","simulation","winn_auto_qc","WiNN auto (QC)","SIM10"
"truth_metabolite_profile_icc_mean",0.921570533457829,"higher",1000,"ICC(A,1)","","simulation","winn_auto_qc","WiNN auto (QC)","SIM10"
"truth_sample_profile_pearson_mean",0.923333019175545,"higher",450,"correlation","","simulation","winn_auto_qc","WiNN auto (QC)","SIM10"
"truth_log1p_rmse",0.0729508947934744,"lower",450000,"log1p intensity","","simulation","winn_auto_qc","WiNN auto (QC)","SIM10"
"heldout_qc_cv_mean",15.0992005568606,"lower",1000,"percent","","simulation","winn_auto_batch_qc","WiNN auto-batch (QC)","SIM10"
"heldout_qc_cv_sd",9.23477891860536,"lower",1000,"percent","","simulation","winn_auto_batch_qc","WiNN auto-batch (QC)","SIM10"
"heldout_qc_cv_median",14.6672548915242,"lower",1000,"percent","","simulation","winn_auto_batch_qc","WiNN auto-batch (QC)","SIM10"
"residual_run_order_gam_mean_deviance",0.0945585532284454,"lower",5000,"proportion","","simulation","winn_auto_batch_qc","WiNN auto-batch (QC)","SIM10"
"residual_run_order_gam_sd_deviance",0.152698675916034,"lower",5000,"proportion","","simulation","winn_auto_batch_qc","WiNN auto-batch (QC)","SIM10"
"residual_ljung_box_proportion_significant",0.1474,"lower",5000,"proportion","","simulation","winn_auto_batch_qc","WiNN auto-batch (QC)","SIM10"
"batch_weighted_pc_r2_categorical",0.188404881010858,"lower",450,"weighted R-squared","Batch is explicitly categorical.","simulation","winn_auto_batch_qc","WiNN auto-batch (QC)","SIM10"
"retained_features",1000,"higher",1000,"features","","simulation","winn_auto_batch_qc","WiNN auto-batch (QC)","SIM10"
"retained_samples",500,"higher",500,"samples","","simulation","winn_auto_batch_qc","WiNN auto-batch (QC)","SIM10"
"runtime_sec",18.357,"lower",1,"seconds","measured method execution in frozen release","simulation","winn_auto_batch_qc","WiNN auto-batch (QC)","SIM10"
"drift_profiles_corrected",1754,"descriptive",5000,"profiles","","simulation","winn_auto_batch_qc","WiNN auto-batch (QC)","SIM10"
"drift_features_corrected",897,"descriptive",1000,"features","","simulation","winn_auto_batch_qc","WiNN auto-batch (QC)","SIM10"
"batch_features_corrected",685,"descriptive",1000,"features","","simulation","winn_auto_batch_qc","WiNN auto-batch (QC)","SIM10"
"truth_metabolite_profile_icc_mean",0.877247057266231,"higher",1000,"ICC(A,1)","","simulation","winn_auto_batch_qc","WiNN auto-batch (QC)","SIM10"
"truth_sample_profile_pearson_mean",0.884509406614691,"higher",450,"correlation","","simulation","winn_auto_batch_qc","WiNN auto-batch (QC)","SIM10"
"truth_log1p_rmse",0.0945927531652413,"lower",450000,"log1p intensity","","simulation","winn_auto_batch_qc","WiNN auto-batch (QC)","SIM10"
"heldout_qc_cv_mean",8.59818697652455,"lower",1000,"percent","","simulation","winn_fixed_no_qc","WiNN fixed default (no QC)","SIM10"
"heldout_qc_cv_sd",6.65742880018917,"lower",1000,"percent","","simulation","winn_fixed_no_qc","WiNN fixed default (no QC)","SIM10"
"heldout_qc_cv_median",7.72828070707247,"lower",1000,"percent","","simulation","winn_fixed_no_qc","WiNN fixed default (no QC)","SIM10"
"residual_run_order_gam_mean_deviance",0.0211804258097233,"lower",5000,"proportion","","simulation","winn_fixed_no_qc","WiNN fixed default (no QC)","SIM10"
"residual_run_order_gam_sd_deviance",0.0338345612588828,"lower",5000,"proportion","","simulation","winn_fixed_no_qc","WiNN fixed default (no QC)","SIM10"
"residual_ljung_box_proportion_significant",0.006,"lower",5000,"proportion","","simulation","winn_fixed_no_qc","WiNN fixed default (no QC)","SIM10"
"batch_weighted_pc_r2_categorical",0.000840388378239783,"lower",450,"weighted R-squared","Batch is explicitly categorical.","simulation","winn_fixed_no_qc","WiNN fixed default (no QC)","SIM10"
"retained_features",1000,"higher",1000,"features","","simulation","winn_fixed_no_qc","WiNN fixed default (no QC)","SIM10"
"retained_samples",500,"higher",500,"samples","","simulation","winn_fixed_no_qc","WiNN fixed default (no QC)","SIM10"
"runtime_sec",6.45,"lower",1,"seconds","measured method execution in frozen release","simulation","winn_fixed_no_qc","WiNN fixed default (no QC)","SIM10"
"drift_profiles_corrected",1394,"descriptive",5000,"profiles","","simulation","winn_fixed_no_qc","WiNN fixed default (no QC)","SIM10"
"drift_features_corrected",629,"descriptive",1000,"features","","simulation","winn_fixed_no_qc","WiNN fixed default (no QC)","SIM10"
"batch_features_corrected",676,"descriptive",1000,"features","","simulation","winn_fixed_no_qc","WiNN fixed default (no QC)","SIM10"
"truth_metabolite_profile_icc_mean",0.921576184032884,"higher",1000,"ICC(A,1)","","simulation","winn_fixed_no_qc","WiNN fixed default (no QC)","SIM10"
"truth_sample_profile_pearson_mean",0.923249576387873,"higher",450,"correlation","","simulation","winn_fixed_no_qc","WiNN fixed default (no QC)","SIM10"
"truth_log1p_rmse",0.0729406718379146,"lower",450000,"log1p intensity","","simulation","winn_fixed_no_qc","WiNN fixed default (no QC)","SIM10"
